"Gene","GSM3288224_Sample_01-TI_Fe73","GSM3288229_Sample_03-TITD_Fe46","GSM3288232_Sample_04-TITD_Fe50","GSM3288235_Sample_05-TITD_Fe80","GSM3288238_Sample_06-TITD_Fe28","GSM3288241_Sample_07-TI_Fe77","GSM3288246_Sample_09-TITD_tripletC","GSM3288249_Sample_10-TI_tripletH","GSM3288252_Sample_11-TITD_tripletQ","GSM3288255_Sample_12-TITD_tripletW","GSM3288256_Sample_12-TITD_exTM_tripletW","GSM3288258_Sample_13-TITD_tripletS","GSM3288261_Sample_14-TI_tripletA","GSM3288264_Sample_15-TITD_tripletG","GSM3288268_Sample_16-TITD_tripletJ","GSM3288276_Sample_18-TI_tripletT"
"HBA2",74792,12776,31964,76988,28906,108423,735605,1045578,806495,783545,365025,406604,294486,166040,686298,577636
"HBB",925,9185,13551,93866,11354,42604,174427,177934,672662,1467387,1391731,422772,369705,817624,1170117,1297585
"HBA1",35872,8357,19914,54317,21615,56486,394341,736222,516180,429293,190099,300571,185393,130829,358885,249128
"HBD",21904,13628,32843,73051,26704,64661,142342,182570,395391,337904,242630,305699,122741,260906,452203,413258
"SLC4A1",6090,7030,14970,36505,21813,31369,88796,124310,227512,197843,264293,126850,102847,180554,206465,211662
"AHSP",17222,5331,10152,31080,9009,20417,164050,178513,287280,115163,99094,156811,93277,150432,197946,140939
"FTL",68547,32685,39829,29835,40980,201139,44270,29971,40531,42769,31815,243372,50775,92201,69773,50532
"ALAS2",9141,9471,19450,24825,19010,40177,47347,58125,138103,190371,145132,78618,77562,88075,133980,144479
"ACTB",150743,61758,37454,73282,53991,71471,28706,18101,61741,19899,39920,197259,39694,55360,58090,45288
"TFRC",3361,36308,33151,45206,35839,21866,33971,19805,153207,87311,168395,96541,69404,63398,148634,127398
"FTH1",22035,38852,40495,33738,47815,107102,28495,22112,70124,60931,47288,72428,47544,75759,59840,59909
"RPL3",95880,45871,45648,57307,53405,72108,34678,28467,73413,11072,22677,144263,39950,104375,42057,28011
"RPS6",139077,34657,34553,53198,40607,62405,36616,27640,80922,11901,22499,178973,35376,86136,50055,31470
"RPL8",86154,26665,27362,37575,33600,55427,52970,52643,97223,14581,22489,129879,49847,97382,50673,33584
"RPL13",106770,27511,26870,33645,31636,62718,61917,67116,88370,12743,15007,157303,46651,73527,39782,22892
"GAPDH",95314,68015,75315,76909,81242,75177,23940,28725,41921,6193,23241,166822,24059,49726,23391,17495
"HBM",2137,1930,7307,14345,9472,15055,127720,225324,162438,106203,79958,129626,81030,79648,163255,127549
"BSG",9409,16025,15726,28678,17740,31663,33273,33645,68507,112686,89503,55204,46657,69662,69516,81841
"BLVRB",8709,7466,11894,23004,14372,21264,47980,59491,104144,58790,64427,78459,72830,100400,96491,78251
"RPS3",38971,30467,31533,40111,37833,56543,33354,23186,72248,12781,21553,110329,39778,79724,45198,32304
"TPT1",70603,33812,31798,48982,43041,70446,12530,10216,46889,21432,43427,85852,27460,72485,43828,42525
"RPLP1",46812,21864,23498,30937,29865,51481,34713,30957,67171,12184,21550,151298,34647,65787,40416,28587
"HMBS",10396,6532,8585,26346,11092,13751,41047,43592,101830,82883,84313,77550,47289,86791,98756,85132
"RPS12",35250,18692,19680,26433,27402,36964,42147,35453,88508,14543,18941,132031,33341,73535,46743,33548
"HBG2",32042,7203,13341,36058,27867,32172,82568,21357,87042,59962,29361,75425,134775,16819,21661,51306
"RPLP2",68308,13189,14015,24259,18538,30972,58831,70953,92268,14067,15639,133464,34335,51977,43882,29491
"PRDX2",1432,7684,12277,19158,15913,14863,47777,55162,157922,38216,64568,86701,80011,92537,107605,83569
"SLC25A39",13494,5726,7976,16499,10131,15451,32491,31470,89817,101856,78547,51725,53792,75569,83038,90379
"RPS11",35696,16796,18501,32510,23013,41163,34092,33697,61722,14472,19107,121454,30442,61626,39555,26679
"RPS19",64238,16441,17717,31570,22088,46291,38854,31071,56723,8556,11060,118151,30979,46943,30432,21253
"RPLP0",37501,27523,27066,23070,33363,41604,20846,15908,49374,9033,19384,81506,24903,58927,33862,24611
"RPL11",63813,18165,18814,32799,23809,35746,22104,17048,49087,8965,13217,98586,26293,53597,27906,20335
"RPS8",32091,21026,20975,32995,26231,40302,19676,17112,48414,8643,15176,100656,22940,58439,31666,19851
"NEAT1",32907,19410,18919,28056,19420,37565,15858,5389,29638,56148,38073,34480,21981,49353,33919,38427
"RPS4X",98508,30823,17136,23308,21935,52183,19827,16760,46293,7667,16524,105991,16983,45154,19364,14806
"SLC25A37",13926,4033,9381,23275,9575,15501,12888,32649,58130,81918,90394,28289,30232,61936,45472,66386
"RPL4",65752,23403,22149,35620,27144,32026,16987,15544,43051,7506,14757,60559,23831,50938,25952,18883
"RPS2",21456,25178,26671,27122,31481,36217,17609,17157,55093,6628,12749,92404,22160,53117,26291,16853
"GNB2L1",60747,22718,21530,29407,25596,41781,17514,13644,36193,6984,13366,81416,20526,49661,22590,17353
"RPL18",39357,15859,16398,26644,19609,32410,24372,21881,42047,8550,11475,69680,23754,37086,24421,16569
"UBA52",64486,10229,10291,16159,13315,21538,26937,25253,48990,16386,14097,82680,21523,28356,30110,22993
"RPL19",54123,20990,20177,38651,25988,37485,13889,9867,32288,7448,13314,61729,21427,40935,22535,17726
"S100A6",149077,26471,21431,44797,25341,24846,26920,10008,40216,5010,6010,65102,17184,24678,28059,10770
"EEF2",42598,39575,35200,31795,42580,42991,8249,7756,18809,10752,24541,29636,17032,45081,14030,17688
"HBG1",8271,7464,9953,16988,4344,4008,70500,25805,77795,52975,9394,79923,102011,23315,40801,49598
"GYPC",7122,5594,6715,10473,8603,11995,27052,27790,67877,31793,36323,49264,31988,49945,51641,42543
"UROD",11031,4795,5643,13740,7833,9463,28342,29906,69522,23047,36214,45264,32725,56623,48435,43725
"RPL13A",30093,19386,20235,19719,22878,34018,18262,15669,39226,6288,9645,85494,18684,39435,20155,14322
"RPS5",19074,16029,15921,16236,19823,25600,25411,23451,47666,6235,9914,62544,22525,39686,26552,15529
"EEF1A1",6363,27186,24845,21984,27068,25943,6863,4877,63188,8955,19418,110333,14447,54906,28117,19437
"RPL32",54616,13297,13970,23344,17284,26784,16153,15083,36309,6030,10210,70519,18464,39785,20754,13706
"RPL27A",87925,10972,11838,20781,15013,25860,20730,17716,39580,6601,7851,74486,16781,34851,22437,12260
"FKBP8",7649,7045,8414,10000,9212,16935,20646,23731,37528,67247,32281,35747,24325,23865,37223,37793
"RPL37A",42971,12812,12954,19452,15991,28681,22526,19963,35106,5040,8435,75633,19757,40015,21384,11711
"NFE2",11140,3146,5820,12791,6803,14477,21932,33293,72556,54478,24989,38571,17662,38109,34940,35512
"OAZ1",11886,13604,11011,13519,13958,32384,17879,16486,25265,32071,17648,47455,21415,21716,25559,21713
"MALAT1",10652,18979,23604,33414,29357,20244,12227,3671,14988,56964,21522,16138,22217,22834,23550,27438
"UBB",2362,9240,10112,19451,13377,21534,10216,5383,32477,74550,57809,25539,21414,27162,52043,42395
"RPS24",71893,12129,12047,22611,15161,24471,12137,10767,33629,6235,9967,66073,17751,35926,21081,13984
"RPS16",24503,12626,12734,21891,17375,24595,17546,14644,39083,6332,10297,51664,20426,33622,23927,14193
"HMGB2",2757,10117,10313,29982,15394,10311,9204,5764,36796,18614,56743,23073,29562,63164,47729,44922
"RPL28",83247,9769,10907,14719,11932,27390,23850,19668,32722,6299,8836,65434,16282,28466,15069,14303
"KLF1",7838,7139,7884,14736,9191,11335,18090,17257,39212,26725,31319,32588,23871,37962,34914,29471
"RPS20",36393,11729,11860,22981,14750,23286,17939,13380,38161,5106,9426,70812,16127,33916,21745,12989
"RPL7A",20104,16790,17328,24912,19936,25855,10460,6510,30186,6236,11516,50727,17544,41408,20336,15147
"RPL35",97952,10029,9959,17505,12315,19678,22063,21580,33434,4765,6790,51117,17871,23625,17831,12243
"RPL29",28907,12128,12996,21833,15323,23758,16560,15628,33957,4494,8177,54578,16695,31012,17339,11562
"HSP90AA1",25845,17607,13747,18207,15428,13979,18804,5061,29001,8129,13877,33701,24050,12301,37979,21988
"RPS14",13900,15136,15343,19123,18262,31982,12976,9915,29020,6041,8454,64776,15325,36177,18491,12568
"RPL5",66599,18561,17306,24540,20696,23519,9343,6182,21766,4132,8473,56902,13023,34231,16046,10544
"ALDOA",15786,23783,25932,18438,33519,33667,10866,14892,21834,5628,12307,55996,10194,16146,11760,8897
"RPL37",57108,10784,10924,21355,14671,20910,12995,9536,27702,5445,8773,60074,16095,30841,17048,11270
"HNRNPA2B1",8699,20541,13650,36340,19346,11743,13048,4278,22333,10324,18093,19117,22777,24743,28923,22945
"ANP32B",6489,8538,7375,12797,9747,10842,18222,13794,37796,16530,24026,28506,18938,42164,28661,24571
"EIF1",7045,7983,7621,11569,10178,16813,12419,12806,29823,20036,26018,35294,15769,49364,24250,23634
"LMNA",25370,18848,13370,20743,15477,12902,16528,11308,23149,6959,11237,22737,19346,28943,16646,14588
"TUBB4B",12701,14080,9676,19142,11548,9763,9607,8269,28964,11628,23285,18970,26568,31641,26526,25602
"MYL6",13690,6841,6460,7448,7938,16907,20049,20263,38139,12511,10756,88174,16841,25382,25977,17355
"RPL34",53938,9731,10286,17152,12335,19542,15837,14591,31667,4676,6109,76674,11619,26785,17412,9192
"RPL10",8410,17293,16639,18167,19945,26692,10008,7935,29936,4475,8859,62307,13457,37145,17355,12191
"EEF1G",32225,13469,12654,11327,16071,26400,10079,9316,21313,5523,10648,51356,13557,34385,15357,12405
"UCP2",11580,7568,13369,11443,10907,10544,7906,10103,25304,20472,30446,14344,18684,41666,17076,31155
"RPL24",37480,8319,8629,16960,10238,13062,16365,11081,30390,6540,7581,48052,13667,22448,18699,11836
"RPL35A",23463,11175,11646,16128,13582,18700,10277,7684,22934,6464,8619,59273,11682,28326,18211,11808
"RPS27A",13911,10517,10284,12586,12707,18070,14216,9271,34314,5149,7577,63603,14673,29089,20574,12046
"HDGF",7589,8427,6947,9430,8375,7718,12638,10820,35309,13182,26068,32495,18667,22114,30770,26798
"CD36",5458,15052,12552,19344,20003,8953,6003,4624,23300,13834,27346,14680,13782,40417,29351,15642
"RPL27",11225,11600,12108,15205,14975,20523,12006,8438,24835,5311,8171,46988,14092,27235,18730,11947
"RPL36",56055,9014,9246,14183,11937,19652,17428,15512,25942,3177,4802,46376,13547,26280,13104,7944
"RPL18A",22745,11366,11544,12512,13785,22960,13344,13616,24004,4104,6145,57276,13064,24159,12649,8877
"MCM7",9977,8891,6982,9139,9309,10175,17706,17565,37589,6425,13713,26964,19211,20938,23145,18911
"RPL14",48949,11173,11050,23815,13912,19130,9474,6084,19421,4217,7925,32102,12579,30118,12941,10688
"H1FX",4215,5371,5647,9149,7719,11823,11263,17457,32023,14170,28735,16093,20565,40149,19367,24969
"TUBA1B",12559,13849,10736,16427,14604,11425,6406,4256,20912,6966,19276,16060,19586,27049,22201,23508
"RPL23",40804,12246,11754,20862,14317,19891,13954,9965,21010,3727,4499,50397,10586,22494,13123,6064
"HK1",9498,8562,6630,10405,10185,7617,9110,9165,22506,19577,25443,15611,15953,23725,21193,26749
"RPL31",13055,9707,10307,17267,13387,21067,8658,6400,24026,4571,8330,46502,12751,31411,15860,10477
"PIM1",16973,5895,5271,8243,6405,14249,10439,7511,17992,32484,33029,16761,11152,17670,20271,24103
"CALR",9455,16394,11180,15267,13236,22128,8190,4702,17040,6395,9639,65155,11061,17480,15016,14284
"HES6",2703,3991,5362,6137,6848,12508,12675,19830,37465,10964,18115,19935,17576,46895,24715,30764
"UBAC1",4587,5707,6365,11205,8464,8884,9302,8790,29097,13338,21459,18801,20246,34077,24576,22376
"PTMA",6912,21954,15228,27921,20145,9863,9441,4991,18967,3817,8899,35558,12441,18729,17016,11399
"FAU",23192,7144,7016,14065,8812,15490,11919,9550,23746,6473,7721,43441,11347,18184,17663,11090
"ANK1",5255,8597,8443,15972,10312,8868,6419,4246,20104,23895,37185,9369,14926,29084,17803,25873
"RPS21",18190,6707,7149,10613,9008,13825,17090,13661,29423,3823,6308,42946,14966,21625,16607,10223
"PRG2",29797,14866,19230,2757,4208,158652,6713,28096,10848,4752,3903,413466,11182,5087,6119,4708
"AP2M1",6614,6846,5461,5722,7481,9247,11584,12942,26722,11459,16004,34224,14680,22925,21186,19078
"RPS15A",6216,9729,10734,15349,12830,18066,7717,5177,20198,5756,9811,37972,13830,27195,15493,13253
"PABPC1",2819,13963,10761,11688,14612,12347,6086,4246,18224,13187,20992,29073,9783,27356,18833,14444
"RAD23A",7543,2984,3532,7312,4883,7019,12137,14373,32941,19116,27191,21539,14076,23791,23981,23689
"NACA",13748,11209,8991,18202,11502,14742,8144,4003,17680,5851,9202,34279,11764,27955,14553,10739
"RPL6",13606,12210,10885,16731,13031,15764,6740,4587,21257,4392,7918,35883,11348,22395,15223,9921
"TALDO1",6873,5798,5193,8854,6499,14044,10360,7656,18789,17169,14665,36575,13367,16437,18731,17752
"PIGQ",10253,1889,2662,8258,3482,5000,16930,25157,44306,15382,20228,21075,16418,25940,19669,21641
"SLC1A5",3270,5340,4641,8557,5737,11647,8210,9357,22128,22559,33460,14586,13038,30764,18657,24028
"CFL1",10637,16434,10587,14618,13073,22067,6752,4613,15087,3569,8412,43577,12445,16853,14378,10484
"RPS23",7889,11009,10512,16178,13814,18592,8800,6393,23204,3504,6305,38940,9444,24107,15236,9503
"RPL30",6012,10741,10082,16207,12811,18361,5747,4507,16962,5692,9993,35502,12272,27239,14695,12256
"CTSB",22710,11572,9128,7302,10121,29890,5486,5213,10358,10781,16507,20349,7054,19628,12131,12219
"SPTB",3702,6391,6215,12533,7925,4994,8037,4377,27104,18010,32105,10560,18095,26134,22048,25625
"RPL26",23133,12217,12592,20072,14990,20259,6396,3930,17222,3571,6277,28801,9387,20805,11488,7906
"CALM3",8370,7256,5570,6607,7265,7871,9198,10555,27327,7356,17609,16137,12766,25088,18379,20945
"PSAP",10108,9337,7553,4737,9830,28480,7427,5248,8602,10504,12325,51423,8961,21230,16642,11326
"RPSA",12153,7664,8129,7791,9939,12570,14430,13276,28477,3549,4862,40389,11322,20810,13826,8012
"CA1",159,2677,2569,22378,2104,11048,2862,3308,36298,28419,87295,17446,19737,106039,49124,51534
"HSPA8",588,27559,18115,9016,22537,19173,7532,1144,17812,6465,12496,30909,15877,15568,25519,17080
"RPL12",52784,9711,12038,15339,12784,17295,6814,6246,15869,2155,4500,31148,7327,20486,8555,5741
"RPL38",42204,6729,6990,12871,8192,12960,8888,7137,18810,4554,5401,30488,8157,16213,12143,7567
"SLC2A1",1350,4934,6687,13362,9238,9014,3614,2551,12792,51939,62541,8483,9274,22328,25098,33573
"CTSD",6678,5883,4273,1660,5766,39131,14464,14946,10136,8302,7666,78263,11442,23043,14010,9473
"MYL4",4832,843,2684,5119,3928,5028,16041,18745,40303,15057,15280,35237,17392,19187,29744,20071
"ENO1",22670,22279,16908,16800,25902,33948,5830,5178,11293,2801,4956,93441,4952,4159,5275,3423
"NARF",4931,2874,4072,4763,4130,8460,9003,11938,24590,26592,18838,21075,10270,18059,20147,18934
"GLUL",18626,19968,17071,11878,17116,15338,2702,1730,6302,11873,13520,26693,5991,12824,8386,9812
"JUND",18597,5581,5575,6665,6271,12409,5806,7808,13890,14524,16593,13569,9402,12042,16916,12640
"ATP5B",5518,13669,10575,10045,12731,10655,4817,3147,12962,6261,11875,19338,10672,21065,13424,12607
"RPS29",2387,6711,7690,7628,8572,13619,11637,8062,23084,4114,6172,46359,11523,23914,14751,9054
"TRIM28",17658,11510,7960,12038,9680,9978,8599,5692,17258,3260,6354,18361,10245,18152,10317,8209
"MPP1",7904,10562,8829,9376,10601,8381,4491,3447,9786,16460,15427,11296,8455,18547,13835,14336
"HSP90AB1",6446,19290,14258,19383,17232,15401,6342,1511,10352,5921,6648,21977,10082,7822,13119,9679
"SERF2",9603,4194,4059,6376,4851,9468,12182,12382,20550,8883,6321,43568,9857,12735,16103,9830
"EHBP1L1",3147,2441,2972,4786,3770,5882,14488,14234,31026,14084,18074,16341,17558,18059,17177,19721
"EIF2AK1",7927,4587,5185,8767,6751,7358,4874,4368,14252,17656,27522,10350,9777,19610,15321,18681
"GATA1",6648,3872,3625,7051,4606,6055,12610,14641,23450,9813,11198,18050,11462,18874,15059,12747
"DMTN",2523,2677,3461,9382,5318,7456,4430,3820,13066,32155,43867,8641,14275,24873,20711,31164
"RPL15",11330,11836,11165,17479,14088,16362,3514,2891,10425,2991,7835,23387,8109,20516,9751,7361
"MYBL2",9439,3902,3251,5568,4674,4456,11317,12409,26352,3986,12954,18002,13342,21388,16199,15641
"EPB42",1713,2659,4419,8540,4645,5687,6041,5672,19313,28480,33483,8824,9776,25194,19598,26621
"RPL10A",2942,10034,9857,8980,11876,14504,8373,6243,17997,2654,4881,33665,9299,21930,12014,6756
"ATF4",19834,6197,4923,8511,6204,10807,7159,4695,14657,5233,9433,19123,8376,21361,10607,9094
"FBXO7",6084,6111,4870,8041,6595,5893,4678,4043,14894,15172,21201,13077,9514,15454,14783,17505
"P4HB",19472,10413,7847,7938,9720,26089,5092,5098,10091,2242,5295,48586,7076,15815,7912,5758
"GSTO1",17475,7870,5921,9489,6840,9632,8759,6537,14155,5809,5109,28310,7073,8494,13557,8328
"UBC",17049,5337,3687,5402,5304,9892,6935,6956,13304,11865,12100,18373,6379,14814,12846,9983
"PPIA",14877,12308,9110,18106,12128,11176,5382,2512,14703,2206,4631,31579,8370,12025,10720,6697
"STK11",6252,2799,3320,7478,3991,7087,9854,9449,17542,19035,15649,11463,10736,12765,12670,15595
"PFDN5",36751,3354,3383,6804,4333,7444,10387,9658,22625,3850,3965,52382,8022,14103,11332,7150
"GUK1",3135,2337,2684,4604,3620,5801,10145,9833,22899,18498,15012,21776,11849,12891,18125,17543
"PFN1",6434,16860,11221,18289,14589,23577,3261,2345,7364,3252,6622,19757,8573,10340,9964,7403
"MAP2K2",13219,6782,7932,6843,8521,7503,9275,8079,12323,4936,5486,17486,7733,20556,7565,6795
"CCND3",10393,3743,3001,6520,5065,7874,9069,8727,21710,3818,10072,21118,10182,14484,15184,10468
"UROS",5746,3594,2305,5315,4028,5291,12522,19646,19523,5564,9507,18854,10591,18682,16564,9907
"LAPTM5",113398,33122,18758,18437,23139,23272,5377,3163,2463,1180,3188,77196,4304,5227,2498,1564
"S100A4",76462,15904,12352,17206,13803,10349,10618,3929,11243,1406,1463,54683,5302,4749,7272,2054
"RBM38",448,2114,3644,7612,4337,4851,6983,5629,18696,51508,34654,12015,10815,12595,22761,26628
"SLC3A2",4842,4167,3804,9018,4936,12789,5918,6143,11814,6924,14274,12434,8427,28862,10005,13085
"RPS25",4774,8423,8304,15070,10332,12626,3890,2260,14781,4086,6503,24138,8052,17920,11241,8126
"LRRC75A-AS1",4286,10848,11386,14328,13880,20856,6037,4879,11769,2853,3675,31380,5125,18157,6705,4457
"H1F0",613,1043,2057,4416,1755,5092,8272,10729,28387,11924,37254,18789,15664,75318,13226,33204
"COX4I1",22054,4420,4230,7449,5391,9042,9872,8081,15859,3634,4018,29271,8907,10545,10676,6779
"RPS13",7844,7501,6997,9143,8994,10464,5457,3303,13832,3115,5416,26996,9965,16641,10515,7186
"GLRX5",3421,2690,2665,6765,4076,4259,6282,4449,18465,21665,20015,15817,11237,12214,20638,16831
"CLTC",5737,5608,4407,7760,6137,4130,5000,4445,14984,7363,13724,14002,9284,17946,16588,13216
"MKI67",9610,3247,2411,6394,4087,4113,8309,9409,22823,5070,16931,10758,10199,19965,13098,12910
"GLTSCR2",18870,6069,5830,7331,7312,14763,8199,7119,15316,2726,3586,30177,6972,13372,6210,5201
"GNAS",12699,8814,7888,14716,10707,12668,1913,1126,7382,5175,14275,9888,7971,17694,10048,11442
"PRDX6",7921,4093,3736,7040,4629,5005,6309,5085,13833,8660,12130,16620,8532,14534,13848,12672
"SLC7A5",3343,3893,3590,10154,4200,7142,4442,5260,8695,19466,28529,7285,7445,20862,9465,17728
"BCL2L1",2063,3429,3536,6164,4133,7687,4966,4505,12259,43052,27272,8808,6674,8057,18624,21371
"LYL1",14597,3447,3567,5252,4093,7950,9118,8646,11164,11606,6534,40162,5776,9523,8500,7327
"TAL1",4666,2933,3642,5280,3671,5121,6927,5829,14994,17221,19122,11823,7291,13324,15059,15744
"RPL22",23077,6556,6086,10327,7719,10257,4972,3853,13149,2106,3666,27791,6836,15490,9314,5575
"KCNH2",4696,14703,10382,11466,12323,7712,4867,2393,9317,2037,8130,7772,10927,24064,9687,7903
"GABARAP",9648,2979,3071,3612,3540,11006,5794,7077,11849,17664,9945,17387,6222,12714,11448,12400
"GFI1B",7464,3329,4448,10153,5251,6041,7961,6205,15554,3919,6921,14012,8884,21678,10854,8879
"MTRNR2L1",37548,4600,3738,7819,4710,9209,3991,3163,9120,7781,8528,11752,4995,17250,11930,9453
"MAZ",9111,7704,5869,8052,6823,6818,4285,3464,12020,3876,10254,13628,7777,17193,9040,9324
"RPS15",15947,4439,4576,8023,5561,10084,8713,9247,15439,2707,3420,19945,7904,11408,8594,5517
"RPS3A",2241,5527,5112,5876,6027,8040,6016,4907,32547,2680,4492,68585,7346,16684,11396,6872
"EIF5A",7809,11484,7584,11868,9163,6149,5081,3242,9301,4899,6543,10628,7284,9481,9179,7661
"SPTA1",973,3908,4112,11015,6190,4332,3395,2248,12599,15161,34670,6360,9640,22053,18349,18896
"PSMB4",10367,4511,3871,8643,4704,6082,6401,3769,13473,6222,7220,18210,8321,9100,12598,9697
"MAP2K3",1824,2477,2865,4951,3587,3704,7085,7663,14209,26938,19894,12896,8446,8816,17093,17718
"ATP5A1",3957,10086,8367,7907,9882,7108,5474,2484,12255,3002,6419,16915,8885,13058,10843,7870
"PPP1R15A",1313,3557,3478,5961,4174,10920,3777,2935,10189,17217,25491,6709,12397,20644,16205,15804
"YBX1",1239,12318,8645,19067,11026,8575,2933,1352,9448,4188,10396,13688,7973,15854,10518,9219
"H2AFZ",1466,6902,4694,12993,6418,6139,4619,3372,12938,3431,8497,15225,8575,23944,12563,10854
"ACADVL",18631,5227,4432,5940,5789,11076,4775,3125,9549,3751,5460,9880,8440,15340,10462,7721
"UBXN6",3122,3256,3222,4135,3523,6623,6687,6233,12289,22160,11220,11434,7622,8982,12364,11663
"DCAF11",2547,2380,2598,3930,3526,3928,5437,6780,18943,11980,16967,11019,9043,15773,14410,15885
"NUCB1",10469,4888,3313,2137,4567,11015,5370,5077,12402,8936,8761,12746,6739,15435,7890,8438
"H3F3B",7677,6285,4522,6228,5205,8109,3674,3265,9258,4886,7867,18524,7997,16513,9701,7344
"STMN1",4308,9416,6271,13112,8323,6909,3816,2614,10363,1898,5422,21412,6773,20124,9173,6256
"DDX5",1789,9745,6656,10733,8312,7708,2414,1256,9270,7542,12304,11114,8322,13398,11598,10193
"NCL",4199,16792,10548,17955,13161,8488,5658,1477,8036,2015,4192,12159,7076,9955,7192,5617
"FECH",599,3407,3670,5880,5935,2495,4157,3210,12541,18013,27422,8825,10056,16718,18473,19506
"RPL39",10219,4377,4413,6362,5442,10614,5449,4530,12725,2255,3519,34218,5909,14157,8826,5585
"RPS7",7025,6216,5668,10115,7176,9394,3376,2174,11422,3628,4991,21350,6184,15385,8189,5992
"SLC25A3",6773,8147,6192,7591,7810,7784,3649,2119,10651,2603,5779,17285,6678,16206,9379,6973
"PPOX",5279,2064,2668,4534,3096,4224,5577,6764,16796,10821,12650,8980,7517,16440,11590,11715
"STOM",2811,2499,2801,6064,4093,5573,3471,2922,10109,15644,21590,9963,6890,13575,14489,16273
"HNRNPU",4940,8796,5982,11510,7754,5073,4454,2594,10048,2907,6992,10704,7721,12769,8913,7842
"TPI1",15789,9307,9551,6599,11995,8526,6158,7024,10210,1460,2772,16916,6317,6315,4693,3633
"TANGO2",4270,1696,1770,3804,2501,2602,8007,9460,20232,9374,13099,12952,8916,14549,12437,14157
"AES",9485,3759,2940,5527,4570,6181,6397,6359,12951,5150,5812,11851,8079,8759,8920,8096
"EIF3K",12796,3827,3418,4161,4377,5461,9230,7459,15092,3346,3714,21092,6862,8191,8967,5905
"COX6B1",15458,2378,2472,5031,2879,4374,8233,8236,13221,5204,4456,27143,6602,7431,10423,7710
"RANGAP1",6713,3452,2528,3946,3496,3992,8268,8810,18028,3371,7318,13372,8479,12395,10218,8494
"SH3BGRL3",69529,6917,3815,6818,5788,11069,3885,3245,4690,5532,4575,37416,3033,2680,5680,5454
"SLC43A3",13817,7722,5418,5462,6188,5617,5153,2532,11682,2177,4960,12082,7707,9530,10393,6802
"RHOA",7930,7143,5146,4878,6563,7757,2850,2599,7301,4252,8076,16251,5545,12713,8831,7805
"ATPIF1",8963,2242,2006,5074,2924,3915,7354,5514,19731,2776,5271,15450,11254,21275,14223,6603
"GYPA",284,2035,3516,10144,5038,2588,2654,2571,12724,11954,32563,6729,11230,28034,21893,21410
"SOD1",9566,3575,3471,7103,4195,6016,4524,3470,9169,7582,5164,12026,6588,9032,11649,8655
"EDF1",18226,3112,2702,5290,3264,6217,8705,8753,12795,3174,2958,20707,6738,9943,7582,5300
"H2AFX",9731,5139,3611,7556,4413,7377,3560,3370,8227,4464,8158,9400,6406,15190,7181,7995
"HMGA1",3938,13338,10067,5950,11370,9599,4624,3740,9447,1955,4445,12313,5654,10223,5451,4146
"TESC",1897,2191,2036,3548,2464,3936,6581,6268,15655,14451,8231,17347,10075,9743,12842,12628
"KIF22",8715,2401,2059,4723,2774,3603,6023,6758,14411,3604,8927,13379,7563,15957,10669,9249
"LGALS3",2739,5841,4178,5728,4365,4313,1880,1220,6160,10965,18528,6464,9904,19948,12814,16183
"TACC3",6614,2464,2045,5579,2764,3853,5538,4869,16494,4003,8983,12115,9010,13769,11168,10275
"SRSF3",3398,6529,4610,9786,5935,4052,5093,2617,11098,2995,5912,14241,6621,10551,10311,8078
"PTTG1",4069,2144,1846,5545,2438,2743,5994,5247,18296,5595,10348,11511,9152,11339,16340,11496
"PNP",1075,2961,2844,4871,3365,7515,3100,1913,8509,26143,18764,9019,6669,11946,14126,15635
"HADHA",4602,5383,4437,4342,5855,7266,3836,3390,9173,3947,6597,14542,6296,13609,7956,6980
"XRCC6",3041,6442,4448,5919,5780,5997,5656,3947,11096,2774,4460,17896,6908,10139,9333,6402
"TIMP1",209559,20762,19724,14304,20223,18575,8798,862,3282,2410,472,13564,4336,1582,1511,2072
"DDB1",5547,4217,3482,3950,4513,4482,3987,3285,10048,8853,10042,11365,5796,8885,9639,8840
"SRRM2",14024,6239,4340,8725,6047,6968,3480,1485,8834,4235,8079,7065,6941,8949,5392,6705
"PSMC3",10727,3556,2889,5820,3644,4244,6631,6265,12053,3130,3924,13399,7021,9586,8918,7003
"LDHB",4272,14133,10414,14297,12676,11537,3203,1380,7083,1233,2363,23751,5607,9588,6006,3506
"DDX39A",14284,5230,3190,9531,4370,5326,5161,3130,9045,2466,4271,13529,6250,8629,8308,6106
"TMBIM6",4480,7791,4935,6579,6542,7671,2105,2368,6645,5069,8297,10903,5001,10932,8223,7696
"GARS",3634,4057,2469,5653,3770,4987,4113,4100,10626,4623,11951,8366,6193,23054,7201,8949
"CAT",286,5414,5523,7905,7955,2948,2270,1376,5352,11130,25975,8965,8951,16910,15569,16768
"RPL23A",4393,4102,3808,5310,4852,6899,4612,3985,15154,2376,3924,24218,5955,12665,8159,5396
"MCM5",7132,4697,3653,6662,4703,5043,5462,4842,10827,1979,4849,9803,7666,12929,7398,6230
"DDX17",7008,4907,3822,6081,5312,6863,2573,1779,8055,4751,8359,12664,4993,14223,8312,7325
"RPL7",3175,5392,5021,5566,5511,7079,4541,3614,17629,2316,3108,38959,4797,10473,6949,4361
"IDH2",1710,3164,4039,4479,4332,4805,3110,2883,14661,2975,10355,10358,11353,16468,12846,10911
"GNB2",2179,4340,3825,5547,5133,7821,3969,4212,11466,4549,6244,10738,7081,11229,8309,7208
"EIF3D",5826,5908,5117,5550,6192,6796,3987,3208,8888,2878,4700,13391,5205,13325,6814,5538
"TXN",7375,4816,3331,7218,4657,6440,3428,1893,6899,5237,5215,12648,6068,10753,10860,7681
"AARS",2634,2884,2125,3943,3461,7184,4640,4240,12006,4308,12639,7110,7143,32534,6976,8734
"ADD2",1951,2356,3349,3272,3573,1677,5951,6038,16486,3721,11864,8968,10401,20717,11356,11442
"HNRNPC",3493,9546,6864,13846,8466,6124,2283,1063,6848,3054,5500,11105,6031,11886,8207,6300
"RRM2",2099,3951,2815,5535,4041,2632,3380,2974,12371,3874,13526,6851,7853,18981,15179,13443
"VCP",4138,5836,3962,6788,4922,6889,3015,2036,6698,5831,8178,8782,6166,10411,8117,8807
"PSMB1",6487,3876,2936,5444,3866,4236,6643,3956,11206,4125,4091,17854,6271,6897,9294,7386
"NDUFA13",13150,2402,2239,3751,2661,5567,9833,11539,12257,2845,2342,30937,6123,6703,8206,4455
"OSBP2",870,1373,1708,5418,2525,2518,4989,4068,14274,12893,28378,7958,9006,12331,13952,17745
"NASP",21480,5077,3877,9539,4743,4670,4664,2601,11156,1501,3359,11482,7057,8911,7146,5053
"EEF1B2",4722,6176,5363,7037,6946,9517,3734,2042,9881,1825,3443,19144,5822,12142,6687,4977
"EIF3L",8726,5671,4868,5582,6281,7915,3653,3388,8253,1863,4642,15167,4779,12938,5675,4941
"RHAG",111,6566,6735,10131,8727,3422,1213,761,7206,17092,30474,3713,8954,19001,20763,20097
"CPOX",406,2821,3575,5681,4790,1209,5059,5172,14171,8702,18157,7708,7102,17302,16013,12219
"BTF3",593,8370,7292,10921,8919,7845,1970,956,7629,6267,6887,16642,5997,12748,8841,7505
"HMGB1",4419,7191,5103,11150,6663,3112,2669,1736,10138,2308,6666,9735,6749,12281,9511,7069
"FAM117A",1118,3081,4020,8162,5344,3948,2060,1477,9402,8725,19895,7067,7318,12302,13019,13796
"RPS28",18670,2823,3088,4469,3080,5315,9355,9676,13404,1452,2346,19672,5923,8465,6155,4360
"ILF3",11677,6555,4359,11104,5719,4797,3458,1749,6986,2613,5966,10335,5625,8070,6393,6213
"SNRPD2",13951,4126,3635,6531,4555,5803,5850,5532,9480,1991,2503,18868,5527,7042,7330,3870
"PCBP1",1525,8215,6516,10735,8937,8372,1544,813,5832,5930,10180,6078,5813,11482,9446,8753
"SNRPB",2938,5821,4765,10313,5907,7358,4113,2519,8119,1903,4078,14309,6571,9325,7933,5830
"RALY",6728,3372,2752,5833,3579,5149,4841,4886,10457,2524,5041,12618,6702,10348,7411,6713
"COX7C",5006,3979,3719,6758,4034,5434,3625,2770,11371,3057,3615,15358,6312,11949,9468,5952
"PSME1",2062,2175,1959,3685,2585,3980,4779,2896,14094,6941,7789,17250,7993,13059,12582,10632
"HNRNPM",1922,7560,5019,8483,6149,4782,4078,1668,8191,3448,5406,11591,6952,8463,8155,7207
"CCT3",5093,6783,4991,8786,6525,5675,3887,1971,8129,2137,3754,10721,6626,6858,8619,6442
"RPL36AL",16605,2923,2469,5674,3241,5074,4554,3202,10085,3890,3921,15713,5157,8180,7690,5609
"HSP90B1",8965,7835,5143,6237,5748,7979,2905,1757,7714,2205,4139,18842,4680,6623,6143,4209
"HNRNPK",5014,8398,5450,9664,6740,4667,2083,1168,5323,4565,8685,6655,4897,9199,7380,7045
"DDIT4",1196,2952,2294,5008,4170,7209,4426,6198,9322,2639,14030,11873,3594,55600,3571,5329
"HNRNPH1",932,7031,4662,8079,6008,2843,3648,1707,9486,3502,7389,9429,7169,12735,11048,7996
"UQCRC1",15280,3832,3240,3987,3818,4122,5884,5576,9374,1894,3052,14041,5917,7642,6980,4892
"EIF3B",8863,5680,4128,5484,5420,5336,6387,3507,8253,1787,2701,14980,5516,7008,5475,4683
"RNF187",4799,3226,2426,3855,3662,5546,4143,3845,9643,5119,6820,7794,5630,17528,5303,6622
"FBL",8889,4980,4485,6208,5755,6041,6558,3921,10254,1354,1886,18220,5366,7812,5294,3460
"NAP1L1",4814,4036,3060,6965,4470,6668,3291,2523,8721,2488,5547,13331,5352,11814,6517,5894
"AP2B1",2308,4312,3454,3323,5326,4494,2946,2467,9041,3469,8603,9159,6722,19260,7557,8005
"TK1",1973,2551,2449,3546,3150,3367,4617,4877,15607,2396,6302,11499,8944,16125,10177,7851
"FUS",5925,7656,5053,9351,6224,5143,3563,1263,6985,1830,4362,11175,6159,8422,5812,5614
"APEH",3592,3157,2308,2523,3341,3606,5703,5799,12687,3327,5336,12029,6946,10968,8186,7220
"PCBP2",1992,8553,6689,8298,8449,6624,1354,786,5170,4209,9711,6811,4945,15181,7005,7171
"TCEB2",10734,1695,1797,3414,2069,3992,9872,10448,10911,4889,2852,19787,6008,5507,6798,4691
"SNRNP70",11875,4344,3293,6332,4107,6046,5373,3286,8043,2249,2745,12528,6578,6160,5331,4753
"SELENBP1",858,982,2629,3355,3003,2560,2975,2465,26504,23098,24758,4151,9124,5453,13322,16471
"TUBA1C",8593,5251,3653,6763,4546,3839,2988,1733,7347,2923,6384,7930,6040,7795,8155,6535
"UBXN1",5137,2419,2321,3793,2629,5045,5618,5543,11106,4489,4158,12408,5461,9881,7121,5914
"AP2S1",4239,2186,1802,2562,2597,4402,9142,11040,15575,3143,3443,15374,6429,5925,9038,5959
"MKNK2",2833,2024,2637,4126,3415,3627,2800,2069,10884,7303,16398,5071,7097,13305,8952,10468
"JUNB",454,3336,3239,3761,3895,8022,2358,2165,9064,5122,10730,11661,10211,12696,12457,9207
"E2F4",1598,3595,3459,7739,4383,3319,2459,1340,9220,6109,13286,5405,6721,10433,9368,11149
"PCNA",552,5918,4459,11193,5995,3396,2439,1234,10204,2546,7665,7674,7929,13542,13133,9348
"CA2",58,3968,2873,4423,2789,3364,1585,1662,13995,8621,29424,6658,8358,30575,18452,20305
"PSMD2",1723,3876,2692,3559,3589,4117,4149,3350,8880,4334,7579,10441,6964,9893,8661,8262
"NAPA",5753,3064,2477,4382,3184,5668,3559,3595,8349,5855,6288,8452,4718,7939,6662,6887
"CDC20",5167,2059,1983,3104,2524,2711,4964,4066,12469,2698,8521,10307,7364,15763,9379,6685
"PSMC5",12401,2862,2337,5027,2875,3846,5291,4146,10429,2563,3723,10970,5833,6803,7217,5929
"FERMT3",4250,3302,2414,4358,3180,6955,3285,3339,6958,3403,6066,13163,5564,10314,6752,7069
"SSRP1",3884,6066,4343,5539,5344,3981,3419,2388,8549,1739,4906,8714,6597,10304,6933,5869
"NCOA4",682,4664,4688,6714,5420,4655,1104,611,4542,22322,26702,6511,4193,8032,11132,14746
"MICALL2",12524,3143,2801,6065,3614,4295,5591,4783,10833,2630,3659,7602,6342,6937,4559,3784
"MTRNR2L8",11804,4098,4079,6051,5010,7870,1560,1060,5200,5621,7267,7078,3019,11794,5388,6825
"CCT7",1750,6371,4810,6950,5737,5319,3548,1942,7929,2317,3829,10854,7225,6971,8387,6016
"ALAD",846,2290,4525,7760,4575,2364,2254,3475,10318,4939,16740,4652,5716,12815,8063,10887
"C19orf43",16619,3384,2651,5422,3295,5330,4222,4646,7603,2261,3119,17986,4239,5986,5220,3758
"RBM3",4538,7372,5526,8838,7372,4964,2953,1179,6734,2118,4308,8902,4682,8014,6164,5041
"PRDX5",2781,1634,1892,3099,2200,5654,6797,7195,11453,5373,3402,22269,5989,5127,8681,6524
"XRCC5",6049,6480,4519,8478,6214,4249,2497,1370,6612,2185,4837,9103,4930,7044,7060,5432
"BIRC5",3513,2336,1971,2881,2540,2248,6079,6782,13280,2812,5409,11183,6521,11049,8240,7467
"CD59",6433,5854,3186,3933,3982,4434,2418,1967,6170,6234,7139,8537,3817,6486,7272,6367
"HNRNPD",2439,7976,5592,12947,7677,4459,2738,1091,5785,2386,4883,8474,5845,4987,7002,5798
"HBBP1",893,1544,3400,1699,4340,2631,5068,3290,9566,20284,9516,9146,8826,8002,5500,9527
"PTBP1",12801,8355,4722,10045,6298,4132,2978,2024,5468,1519,4865,7190,3764,5948,4410,4141
"TLN1",3663,4813,3758,5903,5398,6895,1772,1204,5854,2465,8235,6858,6841,12630,5527,7242
"CHMP2A",5834,1458,1548,2643,1756,3258,5528,6218,13643,5658,5182,10494,5719,7986,9042,7280
"SQSTM1",5973,8602,5196,4897,6323,20355,1135,866,3410,7247,4904,10580,3183,5397,4490,5231
"ATP6V0C",5165,3671,2889,4625,3896,9105,2671,2126,4854,8665,6406,9884,3903,4893,5312,6243
"RAN",1466,7002,5058,10332,6646,4166,2090,1100,7603,2135,5606,8238,6112,10217,8254,6444
"NDUFB9",10687,3133,2511,4343,3275,4902,4487,3334,7849,2398,2614,19245,4673,7001,6966,4481
"TNS1",88,887,1580,3205,1693,5490,3067,3070,10578,27389,36235,5127,6595,19233,14573,20797
"COPE",5869,3195,2360,3864,3094,5330,4282,3573,9188,3133,3548,18530,5586,5351,6394,5218
"PSMD4",9401,2726,2348,4274,2882,3787,4390,3146,8162,4369,3850,11552,5292,5690,7470,5740
"TMBIM1",409,4518,3463,4872,4587,6225,2224,1280,7470,6648,11169,8128,5584,12611,7896,10848
"TXNIP",956,4646,5778,2494,7186,22272,1112,863,3813,7578,9741,12652,3947,12092,6129,6525
"HNRNPAB",2391,7933,5510,12354,5837,3877,2281,1401,6992,1515,6297,5365,5148,9756,6399,6112
"IMPDH2",6504,4728,5042,3786,6069,5449,4378,2910,8365,1262,2290,13216,5021,9916,5008,3292
"EWSR1",4737,5110,3486,8776,4607,5178,2467,1225,6246,2673,4788,7736,5801,9253,5909,5785
"APLP2",1040,5952,4540,5873,5535,5513,1686,1149,5568,4066,9194,16567,4356,10051,6702,5932
"RNF10",2553,2692,2723,4038,3052,5667,1856,1199,4475,23115,14872,5557,3939,6047,8224,11956
"RABL6",7615,3182,2259,4467,2889,3836,4892,4461,9474,2050,3527,8768,6758,7788,5675,5406
"FIS1",1696,2119,2303,2042,2284,3450,6043,6252,11478,9825,4538,9308,6157,7134,8607,6257
"HDLBP",4207,4668,3607,4946,4420,5451,2922,2410,7229,2671,5264,8028,4971,8715,5402,4894
"RPS27",1294,2585,3121,3254,3902,6713,3278,3330,18757,1957,3356,32337,3927,12469,6777,4217
"TUFM",7851,4896,3933,5973,5002,5780,4127,2573,6565,1768,2468,11491,4617,6379,5496,3642
"BAP1",5058,2203,1900,3475,2552,2737,4345,4079,10816,3936,6105,9416,5494,7963,7104,7681
"TKT",9779,7331,6430,8585,8573,14282,2245,1835,2475,989,2457,23003,3565,5696,3407,2726
"PA2G4",8986,5713,4254,9449,5245,5075,2771,1515,6308,2237,3487,7481,4057,6129,5212,4632
"TAGLN2",5975,13654,8463,8778,10096,10913,2255,804,4007,1163,2674,12576,4915,5198,3814,2675
"RPL41",672,3853,4078,3195,4477,5603,2651,2120,18215,2340,3164,33565,5019,11567,8333,4711
"DPM2",3392,1358,1156,2728,1789,2042,7811,8230,14350,5578,6079,10535,6050,6444,9464,7513
"CALM2",774,6207,5179,7993,5457,4452,1514,992,6059,4673,8183,8251,4708,12581,7837,7007
"AP1B1",5787,3274,2458,2839,3155,4472,3948,3224,7740,2670,4916,8157,6351,10137,6062,5617
"GHITM",1503,4447,3350,6345,4441,3887,2204,1661,5648,5387,8896,6650,4254,14080,6601,6649
"YARS",3344,3521,2308,4239,3257,5418,3237,3654,7257,2967,6578,8016,4494,14223,4373,5450
"FAM210B",1581,2028,2208,3908,3230,3022,2535,2365,9130,7137,10346,5963,5815,11350,9158,10109
"HNRNPA1",2098,6654,5617,9296,6490,4559,2779,1262,7780,1615,3600,11661,4829,9630,5443,3902
"PSMD13",9519,2755,2275,3746,2579,4268,4593,3978,9150,3270,3021,14214,3669,5898,6552,4720
"TPX2",4107,2957,2397,4857,3280,2332,2817,3365,8729,2663,9293,5797,4941,10512,7935,7270
"PTGES3",334,4917,3759,5341,5059,3394,2753,2011,6883,5342,7355,9572,5208,10013,10216,7990
"RUVBL2",6772,4160,3595,5226,4132,4200,4847,3945,8364,1435,2200,9599,4865,6687,5649,4268
"CIRBP",6981,3554,2572,5469,3271,4562,3798,3684,8448,2235,3817,9203,4218,7851,5023,4313
"EZR",13987,8950,5108,5160,6371,3192,3440,3169,4545,2987,3651,3840,2504,5895,4229,3914
"ATP5O",4579,3431,2918,4462,3700,3769,3625,2920,8723,2072,3093,13745,4836,8126,6711,4608
"PTP4A2",3461,4499,3272,4610,4872,4065,3047,1969,6883,2927,4292,8915,4153,9704,6391,5092
"CCS",3045,664,1334,1653,1326,3467,6432,7603,12343,14602,7004,10222,4938,6180,9901,6986
"MRPL28",6580,1713,1711,3317,2107,2708,7351,8250,10932,3772,3198,12193,5293,4790,6468,4473
"TRAK2",728,1109,1626,3814,1832,2216,3332,2873,9411,16262,20195,5960,4554,8625,13245,13259
"SRSF2",1476,7544,4727,11488,6321,4522,1705,727,5915,1976,6077,6912,4956,10324,7607,5940
"MYH9",4949,7067,3784,5547,5043,6593,2873,1187,5335,1598,4502,9434,5436,7668,4305,4501
"NME4",3987,3613,4212,7089,5757,4978,2297,1331,8770,1272,5622,6370,7366,10203,3207,6683
"WDR34",9377,1742,1343,2359,1740,1806,6405,8700,14247,2159,3867,8789,6363,7695,8298,6235
"EIF4G1",2355,6579,3950,6461,5502,5053,1996,939,5090,4064,6279,6703,5189,7307,5327,6092
"ATP5D",12192,2395,2000,3425,2484,4155,8525,9007,9736,2086,1893,9910,4665,4528,4953,3464
"ASNS",1798,1607,1036,3797,1635,3662,4650,7316,9948,3058,9823,6753,4888,27566,4838,6761
"DHRS13",2916,720,800,2402,1104,1218,7164,8526,19146,6066,10081,8466,5677,8432,11914,9900
"FLOT2",3153,3525,2604,2399,3144,4769,3696,5217,9290,2859,4880,9877,3686,7863,5793,4197
"UBTF",2842,3078,2328,4171,2784,2444,3848,3564,8800,3348,5535,8397,5099,9626,5583,5532
"AKAP8L",8355,1327,1288,2791,1635,2899,5308,5283,9200,6070,6454,10448,4469,5597,5203,5808
"ACTG1",16069,9912,5862,4627,8077,20985,1360,1066,1402,995,2110,42440,2684,8116,2724,1769
"GMPR",1491,3533,2997,3618,4092,5428,2045,1108,4987,13467,7773,5276,3324,8428,7387,8465
"TUBG1",1146,2037,2458,5906,3644,3059,2281,1930,8718,3251,9114,5689,6811,11534,8249,8625
"PPP1CA",1602,3574,2678,3749,3622,5060,3559,3063,8200,2805,3944,12314,4786,6946,5985,5329
"EIF3H",2662,4635,4253,7744,5652,5523,1703,1281,5215,2347,4984,8096,4116,9921,5015,4842
"ATP6V0D1",1771,3633,2766,1939,3179,5693,4824,4710,8894,2941,2875,12080,4396,5925,6944,5712
"EIF4G2",2733,9162,5020,10547,6369,3375,1337,601,4328,3143,6927,7728,3747,6408,5920,5410
"STXBP2",5165,2643,2121,2212,2756,5718,3504,3409,5900,6516,4606,12194,4009,4864,4868,5238
"FAM50A",8653,1341,1115,2317,1592,3866,6497,5911,11147,2926,3525,9038,5743,7797,6472,5833
"CSDE1",2581,5614,4026,4514,5150,3990,1983,1509,4535,4175,6140,8693,3615,7981,5160,4840
"GPX1",9578,2552,3020,3258,2819,18076,3114,2507,2460,5894,2271,51203,2077,3883,3896,2277
"ARF1",1660,5835,4299,6979,5534,7847,1120,808,3707,4761,8332,5965,4070,8043,5450,5991
"ARL6IP4",11500,2822,2315,2489,2753,5462,5588,5762,8523,1425,1581,17206,3984,6166,4635,3014
"MRPL37",2845,4994,3684,2846,4605,3385,3929,3271,7373,1819,2934,10198,4794,7071,5637,4507
"ERMAP",2086,1339,1920,4374,2296,2565,3566,1996,9426,7811,13472,5019,3096,10623,8162,7786
"GADD45GIP1",18996,1976,1940,4174,2190,2600,9775,6942,10183,1560,1086,19287,5070,2866,5534,3067
"ILF2",1406,5589,3888,4814,4627,4114,2834,1625,6888,1826,4021,10700,5152,7936,6709,5007
"RPL9",10169,1991,2749,3021,2532,2581,3635,3674,17880,1079,1669,38622,3476,7547,5766,3401
"SEC61A1",6039,4149,2766,4171,3546,5671,3280,2875,5867,1814,3040,11936,3791,6513,4483,4028
"CDC37",6359,3911,3095,6095,4029,6153,3082,1871,5096,1918,2977,10022,4477,5737,4156,3996
"HAGH",872,1243,1306,3565,1978,2584,2631,2690,10480,6770,10733,5869,6633,12243,11729,10253
"NPM1",8917,14343,10110,21792,12169,7147,1303,420,3087,839,1884,7240,3021,6051,3396,2603
"UQCRB",9444,2298,2425,5083,2764,3636,2841,2203,7979,2316,2913,12378,4387,6475,6005,4131
"COX5B",7379,2543,2264,4535,3017,3807,4049,3488,8082,2022,2248,14124,4098,5524,5588,3630
"ABCB6",3528,875,1293,2857,1889,2497,4062,4790,8065,10367,9144,4212,4894,6991,7446,8413
"RBX1",2586,1398,1620,4301,2120,2893,3265,2391,8393,6380,5907,7300,4835,8494,8782,7102
"SF3B2",4448,4229,3294,5856,4003,4704,2075,1344,6192,1937,4129,6508,5423,8182,4917,4982
"TSPAN17",2717,2147,2005,3084,2781,2011,4850,4305,11711,1696,4063,8973,5296,12402,6754,4873
"PTMS",1654,1524,1445,2215,1761,4254,4342,4144,10385,4554,7894,5585,5139,10845,6650,7794
"SFPQ",2736,6743,4045,9307,5112,2813,2170,881,5221,2017,4598,8234,4207,6891,5841,4947
"PSMD9",768,1728,1615,3505,1985,2307,4495,3619,11929,5801,5893,9792,4880,8266,9120,7487
"HMGN2",1308,3536,2657,5402,3458,3650,1611,1545,13761,1847,5256,16585,3737,9117,7042,5314
"NDUFV1",7535,2443,2262,2907,2922,3959,5196,5527,8617,1177,1942,11698,5019,6646,5117,3271
"C19orf48",6748,3273,2856,3024,3131,3524,5924,4652,7789,906,1941,11949,4600,7034,4779,3420
"AP2A1",610,2429,2283,3344,3205,3199,2289,1844,9144,4849,12665,4439,5504,10578,7500,9176
"LONP1",3900,2814,2190,3548,3178,5401,4862,4204,8010,1437,3800,6634,3885,13898,3101,3397
"GRN",3432,3594,3016,1467,3399,15390,2075,2350,2795,2083,3135,59632,3348,6764,4705,2620
"CAPNS1",6085,4688,3490,4346,4762,7611,2322,2252,4380,1788,2306,12629,3610,5677,3491,3042
"QARS",13777,3463,2906,3247,3500,4395,3023,2845,6418,1237,2295,11434,3305,8993,3946,2703
"NDUFS5",17895,2810,2302,4513,2739,4410,4251,2973,6385,1124,1362,16356,3706,4810,4925,3145
"PLIN2",3478,9420,6254,4598,7240,9317,1769,721,2575,1925,2887,9044,3237,5432,4684,4063
"GUCD1",1441,2449,2434,4640,3102,2799,1980,1212,8590,4843,9371,5351,4558,8852,6405,7681
"GDI2",8962,4016,2922,4908,3952,3544,2711,2245,5299,1343,3142,9964,3480,6907,4467,3171
"LBH",773,3816,4321,3470,4664,2771,2131,1077,6451,3838,10038,4615,3215,9593,9054,7563
"PQLC1",2512,1711,1869,2151,1999,3241,3262,3060,10029,4818,3096,9552,6594,8997,5535,6073
"GPAA1",5417,2507,1929,2128,2419,3523,4469,6003,8418,1554,2968,10025,4543,6793,5274,3927
"FAM132B",415,1245,1990,5776,3190,4819,1358,1197,5841,6141,20319,2482,6895,22731,6472,11113
"E2F2",2296,828,740,3021,1249,1285,4387,4033,11985,10262,11887,5423,5201,6559,9175,10057
"OPTN",1207,1128,1171,1648,1558,2191,3055,3813,10005,11796,9698,4902,5304,13587,8345,8464
"TMEM14C",1680,2668,3137,5392,4031,3006,1890,1170,10141,1527,4745,6807,5674,16414,7111,4464
"HEMGN",66,1399,2556,7497,4331,2079,1179,1063,4244,8981,34661,2999,6794,15725,14321,20044
"BABAM1",3578,1768,1466,2429,1950,2565,4231,3735,8006,3846,3772,12466,5179,5538,7515,5353
"YPEL4",572,869,1661,4081,1614,4019,2283,1783,6586,18092,14794,4962,4413,8045,9086,11184
"ERP29",8166,2689,2193,2761,2928,5543,3403,3560,6751,1059,2198,15983,3664,8913,4505,2885
"CTSL",1102,2713,3380,5140,3877,5447,1692,795,4322,6858,9615,3428,4656,8091,6951,7310
"TSC22D3",7655,7285,6711,4149,7879,11901,862,869,2600,5384,3658,5437,2189,2432,3415,4876
"ATP6V0B",8732,1990,1520,2595,2089,5470,2915,3069,4749,3513,3943,12612,3691,4748,5447,4707
"BNIP3L",571,4661,5639,6559,6011,2734,1324,708,2992,20604,17213,2665,1784,4224,8247,9441
"MCM2",1310,3762,2844,3992,4077,3172,2024,1041,7332,2033,5964,6600,5527,11433,6955,6493
"EIF3G",5178,3194,2900,3039,3390,4962,3829,2950,6328,1725,2143,13556,3997,5367,3991,3317
"ERGIC3",7304,4018,3376,2262,4094,5354,3116,2256,5928,1700,2608,10735,3404,6910,3898,2785
"SARS",1797,3052,2341,2472,2755,5902,2924,3025,5319,4310,4896,5047,3752,12281,4121,5043
"UBE2D3",2354,4129,3022,4390,4245,3476,1552,1033,4535,5363,6076,6765,3701,6442,5999,5508
"DNAJA4",515,1250,1919,5478,2937,2189,3110,1908,9371,3067,8181,5493,6391,12240,11021,8056
"CCNB1",1798,3369,2531,5673,3277,2231,1953,1291,7856,2622,7437,4501,4680,8594,8123,6524
"YWHAH",2126,2796,2186,4965,2932,2296,2482,2246,6906,2160,7016,6467,4633,7971,6461,5978
"SLC38A5",2414,2234,1813,4396,2822,1670,5730,3269,11556,1962,4501,6151,4731,5607,5962,5849
"HN1",5837,1956,1730,3826,2177,2718,3874,3030,7932,2444,3784,7623,4047,6037,6090,4975
"SMIM1",1476,1531,1956,2404,2326,2506,5409,5030,10480,3991,3902,6645,6106,6667,5045,5739
"HPS1",4879,1738,2485,3606,2548,4758,1979,1382,3700,9556,6361,4593,3386,6767,5592,6432
"EPOR",1757,1484,1766,5426,2595,2372,1880,1634,7520,4824,12441,3558,4686,11592,6539,7880
"PPDPF",5366,1828,2203,3213,3831,5810,2931,2320,7485,2164,3069,4077,4945,10204,4032,4758
"MARS",4928,2601,1717,3914,2436,4444,2403,1944,5807,2422,6263,5097,4232,12474,3908,4981
"XPO7",2743,2371,3024,5410,2723,5404,1210,817,2625,27108,20212,1987,1990,2798,7232,10930
"ATP5G2",7698,4827,3893,5678,4557,5730,2462,1238,4816,915,1802,14686,3534,7127,3953,2526
"NRD1",5820,2518,2126,3045,2703,4298,1996,1653,4935,2915,4798,8300,4044,8196,5268,5274
"MTRNR2L2",11374,4259,3791,6174,5071,5521,914,904,2530,4272,6641,3345,1886,10238,3532,4183
"FEN1",3201,2862,1924,3556,2630,2649,3660,2253,8934,1596,3637,7961,4846,6898,6731,5325
"NUMA1",2518,2312,1966,3863,2588,3286,2851,2406,7208,2669,5558,6300,4262,9688,4593,5371
"ETFB",5738,1675,1813,2440,2305,3141,5761,5464,8517,3043,1848,7672,5427,4427,5738,3551
"CNBP",2926,6131,3782,8343,4424,3841,1366,799,3931,3634,4213,7568,3193,5902,4405,4333
"SRRT",7560,3318,2207,4864,2963,3263,3690,1942,6980,1663,3071,6480,4115,4877,4745,4080
"PSMF1",2150,2527,2626,3033,3088,3249,1721,996,5350,7806,9585,4959,4094,6684,5500,7413
"HINT1",1459,3411,2915,4863,3746,5493,1335,919,4368,2303,3827,9432,4736,12353,6468,6448
"PSMA4",3774,3472,2249,5434,3020,3473,2482,1698,5912,2048,2958,10018,3817,6410,5857,4257
"LBR",1467,2610,1906,3998,2872,1542,2625,1981,7980,2516,8046,6811,4272,8901,7959,6629
"TXN2",5677,2902,2557,2751,3339,3522,3711,3348,6820,1384,2257,9940,3652,7437,4886,3108
"MAF1",2804,2956,2137,2694,2642,3627,2186,2043,5447,5702,5642,6766,3933,5728,5036,5321
"PSMA7",733,3654,2566,4104,3385,4630,2658,1658,7124,2359,3883,8839,5074,6534,6995,5509
"PPP2R4",5154,3103,2540,2461,2905,3120,3208,2757,7355,1832,3606,7200,4282,5581,4932,4348
"NDUFA11",6517,1544,1553,2625,1966,3692,6210,6255,7803,2365,1940,11580,4209,3797,5053,3545
"DAZAP1",7917,3659,2765,4877,3709,3532,2937,2332,5417,1349,2901,6793,3861,5244,3925,3394
"MGEA5",5447,2812,2189,4107,2748,2971,1742,1278,5658,5907,5816,4998,3059,6338,5397,5263
"ARPC4",11598,3279,2258,2844,2971,4518,3323,3377,5056,1785,1911,17111,2940,3922,3931,2709
"MARK3",3693,1669,1802,3992,2113,2285,2004,1536,5341,6755,8890,4854,3642,6847,6997,7335
"COMMD4",12500,2098,1637,3374,1990,2916,5378,4818,9102,1360,1825,9944,3446,4300,5374,3346
"HJURP",1999,1379,1025,4070,1671,1351,1990,1903,9102,4903,11295,4586,5647,10327,9224,10386
"SLC43A1",5190,1091,1301,2300,1395,2288,5051,7204,11854,1861,4368,7722,4641,8424,5042,4375
"H2AFV",1687,3218,2210,4624,2873,3024,1768,1264,5946,2192,5864,7193,5282,9718,7526,5373
"CCT4",1342,4409,3438,3759,4196,3658,3101,1392,5941,1593,2937,8950,4393,7271,7037,4227
"TMSB4X",9413,3223,1977,6997,4034,16701,1655,1629,1325,787,1795,78855,2352,9096,3268,1429
"ATP5L",2958,2189,1984,4687,2496,3080,2505,1572,6647,3437,3557,10283,4094,5667,6759,4585
"ADD1",1714,3218,2756,3775,3293,2993,1955,1127,6460,3615,7554,4906,4217,6756,5634,6243
"PLEKHH3",1303,1905,2610,4587,3084,2767,2479,1769,7394,2311,6477,4350,5934,9431,5216,6518
"CYC1",1655,3357,2786,4013,3205,3615,2085,1518,6158,2049,4279,6062,4901,8871,5681,5425
"ATP6V0A1",4598,1229,1072,1904,1502,3376,4210,5314,7795,3636,4494,9021,3417,7611,4752,4955
"ARRDC2",3095,1640,1752,2808,1687,4604,1082,729,3123,32918,17642,4994,2740,2684,6891,12785
"PICALM",1726,2019,2034,4144,2866,2383,1900,1390,4959,3173,9032,4872,4628,10834,7573,6302
"PKM",38820,14390,9915,5156,15199,19871,2023,1252,584,485,831,39053,1764,2420,1696,554
"MPDU1",3775,1769,1588,2815,2141,2049,3688,4481,9036,1939,3922,6896,3911,7172,6081,4943
"ATG9A",2628,1315,1451,2185,1721,3244,2857,4092,6527,8941,6788,5611,3178,5041,5777,5662
"CHCHD2",1308,3246,2996,5150,3492,4369,2072,1567,6028,2179,2956,9816,4383,5927,5991,4193
"PRDX1",5813,3559,2536,4919,2820,4469,2156,1382,3768,4680,2930,9140,2891,3373,4902,3636
"AURKAIP1",9893,1872,1546,3173,1851,2799,5709,4477,7116,1922,1833,9899,4230,3867,4580,3185
"EIF3I",13148,3794,2981,5253,3577,3448,2134,1446,4549,1640,2394,6780,3252,4434,4169,3246
"PPP6R1",6679,2904,1909,4097,2960,3891,2589,1999,4449,2644,4415,6865,3507,4168,3523,4175
"SKP1",549,3008,2177,2212,2855,3049,2485,1799,6000,4819,5218,8561,4476,7533,7897,6392
"BAG1",2252,1875,1533,2124,2154,3072,3211,2893,5570,9861,3926,9223,3153,3938,5753,5151
"CD63",29951,10288,5769,4648,7026,23662,2170,1378,1598,494,585,34677,1915,2972,2063,738
"ADRM1",4304,2745,1878,4045,2491,4217,2980,1799,5673,2347,3017,6836,3881,5138,4921,4139
"CCT5",1671,5331,3359,6762,4530,3862,1977,921,4749,1780,3071,6339,3862,5922,5612,4021
"UBA1",5448,4502,2794,3130,3607,4803,1987,1618,4151,3202,4452,7339,2699,3895,3090,3203
"SLC25A5",396,7181,5367,6626,6363,6099,1433,639,4640,1578,3699,6879,4282,7585,5433,4349
"TPP1",4071,4144,3544,2344,4029,7280,1328,1138,3442,4354,5026,7637,2210,4362,3728,4120
"COL18A1",2730,3821,2267,4453,3203,2770,2985,1368,7123,2281,4290,3948,4838,4554,4596,4978
"PITHD1",1261,1628,1242,3094,1749,1749,3101,1725,6911,7788,7320,7680,3970,6605,6878,6674
"FAM46C",592,1529,2193,3001,2269,2711,1626,1220,5046,17062,18152,2846,3336,4244,10103,9862
"NUDC",4766,2980,2082,3484,2640,3379,3632,2463,6930,1567,1653,8854,4278,4991,4840,3381
"PARK7",3724,4643,4034,6814,4584,4701,1957,1060,4238,1359,1764,8459,3608,4480,4543,3367
"KIF2C",1723,1476,1262,2770,1854,2187,2715,3381,8900,2287,6133,6085,4359,10869,6713,5576
"HNRNPL",3841,6581,4435,8830,5461,3574,918,421,3642,1672,4245,4134,4206,5964,4727,4513
"RRM1",409,2626,1916,3588,2729,1718,3329,2577,10230,1841,5057,7285,4654,9095,7981,5874
"OS9",4589,2794,2439,1868,2860,6174,2088,1624,5135,2120,3056,13658,3124,6270,3679,3623
"PGD",5967,4847,3428,3967,5005,14465,2118,1576,2660,613,1600,23243,2156,7960,2292,1731
"NCAPH2",6076,1527,1133,2565,1617,2098,4363,5019,9392,1372,2947,6905,4362,7680,5069,4337
"CCT8",2708,4061,3802,6606,3938,3405,1589,1007,5219,1447,3242,6738,3469,6266,5173,3518
"TMSB10",52186,7485,5566,6631,8188,12097,2858,2463,2516,356,451,45439,1266,1860,1487,532
"CCT2",551,6279,4409,7900,5624,3039,1100,543,3958,1980,4605,5104,5340,7491,6793,5865
"CLTA",3092,3295,2393,4164,3148,4720,2326,1413,5076,2084,2605,8922,3145,5357,4696,3841
"TCF3",2143,3280,2329,5383,3427,2717,1634,881,5595,3111,6349,2847,4380,7642,5250,5611
"MBD3",14177,2444,1773,3596,2338,3726,4643,5128,6336,1143,1408,7908,3297,3325,3620,2463
"CCNDBP1",307,1656,2158,3163,2512,2574,1084,1036,5215,12677,17007,3292,4051,10264,8904,9843
"LMAN2",4053,3645,2625,2709,2980,4778,3132,3128,5090,1383,2064,11472,3199,4385,3869,2667
"TFR2",5292,4260,4541,6508,4857,3119,1597,883,4220,2253,5846,1531,2471,8432,3163,4358
"ABCA7",9673,711,822,2283,1163,2271,5539,7954,12743,1643,3462,8027,4613,5295,4165,3885
"COX7B",6412,1974,1731,4180,2260,2336,2574,1493,6429,2810,2606,9615,3694,4622,6086,4008
"NUDT1",3113,683,755,1684,1042,1804,7668,9320,13746,2003,2813,11546,5083,5287,8112,4831
"NDUFB11",6386,1864,1702,2821,2074,3369,4509,4300,6857,1377,1582,11481,3941,4579,4686,3082
"UBALD2",2719,1584,1357,1878,1804,3670,2843,3072,7341,5087,4399,7878,3843,5184,5305,3980
"SRSF5",3060,4672,3775,5824,4781,4642,962,614,3458,2806,4406,5396,3286,6101,4439,4053
"ODC1",693,5576,4482,5331,5277,3340,1131,764,3929,4175,5809,3555,3728,5678,6186,5226
"AUP1",11884,2487,1855,4579,2612,3646,1945,1395,4544,1629,3306,6178,3567,6223,3868,3905
"TMCC2",587,1061,1661,1886,1789,3777,1996,1194,2761,49186,30770,1159,3323,2174,14849,19001
"ENSA",10284,3204,2331,3917,3120,3989,1596,1105,4185,2116,3242,7670,2991,5156,3874,3746
"SLC6A8",1358,1651,2691,3153,2582,1190,2645,2338,7215,5078,7611,3988,3819,6322,5276,6295
"PPP4C",3634,2078,1696,2803,2197,3610,3403,3295,6463,2227,2597,9752,3580,4505,4599,3620
"POMP",3865,2250,1749,3825,2229,2544,2603,1574,5773,3189,3230,6531,3674,5445,5987,4922
"HNRNPA3",2100,4273,3020,5866,3938,2741,2041,991,5628,1602,3461,6002,3824,5896,5066,4120
"PSMD1",3302,3101,1814,2558,2451,2590,2598,1786,5892,2563,3883,6749,3712,4947,6140,4818
"CNPPD1",2201,1896,1707,2146,2034,4646,1576,1173,3093,17517,9236,3320,2782,4676,5768,8559
"PHB2",2305,5801,4871,6401,5796,5157,1342,812,3940,1120,2800,6646,3218,6371,3934,3045
"PSMB6",1743,1812,1535,2465,1925,2703,4368,2925,6859,3612,2941,7503,4501,4638,6335,4715
"JTB",5213,2769,2036,3721,2596,3494,2218,1468,5028,2232,2612,9326,3488,4228,5232,3974
"COX7A2",1336,2080,1995,3556,2521,3030,2941,2244,6547,2593,2632,11013,4052,5033,6218,4278
"PRKCSH",5506,3713,3116,3108,3718,6150,2488,2171,3929,930,2214,9994,3235,5996,2483,2540
"MPST",6140,2150,1881,2212,2297,3220,4230,4373,7039,1497,1785,9686,3503,5137,3985,2436
"RBM42",5203,2003,1742,3219,2161,3339,3004,2316,5119,2696,2640,7193,3720,4699,4254,3994
"WBP2",1561,1927,2204,2291,2543,8536,1163,1003,3877,8725,7931,4473,3170,4412,5230,6417
"RECQL4",10889,1533,1137,3052,1526,2028,3829,3859,8918,1163,3482,4536,4561,6797,4314,3672
"NUCKS1",3413,4019,2663,4284,3442,2133,1769,1158,4944,1574,4371,5665,3437,6688,5143,3936
"MCM4",1563,4471,3023,3863,4341,2227,1830,1066,5596,1085,3947,5577,4218,7945,6085,4979
"ATP5E",966,1017,982,1819,1297,2129,4372,3618,10313,3922,3742,12941,4863,5876,8095,5882
"TPM3",3246,5342,2941,4532,4297,4648,1262,1119,3257,1847,3956,9293,2301,5254,3611,3204
"CENPF",1173,1993,1712,5487,2469,2036,1459,1161,6625,2820,9236,2881,4539,10421,6392,7002
"APOE",9554,1715,2080,803,2413,9442,10007,2989,3564,690,1002,9353,4577,9531,4240,2397
"CDT1",3741,2252,2088,2741,2674,3114,2654,2956,6737,1078,3053,4880,3781,11710,3796,3375
"MGST3",324,677,1406,5493,2052,2210,1487,2568,10397,3987,8985,6082,4706,7990,8210,8967
"TSC22D4",2546,2089,2195,2970,2671,4481,1963,1784,4440,5788,3950,4933,3321,4514,4099,4273
"CAPN1",1678,4607,3526,4443,4561,5205,1174,938,4018,2090,5618,5002,2873,5411,4344,3623
"PSMD8",2282,3388,2695,3052,3097,4197,1975,1435,4443,2236,3362,5898,3605,5662,4451,4221
"TFDP2",3077,1914,1845,3006,2195,1271,2428,2667,5712,4789,5524,4686,3092,4685,5386,5384
"SERBP1",1256,4864,3557,5504,4329,2584,2222,1096,4809,1569,3202,6653,3723,4854,4924,3666
"CHID1",1932,1563,1359,1331,1669,2815,3817,4647,6649,2932,3058,7881,4511,7320,6015,3999
"FDPS",2272,5204,3959,4073,4831,6490,1297,857,4522,1458,3049,4824,3436,4142,4750,3852
"R3HDM4",4132,2095,1939,2913,2134,4643,2033,1588,2350,12611,5698,4524,1866,2387,5845,5233
"METAP2",684,3034,2514,4842,3617,1430,2973,1678,5828,1406,5013,6004,3726,8690,7388,4120
"STOML2",2153,2892,2519,2918,3101,2868,3108,2392,6154,2007,2357,7772,2929,4988,4663,3424
"USP15",946,2395,1748,3940,2388,2036,1178,738,4447,7372,10574,4142,3816,9028,6787,7064
"MPC2",468,2465,2244,4845,3226,2451,1666,1104,5983,2765,5268,5667,4746,8667,7763,5362
"EMC3",1969,1194,1226,1958,1383,2761,2776,2464,5341,8616,5280,6288,3565,4219,6896,6684
"H2AFY",3614,3946,2800,5923,3480,3954,1065,626,3843,1294,3894,7537,3596,5543,5201,4726
"UBL5",3495,1796,1859,3633,1992,2843,2773,1765,5732,2407,2492,12576,3566,3892,5646,3599
"LAMP1",6577,4492,2587,2744,3501,6120,2137,1321,3158,2170,2517,8524,2412,3765,2953,2803
"UQCR10",4521,1488,1289,3347,1810,2456,3341,3144,7316,2121,2132,8999,3787,4034,5595,3966
"FAM134C",6201,1522,1347,2718,1949,1868,3207,2577,6531,3012,2981,8660,2884,4696,4209,4515
"KARS",6973,3233,2575,4963,3312,3058,1884,1174,4291,1560,2830,5036,3078,5785,3737,3242
"ATP5J2",5062,2031,1826,4102,2126,3219,2553,2091,5190,1983,2185,7034,3560,4621,5146,3332
"MCM3",4053,3732,2617,4384,3472,3168,1641,1003,5076,1018,3168,5418,3537,7162,4461,3789
"HSPA5",4255,6296,4016,3976,4462,6623,1478,456,2617,2850,2838,11332,2316,2969,3184,2630
"PER1",3848,5321,4270,5531,5313,5530,1004,451,3918,6134,4339,2134,2894,2027,2753,5027
"SF3B5",2336,2344,2012,2424,2460,2861,4134,3684,6321,1913,1719,11385,3465,3521,4736,2981
"COPS3",1324,3128,2075,4635,2806,1862,2422,1801,6149,1702,3564,5418,3518,7907,5210,4380
"MRFAP1",2128,2765,2209,3565,2570,3922,1561,1107,4548,4043,3840,8007,2360,5479,4840,4014
"EIF3F",1457,2613,2561,2886,3461,4253,2272,1616,6169,1417,2663,10654,3314,7308,4233,2954
"CAST",1191,4998,3691,6020,3909,1672,1676,1053,5879,1639,4437,2549,4063,8008,4843,4164
"FADS2",5486,10961,7607,5264,9896,12726,1177,760,2939,405,2692,3530,3097,3210,2183,1582
"ACTR1A",4025,1837,1281,2357,1811,2948,2514,2632,6228,2991,4225,5684,2999,3916,5225,5019
"ALYREF",569,3770,2680,3523,3523,3081,2820,1521,6008,1440,2711,7366,4300,6067,5578,4437
"UBE2S",406,1117,1080,2386,1286,2265,5069,4812,7836,3595,5964,5568,6539,5442,6119,6103
"CDC25B",8183,1833,1120,2078,1545,1877,2196,2900,7475,2531,6094,3775,3169,5522,4623,4523
"ARL6IP1",426,3586,2760,5124,3695,1692,679,581,3827,4311,13321,2689,4422,11268,7982,7891
"RHCE",180,522,1415,2883,1821,1601,1901,1292,9993,6617,16168,3581,6765,7737,12962,12581
"CDC34",1637,870,999,2011,1315,2291,3259,3684,8020,8284,5830,5359,3271,4168,6185,5158
"ARF5",3418,2152,1855,2822,2304,3673,2795,2718,5891,1477,1981,9608,3442,4988,4392,3002
"IK",2404,1858,1667,3662,2010,2405,1728,1153,5781,3825,4650,4826,3878,6973,5277,4981
"SLC39A3",2862,2120,1539,3525,2274,4673,3825,4425,6796,721,2163,6223,3498,6926,3326,2817
"ATP1A1",1418,3528,2655,3778,4077,4071,1448,966,4432,1799,4912,4288,3630,5708,4632,4586
"SNRNP200",3336,3485,2498,3993,3247,3049,1250,890,4020,1511,5317,4457,3643,7543,3977,4223
"NDFIP1",2698,2625,1701,3457,2984,1950,2039,1791,5597,1724,4052,4775,3289,6898,5210,4229
"COX8A",2179,2829,2263,3529,2877,4471,1582,1069,4571,1634,3582,6499,3896,6181,4895,3732
"SRSF6",3887,3837,2741,4420,3455,2601,1798,870,5062,1301,2848,6289,3420,4645,4732,3622
"TMPO",348,3527,2515,5061,3424,1406,1260,872,5549,2337,9567,3719,3995,9766,7698,6481
"PPM1G",1755,3695,2520,5068,3395,2776,1967,1003,4847,1476,3410,5259,4037,4674,4575,4136
"FDFT1",3314,4433,3295,2591,4221,6666,1107,767,3089,3912,4017,6440,1629,3878,2797,4246
"DRAP1",3102,1775,1565,2658,1819,2919,2920,2270,6692,2062,2085,9669,4049,4505,4746,3558
"SRSF1",4123,5543,3542,6704,4470,2717,1238,440,3587,1184,3265,5622,3155,5243,4198,3507
"SH3GLB2",3430,2004,1695,2345,2156,2276,2471,2128,6080,3183,3213,4269,3444,6357,4419,3804
"APRT",4229,3121,2524,3483,3152,3816,3660,2644,5389,753,957,9031,3751,4645,3733,2192
"HNRNPUL1",3485,4586,3043,4558,4437,3308,1028,816,3138,1564,5981,3518,2875,6494,3256,3849
"CHST2",379,1705,1288,3984,2109,1378,1512,1092,5726,6514,12108,4347,3786,6756,7802,10182
"ASCC2",3574,1382,1422,3121,1817,2470,2104,1515,5363,4990,5501,3851,3374,5149,4169,4954
"SLC44A2",4688,3325,2517,2989,2869,1587,1760,1984,4901,1863,4186,4131,3061,5607,3429,3603
"LARP1",1177,3914,2665,5672,3619,2675,1338,497,3619,4355,6187,3493,2806,6213,4324,5200
"SCAND1",8064,1305,1334,2072,1652,2998,5118,6291,5755,2000,1374,9223,3399,2525,3496,2956
"HEBP1",548,2239,2100,3053,2444,2625,1431,1433,7294,2137,4756,4316,4561,12522,6201,5022
"HSPD1",1569,5651,3558,4971,4510,2719,1702,793,4001,1060,2673,5705,3236,8548,4425,2872
"POLD2",3477,3050,2770,2325,3298,3524,3362,3053,5287,912,1588,6061,3192,4619,3855,2750
"TM9SF3",2490,2808,2113,3316,2819,1586,1453,854,4533,3566,5677,4663,2965,5759,5827,5011
"GPX4",10328,3360,2140,2797,2860,6786,1962,1723,2787,3142,1129,8443,2481,3182,3149,2024
"GTF3C5",3861,1959,1654,2516,2188,2415,3261,2936,6775,1484,2227,7319,3493,4916,4204,3027
"SNRPD3",2955,3035,2319,5313,2916,3054,2240,1314,4930,1134,2032,8159,2979,5158,4189,3153
"TSPO",2121,3217,2659,3198,3296,6288,3891,2225,4948,790,1224,19957,2430,3024,3603,1977
"C6orf89",1911,1963,1728,2108,2224,2078,1978,1957,5885,2845,5201,4292,3594,6499,4973,4949
"EIF3M",3316,3398,2661,4026,3370,2776,2147,1060,5138,1162,2117,7806,2817,6110,3918,2998
"H2AFJ",4211,650,887,1792,1137,2279,3957,6517,7899,3641,2759,5248,4053,4968,5152,3957
"C14orf2",10925,1696,1325,3673,2007,2951,2949,2657,4442,2045,1619,8881,2372,3557,4319,2491
"EIF2S3",3935,3821,2273,3296,2941,3403,1783,1377,4627,1639,3600,7733,2079,5190,2774,2626
"KLHDC3",4082,2164,1998,2351,2517,2719,2119,2286,5642,1608,2268,7019,3322,4903,4195,3348
"SART1",5324,1954,1534,3221,1891,2916,3129,1786,5787,1739,2385,5476,3848,4934,3297,3464
"CHD4",6922,4708,2568,3996,3714,3485,1995,1238,3996,1038,2075,7612,2730,3807,2752,2224
"GRINA",629,1329,1521,1604,1786,7666,1817,2597,5852,3238,7069,7394,2618,5663,4025,5655
"SRP14",2327,3250,2858,6288,3373,3284,1024,565,3272,2343,3375,5133,3865,5019,4847,4019
"CLCN7",8260,2358,1642,3380,2120,7504,1993,1713,3064,2404,2347,7535,2138,4054,2326,2768
"FURIN",3555,2703,1990,3107,2626,3660,1242,1032,2535,6762,6923,4684,2011,3716,3053,4467
"PSME4",6343,2157,1369,2499,1979,1775,1790,1552,4523,6322,4990,4422,2441,2466,4950,4787
"CCNB2",521,1902,1722,3032,2452,1631,1820,1506,7354,2265,6657,4816,4580,6798,7124,5884
"MAN2A2",5773,2945,2358,7708,3204,3344,735,421,2801,2975,6325,3604,2569,7225,2774,3957
"RAC1",2240,3521,2276,4192,3790,2966,1581,1567,2908,2042,2884,7932,2516,4882,3625,3160
"MKRN1",2075,1718,1592,2685,2046,2481,1249,965,3657,11829,10060,2883,2378,3240,5998,7193
"MYL12B",2720,2277,1830,3531,2475,3609,1624,941,3624,2499,3670,8495,2583,4835,4745,4270
"LMO2",1983,5194,4433,7976,6330,3059,1033,619,2947,1031,3283,4064,2425,6636,3551,3661
"SF1",4024,5055,3326,2959,4086,4451,1895,928,3578,1400,2340,6602,2651,3797,2758,2712
"TFDP1",313,3144,2579,4905,3459,1256,1086,1099,4264,2854,12787,2091,4365,7827,6684,7143
"PPP2R1A",7835,3403,2377,2588,2956,4048,2114,1736,3530,1122,1867,8448,2589,4771,2832,2247
"YWHAB",2042,4694,2589,4321,3576,3715,1613,1004,3821,1386,2735,7219,2683,3883,4171,3254
"SF3B1",2179,3677,2662,5108,3500,2687,1033,583,3039,3282,4911,5644,2347,5116,4134,3961
"FANCI",6259,1410,1132,2613,1573,1334,2342,2332,7364,1358,4094,4829,3630,6188,5392,4560
"ARFGAP2",6479,2093,1654,2063,2010,2760,2240,1661,4929,2480,2882,6122,2953,4409,3428,3399
"PYCR2",998,1577,1396,3955,1932,2519,1361,649,5083,3611,6776,4161,4883,7564,6252,6405
"RPN1",3487,3738,2347,3620,3051,3676,1673,1247,3492,1204,2748,8445,2437,3864,3631,3275
"COX6C",3817,2023,1775,3906,2070,2476,2530,1627,5691,1599,1628,9035,3136,3726,4927,3186
"POLD1",4879,1898,1591,2643,2256,2761,3038,2615,6638,976,2172,5150,3781,5344,3369,2863
"ATP5I",33433,1459,1286,3052,1615,2345,3940,3381,5639,923,925,10829,2506,3082,3716,1846
"TOP2A",580,3311,2439,5732,3320,1664,1075,757,4001,1849,9429,2560,3619,11256,5592,5391
"POLR2L",1780,1648,1215,1179,1508,2617,5690,4386,8135,1680,1304,12235,4510,3298,6461,2983
"CBX3",1093,3904,2597,5282,3575,2283,1603,900,4756,1445,3463,6057,2934,4989,4867,3527
"RNPEPL1",5646,1454,1032,2112,1505,3119,2502,3288,5571,1689,2537,7481,3227,5350,3467,3393
"LXN",1199,11924,9233,13479,13553,3784,556,317,1826,1354,3152,1526,2313,4508,3680,3248
"TERF2IP",538,1390,1340,2982,1604,2430,1132,730,3941,12360,12154,3208,3245,5420,8213,8855
"POLR2E",954,2855,2226,2819,2813,4281,3281,2148,4581,1855,1756,6634,3475,4477,3795,2787
"NUSAP1",1313,2209,1888,5898,2582,1751,914,816,4337,2005,10545,2451,3447,9101,4854,6192
"DUT",524,3022,2551,4038,3276,2865,1646,961,5413,1396,3207,5329,3611,7378,6216,4359
"UQCR11",2834,1600,1671,2514,1871,3303,3269,2355,5436,3201,1733,7293,2966,2531,4845,3142
"DNAJC9",1696,2411,1687,4629,2286,1505,1408,965,5614,1705,5157,3645,3825,7123,5594,5519
"RNASEH2C",3298,1055,876,1900,1184,2218,4085,6341,7202,1489,1692,14789,3818,4544,4502,2658
"CCNF",4233,803,701,2007,1075,1086,3547,4737,9439,1758,5884,4660,3256,6318,5473,4526
"SNRPA",8286,2590,1975,3895,2759,3004,2185,2222,4373,925,1740,4987,3202,3619,3332,2394
"NBAS",3453,1918,1705,1957,2081,2161,2586,2720,5528,1330,2998,4967,3096,8033,3234,3488
"GAS5",8657,2584,3135,4217,3439,6517,1930,1154,3187,708,1274,14057,1797,7355,1985,1346
"TRA2B",1168,3932,2877,5135,3945,2075,1366,687,3912,1597,3562,4772,3459,5627,5291,3716
"SREBF1",1814,3447,5162,4827,5319,5514,1363,1018,5263,823,3915,2389,2414,5661,2409,2482
"HSPA9",5126,4927,3134,7489,4180,3237,1123,666,2411,1301,3085,3908,2194,7150,2305,2560
"PES1",2891,3431,2459,3260,2866,2543,4756,1720,4760,1104,1428,6964,3223,3070,3161,2684
"CCDC124",3106,2026,1744,2859,1859,2474,4416,3206,5794,1718,1386,7845,3958,2242,3656,2762
"PSMD3",2267,3206,2429,4805,3105,3163,1382,750,3393,2526,3534,4404,2905,3842,3703,4098
"AURKB",2483,1200,1148,2884,1577,1967,2322,2594,7340,1398,4034,4862,3540,7375,4883,4088
"MED25",1789,1350,1427,2533,1877,3945,1852,2095,4187,4489,4559,2788,3118,6694,3509,4402
"DCTN2",2236,2163,1723,2556,2409,3255,1687,1736,4519,1728,3437,5374,2969,7596,3535,3349
"ACIN1",3195,2983,2246,4407,2782,3629,1570,866,3580,2379,3256,5049,2772,3966,3082,3045
"ATP6V1E1",2423,2161,1597,2477,2161,3790,1522,1502,3778,3158,3101,6843,2524,4760,4277,3653
"ANP32A",2622,3501,2652,4370,3248,2786,2170,1209,3925,848,1907,8111,3232,5336,3318,2426
"DPP7",18418,2492,1857,3259,2626,6812,2559,2524,3191,744,802,8617,2439,3876,1995,1781
"UNC45A",2423,1802,1435,2026,1665,2784,2037,1738,4288,3833,3599,4887,3191,5317,4255,4042
"DNM2",2966,3101,2751,3465,3465,3664,1048,818,3199,1455,4548,4877,2933,6607,2708,3379
"CST3",7607,7948,4750,3544,7541,7758,2714,2053,1254,381,563,27541,1900,2412,2182,658
"CCT6A",2992,5308,3456,7573,4530,2636,1434,425,3353,1053,2242,4312,2713,4687,4218,2944
"NDUFS8",7748,1518,1118,2116,1583,2727,3678,3571,6027,1151,1513,6711,3440,4300,3818,2601
"MAP4K4",1724,1616,1204,2404,1861,1369,2776,1713,5964,2089,4450,5728,3653,5645,5235,4864
"ARHGDIA",12709,4809,2712,3383,3768,9705,1644,1082,2028,1228,1265,9303,2005,2397,1834,1645
"SSR4",7708,1975,1606,2796,1987,4621,2391,2107,4136,1199,1294,13479,2493,3424,3023,2204
"WNK1",675,2323,1786,3765,2600,1537,887,646,3325,7940,12848,2176,3318,6603,5447,6959
"OTUD5",2540,1706,1435,2345,1838,2883,1527,1308,3572,5804,5435,3758,2701,4806,3632,4781
"TOMM6",4521,3078,2331,4874,3074,3042,1919,972,3928,1222,1433,8081,2579,3697,3812,2564
"DCAF8",3318,1737,1505,2698,1796,2850,1373,1110,3107,8287,5545,4274,2090,3483,3831,4534
"GET4",4462,1405,1020,2165,1441,3027,2908,2743,4860,4580,2867,5209,1957,3349,3569,3689
"SNCA",97,347,593,3823,1672,1159,2740,1376,7365,10805,16593,4366,4773,7764,9749,10058
"PSMD6",2011,2400,1777,4360,2285,2149,1678,1008,4533,2674,3014,4705,2876,5000,4829,3692
"RPS6KA1",6267,2682,2055,3523,2627,3566,1913,1187,4215,1025,2584,9788,2089,3139,2604,2767
"C14orf166",7480,2351,1769,3952,2445,2293,1637,1072,4553,1216,2202,6165,2607,4761,4040,2935
"ARPC3",2924,3377,2433,4549,3280,4564,929,544,2731,1768,2852,8943,2586,4191,3608,3278
"RGCC",152,1570,1486,3058,2215,1424,1847,1266,6007,7039,7263,4574,3602,6455,7506,6124
"ANP32E",729,2170,1696,3749,2413,843,3320,1724,4436,2360,5753,3004,3332,6223,6017,4816
"ELOVL1",973,1352,1375,2783,1729,2433,1867,1646,5785,1945,5706,5105,3386,7062,5047,4901
"VPS28",4198,1330,1264,1587,1374,3353,2263,2299,5958,3992,2550,7090,2666,4409,3190,2816
"SGTA",4636,2259,1609,2831,2109,2775,2981,2608,4919,1525,1858,4931,2643,3824,3060,2600
"EIF2S2",1384,1681,1199,2676,1786,2409,2073,1501,5875,2081,4709,5047,3182,6990,4262,4347
"RAD21",163,2928,1896,3743,3003,1163,1082,808,4338,3792,9608,3195,3872,9479,8614,6534
"SUPT6H",7287,2051,1574,3174,1973,2599,2462,1726,3738,2241,2788,4448,2614,3707,2448,2902
"PSMD7",2995,2564,1709,2302,2218,2728,1515,936,4056,2845,3375,4788,2916,4442,4579,3972
"RNF123",1200,1095,1130,3798,1769,1644,1179,738,4800,4969,13049,2458,3574,8127,4731,7273
"HNRNPF",1272,5605,3520,7605,4856,3093,926,503,2850,1331,3502,3637,2522,5580,3816,3119
"SMAP2",3031,2334,1517,1838,2323,3256,1449,1251,3719,2538,4687,5363,2521,4804,3579,3888
"ADRBK1",8050,2009,1549,2576,2024,7317,1747,2174,3051,703,1912,19433,2383,3651,2276,1831
"ATP6AP1",7542,2507,1839,1724,2088,6564,1348,1122,2720,1683,2519,10750,2097,3883,3147,2660
"C7orf73",867,1435,1323,1903,1744,1924,1586,1338,4185,7027,6768,4284,3111,5358,6057,5418
"CDK4",3067,5942,4049,3253,5034,5175,1214,583,2526,1157,1666,5594,2436,5126,2859,2365
"ARL4A",1120,1925,1331,2472,2117,1986,1575,879,2465,20891,9923,2269,1804,2160,6998,7726
"STIP1",2267,3534,2776,3715,3301,3983,1602,554,3154,1353,2719,4705,3739,3196,4699,3394
"CTSZ",2528,1384,1164,1623,1515,7306,2444,1411,4843,1445,2423,13824,3527,4568,3581,2922
"BRK1",1657,2369,1854,2140,2570,3540,1626,1608,4508,1681,2708,7195,2643,5154,3735,3518
"CDC27",567,1609,1451,3887,1973,768,1760,1417,5627,3791,7440,4277,3130,6311,6094,5939
"PSMA2",783,2396,1998,3323,2496,2335,1709,1096,5238,1586,2561,7356,3304,5655,5865,3956
"SMOX",726,803,1356,2202,1782,2296,1942,2001,4439,7728,7506,2910,2284,4181,5712,7890
"USP7",1646,1901,1410,2888,1919,1980,1348,1268,3478,5847,6095,3589,2686,4111,4513,4651
"OAT",186,4279,4068,6795,4362,1071,990,434,4441,2554,6477,2147,4690,7255,6437,5072
"WHSC1",2427,2378,1698,4504,2321,1793,1165,987,4632,1228,5913,2591,3347,7661,4085,4263
"GSPT1",1392,3656,2465,3074,3024,1917,859,349,2485,10089,7536,2983,2296,3923,4694,4889
"SNHG5",9606,2373,2292,3806,435,4209,3493,4811,4847,553,995,14653,2244,4913,2240,1293
"PSMA6",2927,2326,1937,3166,2416,3180,1723,1146,4148,1720,2002,7670,2280,4313,3949,2934
"CTNNA1",1725,2285,1763,3398,2832,2151,1154,776,4438,2049,6034,3080,3003,6708,3982,4485
"UBR4",4697,2211,1556,2684,2337,4065,1029,856,2062,5324,5065,4052,2036,4504,2589,3926
"NPRL3",1331,1604,1724,2672,2539,3069,1516,1097,3789,4462,4841,2454,2736,6690,3079,5212
"UQCRH",1232,2415,2245,3896,2737,2906,1931,1055,4764,1157,1756,9031,3341,4655,4517,2833
"TARS",755,2479,1648,4235,2329,2316,1414,923,4379,2147,5870,4050,2772,7635,3847,4324
"TMC6",5735,1584,1402,2781,2112,2395,1875,2124,5763,726,2246,6020,4306,5437,3204,2396
"TMEM259",5994,2520,1847,4588,2406,5400,1624,885,2886,2264,2407,3458,2395,3751,2227,2634
"DEK",194,3415,2350,4242,3479,1349,1359,980,5016,1769,5553,3806,3307,7967,6411,4828
"EIF5",805,3001,2064,2744,2586,2778,1056,475,3500,7406,6866,4583,2380,2863,4447,5339
"PHB",5063,3075,2554,3388,3010,3380,3411,1820,4262,594,860,7373,2753,2880,3232,1852
"PRPF19",7094,4106,3070,3674,3845,2832,1513,906,2821,890,1751,4957,2642,3560,2628,2466
"NONO",2443,5050,3478,4295,4389,4128,1043,783,2706,906,2767,4301,2290,5825,2536,2413
"AK1",1239,365,685,1529,933,1252,3889,3977,9881,3353,4296,6555,4445,4904,6529,5536
"EPRS",872,2486,1889,3413,2327,2384,1192,1070,5198,1741,6412,2992,3071,11057,2632,4151
"RPN2",2112,3905,2635,2662,3123,3989,1733,1190,3498,876,2122,8941,2270,3748,3502,2348
"UQCRQ",10179,1739,1464,3232,1827,2070,3032,1824,5032,930,1173,8541,3085,2646,3840,2263
"SUPT5H",3802,2080,1863,2337,2302,2874,2561,1345,4218,2141,2179,5889,2696,3054,2776,2799
"SMC4",601,2168,1584,4899,2662,1194,1206,808,4758,1836,6504,3449,3255,9807,5815,4872
"UBE2M",2450,2146,1717,2502,2057,2708,2547,2822,4336,1669,2258,4964,2660,3479,3100,2690
"LSM4",6480,2653,2118,3815,2933,3236,1692,1035,3804,720,1555,6966,3408,3065,3249,2378
"CDCA5",2344,1677,1226,1400,1598,1941,3071,2660,6937,1069,2528,5483,3361,5181,4746,3764
"DCTN3",564,1164,1111,1612,1429,1732,2486,2398,7375,2251,3873,6022,3989,6988,6027,4723
"C6orf106",1953,1770,1269,1774,1811,2808,1892,1568,3589,4104,3900,4917,2664,3815,3921,4076
"RHOT2",6070,1683,1304,2718,1638,3120,2387,1940,4741,1318,2015,5656,2696,4131,2870,2635
"CDK5RAP3",9790,1664,1414,2688,1672,3346,2000,1212,4627,1417,1826,8326,2319,4580,2579,2224
"S100A10",8343,3403,3691,3581,3817,2805,1543,771,1897,4186,2462,2657,1176,1420,3260,3572
"PQBP1",7099,1439,1060,2599,1398,2366,3020,2498,4499,1850,1415,7521,2360,4449,3105,2365
"ATP6V1B2",2297,2360,1752,1567,2309,5873,921,544,2058,5601,5664,5609,1802,3901,4090,4474
"PSMA5",552,2449,1860,2921,2404,2440,1926,1067,5029,1980,2395,7246,3109,5169,5076,3716
"MCL1",2580,2613,1831,2496,2780,3136,1111,724,3490,2305,4445,5681,2463,4022,3850,2727
"GNB1",2813,3908,2464,2869,3388,3961,912,680,2608,1493,3257,7006,2411,4118,3007,2650
"SAT1",2587,2128,2924,2175,3194,9772,951,467,1224,7846,2165,14274,1403,2935,3055,2471
"SUMO3",1590,2830,2080,2436,2748,2217,1411,1043,4542,1261,3658,5057,2732,5475,4188,3283
"DNAJC8",1772,2656,1941,2876,2512,2813,1590,1119,3439,1570,2573,6281,2807,4437,3853,3204
"VDAC3",1575,2340,1926,4513,2622,2376,957,726,3815,1466,3165,4089,3380,6469,4557,4192
"UXT",3320,1256,1200,1966,1534,2374,2583,2228,5669,1574,1967,7343,2936,4817,3899,2775
"DCXR",7405,1197,1072,1758,1203,1992,3161,3848,6711,1153,1584,7506,2863,3437,3759,2352
"NDUFA2",4473,992,1112,2161,1251,1867,2916,2606,5812,2234,1869,6859,3115,3198,4487,2769
"ST6GALNAC4",350,602,787,765,1061,1217,3783,6097,10342,2502,5838,5177,4567,7869,5802,5922
"PDAP1",1457,2371,1894,3236,2462,2589,1583,950,4007,1793,3152,4055,3296,4851,3521,3587
"FLNA",6853,10141,4369,5500,7256,13086,1430,883,685,502,842,18511,1537,2359,1061,807
"NR1H2",474,1694,1506,2373,1998,3201,1368,974,4222,4823,6210,3594,3133,4658,4249,5057
"NOSIP",7829,1127,1009,1723,1202,1975,4130,5626,5389,1491,1133,9203,2407,2904,3283,2137
"TUBA4A",1305,713,777,1355,916,2181,3013,2850,5518,3786,2709,8204,4312,3872,5236,4969
"PSME2",5231,1322,905,2385,1149,1944,3136,1549,6244,1731,1575,9005,3311,2446,4961,3384
"VPS51",3422,1782,1613,1700,2048,3297,2000,2359,4054,2900,2034,5990,1977,3160,2734,2530
"SEC62",756,1394,1289,2784,1799,1347,1296,965,2804,10443,8654,3236,2425,3439,6266,6517
"BOP1",7732,2062,1734,2924,1985,1974,4734,2561,5359,568,867,6755,3212,2729,2773,1914
"MRPL51",3727,2048,1567,2543,2006,2464,2593,1589,4875,1034,1403,8014,2841,3877,3778,2192
"GANAB",2642,4955,3006,3411,3835,4201,946,539,2329,1097,2987,4995,2450,4774,2417,2657
"RBMX",2360,3552,2323,3808,3010,2016,1449,726,3896,1206,2668,5419,2473,4116,3645,2581
"SF3B3",2008,3307,2396,3088,2862,2359,1339,656,3411,1940,3004,4219,2740,3829,3704,3177
"LIG1",1678,2029,1780,3401,2205,2027,1581,982,4830,1196,3581,3633,3257,6442,3723,3568
"GTF2F1",2954,2178,1790,2554,2154,2544,2207,1514,4368,1429,1964,4731,2752,4032,3193,2611
"TRIM58",239,1376,1571,2343,1564,2237,1192,682,2224,22594,17503,1688,2191,4378,6743,8008
"NPLOC4",3768,1803,1186,2378,1568,2469,1628,1484,3623,2152,3955,4404,2301,3921,3612,3557
"PRPF6",4478,1907,1466,2223,1781,2833,2380,2157,4652,1165,1558,6894,2500,4262,2650,2372
"EIF5B",3265,2920,2169,4878,2837,1921,2095,939,3184,1544,1872,3846,2486,3170,3349,2773
"RBM39",1455,3374,2102,4286,2822,2997,869,530,2709,2328,3569,4887,2326,5488,3419,3173
"DUS1L",6643,1985,1521,3657,1809,2656,1916,1267,4258,1096,1589,5208,2680,4016,2970,2491
"CTDSP1",8168,2409,1538,3027,2184,3320,1623,2007,3388,880,2082,7922,1660,3653,2007,1996
"SAFB",2316,2198,1568,3249,1986,3437,2526,995,3739,2369,2344,5406,2577,2820,2713,2593
"NAA50",1738,2634,1617,2748,2169,1148,1790,1049,5191,1456,3082,4631,3082,4767,4926,3426
"MDH2",841,3614,2870,2475,3492,3928,1645,945,3796,998,1714,7899,3008,4154,3626,2308
"MPO",14509,1686,1091,767,4542,81674,951,2473,332,455,2031,112359,1026,4903,963,751
"SLC25A38",2114,1187,909,2252,1298,1508,2334,1632,5241,2585,4056,5279,2412,4898,4377,4275
"SUPT16H",6501,3199,2118,3534,2649,2004,1733,981,3615,812,2282,4191,2316,3669,2946,2475
"SET",899,5314,3467,5059,4196,3411,1279,537,2887,976,2164,6261,2419,4335,3044,2354
"NDUFB8",3558,1894,1664,3375,2171,2718,1793,1195,3720,1416,1731,5987,2915,3173,3848,2581
"PGK1",225,7480,8397,3433,11567,5024,929,893,3812,570,4079,6616,1832,2433,2109,1666
"NDUFA4",791,2495,2007,2991,2551,3377,1167,638,2649,2214,3078,7348,2849,3967,4860,4085
"GDF15",293,1431,2304,5013,2518,10891,982,288,1847,7500,4648,4090,1485,9145,2980,5346
"SIAH2",1017,1964,2055,2777,2518,3278,783,649,1983,8097,7527,2924,1914,3082,4087,5245
"FHDC1",417,468,1246,2636,1071,1948,1299,930,5623,11639,10458,1904,1937,7919,6252,10074
"NOP56",7554,3723,2774,4169,3208,3073,1881,666,3508,521,1326,5503,2374,3005,2605,2057
"FOXM1",7671,1321,882,2190,1252,1290,2373,2432,5796,1278,3390,3943,2671,4054,3314,3179
"WDR6",8083,2628,1896,3217,2181,3100,1480,806,2548,2364,2784,4684,1601,2362,2536,2618
"NDUFS6",3419,1488,1207,1987,1567,2325,4074,3608,4691,1446,1098,8215,2859,2588,3259,2099
"RNPS1",2099,2844,2142,3010,2689,2669,1727,768,3685,1339,2396,4969,2641,3127,3558,3084
"YBX3",715,2319,1923,3212,2875,3107,656,770,3517,5931,4699,3044,2249,5727,3543,3057
"PLK1",375,2363,1786,2647,2511,1985,1301,1043,4530,1699,6787,2989,3184,7235,4318,4265
"PFKL",3417,2669,2469,1857,3246,4311,2025,2593,3855,535,1770,6400,2234,3384,2176,1595
"DNAJA1",841,2701,2024,2852,2433,2582,1650,476,3588,2521,3034,5247,3153,2706,6153,3832
"PSMB2",1450,2810,1940,3561,2560,2374,1623,868,4002,1396,2461,5905,2738,2910,4071,2908
"INPP5D",7414,2719,1924,2188,2207,3096,1097,668,2552,2519,2396,6473,1880,3403,2612,2526
"APEX1",813,3785,3254,4094,3899,3595,1370,629,3725,865,1626,7610,2727,4445,3194,2274
"LAMTOR4",6895,975,1005,1145,1119,3316,3539,5885,5442,1276,889,12995,2398,2849,3492,1512
"ADIPOR1",1085,1649,1882,2936,2156,2788,732,616,2545,7602,8393,2330,2162,3126,4403,5732
"FBXW5",5308,2218,1633,2158,1845,2911,2004,2438,3527,1232,1846,5401,2280,3377,2326,2068
"KIAA0930",3187,1111,1090,1189,1126,3575,1805,2230,4178,2054,3825,10843,2229,4049,2573,2801
"ANAPC11",626,1252,1190,2277,1423,2226,2433,2556,5692,1410,2226,7045,4242,4290,5087,3463
"DAZAP2",555,3522,2484,2775,2865,3402,749,557,2630,3192,4633,5979,2296,4299,3691,3554
"WIPI2",1910,1478,1171,2297,1582,2089,1454,1409,3846,4134,4647,4384,2601,4008,2975,3211
"RAB7A",3341,3978,2448,4393,3585,4234,677,510,1711,2231,3117,4891,1544,3452,2574,2647
"RHOG",6687,2445,1606,1921,2176,4311,1675,1623,3520,725,1536,12764,1742,3209,2339,1856
"CORO1C",1700,4680,3004,4880,4129,3214,806,426,1602,3573,4170,2924,1606,2891,2843,3061
"MTCH1",2065,1758,1431,2296,2041,3344,1098,906,3920,2233,3178,4085,2738,4004,4053,3712
"IQSEC1",2005,1549,1377,2944,1927,1288,1551,1177,4904,2051,4715,2888,2913,4742,3659,3807
"TRAPPC5",5400,1028,879,1743,1289,2359,3456,3416,3602,3256,1597,7790,2245,1858,2783,2880
"PSMA1",1534,3029,2156,4935,3048,2572,961,573,2910,1657,2698,4406,2312,4122,4008,3181
"SSR2",5235,3031,2409,2214,2805,5031,1353,1173,2580,960,1440,11321,1644,3445,2200,1526
"DYNC1H1",7445,2459,1630,2930,2075,2291,1304,943,3371,1180,2267,4052,2560,4369,2648,2645
"VPS4A",3988,1781,1246,1546,1683,2125,2286,2144,4490,1177,2090,4922,2605,4421,3236,2980
"PDIA3",1358,4919,2622,3337,3340,4755,1098,576,2844,820,1695,10624,2379,3557,2932,2319
"TMEM59",464,1971,1576,1651,1885,2418,1214,765,3900,5813,4486,6252,2359,3963,5188,4470
"SSNA1",1278,1285,1089,2068,1375,2118,2627,2289,4816,2098,2035,6173,3195,4658,3688,3092
"RNF40",3172,1604,1412,2627,1758,1962,2122,1505,4123,2008,3029,3783,2628,3276,2800,2907
"TOMM7",1464,1570,1616,2206,2124,2789,2053,2134,5443,1217,1514,9319,2414,4243,2927,2280
"SNX8",3215,1253,1188,2077,1422,1685,2701,2831,4823,1819,1973,3943,2624,4140,3276,2983
"NATD1",464,888,1124,2193,1075,3062,975,921,2825,20468,13263,1665,2400,3621,4755,7973
"TXNL1",1256,1864,1468,2901,1886,1766,1723,1155,3748,2352,3048,4134,2579,4289,4306,3659
"INTS1",6635,1423,1207,2115,1460,2150,2785,3287,4311,1254,1831,5449,2230,3174,2314,2067
"GUSB",4880,1463,1049,1814,1364,2762,1759,1858,4396,744,2065,10550,2569,5597,3166,2291
"KPNA2",1587,2977,1774,3675,2231,1784,1045,676,4034,1537,4295,3039,2620,5019,4148,3209
"SNX22",1428,276,558,1877,825,568,4101,3218,10441,3255,6108,3349,3479,6664,5347,5301
"PARVB",3118,2015,1985,1578,1850,1974,2331,1785,4643,761,1448,6114,3053,4294,4004,2447
"NPC2",4300,3058,1926,2088,2761,7728,1133,884,2283,975,1447,12537,1377,3855,2629,1837
"SNF8",4701,1464,1277,1456,1680,2074,2416,1893,5075,1298,1465,7136,2667,3699,3512,2405
"BUB3",1498,2496,1704,3558,2219,1597,1276,1011,3552,1128,3380,3943,2573,6969,3911,2996
"CARHSP1",2561,1062,816,1911,1179,1172,2036,2140,7025,1838,3545,5034,3308,3122,4715,4038
"WDR1",3262,4308,2291,2708,3299,4220,1254,734,2175,1061,1955,6047,1983,3278,2561,2251
"SF3A2",5617,2355,1811,4258,2489,4004,1436,1539,2961,1009,1834,2358,2467,4159,1799,2121
"PTOV1",4257,1133,1117,1947,1558,2761,2313,2187,4300,1888,1838,5448,2822,3037,3094,2321
"ATP5H",4119,1925,1612,3337,1986,2451,1217,613,4016,1339,2086,5346,2624,3734,4188,2920
"KHDRBS1",2415,3540,2284,3824,3073,2227,1356,830,2881,939,1901,6406,2173,3960,3030,2242
"TAF10",3232,1634,1405,2416,1796,2974,1526,1441,3870,1992,2118,4780,2349,3750,3154,2410
"RPS19BP1",4286,1573,1180,2833,1513,2630,3069,2121,4036,1296,971,8823,2607,2663,3180,1873
"SRSF7",640,3312,2665,5073,3273,2586,1036,542,3724,935,2429,4220,3145,4924,4380,3145
"GRK6",2922,1629,1157,1684,1482,3084,1099,1234,3243,2488,3032,4393,2812,5142,3532,3306
"STEAP3",1087,1488,1063,2425,1431,1334,1821,1268,6545,1402,6171,2783,4012,4938,4468,3989
"RTFDC1",2662,2147,1756,2995,2158,2435,1265,814,2970,2217,2785,5387,2240,2915,3159,3110
"GTF3A",15315,3564,2416,5191,3050,2269,1355,826,2959,1107,766,5826,1855,2064,2357,1416
"ZNHIT1",4198,1300,1133,1999,1452,2495,2406,2451,4707,1873,1332,5461,2459,3124,3498,2213
"WDR13",5230,1071,1011,1862,1465,2184,2340,2564,4710,2112,2189,5246,1914,3209,2688,2622
"BTG2",345,1118,1188,1738,1162,2678,1525,1247,4500,4315,8721,3965,2135,6998,4625,4420
"BLVRA",2567,2143,1946,2237,2269,1859,1967,1077,5438,721,1538,5448,3228,4794,3735,2380
"PHOSPHO1",711,592,1142,2122,1674,1083,2242,1230,5893,6692,5992,3865,3323,2408,3656,6885
"IRF2BP2",557,2038,2119,2708,2592,3846,577,633,1861,6964,6288,5300,1828,5426,2836,3245
"UGGT1",3300,1811,1269,2090,1578,1572,1694,1779,4038,1730,2669,4842,2263,4485,3430,2568
"HGS",6368,1767,1349,3503,1795,3153,1540,1127,3226,1659,2428,4057,1965,3328,2196,2330
"MZT2B",4023,1110,992,1802,636,2696,3977,5137,6431,901,1201,8250,2952,3119,3118,1956
"ZMAT2",690,1536,1305,1318,1806,2109,1807,1367,4466,4018,3364,5302,2636,3582,4222,4104
"TNIP1",4280,2395,1867,1517,2475,3891,968,1056,2231,5208,2949,5656,1390,2121,2116,2533
"NDUFB7",4277,1072,1062,1722,1328,1950,4157,4402,5198,1001,919,12703,2755,2370,3034,1808
"SLC29A1",891,2682,2245,1806,3194,3039,1351,657,4164,881,3657,3966,2637,6221,3228,3629
"ACSS1",3531,2592,2525,2288,2887,2144,2137,1516,4912,335,1442,4725,3067,5517,2435,1720
"PNPLA6",6902,1071,849,1576,1188,3035,1882,2405,5061,1664,2955,4051,2513,2490,2893,2915
"CKS2",604,1894,1980,3162,2313,1794,935,997,3545,1627,4330,3152,3002,6978,5097,3588
"GDE1",1785,2415,1718,2324,1913,1924,1324,1026,1921,6068,4457,2755,1782,2797,3285,4169
"RPA1",1126,2595,1862,3587,2564,1812,881,554,3365,2210,4846,2513,2839,4018,3967,4484
"SHMT2",2466,2689,1945,2650,2713,4900,1463,1591,3138,558,1784,4414,1968,9068,1858,1665
"ILKAP",2057,1024,832,1798,1116,1689,2526,2658,4836,2035,2754,4739,2669,4152,3917,3629
"RAB1B",1655,2337,1667,1689,2182,3753,1213,966,3019,2195,3093,4613,2440,3789,3091,2843
"CITED2",133,3028,3095,3020,3694,4343,564,325,1658,14051,5697,2549,2251,5807,3200,4516
"GPS1",5932,1601,1313,2724,1649,2197,2396,2447,3746,941,1597,5213,2348,3167,2379,2057
"CPSF3L",4419,1396,1244,2013,1564,2606,2199,2337,3986,1415,1693,5122,2304,3966,2360,2265
"HBQ1",593,464,498,766,565,1047,6815,11278,8929,5396,2147,5249,3964,5288,4115,3284
"APOC1",19119,1971,2277,1313,1336,1804,6261,2431,3355,320,695,5702,2102,6437,2683,1156
"ECH1",1778,2622,2537,2411,3080,4357,1295,658,2750,827,1520,5286,3343,5714,2794,2398
"CD47",5041,2412,1644,3675,2340,1668,1068,681,3167,1360,3023,3620,2128,3302,4051,2741
"MRPL12",3727,2382,1923,3043,2126,2778,4276,2363,3393,718,640,8558,2532,1868,2612,1455
"SURF4",2613,4204,2488,2909,3108,4065,852,635,2253,1363,2192,5648,1983,3176,2585,2227
"NDUFS3",5669,1369,1123,2371,1435,1663,2486,1582,5067,965,1453,7477,2565,3396,3440,2382
"ANAPC5",3091,2913,2071,3044,2792,2530,1256,739,3490,907,1998,6120,2184,3295,2927,2414
"VAMP8",10437,1689,1290,1703,1642,5248,2133,2405,2718,860,771,29477,1467,2010,2174,1206
"WARS",2730,1702,914,1676,1346,4576,2116,2413,3303,1006,2166,8130,1711,12942,1456,1688
"ATP5G3",333,4971,3842,5451,4721,3549,945,478,2775,671,2030,5635,2995,4345,3683,2557
"SSBP3",1500,1031,1052,2339,1402,1224,1470,1255,4567,1927,5175,4285,3165,5045,4183,4428
"SLC20A1",6142,1357,912,3328,1479,1696,1496,1394,3728,1942,3190,3220,1959,3336,3475,3100
"CIB1",3852,1697,1361,2136,1445,2052,2576,1855,3652,1450,1282,6925,2328,2997,3304,2344
"NDUFV2",5457,1800,1486,3611,2007,2379,1189,1060,3065,1590,1831,4552,1926,3499,3398,2313
"NCAPD2",896,2560,2067,3576,2935,1977,739,570,2877,1547,6136,2658,2696,6073,3592,3775
"COASY",5574,1682,1285,1837,1599,2203,1886,1718,4103,1230,2463,4480,2417,3385,2732,2151
"SHARPIN",3228,906,958,1658,1122,2476,1894,2179,4212,1813,2475,4803,2586,6278,3015,2837
"POLR2A",999,3155,1955,2900,2504,2637,1197,886,3359,1530,3551,3894,2998,4213,2363,2519
"RAC2",9033,11186,6928,6902,9978,11285,313,205,929,498,1179,7558,1403,2383,1283,986
"CNOT1",3319,2033,1612,2081,2160,2049,1492,1340,3298,1104,2728,4349,2118,5064,2893,2467
"RBM5",3513,1518,1184,2298,1631,2752,1136,753,3414,2036,3246,4827,2115,5629,3327,2726
"EIF3E",2880,5591,4796,6966,5699,4269,377,219,1468,788,2412,4285,1783,5698,2247,2104
"MRPL27",8068,1105,971,2176,1166,1389,3724,3621,5606,931,980,7475,2040,2741,3506,2077
"TPST2",2717,7147,5764,3581,6801,3096,641,561,2176,1461,2247,2133,1167,1678,2765,2508
"CTDNEP1",4090,2111,1682,2242,2208,2866,1496,1352,3363,1569,2045,3930,2063,3141,2564,2157
"SON",1129,3068,1916,3372,2412,1671,869,637,2752,2896,4595,3265,2093,3712,3812,3548
"HNRNPDL",2055,4957,2765,7387,4202,2257,981,446,2324,895,2138,3801,2438,2400,2828,2570
"ACTR3",1679,2980,1817,3160,2278,1615,835,756,2488,1652,4039,4644,2359,4877,3882,2715
"RRP7A",8142,1524,971,2025,1556,2303,3880,1945,8613,812,893,5537,3346,1779,2585,1752
"FKBP4",4154,2749,2688,2173,2430,3143,2356,1086,3469,821,1231,4744,2488,2019,2943,1890
"SNX3",166,2424,2182,3998,2992,2401,672,353,3010,2815,7023,3611,2600,6138,5257,5204
"MLXIP",2834,1278,1195,2736,1371,2387,1247,810,2812,5389,5631,2390,1901,4493,2420,3609
"USP5",3023,2114,1562,1411,1908,2310,2547,2109,3689,902,1713,5040,2437,3715,2985,2303
"TPRA1",1624,654,656,1514,1000,1614,2035,2089,5300,2573,3630,5820,3016,4720,4463,4288
"COPZ1",2749,1871,1758,1889,2000,2414,1270,898,2978,2443,2266,4850,1931,4188,3296,2801
"CDK1",662,1674,1195,3594,1785,892,907,786,4410,1874,6802,2780,2988,7611,5811,4785
"CKAP5",905,2196,1618,3106,2140,1638,1047,837,3620,1644,5368,2554,2697,6181,3558,3576
"PPME1",708,1082,1284,2283,1758,1864,1240,1147,3051,4650,7338,2127,2483,5273,3670,4622
"HP1BP3",1370,2155,1498,3044,2139,1584,1021,693,3712,1471,4565,3791,2311,5624,4194,3085
"RBBP7",873,3437,2465,4567,3119,2069,1010,584,3172,962,2745,3233,2691,4449,3776,3198
"ARF4",398,1808,1394,2985,1974,1704,1007,771,2758,4961,6182,2474,2208,6837,4200,4667
"C20orf27",2468,1209,1347,1785,1676,1835,3035,2670,6409,781,1365,6845,2034,4527,2609,2457
"MTA2",3497,2925,1880,3648,2434,2087,1297,775,3425,948,2258,4075,2266,3423,2403,2481
"CHMP4A",2419,1239,1051,1059,1225,1816,3177,2958,6005,1230,1325,9320,2469,3873,3582,2261
"SRGN",786,2943,1932,1643,3677,13471,611,1395,543,1100,1947,111831,1648,3011,2125,1095
"ZFP36L2",5256,6295,5137,7199,5961,4015,737,294,1680,563,1565,9164,1015,3898,1554,878
"XAB2",4398,1083,953,1845,1356,2048,2339,2635,3833,1935,1888,4991,2300,3408,2599,2329
"TROAP",2377,829,767,3003,1090,1636,1453,1243,4960,1839,4719,2512,2991,6483,3943,3892
"MBNL1",415,2841,2129,2932,2977,1809,840,465,2694,3270,4403,3915,2462,5275,4095,3674
"MTRNR2L9",7464,2092,2030,3080,2455,3534,592,627,1556,2739,3869,1901,1275,5622,2064,3187
"ACP1",1054,1648,1182,2848,1576,1113,1111,1195,3967,3077,4688,3099,2226,4071,4741,4482
"GTPBP2",851,1151,1275,3445,1540,2650,938,613,3091,3574,7138,2052,2074,8477,3686,4342
"RPS6KB2",1964,1178,1062,1389,1330,1783,2453,2679,5254,1602,1927,4889,3131,3955,3317,2651
"SNHG1",3865,2409,1743,5134,2370,2415,1150,439,3567,735,1817,3873,2598,4842,3082,2489
"CSE1L",2956,2454,1762,3400,2308,1494,1472,1250,3590,648,2058,3985,2501,4120,3245,2448
"KEAP1",2732,2043,1367,2247,1926,2034,1816,1502,3286,1414,1965,5642,1968,3925,2653,2197
"SPAG5",3138,1181,943,2779,1323,1328,1165,1045,4455,1399,4476,2915,2826,5983,3956,3714
"ETFA",145,2486,1916,2398,2610,1839,1417,982,3466,1517,2395,4683,3296,7523,5793,4146
"NUP210",2848,1428,1441,3127,2329,3302,1397,820,3401,659,2670,4359,2584,4915,3311,2357
"MCM6",762,2923,1926,3218,2651,2213,1236,868,3891,722,2488,3965,2689,5670,3756,2997
"RER1",2484,1778,1454,2803,2040,2307,1445,847,3463,1584,2339,4240,2186,3831,3255,2689
"WASF2",3114,1830,1523,1980,1972,2129,822,702,2526,3588,5090,3052,1665,4189,3054,3263
"TPGS2",1455,3506,2968,3423,3308,1881,787,654,2436,1171,3241,2610,2227,5375,2744,3030
"LYZ",1061,1224,1400,715,3569,21187,691,777,273,978,3492,74772,1906,7381,4574,1558
"MRPS34",3824,2326,1792,2986,2227,2887,3282,2270,3552,485,690,7130,2389,2489,2338,1443
"SRI",193,2222,2113,2225,2113,1983,1539,1206,4343,1280,2790,4731,3607,7324,3979,3065
"PGRMC2",800,1465,1415,2007,1983,1030,1524,1497,4913,1600,3983,3022,2545,6333,4475,3547
"LAMTOR1",503,2082,1669,1568,2231,4420,1222,864,2857,3043,2506,7306,2106,3579,3298,3273
"PCMT1",1034,2568,1600,3160,2301,1692,1211,891,3786,1193,2660,5666,2284,3611,4192,2797
"GDPD5",3081,853,667,1162,889,1182,2421,4138,8577,1588,3260,2793,2586,3597,3519,4212
"ELOF1",2677,1232,1137,2171,1265,2034,2009,1529,3342,3314,2538,4633,1889,2809,2886,2815
"CHMP1A",3346,1813,1200,2014,1576,2360,1877,1441,3812,2076,2150,3985,1821,2747,2586,2679
"PIP4K2A",1278,3184,2554,3318,2784,2278,725,409,1664,6065,4839,2086,1473,3200,3001,3544
"NDUFA10",2777,2193,1904,2107,2118,2072,1605,1615,3596,1133,1461,4373,2285,3649,2795,1976
"FKBP5",3827,13165,10066,6714,10941,5232,511,286,1439,447,1196,3025,1106,1984,1506,1409
"DNAJB1",2106,1060,1563,992,1172,4688,5537,758,2791,1362,2350,13636,1838,2865,2902,2129
"SLBP",1537,2209,1455,3599,1868,1138,1238,839,3980,934,3009,3316,2691,5319,4369,3488
"FAXDC2",788,673,869,3116,1325,1537,1583,1197,4464,4679,7747,1838,2089,4164,3863,5551
"FARSA",1688,2488,2282,2558,2621,3130,1748,896,2832,740,1404,8527,2577,2750,2628,2077
"MRPS16",3904,1897,1631,2592,1898,1591,1656,1358,3828,1103,1624,5209,2093,2696,3082,2330
"GIGYF1",6977,1584,1140,3231,1529,2422,2024,1452,3558,1431,1825,3055,2039,3469,1852,1823
"POLR1D",1900,2400,2149,2918,2638,2832,966,540,2213,3832,2438,4341,1452,2961,2798,2464
"U2AF2",1944,4801,3230,5708,4065,3311,657,290,1747,1243,3089,2586,2404,2830,2208,2487
"WDR83OS",4081,1386,1145,1725,1520,2723,1753,1534,2831,1685,1378,12283,1837,3387,2532,1841
"TPM1",577,1816,1437,2292,1564,1611,1223,638,2606,3505,3678,2449,3594,6812,4948,4215
"PSMC4",4232,2034,1686,3262,2012,2371,1127,698,2784,1414,2001,2861,2236,3805,3088,2689
"RPS27L",1302,2116,2089,4057,2475,2085,954,366,2866,1451,2054,3920,2373,5172,4377,3656
"IARS",498,3394,2365,3972,3230,2711,576,360,2538,1282,6187,1673,2310,13412,2441,3655
"MLF2",3698,1859,1583,2490,1973,2905,1230,1113,2436,1454,1871,4993,1901,3661,2457,2292
"KXD1",2889,1797,1601,2580,1913,2500,1448,898,3400,1463,2043,4907,2113,2825,2906,2362
"NDUFS2",925,1968,1797,1476,2214,2320,1299,1138,3162,2030,2823,4533,2249,3987,3310,2992
"NRBP1",1773,2488,1772,2046,2229,3051,1281,761,2072,2570,3044,3300,1871,3121,2694,3000
"RAB6B",86,996,977,2325,1996,2181,1107,996,5346,2769,7442,3088,3815,7372,4219,6049
"MINPP1",342,3640,2143,4187,2716,1075,549,351,2487,3069,7425,1662,2669,6993,5375,4055
"ANKRD9",497,647,1025,1823,901,2062,1573,1130,4404,11550,5568,1903,2985,2652,5189,5207
"NDUFS7",2383,1173,1166,1571,1436,2217,3216,3383,4521,927,1258,5022,2665,3151,2959,1993
"CANX",2939,6497,3955,4832,5324,3805,764,371,1514,551,1649,5156,1355,4649,1749,1377
"PCK2",587,1680,1160,2622,1634,2094,1213,1387,3944,1518,5168,2317,2612,10741,2046,3204
"MXD4",1581,1711,1431,1464,1535,1805,1180,1249,3166,4378,3788,3917,2193,2437,2918,2990
"GNAI2",4797,4931,3495,2884,4078,8207,859,534,1261,926,1137,11707,1259,1974,1566,931
"MOB1B",380,1129,1177,2750,1502,1282,924,567,3233,8039,8157,1892,2382,4610,5984,5512
"TRMT112",1488,1844,1660,3084,1937,2217,1647,735,2975,1406,1891,4838,2553,3153,3483,2660
"SUB1",2440,3449,2264,3914,3001,1970,966,483,2707,1096,1631,4626,1898,3297,3255,2109
"EMID1",3758,2742,1843,1543,2499,2386,1019,1258,2708,1447,719,10672,3095,2985,2033,1535
"PRC1",514,1556,1256,2896,1862,1827,793,609,3375,1486,7866,2064,2966,9348,4008,4397
"EMP3",19721,6095,3120,6387,3942,5705,1794,616,1232,374,492,11407,996,1869,1052,594
"ABCB10",16,1189,1291,3025,1883,382,1307,1129,5402,3432,11164,2822,4058,9124,9252,6198
"RBM10",6896,1477,1257,2307,1530,1935,1792,1525,3684,853,1606,3744,2368,3861,2166,2098
"MVD",9968,1661,1370,1710,1692,4161,2211,2614,3288,892,992,4111,1630,1673,2231,1617
"KLHDC8B",3327,1754,1562,1341,1433,3592,2608,1844,3410,1634,841,6079,2024,5411,1795,1093
"CDC42",1378,2677,1840,2786,2475,1892,820,576,2409,1930,3179,4673,1963,3607,3138,2850
"RXRA",2558,1022,879,1662,1102,1214,1636,1976,4319,2438,3539,3595,2315,3927,2845,3075
"GYPB",351,266,900,3435,1228,1110,1587,1080,6459,4242,6802,2334,2594,6625,8988,3670
"DDX3X",163,4150,1802,2954,2315,1916,884,455,2797,4803,6352,3471,2281,3164,3704,3079
"METTL7A",2217,1651,1661,2333,2051,1354,1323,794,3907,2982,2488,3913,1173,5041,1894,3134
"CDV3",1165,3196,2047,2449,2794,2780,878,506,2532,1762,2566,3744,1977,4076,2803,2618
"SYMPK",6581,1672,1294,2182,1617,2159,1880,2006,3421,1004,1359,4789,2105,2464,1990,1729
"PABPC4",1443,4686,3256,5169,4392,3029,872,372,2278,575,1969,3067,1897,5132,2390,1743
"PPP1R12C",4501,1487,1224,2914,1447,3038,1271,758,2966,1459,2232,3836,2252,3620,2101,2467
"CENPU",1877,1517,1562,4490,1767,810,1065,647,4409,865,2686,2049,3031,7244,4524,3669
"DHX9",722,3826,2402,4646,2912,1974,1011,353,2414,1255,3558,2684,2283,3870,2945,3095
"ADIPOR2",1111,1778,1503,2531,1892,2285,833,645,2968,2229,3851,3301,2187,4552,3199,3136
"PTPN7",15575,3968,2610,3818,3655,3415,1549,776,1816,384,709,10651,1071,1955,1254,1100
"PCNT",2414,1143,955,2408,1157,1375,1556,932,3111,4083,3577,2454,2072,4049,3017,3535
"DBNL",3340,1658,1252,1153,1426,2829,1796,1753,3441,1027,1545,6498,2265,3383,2599,2026
"PIN1",1120,1376,1221,1668,1489,1946,1905,2208,4388,1033,1844,5282,3080,3347,3147,2626
"C19orf53",3804,1572,1305,3169,1797,1962,1618,1447,3120,1142,1102,7639,2023,2571,2440,1845
"FASTK",4580,971,955,1894,1058,1824,2110,2271,4598,1239,1651,3776,2351,3822,2713,2205
"TRAPPC1",3396,1704,1394,2162,1749,3223,1472,1257,3300,1093,1434,4486,2163,2829,2768,1957
"HMGB3",6599,1222,859,2015,1085,1668,1989,1650,4275,1025,2007,3545,2204,3428,2928,2422
"GPI",6911,3494,3876,2684,5738,6695,1684,3530,3484,188,1939,19778,534,1206,512,252
"NDOR1",8161,1060,879,3224,1177,1877,1880,1492,4242,1100,1936,3207,2077,3070,2038,2369
"IRF3",5129,907,925,1209,1078,2241,1604,1624,3278,5310,2345,4851,1607,2162,2706,2213
"HNRNPH3",563,2678,2031,4353,2679,1666,1058,602,2882,1120,2637,3015,2905,4588,3659,2800
"EIF4B",1508,4055,3114,2384,3732,2947,913,609,2418,909,1927,4905,1646,4904,1887,1508
"POLE",7053,1496,947,3140,1414,1653,1365,1139,3843,720,2452,3043,2277,5125,1993,2412
"PNPLA2",1265,1370,1313,2111,1554,4835,711,526,1819,9676,4230,5128,1553,1964,2580,3229
"UBE2C",1370,1131,1001,3298,1398,1851,789,756,3524,1476,4834,2794,2520,6505,4136,3499
"DDX1",850,2692,2022,3700,2449,1476,1219,755,3449,1046,2079,3924,2135,4561,3634,2152
"SMIM5",503,615,741,1665,1005,829,1906,1933,6454,5186,5985,2491,2243,5036,4112,4565
"TRIP12",1107,1931,1450,2265,1860,1817,1083,689,2911,3084,3334,3415,2012,3049,3505,3226
"SLC6A9",449,543,431,2368,750,1193,1995,1823,5108,5122,8769,2468,2494,6631,3109,5033
"DCAF6",666,1285,1184,2133,1640,1035,1224,803,3320,4315,5159,2922,2446,3374,4439,4268
"A4GALT",709,566,898,1098,1632,935,1255,1635,8804,1334,2772,4109,4566,10732,4039,3663
"YWHAZ",2295,6144,2980,3970,4331,2507,668,435,1413,916,1883,5659,1688,2752,2093,1701
"CDK5RAP2",2344,1165,833,1969,1323,1395,1543,1468,4477,1247,3399,2480,2441,6295,2856,3150
"FAM134A",2378,1606,1327,1174,1577,2521,920,960,2064,5542,3395,3616,1502,2787,2931,3348
"ZNF672",1817,1000,870,1586,1207,2091,1531,1851,4315,1572,2752,3911,2286,4445,3027,2954
"MGAT1",3953,2240,1488,1489,1903,5475,1262,1128,2460,869,1367,10976,1372,2856,2034,1573
"TCIRG1",22599,1543,1194,1892,1235,4573,1700,2059,2736,421,902,12820,1493,1877,1744,1121
"SERP1",848,2465,1933,2587,2449,3049,991,760,2491,1307,2268,5033,1993,3770,2877,2464
"USF2",2630,1741,1432,2204,1905,3458,1427,1433,3136,633,1618,5930,2049,3635,2147,1922
"FAM214B",1552,508,686,1357,753,1495,1639,1655,4434,6048,6782,3702,1181,2581,4744,5104
"RANBP1",1310,2643,1924,3245,2532,1958,1444,769,3439,638,1504,4228,2818,3446,2989,2330
"MIIP",2754,721,663,902,777,3378,2793,3371,4137,1341,1511,8290,2013,3459,3250,2418
"POLDIP2",1701,2245,1713,2450,2345,1995,1321,814,3084,1200,2075,3600,2300,3523,2463,2492
"SHFM1",5783,1491,1141,2822,1398,1756,1503,960,3737,864,1361,6680,2012,3149,2961,2027
"SUN2",2068,1409,952,1719,1322,2541,1175,1095,2821,1687,4178,5432,1953,4622,2193,2503
"ARPC2",1653,3275,1792,2795,2823,5197,875,585,1738,1055,1835,11334,1541,2133,2211,1920
"EIF4EBP1",9497,1755,1140,2687,1471,4172,2358,4337,2771,303,823,6978,1344,6087,1032,794
"NDUFB10",4455,1413,1131,2106,1469,2075,2524,2512,4267,828,795,8971,1801,2167,2642,1385
"ABCC5",2757,848,850,2650,1224,1484,1620,1144,3791,1443,2958,3225,2421,5300,3019,2933
"SEPT2",1696,4158,2633,4310,3326,2518,478,257,1810,1320,3203,2683,1868,4728,2751,2479
"HUWE1",2005,2121,1446,2423,2074,2200,1190,785,2614,2393,2857,3186,1992,2696,2153,2493
"SH3GL1",1882,1513,1254,2203,1617,2067,1725,1208,2824,1660,2605,3537,2214,3144,2377,2584
"HSD17B10",1299,1993,1806,2916,1781,2190,1880,1301,5251,963,1028,6304,2241,2105,2833,1758
"SPINT2",1319,2172,1846,2090,2578,3433,904,702,3109,1239,2112,4291,1935,3431,2910,2389
"ATG13",1797,1344,968,1352,1397,1720,1349,1429,2996,3739,3628,3923,1632,3369,2672,2926
"CAPZB",4436,3704,2369,3732,3091,3455,794,381,1681,855,1506,6817,1778,1941,2140,1894
"IER2",1590,1357,1384,1332,1384,2902,1069,1321,2660,1381,1930,10602,2837,3831,3208,1656
"SPN",2687,7399,4195,5672,5484,3447,811,573,1322,493,1777,4852,902,4314,1023,989
"CCNA2",234,2245,1600,3185,2077,932,910,776,3877,1469,5718,2387,2857,6517,4673,3622
"UQCRC2",1603,3354,2667,3463,3098,2696,615,369,2108,1051,2439,3544,1998,4371,2499,2360
"CREG1",1311,3721,2766,3242,3217,3564,455,230,811,5814,4246,4774,1087,2546,2503,2595
"NARS",2182,2253,1381,2808,1930,1374,920,804,1990,2119,3770,2331,1762,4870,2804,2808
"DTYMK",755,1481,1020,1781,1496,1500,2385,1741,5258,802,1649,5122,3316,3741,4304,2555
"EIF4E2",4083,1802,1496,2149,1736,2023,1364,1242,2777,1295,1320,4801,1776,3102,2690,1911
"PRKAB1",1019,1279,1564,2017,1565,2121,1384,1158,3601,1200,3036,3693,1931,5985,2804,2554
"XPO1",1036,3365,2328,3735,2991,1576,901,622,2641,792,2818,3026,1860,4671,3016,2305
"RNASEH2A",1852,1066,992,1441,1194,1559,2308,1830,5264,754,1420,5951,3144,4025,3861,2335
"IMMT",803,1993,1806,2258,2123,2117,1169,777,3049,1116,2599,4001,2363,4648,3015,2534
"CYCS",1576,3041,1847,4030,2486,774,1323,784,3116,879,1812,3813,2189,2976,3558,2488
"NDUFA1",2705,1108,1030,1957,1268,1860,1524,1259,3591,1545,1421,6776,2179,2933,4019,2064
"MTHFR",6420,1938,1202,2013,1752,2303,1680,1509,1659,1968,2131,3257,1091,2710,1904,1931
"STK25",2103,1756,1648,1951,1787,2062,1533,840,3441,848,2194,3225,2497,5006,2399,2123
"KDM1A",2809,2068,1610,2237,2103,1729,1719,1322,3033,615,1439,5653,1913,3469,2351,1782
"CAPG",19411,8839,4312,1727,5257,12783,1270,1145,317,251,475,16911,1050,1505,1475,339
"ASNA1",399,2245,1876,2514,2263,2555,917,749,2521,2015,2564,4611,2271,3441,2973,3048
"RBM17",3901,1679,1262,3244,1701,1528,1266,720,3233,886,2142,3531,2179,3275,2907,2541
"ZWINT",828,1759,1433,4470,1860,1036,1273,1004,3114,1000,3375,2217,2432,4840,3379,3330
"ANKLE1",691,947,1009,3203,1384,1171,838,456,3094,2833,9063,1555,3061,6509,3683,5510
"STK24",1225,2694,1805,2897,2542,1560,646,499,2561,1579,4684,2076,1933,4189,2981,3168
"SARAF",944,3862,2480,2722,3745,2635,681,453,2515,1454,1875,4289,1648,3428,2639,1992
"HARS",3270,1590,1228,2918,1617,1553,1244,838,3324,815,2179,3222,2733,3904,2633,2534
"RIC8A",2322,1637,1522,1994,1457,1936,997,791,4085,1661,2306,3030,1402,4130,3300,2756
"REEP4",2051,937,820,1631,977,2273,1247,1120,3142,4352,3638,2700,2158,3360,2851,2848
"TIMM13",3476,1961,1273,2226,1683,2823,3257,1981,3420,694,561,6386,1851,2571,2083,1214
"SND1",2040,3253,2559,2504,3130,3971,1002,536,2075,1039,1639,2760,1967,3126,2042,1760
"MFN2",1415,1633,1276,2713,1461,1566,776,458,2731,3422,4698,2320,1979,3100,3703,4011
"TRAP1",2436,3266,2297,3958,3387,2324,1719,782,2575,502,970,3496,2070,2736,2244,1371
"KLF3",180,1494,1282,2218,1617,642,931,778,3039,5333,10044,1682,2088,5354,5302,5880
"IST1",2690,1633,1412,2180,1676,2319,817,580,2475,2511,3133,3369,1555,3356,2646,2616
"RGS10",1685,1408,1160,3170,1776,1992,1139,787,4375,1334,2772,3122,1807,2854,2922,2803
"TADA3",4336,2276,1741,1474,2016,2756,932,965,2385,1305,1673,4814,1757,2541,2280,1809
"RNF167",712,1500,1303,2165,1866,2602,1004,1007,3660,1354,2999,3221,2198,3913,3048,3102
"USF1",5249,515,474,1077,726,1276,2381,2347,5115,1816,1786,8741,2005,3135,3300,2634
"PSMG3",4209,712,570,1453,796,1103,2683,2988,7303,730,1439,7642,2207,3616,3580,1929
"KIF11",1009,1396,998,2324,1435,673,1185,1054,4144,1407,4508,2509,2658,5514,4316,3421
"SF3A3",5294,2172,1575,2761,2007,1910,1383,867,2578,712,1217,5474,1682,2941,2254,1778
"TSPO2",200,215,709,1266,751,1726,1719,2716,6267,6972,7680,1647,2077,4737,6620,6008
"CLN6",7387,1847,1242,2443,1697,2101,2197,1341,3075,416,1057,4667,1835,2795,2123,1824
"SMARCA4",4990,2563,1641,3053,2177,2141,1541,657,2831,832,1478,3854,1980,2549,1608,1670
"ATP5C1",3045,3526,2619,4208,3441,2431,769,314,1953,715,1514,4299,1847,2942,2436,1828
"PCM1",3719,1776,1250,2327,1743,1683,784,555,2290,2415,3070,2451,1600,4884,2548,2631
"RIOK3",339,1061,874,1319,1158,1250,1278,803,2314,14661,8156,2123,1705,2980,5261,5196
"ETF1",1325,2753,1713,2468,2249,1528,1084,698,2479,1207,2358,3116,2154,3755,2859,2529
"CHMP4B",1009,1461,1120,1977,1462,2297,1414,972,3597,1487,2043,5777,2288,2668,3149,2803
"PIH1D1",3141,1146,1072,1608,1377,2181,1972,1847,3787,2187,1324,3981,1925,2177,2425,1660
"XPO6",4697,2181,1610,2613,2162,2223,1134,838,2531,714,1793,2828,1898,3412,2012,2106
"MORF4L1",161,2703,1883,2168,2673,1822,1007,772,2735,2066,3106,3263,2333,4235,3761,3195
"LARS",3837,2066,1506,2600,1973,2193,1187,944,2766,553,1712,3126,1936,5650,1978,1757
"TMEM14B",307,1179,1318,2865,1834,1086,851,458,4289,1735,3891,4249,3009,4610,5697,4322
"SNRPD1",4744,2093,1571,3273,1907,1680,1684,914,3274,533,1002,4500,2009,2694,2567,1648
"SNRPC",3469,2124,1799,3593,2132,2231,1188,720,2728,613,1056,4982,1876,3347,2796,1496
"OST4",1065,1508,1786,2533,2149,2492,670,463,2500,2372,2342,4116,2188,3506,3032,2763
"SPTLC2",1033,767,654,1179,1011,2440,1229,1500,4398,1062,2886,5420,2099,10526,3321,2901
"DDOST",1655,4530,3144,3150,3535,4866,595,325,1724,621,1609,7223,1601,2863,1784,1635
"CERS2",1524,3500,2260,3704,3078,2927,523,308,2169,803,2830,3018,1625,4557,2603,2215
"YPEL3",1535,552,1027,1530,1155,4291,665,687,2253,9448,5512,2928,1754,1723,3487,3771
"USP9X",719,1811,1176,2149,1796,1733,784,682,2701,3366,5817,1932,1778,3994,3155,3262
"EPN1",2467,1734,1666,1853,1921,2864,1253,1437,2156,2115,1919,3522,1499,1653,1832,2255
"SIVA1",893,1233,1150,1947,1374,1750,1861,1876,4329,711,1564,5608,2441,3837,3364,2318
"BANF1",1951,2109,1493,3642,1844,2460,1225,637,2605,824,1347,4602,2024,2971,2822,2259
"MRPS15",6204,1580,1287,3066,1695,1881,1499,866,3025,725,1173,3681,2251,2421,2552,1898
"NCAPG",3205,1155,763,2513,1220,963,1143,1052,3987,950,3189,2416,2114,6840,3142,2983
"FAM20B",1559,955,764,2028,963,1152,1293,1027,3244,2983,4077,3074,1761,3745,3827,3823
"POLE3",1255,3298,2609,2672,3051,1729,1127,656,2700,687,1029,4593,2238,2843,2843,2206
"CHAF1A",1891,1626,1169,2335,1537,1613,1789,1046,3610,799,1912,2896,2644,4013,2659,2249
"LDB1",1578,3565,2762,4225,3239,1958,928,450,1867,596,2704,2664,1830,5921,1540,1653
"RPL22L1",4729,2002,2160,3323,2067,2165,1594,761,3210,549,1075,5168,1596,2637,2314,1097
"IDH3B",2073,1664,1290,2199,1709,2057,1638,1321,3164,894,1249,5633,2011,2836,2450,1885
"PPP1CC",426,2991,2258,3242,2741,1174,1244,766,2953,986,2515,4371,1909,3234,3049,2192
"GALNT10",3624,2092,1652,2340,2092,1783,1002,947,2365,1605,2121,2301,1886,3310,1777,1788
"EIF6",3189,2184,1623,2291,2092,2568,1835,1302,2818,644,813,7062,1778,2370,1929,1339
"PDHA1",3798,1410,1261,2744,1609,1577,1234,802,3468,812,1684,4140,2059,3130,2959,2163
"MXD3",1145,371,524,1532,779,1930,1259,2438,6306,1449,4043,2393,3208,6922,3400,3509
"CENPT",2829,726,731,2046,872,1718,1494,1063,4330,1624,3220,2678,2398,4035,2697,3237
"UBE2I",2098,2514,1748,3023,2227,2274,1069,902,2106,791,1618,5039,1655,3147,2196,1770
"MGAT4B",3723,4855,2704,3323,3609,4554,641,269,1898,709,1178,5202,1378,3485,1523,1290
"APEX2",1328,1030,952,1654,1188,1275,1731,1436,3582,1449,2967,3482,1996,4169,3449,2961
"ARFGAP1",7867,1069,857,2036,1003,1830,1892,1812,3320,1307,1403,4292,1655,2436,1900,1950
"CISH",737,798,581,1480,931,2795,1235,916,4875,1973,4177,3333,2660,5336,2852,4395
"NHP2L1",2574,2427,1843,3704,2331,2791,1314,672,2399,761,1169,5304,1779,2333,2051,1503
"SHISA5",2091,2209,1843,1727,2047,2728,783,600,2733,1442,2098,3896,1639,2875,2629,2312
"BTK",3588,1899,1191,1137,1458,2696,927,568,2480,1907,2415,4172,1831,2552,2706,3059
"ATG4B",2897,986,797,1582,1140,1891,2061,2202,3891,1024,1472,4939,2077,2995,2537,2153
"GCN1L1",4865,2018,1480,2659,1799,1731,1356,935,3134,796,1505,3708,1845,2559,1972,1736
"RCC2",2118,2943,1700,3673,2417,2580,656,488,2184,486,1990,4987,1836,6791,1890,1715
"C11orf31",2687,2051,1503,2659,2155,3064,2058,1131,3093,456,569,8516,1946,2728,2404,1113
"TUBGCP2",3104,2039,1270,1963,1691,1866,1526,1485,3343,682,1603,4649,1886,2767,1902,1753
"BCAP31",3455,1980,1415,1821,2044,4089,1469,1196,2140,675,776,10987,1622,2207,2123,1347
"IFI30",3778,448,677,446,1127,13018,2386,1267,798,900,1662,35554,1849,4914,3184,1126
"TTLL12",1927,2978,2006,2787,2693,1841,1536,1070,2872,618,1573,3052,1777,2618,2250,1395
"UBAP2L",2942,3111,2111,3213,2827,2765,799,397,1840,1304,2150,2651,1593,2361,1985,2043
"LMF2",4561,1049,802,2023,1097,2129,1382,1371,3709,853,2008,2728,2234,4294,2274,2417
"DIAPH1",4087,4854,2508,4338,3683,3240,581,340,1426,999,2123,4231,1252,1738,1422,1514
"SEC24C",1783,1540,1252,1681,1552,2291,1148,976,2589,2208,2701,3505,1742,2810,2227,2302
"LGALS1",45052,9640,5963,2842,7070,8422,1164,708,303,209,246,21501,987,879,848,277
"CPSF1",8226,1603,1770,2493,2203,2022,1143,673,2791,658,1563,2750,1919,3796,1663,1574
"SMARCC2",2868,1501,1122,1625,1435,1718,1207,1606,3599,1018,2219,3560,1797,3659,2172,1959
"CAPRIN2",1340,629,409,1921,1142,1777,1094,832,4615,950,5481,2635,2502,7923,4293,4517
"SAE1",1604,2952,1747,2427,2377,2434,909,578,2496,753,2062,2860,1943,3747,2537,2388
"PIM2",1962,2273,1530,1748,1983,3385,718,453,1398,3998,3625,2012,1544,1851,2593,3725
"OGT",3408,2214,1729,2619,2387,2715,448,316,1387,3997,2995,3927,1020,3027,2331,1931
"GTPBP1",1149,1105,960,1059,1253,1584,1150,1262,3814,2017,4485,2377,2343,4359,2646,3379
"RBM8A",1545,1822,1356,2638,1694,2073,1487,977,2962,1185,1430,4203,1972,2612,2526,1977
"NELFB",2546,1933,1395,1698,1869,2268,1392,1428,2850,670,1497,3863,2104,3221,1986,1871
"AQP1",61,83,307,565,565,923,2221,2054,13706,2770,10375,6069,5323,8154,8634,10227
"PSMB10",6247,718,524,856,673,1992,2939,2247,4301,1437,1048,9650,1969,2329,2717,1876
"UFC1",1312,1820,1460,2537,1982,2270,1075,793,2511,1779,1710,4359,1677,2510,2599,2142
"TMA7",3055,1712,1431,3539,1843,1976,1195,603,2451,1174,1370,4756,2170,1928,2406,2005
"DDX56",7200,1829,1283,2804,1688,2027,1446,850,2468,805,1090,4220,1624,2965,1924,1547
"GSK3A",1883,1514,1146,1710,1519,2091,989,829,2516,1772,3174,2563,2000,3136,2715,2879
"FAM65C",366,409,560,3262,824,1227,733,367,3383,6132,12819,1634,3286,6518,4613,7472
"ATP6V0E1",4206,1949,1387,2101,1674,3607,773,421,1500,2382,1748,5967,1228,2274,2291,2225
"URM1",2438,2237,1624,1926,1998,2101,1652,998,2230,970,1234,5127,1856,2137,2206,1771
"NCLN",6096,2175,1470,2279,1921,2862,2116,1126,2970,443,713,4051,1829,2371,1799,1381
"ZFPM1",2040,966,1169,3977,1531,2308,1828,918,3181,997,2198,1766,2799,2913,1743,2512
"PRR5",1460,406,538,1647,675,986,2546,2437,3623,3291,3562,3605,2174,2138,3621,4204
"ITM2B",173,3289,2229,3165,3538,2775,394,251,1624,3330,4140,4593,1656,3549,3317,2802
"SPSB3",2270,681,777,1400,866,2308,1593,1620,3365,2533,2258,3790,1836,4042,2069,2425
"CCDC88B",5920,211,453,1169,397,1944,2592,2244,4306,3418,2636,11702,1444,1914,2860,1992
"POLD4",2701,739,855,822,1009,2296,1307,1804,3124,2936,1704,8677,1627,2595,2589,1946
"DDX41",5356,1901,1541,2696,1918,2307,1205,804,2745,572,1261,3510,1948,3108,1868,1528
"RAB3IL1",661,341,579,1972,752,1055,2308,1677,4851,2585,4875,2741,2413,4352,4009,3808
"ERH",2446,2578,1855,5332,2401,1593,718,479,2421,680,1587,3294,1650,3604,2660,1928
"SNRNP25",2029,1146,712,1570,1242,1014,2475,1487,4115,989,1047,6479,3141,1934,3758,2828
"CCAR2",2841,2177,1402,2328,1861,2065,1127,671,2742,1005,1907,3374,1812,2756,2072,2007
"TIMM23",2766,1374,988,2709,1293,1047,1092,673,3276,2326,2223,2986,1836,2516,3145,2829
"RCL1",656,1278,1509,2657,1763,2616,685,476,2111,3401,3261,2000,1929,3996,2858,3945
"HIST1H1C",1562,818,1554,927,1484,6204,1545,583,2854,7002,1422,2689,594,4661,2450,2579
"EBP",9638,1819,1361,1984,1713,3629,1497,1220,2961,462,805,5304,1371,1635,1989,1415
"NCS1",2403,2201,912,2063,1458,896,1622,635,2458,1200,1912,3164,2177,3846,3116,3203
"HDAC1",1473,2201,1727,2683,2016,1880,717,458,2144,1411,2592,3926,1760,3078,2658,2384
"MAN2C1",6481,1127,895,2139,1306,2800,1590,1317,2695,1004,1482,4012,1660,3186,1361,1570
"BRMS1",5562,1139,777,1639,1052,1594,2754,1968,3549,1138,973,5927,1750,1703,2146,1756
"DYNLRB1",4164,1452,1174,2170,1515,2456,1248,1013,2284,1173,1192,4752,1716,2647,2258,1695
"ARHGEF2",3612,1554,1068,1224,1414,1941,845,997,2815,1540,2738,4329,1552,3631,2173,1793
"TCP1",716,3490,2549,4222,3370,2435,562,165,1863,1133,3048,2142,2310,2741,3352,3012
"RAB5B",1410,1352,1151,1526,1410,2640,933,916,1897,2798,3156,4016,1430,2955,2373,2611
"DKC1",1582,2941,1919,3757,2336,1867,1120,432,2193,1064,1340,3577,1683,3546,2296,1711
"PPP1R9B",1857,1102,1030,2540,1234,1806,1575,702,2931,1890,3835,3035,1820,2508,1862,2578
"BSDC1",271,1136,1056,1777,1331,1813,682,498,2681,5878,7100,2383,1848,4134,3718,4924
"CXXC1",3880,1221,1051,1915,1211,2114,1491,1117,3499,749,1728,4069,1978,3315,1912,1940
"SARNP",2106,1369,1036,1657,1330,1595,1529,1167,4045,854,1415,5399,1876,3603,2679,2010
"ARRB2",3899,986,1137,1342,1439,3803,639,587,3139,3199,2056,3432,1749,2083,2213,2583
"SF3A1",636,2450,1810,1932,2409,1923,729,503,2422,1371,3312,2772,1990,4583,2487,2674
"MRPL20",2468,1644,1229,2980,1528,1585,1969,907,3279,817,872,5546,2034,2177,2599,1797
"RAVER1",3945,2258,1622,2745,2115,2019,1020,873,2519,693,1780,3402,1526,2691,1671,1573
"WDR62",3407,865,532,1625,832,943,1646,1899,5332,1071,2469,3038,2192,4674,2491,2462
"IRAK1",4162,3412,1997,2210,2526,2765,1194,460,2098,624,1092,5497,1570,2505,1653,1342
"SMC1A",1544,2494,1169,2039,1665,1328,1261,874,3648,857,3259,2334,1735,3775,2240,2097
"LRP10",987,2075,1617,1206,2141,2936,516,493,2369,4208,5900,1864,1531,1609,2546,3651
"HCFC1",1131,2071,1248,2031,1716,1609,1009,643,3242,1448,3022,2584,1962,3648,2403,2390
"COPS6",2322,1333,1242,2205,1475,2100,1497,1296,3302,734,1261,2915,2195,3378,2529,1844
"TXNL4A",2220,1659,1355,2544,1527,2107,1580,1179,3089,661,983,5662,2002,2472,2412,1487
"KCNN4",2527,379,497,429,551,2234,2567,1722,4985,1154,2522,7146,2510,6904,2944,2478
"PI4K2A",1191,1657,1270,1626,1500,1877,1092,710,2254,3398,3043,1515,1879,3016,2788,3012
"ASH2L",439,1281,1150,1998,1695,1096,1357,1079,4116,1331,3543,3699,1843,3283,3378,2754
"PPP1R7",1826,1424,1202,1748,1438,1849,1429,1417,3233,866,1459,3835,1931,3475,2486,1875
"CHTOP",1999,1447,1100,1992,1461,1788,1364,944,2659,1641,1883,3873,1563,3091,2338,1853
"ACAT1",548,2027,1526,1619,1780,1300,1241,874,2947,761,1639,3771,2735,6377,3091,2657
"TOMM20",1475,2832,2075,2744,2525,1860,1047,664,2157,764,1392,3906,1475,3550,2230,1635
"SMARCE1",6359,1929,1308,3356,1820,1380,1046,616,2453,794,1679,2923,1602,2522,2207,1784
"HMG20B",3308,1115,926,1478,1338,2224,1427,1537,3128,868,1581,3798,1980,4300,2000,1436
"FBXO18",1359,1087,1185,1794,1392,1452,1250,827,3537,1566,2989,2388,1769,3655,2995,2591
"FAM73B",3366,1113,872,2391,1215,1530,1257,954,3499,968,2362,2225,1897,4201,2201,2389
"SRSF4",768,2201,1402,4488,1933,1651,860,359,2489,1037,3134,2437,2250,3743,2526,2862
"RSL1D1",1728,3405,2744,3118,3142,3029,1193,514,2010,507,889,5482,1415,2971,1591,1280
"DNMT1",805,2881,1835,4019,2568,2147,614,292,2303,684,3052,2029,2366,4968,2464,2576
"STARD7",2468,2922,1791,2464,2203,1796,1369,735,2470,581,934,5478,1664,2346,2203,1548
"FAM192A",3172,1297,1080,2378,1420,1854,1048,782,3102,1010,2056,3393,1726,3096,2238,2081
"KHSRP",2956,3339,2178,4542,3018,2014,726,462,2015,513,1868,2309,1816,2744,1658,1652
"EFTUD2",2985,2369,1575,2166,2046,2479,1177,672,2307,611,1376,4645,1574,2656,2033,1636
"PNN",2997,3099,2028,3992,2721,2729,822,353,1831,490,1140,3064,1939,4084,1894,1541
"CENPN",1888,1188,786,1874,1098,855,1268,856,3977,1108,3003,2694,2205,4030,3873,2890
"ILK",1321,1232,1064,1178,1418,2283,1014,904,3069,1438,2662,3830,1849,3832,2386,2511
"SAP18",1573,1862,1339,3701,1820,1925,863,456,2356,1369,1739,3574,1747,3237,2607,1931
"PARP1",2460,3593,2021,2509,2299,1570,1005,511,2350,494,1494,3856,1876,2891,2274,1649
"SAP30BP",3557,1163,835,2015,1107,1618,1683,1385,3054,1115,1630,4168,1594,2641,2027,1971
"TMED9",2873,2261,1488,1840,1844,3746,1082,558,2387,890,1210,6101,1460,2288,1993,1404
"TCF25",6729,1923,1416,1758,1821,2690,1394,916,2337,824,946,4019,1518,2367,1575,1296
"LUC7L3",1334,2133,1479,3274,2014,1618,837,432,1845,1844,2060,3363,1705,3227,2696,1895
"DYNLL1",276,2066,1778,2705,2129,1984,935,334,2436,2275,2452,3984,2136,2367,3711,2792
"ACTN4",597,3714,2182,3396,3251,3200,762,457,1672,714,2946,1762,2141,3559,1543,2378
"WDR45",1691,919,884,1346,1041,2296,945,862,2050,6472,3351,2373,1333,2534,2817,2907
"ZMYND8",3313,1596,1094,2647,1431,1091,834,1122,3148,1136,2642,3221,1177,2793,2329,1982
"REXO2",316,1879,1785,2762,2341,2391,591,278,1135,4735,3100,1910,1880,6671,3046,2990
"DDX23",1442,1761,1207,2023,1641,1878,1117,633,2991,884,2104,3489,2082,3060,2644,2311
"SNW1",516,1949,1485,2806,1853,1633,838,582,2359,1582,2658,2677,1851,4070,2813,2870
"PI4KB",1194,1197,1001,1317,1287,1556,1468,1135,3209,1951,2217,3789,1730,2675,2589,2522
"SMARCD2",1895,2072,1539,1962,1944,2339,1149,1123,2246,767,1581,4241,1501,3158,1575,1623
"AP5Z1",5574,1073,930,1750,1028,3199,1226,935,1958,2556,1674,3539,1166,1982,1779,2060
"FLCN",601,1459,1294,4017,1599,1443,1380,711,1778,2650,3480,1336,1164,5011,2473,2721
"MCRS1",1753,1475,1019,1786,1355,1674,1313,962,2553,1356,2006,3625,1742,2831,2464,2183
"PET100",7592,407,474,1202,571,1304,1978,1835,3770,2953,1623,5298,1840,1603,2941,2171
"ATP5F1",357,2861,2166,3106,2744,1993,783,386,2263,1114,1843,3881,1875,3544,2906,2071
"CYB5R3",689,2834,2120,3093,2904,3772,466,372,1710,1441,3743,2048,1510,2820,1637,2569
"YIF1B",2007,1838,1643,1551,1799,2714,1285,1095,2361,790,1401,3448,1799,2240,2013,1771
"TPD52L2",2936,1801,1448,1585,1864,2933,1129,813,2104,803,1164,5434,1618,2941,1922,1395
"LDHA",1513,8916,9637,5720,11481,5165,455,348,1521,262,1493,3583,799,1115,882,650
"TECR",2367,1576,1378,1653,1639,2267,1276,1367,3002,507,1171,5805,1668,2814,1870,1621
"LMNB2",933,2352,1472,2215,1912,1927,1138,852,2932,719,2145,1824,2168,3833,2191,2100
"FARSB",4115,1818,1326,2566,1734,1201,1581,1091,2459,386,1247,3214,1945,3192,2410,1526
"ST13",766,1893,1642,2195,2142,2023,772,497,1852,2238,2102,3405,1529,3472,2664,2194
"ECI1",1149,1081,820,1612,1174,2456,1673,1804,3681,682,1089,4653,2341,4507,2503,1644
"KIAA0101",587,1791,1619,3902,2256,851,728,470,2514,962,2526,1812,2108,6615,4297,2647
"TST",2058,2074,1746,2157,1824,1622,2238,1325,2775,760,692,4666,1981,1705,1882,1239
"SLC40A1",541,4149,2610,4718,3768,1636,281,158,1065,5502,5500,1979,814,2646,2500,2692
"PSMC2",1064,1998,1352,3405,1878,1955,636,321,2024,1260,2578,2037,2063,3821,3211,2964
"CTSA",2078,3103,2212,2095,2304,7818,826,488,1174,740,1016,7891,1360,2584,1248,1102
"PDXK",4930,1546,1070,1422,1491,3101,1833,1680,2649,490,679,5740,1500,2277,1994,1290
"EHD1",2276,1449,1147,1782,1255,2455,1504,1048,1473,2382,2076,3696,1302,1579,1753,2327
"DAP3",2132,2014,1517,2723,1882,1924,890,511,2070,1110,1750,3093,1541,3063,2260,1882
"TPRG1L",317,703,795,846,1084,1862,1341,1795,4033,4223,3384,3885,1770,2476,3172,3096
"AP3D1",1643,2183,1566,2958,1856,2305,861,486,2324,1331,2000,1750,1828,3568,1613,2114
"PLEKHM2",1590,1367,1119,1671,1299,2238,910,718,2376,1742,2501,2824,1684,3359,2102,2653
"SREBF2",1614,3513,2707,3275,3482,4899,458,385,1431,888,2587,2436,1102,2280,1465,1553
"UBL4A",2004,1180,940,1089,1154,1732,1566,1316,2767,836,1855,3529,1961,3780,2698,2305
"DNAJB2",2471,365,575,832,651,1710,1651,1674,2756,5036,3163,2773,1526,2565,2602,4135
"C1orf43",1491,2424,1951,2561,2607,2919,584,381,1543,1376,1862,3322,1437,2835,2094,1995
"TUG1",8308,1588,1161,2488,1543,1561,774,686,1921,1169,1829,3578,1212,2944,1706,1575
"PIEZO1",10306,3077,1663,4974,2295,2777,1127,532,1798,253,643,4475,1468,3500,1251,762
"CBX5",1034,1755,1211,1967,1722,1227,855,782,3027,811,2655,2243,2146,5433,2781,2316
"LRPPRC",1568,3253,2222,3158,2778,1607,1009,522,2109,525,1188,3326,1532,3494,2142,1572
"RANBP10",565,715,810,1928,1242,1579,608,409,2398,5207,8516,1376,2191,4138,3329,4710
"RPA2",1030,1719,1284,2140,1657,1684,911,633,2582,1452,1531,4196,1910,3501,2476,2097
"MTHFD1",3056,3576,2275,3753,2743,1735,592,341,1680,710,1871,1681,1850,2647,1959,1951
"CLTB",2056,1035,732,1495,991,1774,1797,1785,3828,1440,1073,4462,2078,2305,2240,1709
"ROGDI",1074,581,752,1042,825,1963,1794,1911,4486,1095,1947,4316,1969,4635,2631,2271
"ZNF207",865,3530,2177,4584,2802,1806,572,307,1469,1029,2260,2841,1542,3173,2169,2123
"UBE2J2",1502,1599,1333,2203,1667,1546,1366,1120,2767,1055,1536,3538,1588,2026,2291,1850
"MATR3",175,3246,2124,2633,2791,932,883,453,2550,1214,2808,3132,2299,3485,3040,2543
"PRKDC",637,3015,2030,2651,2577,1402,966,498,2394,619,2098,2632,2085,3329,2514,2241
"PTTG1IP",4177,1850,1412,1833,3055,2689,789,422,1494,802,3240,4344,859,2581,2141,1312
"WAC",1056,1674,1206,2110,1575,1167,685,520,2222,2260,3458,3031,1562,3222,2989,2473
"WDR26",324,1494,1422,2827,1655,1402,410,268,1248,11137,7757,1760,1448,1898,3961,5175
"MTHFD2",993,2439,1354,2465,1929,1609,831,1036,2278,561,2692,2167,1408,7762,1736,1673
"SAMM50",594,1690,1239,1465,1746,1361,1563,1204,3198,848,1834,3799,1936,3459,2579,1922
"NXF1",2556,1097,923,2039,1146,2589,1016,667,2337,1513,1853,4338,1533,2533,2220,1866
"ATP1B3",1774,1219,857,1479,1066,1547,1036,633,3193,890,2335,3686,1978,4133,3401,2378
"USP22",3352,3594,2063,3450,2873,2510,861,403,1612,602,1486,2121,1306,2438,1674,1332
"DLGAP5",179,1173,1017,1714,1416,749,814,629,4214,1597,5114,1933,2583,6235,4950,4111
"RSL24D1",1370,1813,1446,3230,1860,1395,787,558,2169,1023,1984,3272,1352,5299,1987,1692
"BAX",641,1659,1557,1994,1863,3435,987,593,1906,1183,1460,3657,2196,2504,2372,2340
"ATP5G1",4735,1749,1533,1972,1656,1881,1760,969,2674,338,578,4616,1766,2848,2215,1229
"METTL9",526,1430,1333,1467,1841,2625,678,590,2333,1839,2799,3881,1500,3500,2602,2393
"CENPB",3163,1994,1272,1876,1540,2050,1428,1057,2617,585,1134,3806,1564,2054,1719,1662
"MEPCE",5146,1926,1251,1749,1757,1823,1331,954,2480,902,1277,3364,1184,2260,1614,1172
"VBP1",323,1286,1075,2383,1406,828,992,739,3593,996,2899,2716,2500,5013,4246,3027
"UBE2T",570,708,743,1954,958,922,1026,1082,4241,1051,3319,2403,2217,6603,4383,3166
"E2F1",2999,1133,719,1762,922,1122,1061,2017,3985,537,2101,2506,2027,4026,2396,1992
"RAB11B",1555,1519,1188,1584,1625,2393,858,669,2215,1829,1884,3473,1607,2850,1787,1929
"ASF1B",563,1013,833,1829,1282,1513,807,971,3623,983,3548,3134,2035,4605,2861,2904
"ADAR",1593,1986,1349,1728,1650,2117,732,449,2089,1447,2177,4144,1394,2849,2169,2047
"ADSL",3025,2232,1828,2154,2192,1727,1126,695,2274,481,994,3558,1666,2891,1886,1430
"HAX1",1031,1310,1177,1910,1639,2017,826,606,2458,1093,2302,3169,1670,4694,2419,2129
"AHSA1",1168,2725,1996,3827,2580,2918,692,234,1566,1408,1374,2581,2042,1410,2852,2036
"GCLC",47,1188,1026,2773,1329,638,893,682,2783,6855,7671,2134,1767,3575,4422,4241
"PHPT1",4257,1181,1037,2046,1308,2141,2169,1780,2613,451,639,4977,1637,2283,1818,1316
"ARHGDIB",21631,4009,2407,3391,3560,14284,498,581,230,239,619,27026,593,1794,930,351
"CIZ1",2457,1649,1223,1406,1684,1904,810,618,2806,798,2066,2610,2077,3673,1743,2183
"PSMB7",810,1693,1433,2669,1801,1974,815,465,2177,1315,1848,3554,1818,2840,2455,2293
"SPECC1",1181,981,852,1953,1073,854,1237,970,3051,2725,3674,2024,1581,2603,2451,2924
"DAD1",1853,2709,2055,2330,2879,2904,554,280,1335,1666,1768,2978,1365,1886,2108,1909
"IKZF1",1405,1265,1092,1840,1389,1109,934,595,2813,948,2781,3494,1939,3127,3077,2574
"MRPL4",2325,2329,1818,2464,2233,2326,1757,1176,2130,488,592,4716,1511,1901,1594,1078
"LRPAP1",1530,1440,1088,1553,1404,7867,871,749,1575,717,1128,11624,1684,2592,1509,1435
"KHNYN",1285,1063,980,1438,1357,1625,494,480,1990,4942,4365,1643,1672,3093,2585,3934
"DEDD2",1722,743,827,1360,1005,2067,807,631,1903,4724,4038,2121,1658,2136,2706,3328
"MRPL38",3810,1305,1030,1826,1293,1538,1923,1646,2784,653,851,4298,1552,2262,1926,1360
"CCNL2",4888,1574,1330,3395,1496,2310,547,347,2031,1120,2066,3083,1265,3251,1618,1607
"G6PD",5876,3028,1803,2082,2258,3972,784,509,1133,695,1062,4414,1524,1603,1222,1314
"AK2",4107,2604,1921,2864,2495,2299,988,659,1819,390,780,7659,1293,1691,1640,1012
"PAF1",1439,978,781,1087,1020,1825,1647,1365,3477,1720,1516,3785,1890,2761,2350,1639
"RBM6",5549,1032,748,1746,1037,1819,1357,638,2853,787,1574,4641,1583,2951,1919,1898
"IPO5",1394,2645,1878,2576,2506,1406,1047,804,2184,484,1496,2968,1380,3561,1938,1425
"EMD",2726,1611,1425,1782,1785,1686,852,533,2255,966,2034,2048,1864,3052,2028,2089
"NSFL1C",1506,1229,901,1526,1196,1988,1303,848,2284,1310,2215,3380,1742,2404,2411,2210
"LPIN2",193,1071,1190,1769,1069,2568,532,265,1234,16945,9484,1084,1422,2264,4198,5967
"NOP10",681,1923,1453,2845,2090,3593,833,453,1734,1001,1102,5304,1674,3152,2293,1680
"FAM104A",824,766,798,1922,1065,1043,906,650,2594,2552,4903,1952,1974,3054,3130,4182
"MSN",9326,7600,3390,5917,5704,5180,433,225,489,260,869,8360,872,1702,873,580
"AGPAT3",2314,1618,1024,1834,1428,1423,857,724,2281,1203,2413,2265,1637,2981,2203,2230
"NUDT4",310,642,603,1172,812,1016,1350,1249,2429,4410,4260,2366,1679,5686,3561,4218
"CENPM",1813,895,721,1223,962,1133,2166,1971,4254,565,1241,3669,2266,3552,2824,1873
"TSSC4",1980,700,618,914,667,1386,2761,3235,3784,1722,982,5429,1841,1802,2288,1786
"ULK1",1583,653,768,1622,840,2678,646,543,1659,7201,5321,2169,1272,2170,2429,3205
"HNRNPUL2",3411,1262,880,1915,1276,1291,1257,1141,2842,696,1522,3216,1777,3512,1894,1546
"PKMYT1",376,1194,906,1773,1304,1859,1057,973,3221,964,2859,1648,2637,5865,2538,2812
"NDUFB1",8536,599,678,1747,811,1250,1822,1290,3835,811,799,5449,1767,1998,2716,1557
"ANKH",469,516,703,1404,991,850,1163,1446,3464,1920,4703,1981,2482,5751,2966,3222
"HTRA2",342,860,838,1558,1066,970,1105,1034,4001,1292,3840,2840,2146,4327,3568,3351
"RTN4",921,3832,2963,3306,4131,2813,408,250,1310,663,1570,2623,1642,4800,1716,1412
"TMEM56",328,743,855,1320,1315,507,1123,1137,3308,1734,5019,2147,2483,5444,4864,2929
"COX5A",249,2511,1929,2531,2399,2769,1114,598,2567,527,1023,5856,1871,3260,2543,1617
"ARF6",413,3243,2194,2883,2728,1374,591,353,1974,1171,2729,1943,1633,3424,2612,2354
"SELO",4383,735,528,1278,865,1430,1630,1786,3973,726,1242,4794,2182,2556,2116,1788
"RAP1GAP",77,695,1067,424,1116,1250,1180,480,3451,10441,13853,1351,1960,3073,5651,5384
"AHCY",8894,3727,2661,3666,3415,3563,863,406,1422,240,492,3997,1144,2582,1232,788
"OTUB1",1377,1665,1322,2007,1532,2529,939,831,1932,1169,1537,4073,1588,2266,1789,1691
"TUBB6",2818,2950,2481,4199,3240,1052,597,340,1388,784,2047,2781,1619,1156,1953,2030
"KRTCAP2",7998,1016,789,1805,994,1923,1480,1113,2907,683,977,5120,1388,2299,1709,1396
"PPP6R3",1876,1265,896,1812,1220,1095,993,658,2781,1382,2447,2812,1739,2892,2641,2263
"UBE2L6",828,1280,1030,1094,1200,1552,818,623,3139,1440,2310,3203,2086,3800,3057,2832
"MAPK1IP1L",486,1839,1401,2101,1843,1097,827,568,2763,1195,2472,2388,1960,3340,3264,2456
"GMPS",915,1743,1336,2109,1806,1272,722,570,2422,660,2438,2420,2144,5268,2359,2405
"FAM53B",2668,863,659,1764,933,1191,1380,1391,2900,604,2839,2303,1848,6000,1702,2075
"ENY2",1723,1619,1290,3035,1700,1690,851,455,2081,959,1405,3876,1580,2400,2646,1941
"SLC37A4",1275,980,750,1596,1158,1199,1254,1227,4249,580,2359,3140,2050,3597,2644,2229
"USP48",3642,1368,1140,1483,1402,1510,726,571,2285,953,2225,3086,1526,3574,2127,1972
"DDB2",3807,1282,1113,1618,1425,1437,964,811,3142,583,1231,3277,1574,3415,2250,1985
"ACKR1",297,330,483,590,773,535,2773,4179,8859,2657,3481,3056,1982,2846,5185,2362
"PGP",5828,1060,773,1368,926,1564,1693,1797,3238,557,924,3793,1951,1973,2192,1588
"ELL2",232,1211,1174,1406,1413,847,949,636,2233,4405,4296,1888,1936,3144,4086,3512
"GABARAPL2",103,960,983,1723,1109,1612,857,708,2374,5745,3687,3068,1697,2828,4185,3854
"ZNRF1",2354,2947,2154,2215,2322,2029,831,540,2378,748,1276,2021,1493,1660,1875,1557
"UBE2D2",402,1708,1297,2102,1690,1496,1054,875,2523,1118,2041,3192,1619,2842,2795,2207
"RFESD",798,968,831,1698,1088,661,1108,772,3648,1897,2791,2249,1883,3158,4150,3147
"SZRD1",1559,2328,1514,1654,1983,2242,796,678,1870,961,1517,3804,1458,2598,1524,1688
"ATXN2L",549,2767,2064,4193,3079,3793,425,236,1443,977,3376,1210,1791,4622,1447,1954
"PPP2CA",856,2491,1543,3550,2005,1394,599,365,1708,1491,2275,2504,1494,2796,2434,2018
"NMT1",801,1769,1307,2160,1761,1929,844,501,2061,1313,2509,2029,1831,2946,2268,2161
"KPNB1",3729,3853,2103,4740,2588,1516,540,409,1504,542,1683,2134,1128,2547,1445,1358
"MARCH2",915,648,769,1611,792,1449,989,816,2715,3844,3528,2353,1507,2075,3262,3461
"SHKBP1",2733,1932,1277,1149,1705,3213,1058,1070,2055,673,1252,5608,1527,1613,1484,1212
"ARAP1",3004,1269,1122,1260,1403,3270,624,617,1649,2168,1805,6422,1134,1749,1634,1609
"ATP5J",1675,1508,1217,2390,1663,1652,996,616,2388,765,1193,4683,1688,2175,2486,1782
"SDHA",637,2368,1879,2127,2332,1757,659,411,1469,1341,1787,2266,2184,2774,2599,2390
"THRAP3",1161,2007,1363,2163,1782,1400,1006,631,2003,1204,2075,2888,1621,2228,1873,1897
"RPA3",434,995,1012,1466,1089,764,1877,1288,4867,894,1639,3034,1909,4051,3649,2494
"MAP1LC3B",570,1616,1352,2436,1691,2478,492,287,1566,4069,3362,1780,1348,3101,2557,2659
"PPP2R5C",2602,1703,1222,2274,1604,1047,648,489,2297,841,2566,2031,1563,4009,2394,1990
"C9orf78",598,1458,921,2485,1328,1602,657,1180,2436,3241,1969,1807,1543,1805,2454,3025
"NHP2",2584,1996,1611,2047,1980,2117,1528,969,2557,412,660,4639,1582,1702,1879,1083
"SRXN1",861,1369,1131,1517,1346,1160,593,318,1826,1879,3809,1944,2256,4137,3229,4088
"NENF",10291,799,724,1248,884,1770,1542,1863,2758,523,755,6704,1586,1979,1890,1264
"SMG5",1739,1558,827,1268,1094,1721,1431,1124,2256,1192,1364,4964,1511,2529,1756,1752
"PAPOLA",477,2061,1600,2962,2138,1425,474,324,1707,1824,3101,2418,1776,2394,3161,2590
"MTRNR2L10",3872,796,869,1227,991,1706,764,589,2165,1927,2073,2750,1059,4277,2637,2509
"MAPK14",1657,1537,1323,2756,1750,1808,668,383,1613,1233,2293,3276,1397,2765,1927,2079
"FAH",3033,1567,1006,967,1699,1987,1230,1189,2261,741,1248,3901,1855,3183,946,1663
"COG4",3055,842,834,1232,1121,1340,1463,1694,3001,809,1398,3298,1779,2877,1881,1636
"BRD8",1501,807,777,1997,1041,1410,647,513,2341,3081,3725,2241,1368,3618,2486,2538
"C6orf62",337,2636,1576,2005,2372,1310,531,282,1865,2490,3597,2851,1304,2535,2955,2728
"HSPA4",4416,2434,1498,3195,1919,1574,770,290,1747,718,1281,2791,1694,1922,2040,1634
"TNPO2",5316,1446,960,2834,1340,1046,1105,871,2354,674,1664,3138,1318,2302,1611,1480
"ZER1",1659,804,805,1220,1038,1724,671,788,2366,5691,3771,1828,1206,2194,2174,2540
"EDC4",4125,1316,972,1712,1259,1593,1250,1274,2557,652,1114,2976,1365,2974,1645,1558
"AURKA",1397,1000,883,2424,1232,943,839,792,2642,933,3479,2350,1466,4030,2682,2226
"MBOAT2",527,795,721,1207,852,624,831,1027,4823,1467,3134,2819,2533,5718,3715,2868
"DECR1",3208,2833,1954,3533,3162,1672,402,163,1310,1067,1387,1397,1693,3709,2054,2017
"THOC7",1171,1406,1141,2462,1475,1188,947,467,2588,1391,1407,3312,1548,3163,2892,1867
"OXA1L",3323,2626,2007,3468,2541,2679,389,279,1701,670,1611,2464,1126,3324,1364,1481
"ENG",3274,1592,1565,2143,2216,2269,1563,999,1966,217,986,5371,1433,2764,1555,792
"UBE2H",447,747,1120,1605,992,2178,639,331,1420,11523,8735,1338,1032,1522,3723,4888
"CROCCP2",1452,405,403,2639,553,775,1751,823,3883,1944,5217,1973,1221,4673,2149,4128
"USP20",3313,743,566,1295,793,1861,1355,1231,3584,2238,1336,3274,1278,1746,1866,2325
"ALDH16A1",5197,1448,907,2109,1259,1750,1475,1393,2788,453,892,2739,1697,2259,1667,1142
"LAMTOR5",681,1301,1193,1997,1411,1625,788,475,2098,2436,1869,4313,1386,2308,2787,2221
"DGAT1",2324,601,516,955,631,1369,1676,2544,3710,946,1616,4834,1661,3316,2155,1769
"THOP1",3848,1592,1328,1947,1532,1765,1569,1086,2633,464,781,2413,1828,2237,1631,1282
"NBR1",636,1054,944,1756,1173,1338,621,510,2242,3755,3741,2181,1530,2932,2806,2998
"PSMD11",1423,1955,1232,2553,1624,1307,721,427,1871,1388,2193,2257,1672,2160,2356,2305
"IP6K1",1920,1502,927,1712,1220,1642,1154,720,1536,3500,2977,2442,917,1476,1696,2101
"PRR14",3372,1125,917,2088,1213,1864,1029,718,2669,751,1618,2654,1651,2839,1804,1620
"C7orf50",1968,1404,1229,1434,1377,2158,2340,1024,2062,843,419,2805,1789,3850,1602,1793
"GDI1",4140,738,699,1352,811,2068,936,1141,2421,1273,2156,2339,1493,3334,1807,1931
"THEMIS2",2295,1218,973,1161,1407,3133,748,574,1686,1061,1581,5831,1448,4900,1423,1388
"S100A9",1222,286,811,98,1919,25092,3784,5811,408,300,863,100767,990,2706,3063,433
"SDF4",1223,2695,1805,2552,2191,3396,580,319,1544,927,1434,4099,1549,2028,1611,1531
"RBM14",2154,1440,1176,1535,1542,1472,1194,1007,2615,739,1500,3172,1479,2218,1925,1544
"GPCPD1",546,510,675,1556,799,1452,635,532,2363,5268,6175,2189,1328,3901,3388,3871
"POLDIP3",1119,1478,1098,1324,1484,1915,663,598,1991,1240,2616,2422,1691,3906,2056,2319
"RNF181",1566,862,784,1092,1017,1876,1304,1295,2618,1546,1216,5827,1382,2612,2165,1589
"MGAT3",512,2613,1613,2050,1623,1282,594,284,1547,3168,4302,1113,1468,4100,1890,3054
"SSU72",4117,1858,1282,2098,1703,2384,919,521,1575,853,917,5544,1415,1816,1594,1149
"ZFAND5",392,1196,934,1789,1187,2082,431,348,1186,8120,6085,1564,1381,2746,3351,3663
"COX7A2L",305,1496,1341,2409,1774,1859,524,498,3009,843,2273,3368,1543,6166,2233,2386
"GLO1",3186,2212,1708,2837,2170,1796,472,546,1713,588,1243,2952,1317,2293,2035,1613
"HN1L",1577,1829,1300,1387,1667,1277,888,833,2607,556,1635,2630,1632,3307,2314,1977
"CD74",14312,686,1034,589,1921,37374,1012,614,391,268,1012,40055,936,1975,1719,309
"SLC35A4",3094,2036,1297,1513,1783,1869,928,676,2171,597,1305,3016,1467,2331,1698,1639
"USP24",1482,1922,1463,2524,1960,929,591,355,1915,1436,2748,2249,1396,2562,2450,2076
"EPB41",51,1931,1974,1967,2451,2116,272,222,1199,7574,11634,672,1941,3881,2508,5559
"SAR1A",2214,1298,1018,1866,1245,1347,965,881,2385,1035,1459,3083,1337,2174,2402,1940
"TIMM44",1094,1332,954,2151,1180,1467,1648,1173,2626,776,1596,2262,1546,3562,1703,1670
"SNHG6",3282,1045,844,2179,1273,2391,988,775,2595,568,1029,5396,1257,3231,1781,1311
"CSNK1D",2219,2273,1471,2182,1966,2579,557,306,1572,1364,1624,3082,1282,2383,1540,1600
"LAGE3",1059,799,801,1460,993,1408,2260,1356,3006,688,888,4457,2340,2820,2700,1824
"VAPA",1694,3900,2389,3445,3088,1737,444,235,1227,1077,1743,2543,1082,2276,1664,1505
"PLEKHJ1",2161,1183,939,1410,1181,2021,1947,1569,3591,505,622,3473,2032,2381,1981,1176
"RFXANK",2624,1005,936,1483,1118,1905,1383,1488,2567,726,844,6993,1326,2409,1665,1143
"TYK2",4020,1319,1038,2057,1386,1901,634,468,2045,802,2065,3354,1385,2918,1517,1732
"UBE2G2",3211,1845,1336,3068,1866,1981,885,418,1926,625,1284,2538,1547,2233,1649,1428
"NECAP2",828,1529,1383,975,1745,1962,773,478,2126,2202,2131,3006,1367,3121,2104,1823
"POLR2I",1696,590,507,1220,631,763,2167,2219,5478,833,1316,4437,2399,2636,2730,1589
"LINC00657",523,2540,1542,1739,1978,1477,770,560,2071,1083,1875,3230,1500,2941,2206,1756
"SRSF11",860,2281,1580,3447,2098,873,709,364,1627,1155,2065,2822,1530,3139,2217,1761
"NAA10",6180,1271,918,1901,1239,1558,1784,1059,2563,577,662,4492,1632,1453,1706,1155
"YKT6",992,1543,1056,2026,1391,1734,973,649,2281,1062,1685,3263,1575,2249,2231,1989
"GLG1",1562,1091,803,1147,1066,1756,947,928,2523,1342,1895,2910,1804,2934,2076,1961
"WDR18",2596,1205,862,1773,966,1943,1972,1704,2868,627,925,2376,1835,2238,1620,1276
"HM13",3797,1903,1328,1901,1795,3318,1208,772,1669,462,669,7441,1276,1651,1344,903
"NDUFA9",1616,1331,1177,1738,1403,1097,1182,1061,2333,669,1122,3728,1682,2581,2379,1766
"SNX17",1970,2155,1566,1217,1927,3049,734,587,1463,986,1142,4234,1406,2207,1559,1443
"CTTN",1782,1794,1255,2295,1698,1199,874,485,2188,1249,1852,1102,1595,2903,2109,2289
"CGGBP1",844,1269,908,1490,1286,1051,678,454,2265,1933,2852,2682,1588,4233,2888,2514
"EIF2S1",890,2359,1625,2773,2010,1300,668,308,1859,1071,1798,2594,1561,2379,2554,2162
"HMGN1",2904,2687,1810,3644,2751,2219,566,351,1891,295,827,5892,1499,2371,1734,900
"PISD",2141,2938,2379,3762,3383,2424,600,353,1543,383,1590,1718,1018,6255,968,966
"RACGAP1",313,1206,916,1547,1246,815,725,738,3071,1105,4260,2292,1919,5509,3353,2774
"NUP188",1798,1934,1161,2752,1585,1329,753,519,1963,754,2212,1756,1799,2761,1746,2097
"LCP1",19215,4667,2477,2947,4585,11397,550,360,308,187,632,17117,589,1275,790,324
"RSRP1",1121,997,822,3511,1075,2207,546,189,2365,2536,3027,2845,2068,3347,1976,1624
"SLC48A1",1125,1098,874,1523,1211,1819,743,794,2084,1164,1945,2194,1853,3701,2341,2621
"SNRPF",5322,1451,1223,3323,1640,1490,927,405,2072,415,843,3810,1858,1897,2314,1402
"PAFAH1B1",1133,1733,1185,1418,1539,1588,631,452,2021,1648,2592,1744,1519,3163,2457,2258
"FH",2904,1719,1283,2626,1701,1204,692,454,1576,687,1490,2484,1724,2843,2222,1944
"HDGFRP2",1662,1478,851,1406,1264,2015,985,1636,3266,360,1156,5069,1931,3982,1910,735
"RNF220",1756,1571,1291,2083,1574,1779,924,507,2109,772,1519,3491,1558,2381,1720,1697
"RHD",104,220,367,2058,670,1130,1166,572,6199,5348,10003,1007,4535,3543,3551,4615
"ZDHHC3",911,927,758,1253,1101,1256,918,928,3270,834,2546,3366,2032,3258,2535,2378
"NSMCE1",4064,1288,1066,1175,1377,1691,1466,1474,2860,551,611,4319,1688,1562,2084,1142
"PCCB",627,1873,1845,1596,2041,1102,948,462,2645,851,1426,2169,1850,4189,2227,2076
"CTBP1",3422,1809,1112,2247,1608,1610,842,676,1976,532,1505,2920,1460,2236,1595,1560
"MARCH6",1308,1719,1186,2621,1607,1487,429,316,1398,4023,2663,1934,1256,2772,1875,1962
"NT5M",1341,595,615,1399,794,1481,1196,2142,3564,685,1688,2099,2013,6252,2120,1767
"EIF2B5",2934,1277,912,1578,1217,1256,1157,803,2834,695,1195,4319,1481,2321,1963,1586
"RTCB",803,2068,1373,1186,1826,1549,1207,703,2531,835,1206,3882,1602,2308,2153,1623
"TBL3",2570,1090,883,1486,1144,1545,2021,1387,2658,701,760,4246,1767,2012,1696,1247
"PSMB5",824,1758,1319,1962,1657,1829,755,421,2024,1044,1567,2975,1859,2760,2479,1813
"STRAP",547,2548,1700,3120,2212,1293,720,276,1812,1162,1987,2329,1648,2163,2616,2108
"HNRNPA0",443,3331,2242,3489,2983,2170,483,280,1347,656,2334,2335,1727,2988,1741,1810
"POLL",1783,613,784,897,903,1391,1032,1155,2465,3285,2170,2580,1321,2388,2236,2232
"RAD23B",612,2725,1702,2525,2237,1039,653,348,1725,1240,2297,2194,1628,2503,2302,2087
"CD2BP2",2886,1242,939,1248,1001,1928,1338,1078,2707,853,1015,3794,1574,2042,1700,1421
"NUCB2",5580,2212,1296,2225,1671,3743,468,413,1450,442,995,4593,1064,3086,1471,1254
"HSPB1",3572,2049,2073,1971,2371,5068,1196,552,2043,787,436,2873,1484,678,2190,702
"PYCR1",361,1514,1292,1336,1453,1973,1303,928,3161,471,1620,3438,1888,6346,1516,1513
"ZNF451",791,1171,812,1542,1029,830,667,626,2745,2321,4063,1539,1638,3447,3007,2685
"CDC16",3971,1514,1171,1787,1403,1286,631,477,1942,1069,1671,2413,1358,2653,2077,1751
"TMEM57",635,1350,1039,2129,1265,1386,1009,640,1618,3572,2320,1709,1329,2295,2319,2106
"TTC1",3529,1409,1154,1738,1359,1434,1209,962,1712,1215,1050,3936,1119,1400,1721,1406
"ARAF",5560,1367,927,1179,1325,1793,1102,665,1729,1219,1639,2538,1243,2273,1259,1620
"BPGM",240,384,568,1964,870,579,696,435,2481,9990,11008,1519,1761,1755,5454,6060
"GRB2",880,2195,1412,2000,1947,3631,590,300,1524,864,1584,5534,1336,2489,1826,1473
"DUSP1",5,384,1375,623,1652,1794,2079,645,2086,3520,5221,4596,2075,5049,4688,3183
"YIPF3",1261,1282,1149,1328,1343,2457,699,610,1784,2274,2082,3129,1070,1923,1841,1938
"RASSF1",3144,1189,904,1089,1122,2087,855,766,2644,511,1090,5370,1832,2576,1839,1682
"C11orf58",598,1874,1355,2496,1894,984,564,405,2045,1371,2276,2447,1532,2977,2509,2227
"FAM32A",4528,1602,1183,1965,1394,2144,737,469,1719,758,1097,4780,1260,1941,1579,1392
"UQCC2",5354,734,702,1724,859,1199,2083,1595,3485,379,762,3417,1882,1850,2890,1111
"INF2",4440,2055,1002,2702,2016,2291,1318,503,1644,469,1019,3051,1837,1182,846,1874
"YY1AP1",2908,1044,765,1237,961,1386,967,705,2215,1619,2039,2936,1242,2549,1900,1888
"YWHAG",773,3001,1701,3004,2338,1394,758,256,1355,840,1579,3311,1421,2980,2065,1572
"ISCU",517,894,982,1783,1134,2188,455,331,1431,6669,3915,1851,1332,2252,3148,3027
"JADE1",1758,1048,677,1575,1063,625,1097,1451,3296,736,1760,2929,1327,3959,2406,1860
"HECTD3",2416,800,797,1618,992,1313,794,779,2528,1274,2703,1602,1512,3272,1859,2342
"RFC4",1504,1081,948,1577,1213,1131,872,692,3094,540,1507,2783,2004,3875,2715,2014
"SEC14L1",449,1081,955,1553,1071,1535,591,361,1577,6687,4826,1295,1586,2325,2681,3521
"TARDBP",1977,2072,1321,2457,1674,1305,688,428,1805,769,1468,3379,1371,2502,1996,1472
"SDCBP",215,3135,1938,1707,2450,1151,475,343,1316,2131,2817,4385,1159,2227,2608,2353
"SLC38A2",1164,2184,1158,1495,1665,1454,664,676,1490,1377,2394,2118,1174,3583,2043,1377
"ISOC2",1821,2718,1970,2439,2025,1671,1943,807,2397,369,449,4017,1409,1541,1602,806
"UBQLN1",728,1960,1435,1860,1977,1492,493,339,1606,1369,2531,2299,1548,2983,2477,2079
"ANAPC16",1132,1212,1169,1742,1492,1467,875,961,2211,1009,1562,3412,1160,3741,1573,1387
"SRPR",1675,1876,1163,2106,1581,2366,552,309,1846,829,2186,2494,1435,2749,1954,1792
"TIMM10",1887,810,630,1378,1114,810,2166,1204,4540,735,692,6338,1414,1644,4224,1249
"NUBP2",1581,1074,870,1376,1139,1830,1727,1716,2723,516,808,4172,1865,2312,1761,1233
"PSIP1",706,1849,1168,1886,1673,779,830,665,2420,674,2011,2305,1895,4121,2435,1861
"HSF1",991,1597,1362,1835,1556,2003,691,775,2079,1018,1516,1824,1903,2527,1449,2065
"EZH2",1211,1284,922,2084,1225,941,807,524,2697,817,2588,1787,1765,4261,2440,2033
"PIGT",3321,2953,2041,1438,1962,2618,838,572,1511,435,823,5303,1102,1712,1233,1108
"ROMO1",4062,682,685,1254,891,1498,2069,1933,3191,607,682,5294,1518,1498,2215,1172
"RBM25",1842,1722,1125,3017,1464,739,1467,366,1930,820,1701,2388,1617,2626,1905,1603
"PCYT2",4293,1588,1477,1499,1697,2690,1236,1442,2318,377,570,3140,1035,1942,1457,896
"LSM7",2876,1351,1160,1999,1336,1898,2086,1564,2573,319,502,4772,1565,1534,1685,834
"ASXL1",3306,1067,671,1744,1071,1095,873,803,2167,1285,2272,2247,1250,2764,1704,1788
"VHL",4331,1314,885,1554,1248,1504,986,740,2054,839,1202,3332,1238,2162,1590,1582
"SYNCRIP",1215,3967,2248,3825,3093,1524,766,277,1323,435,1235,2519,1412,2329,1587,1235
"STRA13",2139,804,652,1355,776,1271,1965,1178,3238,578,906,3808,1916,2239,2856,1783
"MMADHC",206,1748,1458,2749,1888,1041,390,233,1913,2416,4082,1427,1709,3671,3129,3317
"NT5C",3655,1505,1213,2480,1419,2294,1652,819,1749,937,461,3910,1112,1557,1404,907
"CLCN3",157,1105,1195,2650,1415,907,574,373,1676,2845,6364,1027,1571,5548,3080,3465
"TMEM86B",2421,244,431,870,528,665,1984,1948,5756,2004,2885,2116,1180,2515,2423,2944
"POLA2",2872,1068,865,1065,1160,1017,1263,1458,3632,445,1024,2791,1971,2684,2206,1379
"FAM195B",2937,778,602,623,902,2146,2023,2805,2656,557,510,10604,1428,2105,1702,1144
"EIF4EBP2",1764,1465,983,1470,1360,1637,612,542,1883,1178,1864,3420,1364,2366,2096,1719
"WDTC1",785,1233,1019,1507,1349,1832,531,570,1546,2002,3492,1770,1438,3125,1790,2530
"IER5",179,1009,1045,1745,1159,2858,1156,435,1980,1212,2435,3612,1540,4370,2670,1979
"C9orf16",2912,854,602,1052,803,1875,1606,1925,3441,399,675,6273,1649,2617,1822,1267
"TMEM63B",725,424,686,1361,782,964,1283,1341,3317,2788,3708,1670,1476,1778,2623,2894
"KIAA0368",5965,1108,747,1336,1031,1346,806,580,1930,897,1474,2926,1398,3038,1798,1728
"EZH1",795,641,757,1433,887,1813,607,464,2440,2940,3780,1638,1605,3245,2327,3094
"LSM5",2160,1210,873,2111,1174,815,1095,932,3088,528,1006,3620,1647,2343,2508,1550
"PPP6R2",1938,866,709,1442,986,1680,967,728,2593,1179,1628,2451,1800,2737,1785,1937
"INPP5K",1207,499,491,934,627,1015,1008,1155,2681,4262,2631,2069,1526,2688,2727,2852
"SEC13",1202,1616,1252,2125,1476,1849,825,454,2122,894,1295,3390,1506,1733,2144,1667
"JAZF1",81,487,466,1553,796,463,1155,987,3803,3330,6893,1942,2039,3970,4853,4331
"GSR",1989,2153,1381,2338,1800,1352,624,473,1456,670,1379,2959,1126,2820,2130,1511
"GRB10",2199,1012,625,1245,963,1733,1135,1185,2570,554,2406,3220,1247,5047,994,1485
"PLD3",4160,2104,2197,909,2436,7382,810,818,733,345,653,6991,1251,2300,869,621
"PAICS",1393,4461,3160,5768,4046,1644,452,157,1282,377,1262,1842,1248,2510,1485,1315
"MCM3AP",3861,1026,894,1887,985,1330,826,372,1495,2685,1946,2187,1227,1914,1948,1848
"NUP93",761,1519,1073,1707,1406,1317,979,597,2460,707,1743,2896,1742,2611,2171,1942
"EXOC7",3875,1114,967,1290,1151,1436,752,799,2021,1196,1941,1944,1226,2301,1595,1747
"HPS4",996,1361,1103,2207,1508,1778,663,502,2317,794,2226,1544,1401,4300,1719,1952
"CDKN3",790,888,670,2179,933,774,655,632,2650,1204,3278,1443,2402,3691,2986,3046
"TBC1D10B",3955,1153,833,1142,1155,1712,1018,860,2113,637,1584,2805,1485,2340,1528,1570
"ATG14",3555,1080,900,1671,956,1111,519,327,1227,7219,5081,1002,808,1209,2293,3375
"RUNDC3A",161,440,718,1394,483,1713,1076,564,1840,17770,4666,1018,2296,845,4804,6367
"ARPC1B",3784,3863,2423,2372,3116,8147,673,453,564,253,473,14890,894,1270,952,455
"CCDC71L",131,731,580,849,810,1308,1062,1159,2406,2710,4229,2586,1441,7224,2510,2828
"PELP1",7156,1205,864,1830,1207,1379,1829,1094,2823,356,539,2913,1630,2061,1299,1091
"YWHAQ",553,3123,2129,2290,2366,915,427,340,1479,783,2535,1898,1594,2780,2234,2332
"TMEM9B",586,1037,892,1312,1135,989,577,463,2271,2219,3511,2052,1547,2790,3333,3089
"CALCOCO1",302,1018,1352,1857,1581,2200,371,284,1133,7059,5872,1132,1138,2147,2408,3703
"DHX30",1930,1517,1099,2201,1472,1582,1135,788,1854,543,1071,3132,1468,1915,1699,1427
"HNRNPR",177,3173,1900,3225,2611,1016,532,267,1523,801,2312,1536,1932,4351,2977,2194
"EIF3A",547,3350,2188,3723,2694,1136,1255,277,1230,674,1585,1317,1765,3163,1484,1412
"PSMD14",738,1686,1147,2740,1581,1161,712,369,1920,864,1831,2083,1534,3077,2583,2246
"FAM110A",1373,1006,826,1093,855,1038,1025,1294,3087,932,2013,3705,1571,2061,1812,1767
"TIMM50",2902,1349,1012,1959,1293,1294,1401,1036,2198,488,760,3078,1511,1936,1727,1350
"RBCK1",2447,1038,933,1591,1217,1862,794,500,2153,1109,1758,2469,1481,2950,1474,1421
"TXNRD2",1441,582,513,849,567,910,1794,2925,3357,1019,1382,4096,2096,1976,2027,1967
"CMAS",8,938,834,2402,1299,854,707,665,2789,2321,5998,1490,2490,4686,4852,4365
"SEC14L2",3377,2363,1503,2394,2074,1285,951,651,2251,592,1040,1229,1238,1494,1812,1152
"MTCH2",2165,2103,1644,2617,2076,1370,591,294,1687,591,1319,2227,1569,1932,1962,1817
"SUPT4H1",355,1376,1422,2191,1584,1607,544,377,1681,2076,2110,3223,1467,2405,2156,2113
"EXOSC8",2269,995,776,2220,973,1034,1086,947,2713,505,1349,2875,1402,3217,2086,1532
"SQRDL",355,265,227,394,588,1350,2273,2268,6597,488,1739,9434,3314,4694,4379,2268
"AMMECR1",331,1491,1027,2491,1687,398,596,293,2483,1431,3882,2164,2117,3335,3376,2774
"PEF1",2584,1078,847,1197,1128,1459,1105,791,2327,906,1204,4651,1298,2030,1719,1410
"MORF4L2",636,2770,1966,3677,2422,1616,449,269,1461,644,1810,2065,1420,2660,2266,1611
"RNF26",1106,974,764,1077,1071,1147,744,931,2519,1112,2753,1745,1633,3582,2133,2312
"EID1",300,2458,1708,3338,2174,594,623,356,1414,1194,2087,2187,1552,2861,3018,2255
"FOS",153,197,1268,486,1310,1396,272,430,1202,5727,8872,1361,2785,10449,12147,2136
"ATG3",126,1450,1165,2076,1530,1301,693,465,2233,1265,2530,2193,1719,4884,3022,2335
"CNP",1082,1489,1012,1653,1345,1262,989,651,2500,537,1478,2827,1788,2329,2156,1910
"EIF4A2",1017,1984,1522,2128,1877,1956,370,224,1237,1188,2398,2730,1300,3241,2099,1635
"SPNS1",3145,2111,1439,1836,1862,2983,738,516,1244,1469,844,2888,1100,1316,982,1187
"PKN1",4299,2139,1874,1501,1918,3565,951,866,1049,227,334,28913,1147,1670,783,512
"PPP1CB",380,2064,1400,1939,1969,745,512,287,1456,2353,2742,2359,1452,2819,2855,2241
"TFIP11",1562,1359,968,1513,1239,1311,869,564,2227,1568,2000,1836,1330,1847,1828,1924
"GINS2",658,975,906,1436,1039,1048,1102,1271,3329,535,1154,2937,2145,3010,2974,1829
"LAS1L",3014,1340,1152,1991,1280,1107,1384,702,2402,456,1000,2648,1678,1920,1628,1391
"MRPS21",5685,1314,1212,2420,1520,1759,969,610,1753,564,738,2847,1344,1857,1398,1060
"ST3GAL2",1466,1218,1069,1814,1150,1560,659,478,1782,1734,3066,1636,1207,2442,1586,1894
"ARIH2",1718,1593,1105,1823,1297,1373,633,442,1692,1331,1833,2391,1347,2189,1885,1765
"NEDD8",1672,784,692,1384,861,1549,1363,1148,2878,719,842,6100,1505,1923,2304,1418
"NUDT21",1058,2277,1686,2288,2287,1058,604,405,1923,592,1522,1834,1470,2849,2156,1650
"TMEM50A",520,2218,1478,3419,1817,1901,432,208,1377,2446,1863,2215,1219,2365,1982,1761
"GPS2",3101,873,710,1633,1018,1484,994,749,2227,1174,1547,1802,1455,2031,1760,1918
"MTURN",1050,1169,1225,1851,1518,1587,639,561,925,2388,1865,2351,1374,2260,1964,1787
"GALNT6",2176,707,514,688,735,456,2386,1553,3928,1464,1152,1898,1594,2705,2723,2465
"UBAC2",1866,1400,1286,1395,1200,1957,907,639,2007,727,1278,2795,1374,2785,1434,1353
"HSPBP1",3101,1716,1370,1941,1514,1314,1736,960,2312,429,458,3295,1522,1473,1441,1049
"PSMA3",770,1885,1281,3499,1632,1369,647,264,1897,894,1416,2683,1650,1991,2571,1766
"SSR3",2720,2030,1442,1534,1800,1633,760,470,1772,431,1112,4890,1051,2013,1692,1255
"AAMP",629,1824,1327,1919,1764,2133,559,409,1550,1497,1517,2595,1282,2501,1785,1827
"MED24",1153,1823,1223,1825,1904,1483,686,445,2127,661,1664,2063,1692,2383,1650,1823
"CAPRIN1",807,3629,2389,3167,2939,1341,475,259,1312,492,1589,2289,1435,2684,1731,1362
"CDK16",2114,1263,933,1244,1228,1363,794,840,2085,862,1753,1808,1574,2883,1532,1721
"ACHE",153,230,538,1809,637,1092,1404,898,4125,2230,6319,873,2887,4041,2603,4503
"SRA1",2360,919,729,1402,864,1386,1045,789,2452,820,1171,4289,1597,2156,1841,1661
"NDUFA8",837,1134,1267,1656,1333,1201,900,727,2533,792,1442,2362,1722,2431,2262,1719
"SYNGR2",1586,1360,955,1425,1206,1867,819,784,2223,527,876,4946,1937,2256,1796,1363
"CSNK1G2",2882,2033,1417,2541,1744,2413,667,492,1656,585,1257,2013,1222,1580,1297,1279
"EXOC3",1931,872,803,1037,915,1566,1267,1349,2176,1147,1314,4108,1132,1886,1571,1475
"SLC25A1",3166,2159,1484,1271,1693,3124,898,1154,1842,388,844,2675,1175,1429,1192,962
"SLC7A1",905,1620,1013,2455,1381,940,570,520,1831,908,3655,1310,1325,4044,1796,2048
"ARL8B",2511,2819,1699,1880,2317,1502,498,301,1116,995,1521,2596,791,2737,1473,1304
"TOP1",118,1495,1335,2671,1706,885,390,206,1415,4675,7777,693,1478,3361,3431,4027
"ACLY",3631,3303,1898,3145,2275,1953,479,342,1414,470,1498,1631,1023,1486,1393,1171
"PEBP1",7233,2889,2138,3308,2878,3034,937,393,1165,170,339,5538,1125,1359,1163,613
"CRLS1",1571,1015,772,1619,1097,872,876,663,2328,738,1626,2749,1465,3135,2723,1973
"TSC22D1",91,2701,2155,2767,2117,1533,869,370,1755,980,2015,3273,1009,2952,2104,1684
"DDIT3",1104,449,459,829,462,3094,1037,1095,1961,2497,2443,2555,1145,7030,1260,2144
"GCAT",4562,453,521,821,464,612,2881,4101,4073,306,772,3476,1576,4935,1754,1448
"ID2",423,6063,4737,6379,4939,1345,260,48,376,7973,2615,742,811,1321,1972,2062
"MXI1",160,903,929,1386,1199,802,457,448,1993,4060,5649,1685,1445,4367,3352,3173
"UBE2F",1981,623,558,1176,870,1081,1088,970,3298,1242,1812,2803,1331,2115,2339,1847
"HECTD4",527,851,838,2196,1025,1145,448,330,1419,5063,6078,1182,1216,2610,2392,3473
"HDAC3",797,1128,892,1351,1301,1418,858,598,2608,701,1889,2842,1683,2843,2241,1854
"CSTB",1835,3014,1994,3742,2123,6907,250,143,656,942,1573,2835,966,1712,1970,949
"ARFRP1",2193,581,499,731,583,1223,2188,2834,3125,726,929,4750,1502,2641,1713,1356
"CKAP2",588,1141,843,1747,1101,508,473,562,2426,1321,4618,1114,1609,4747,3769,2672
"POLR2G",2832,1329,1044,1625,1335,1828,910,888,2149,410,558,4850,1317,2414,1793,1095
"IDH3G",4585,975,789,1189,1022,1645,1093,901,2102,751,1025,2843,1509,1894,1399,1473
"AKT2",1152,1533,1280,1687,1344,2038,603,369,1505,1351,2055,2355,1343,2288,1383,1925
"ECHS1",4383,2061,1573,2209,1965,1986,1263,737,1545,308,393,5321,1172,1597,1335,629
"CHTF18",6096,684,571,1678,730,1534,1199,911,3077,486,1114,1807,1860,3377,1330,1491
"CCDC12",1942,857,660,1525,801,1254,1840,1333,2665,810,707,4637,1501,1764,1790,1330
"PNRC2",978,1095,843,2117,1288,800,668,425,2232,1752,2431,2987,1070,2397,2267,1979
"CAP1",1802,3756,1972,2177,2674,4301,398,224,806,626,1118,6756,830,1532,1196,1001
"GSTP1",5205,292,335,1751,717,7303,984,2172,333,891,861,27488,794,1830,1827,893
"LINC00152",1677,489,456,872,506,1272,2230,1934,2844,1344,851,2758,1421,2916,2232,2354
"STAU1",1368,1225,774,1692,1229,852,629,635,2151,1144,3022,2074,1239,2517,2125,1894
"CNOT10",1337,704,579,1117,793,986,1181,990,3274,622,1307,3367,1847,6022,1974,1608
"OGDH",473,2039,1221,1628,1651,1738,534,356,1515,2026,2828,1731,1311,2181,1679,2286
"PMPCA",3833,1695,1204,1726,1549,1625,1276,935,1779,585,588,3229,1162,1389,1369,961
"DNAJB11",4264,1170,740,2047,1002,1534,764,443,2095,633,1283,3619,1377,1943,1813,1454
"ESYT1",3514,5579,2920,1736,3851,3244,457,269,1099,289,877,4679,817,1621,804,751
"DDX49",1775,1285,961,1578,1208,1512,1514,1101,2234,636,734,4348,1327,1688,1378,1144
"USMG5",1963,1331,1038,2432,1376,1511,1246,696,2153,645,719,4039,1364,1226,1760,1168
"FZR1",782,786,631,982,706,1288,933,1038,1947,4681,3267,1247,1366,1942,1841,2656
"NFATC3",3435,1785,1077,898,1475,1039,927,591,2267,807,1104,4583,770,1605,1844,1541
"STK40",1012,1318,873,983,1160,2184,816,729,1257,2020,2110,2740,1094,2588,1317,1711
"STAT6",5820,2024,1442,1739,1951,2561,361,168,1123,1897,1823,2493,749,1335,1145,1538
"CD44",1506,3935,1736,2592,3127,2187,317,156,580,2244,2102,4584,649,1762,1053,1098
"PPP2R5D",1171,1214,884,1217,1162,1176,767,788,2292,643,1727,2437,1685,3446,1827,1899
"LRRC59",437,3875,2236,3689,2886,1711,509,155,1402,620,1478,2088,1678,2045,1717,1725
"UFD1L",3348,996,699,1626,892,1145,915,683,2109,977,1361,2610,1265,1774,2230,1731
"SLC11A2",1169,1163,981,1651,1202,1092,490,423,2177,1120,3347,1469,1336,2728,2426,2347
"CDKN1B",141,882,690,1270,1033,1118,603,685,2339,3040,3676,2483,1257,4728,2819,2447
"YPEL5",522,771,830,1331,1013,1420,476,368,1378,5045,3705,2265,1350,1980,2896,2874
"GID8",715,1356,982,1219,1306,1214,579,472,1969,1904,2210,2449,1259,2502,2141,2152
"TOMM22",1932,1698,1180,1850,1443,1330,1005,302,2484,608,918,4192,1608,1259,2088,1428
"CPSF3",3694,1175,870,1809,1279,1089,878,849,2382,412,954,3065,1388,2180,1814,1304
"FPGS",3395,1598,1152,1415,1535,2054,1547,912,1910,241,577,4697,1242,2070,1268,868
"TRABD",2839,935,740,1277,851,2368,1349,1311,2153,389,626,10606,1230,1912,1265,934
"MAP3K11",3179,1154,815,1185,1057,1784,1082,857,1908,765,982,4562,1232,1720,1278,1283
"LINC01578",679,861,808,1314,996,1322,715,408,2267,1792,2102,3670,1616,2210,2375,2213
"PAK1",1159,1029,1348,1822,1456,929,775,622,2099,497,2055,2944,1524,2875,1799,1470
"NDC80",1621,630,532,1839,779,670,832,722,2990,767,2230,2108,1534,3859,3041,2274
"SYF2",1724,1103,907,1610,1072,1405,595,475,1606,1986,1508,2950,1132,2951,1585,1563
"LASP1",1648,2035,1545,1694,2007,2892,385,229,1015,1324,1698,3151,1060,2106,1425,1291
"PKD1",2317,562,397,1595,501,1239,1307,2353,3043,957,1828,1889,1292,5540,932,1263
"SEC22C",696,1938,1127,1993,1345,723,654,402,1890,910,2639,1708,1557,3158,1993,2277
"DNTTIP2",2342,1610,1013,2417,1217,1225,530,296,1580,1436,1680,1621,1443,1526,2124,2106
"RNASEH2B",2042,1347,1113,1703,1373,1402,807,411,2285,424,1055,2725,1450,2691,2255,1602
"NUDCD3",2306,1119,727,1086,1010,1273,1172,979,2071,590,1312,3034,1586,2413,1566,1475
"GAS2L1",1019,1541,1505,2276,1871,1219,946,510,2650,401,1156,1516,2520,2489,1596,1138
"FXR1",1827,1568,1472,2298,1679,1431,464,332,1363,1019,1768,2499,1062,2212,1680,1418
"NUTF2",986,1451,1106,2305,1443,1368,681,436,2116,751,1352,2213,1446,2123,2094,1883
"CCDC85B",4544,1028,1022,1149,1063,2233,2290,2177,2510,394,227,8418,1417,853,1167,663
"TPSAB1",27279,27256,11173,3877,6069,616,1068,137,682,510,21,15987,1022,99,642,400
"DDX42",1781,1712,1130,2279,1527,1490,592,338,1779,738,1506,2462,1201,2429,1551,1501
"COLGALT1",3919,1703,1111,1706,1413,2423,1020,520,1483,283,703,6972,1208,1845,1271,860
"BLOC1S1",2799,381,382,803,471,1073,1866,2505,3655,1020,827,4712,1574,1850,2337,1509
"ANAPC7",4183,1272,812,2139,1116,1082,858,689,2039,619,1166,2595,1135,2042,1659,1201
"HDAC6",1999,666,584,1255,844,1277,678,659,2073,1317,2673,2070,1251,3901,1620,2023
"DDX6",953,1660,1034,1533,1409,1017,530,251,1801,1585,2268,2589,1475,2980,1791,1723
"OGFR",1979,774,705,1349,896,1797,1048,814,2055,927,1141,3764,1514,2086,1445,1473
"RTN3",2014,2123,1466,1946,1796,2820,433,335,974,1101,1176,5450,826,1943,1118,967
"ATIC",3294,2471,1612,2230,2140,1792,1131,462,1587,316,513,3143,1278,1589,1232,881
"CABIN1",2477,1444,1046,2095,1375,1497,655,566,2235,438,1346,2367,1441,2393,1173,1386
"OCIAD1",1922,2024,1539,3187,1942,1427,443,225,1477,657,1359,2252,1104,2440,1647,1444
"SLC38A10",2858,1354,1033,1315,1355,2654,670,633,1659,591,956,6269,1108,1631,1115,1059
"ARPC1A",695,806,766,1069,1000,1126,805,687,2660,1199,1975,1999,1664,3193,2506,2103
"TMUB1",2044,978,747,1330,1025,2128,1377,1460,2264,960,741,2278,1299,1408,1487,1154
"FAM193B",3330,571,568,1584,752,1569,698,734,2687,1216,1975,2307,1188,2473,1513,1466
"NUP85",2414,1099,801,1532,1065,1128,949,538,2397,484,1381,2724,1416,2548,1956,1616
"PPT1",2130,2463,1695,1728,1705,3735,608,463,1025,321,743,9463,839,2050,1148,758
"GRSF1",1665,1777,1420,2056,1761,1148,555,238,1043,2433,1244,2429,952,1471,2066,1897
"GGA2",3703,1480,1099,1578,1638,1787,719,448,1650,449,984,3461,1140,1983,1442,1311
"RSAD2",222,689,943,1459,959,1503,722,519,1546,5281,5275,981,801,1681,3646,3837
"FANCD2",1651,892,655,1314,961,952,756,712,2217,680,2027,1965,1459,3944,2298,1926
"BCLAF1",456,2089,1193,2326,1595,843,634,372,1894,824,1619,2301,1760,2385,2373,1926
"PHKG2",5408,622,554,1312,667,1294,1087,1018,2860,658,1013,3713,1352,1742,1699,1411
"RCCD1",478,662,704,1312,901,749,1002,994,3402,661,2327,1523,1995,4535,2887,2231
"FAM3A",2385,688,994,1360,922,1453,1093,1127,1702,1117,963,2250,1290,2618,1499,1210
"GSS",3324,1602,1203,1610,1581,1678,1000,871,1799,340,613,2645,1312,1905,1473,1031
"ALKBH5",500,1352,1399,1527,1834,1460,682,399,2085,1015,2129,1729,1345,2148,1921,1975
"CTCF",870,1072,780,1719,1029,637,829,597,2495,980,2682,1944,1351,2974,2208,1973
"MRPL2",1880,712,743,1328,929,1066,1237,1049,2939,499,808,3269,1899,2889,1957,1276
"MRPL14",600,865,797,1565,942,1201,1665,1221,3026,734,729,4217,1709,1639,2245,1402
"UBE2O",1205,602,603,1483,678,724,842,475,2235,3475,4437,1846,1347,1345,2171,2803
"GRAP2",1837,727,897,662,684,1468,1028,756,1845,2415,2336,1730,1230,2983,1104,1995
"ATPAF1",650,1226,1019,1605,1327,787,901,633,2297,702,1370,2612,1629,3016,2328,1751
"FKBP1A",5232,2394,1573,2193,1968,1926,844,540,1149,366,428,6057,919,1612,1139,617
"KRI1",2470,890,693,1516,934,1232,1306,777,2072,840,992,3394,1422,2158,1287,1405
"ST6GALNAC6",1230,490,552,1181,734,1046,1064,756,2356,1576,2359,3031,1343,2112,2227,2120
"PIK3R2",749,1978,1588,1737,1681,847,651,364,2025,762,2207,2601,1629,1713,1556,1607
"DCAF12",128,1043,924,1334,1179,912,483,367,1113,10213,7207,1502,1023,1436,3613,3755
"MRPS7",1627,1537,1090,1686,1477,1141,1029,667,2023,643,746,3000,1483,1539,1928,1252
"MTMR3",852,771,719,1326,885,1426,448,406,1327,4476,4884,1743,933,1934,2129,3005
"SERPINB1",4450,1375,1509,1255,2562,6016,345,724,491,315,698,32499,625,1681,850,561
"NADSYN1",6225,1052,992,1485,1166,2230,761,611,1485,767,883,3524,1010,1811,1052,1047
"MDH1",206,2675,1960,3127,2381,1697,349,155,1591,757,1683,2876,1563,2178,2632,1998
"ARPC5",1809,1974,1141,1658,1763,2480,532,305,1378,507,969,6210,986,1654,1981,1251
"PHF19",1728,1282,773,1560,1068,1038,720,676,2166,620,1623,3052,1358,2063,1911,1616
"MAVS",3703,1181,1081,1283,1390,1750,994,653,2019,457,835,3606,1044,2444,1241,967
"MTMR14",1043,1089,803,913,1091,1951,632,622,1719,1942,1912,3231,994,1872,1645,1870
"FKBP3",1393,1639,1171,2422,1415,1286,833,434,2163,417,744,3440,1364,1979,2409,1256
"SLC36A1",994,654,1079,2588,641,1050,633,521,1908,1787,3050,1485,1248,2190,2352,1984
"FBXO9",1360,1145,961,1450,1275,970,440,415,1447,2097,3491,1948,1112,1225,2435,2357
"TMEM141",1213,1627,1087,1550,1578,1322,1244,1160,2456,401,655,3054,1140,2166,1577,1019
"SRSF10",809,1656,1191,2343,1739,765,477,312,1607,941,2053,1835,1622,2487,2325,1965
"HDAC2",459,1787,1324,2474,1721,1390,414,208,1618,986,2192,2042,1449,2983,2364,1888
"ESPN",2242,1719,913,3536,1198,621,1213,714,1604,675,391,3619,2408,3691,576,1205
"KLHDC8A",185,705,986,1564,949,1169,597,395,1594,4955,5155,1152,1088,2566,2580,4075
"MLH1",515,876,1078,1631,1393,1117,564,372,2074,788,2235,1800,1741,3995,2679,2375
"LSM3",749,1211,980,1898,1323,1346,774,488,2402,656,1134,2880,1579,2298,2276,1577
"EIF4A3",157,2796,1664,2365,2489,2046,439,221,1273,768,2162,1706,1682,2773,2171,2214
"PIDD1",3103,534,566,1418,755,994,1155,1163,3225,689,1345,1512,1568,2697,1738,1678
"GAPVD1",634,754,718,1358,790,1102,757,620,1695,3832,3229,1804,1121,1672,2148,2543
"ASPM",774,874,622,1940,939,813,482,410,2378,1076,3823,1259,1597,4156,2905,2490
"CENPW",1911,660,541,1775,727,745,953,678,2647,807,1334,2223,1597,3025,2643,2150
"VRK3",789,676,660,620,844,1250,990,1259,2638,1461,1922,2401,1433,2374,2175,1941
"NUP98",565,1625,1048,2177,1337,1209,499,309,1476,1462,2898,1955,1211,2618,1789,1969
"MAFG",438,1206,745,1231,1044,1850,434,374,1249,1782,3929,1770,1545,3618,2027,2602
"SCAF1",976,1305,1095,1726,1378,2021,642,472,1638,1171,1668,1702,1544,1912,1309,1654
"SNRPE",286,1664,1392,2263,1635,1289,1237,558,2756,447,694,4444,1493,1773,2307,1333
"KLF6",577,1299,1213,810,1664,1436,495,503,1816,1842,3220,830,1467,2193,2518,2126
"CISD2",781,669,548,956,741,726,1085,868,2528,2270,2430,2451,1186,2262,2584,2081
"PPIE",1209,890,756,1081,975,1181,1252,1049,2451,532,923,4089,1715,2276,1965,1365
"CWC15",2388,1079,853,1949,1122,1136,586,299,1989,1220,1358,2727,1216,2032,2061,1560
"CD164",268,3474,1977,4417,3587,1481,279,156,990,957,2332,1760,1038,2729,1911,1578
"C17orf62",3623,874,796,895,861,2789,695,977,1971,653,1026,5250,952,1608,1476,1171
"POLR2H",1431,945,897,1619,1167,1341,1064,650,2174,663,879,3175,1487,2101,1795,1417
"GAK",3279,1065,776,1702,1011,1873,694,401,1670,938,1612,2390,1214,2004,1288,1445
"VPS25",1084,1321,1167,1761,1374,1482,811,554,1983,648,1129,2603,1268,2108,1766,1384
"CNTROB",3167,1050,746,1278,1149,1507,815,595,1987,619,1710,1506,1399,2820,1448,1372
"CDKN2C",64,971,875,1963,1154,1027,539,582,2382,1613,4420,1574,1857,3320,2791,3020
"HAT1",131,1566,1035,1769,1406,937,655,295,2591,796,2147,2247,1962,3760,3366,2533
"GSE1",1494,1941,1176,3097,1588,1111,483,247,1376,622,2481,1669,970,3048,1647,1643
"PLOD3",1279,1223,900,1292,1028,1781,727,486,2010,934,1932,1117,1584,2430,1992,1737
"WDR74",7270,1043,828,1682,969,1423,1696,811,1968,525,397,3508,1174,1485,1375,891
"SNX5",1739,2510,1808,2899,2183,1523,428,243,1313,389,1248,2150,1031,3309,1372,1198
"HINT2",2005,478,452,986,626,976,1817,2044,4124,458,807,3179,1687,2941,2102,1251
"DLST",587,1456,1086,1643,1545,1577,453,282,1423,1353,2434,1604,1427,3438,1650,2118
"ZNF692",4479,510,615,1421,780,1769,1002,742,2412,584,938,2935,1390,2766,1634,1233
"MRPL11",1521,1242,1155,1892,1463,1433,1132,715,2252,372,331,4574,1582,1970,1922,1124
"AAAS",2007,1254,1090,2195,1480,1425,671,418,1769,557,1385,1898,1302,2382,1512,1409
"ITFG3",3056,1302,854,963,1049,1693,855,915,1899,620,825,3386,1391,2255,1193,1062
"METTL13",693,1791,1578,1195,1919,1361,962,470,2145,520,1155,2149,1293,2680,1805,1232
"DCTN1",4087,1857,1339,1471,1678,2093,788,486,1310,522,809,3192,1039,1614,1011,960
"HADHB",769,1939,1533,1808,2186,1859,435,233,1101,1028,1709,2318,1043,2592,1682,1652
"FAM111A",3719,735,558,1379,818,1303,718,506,2475,581,1915,2674,1129,2521,2020,1687
"HEXIM1",908,1489,1198,2017,1484,2527,393,237,1030,2715,2631,1357,1142,1453,1452,2046
"SHC1",1899,1381,1003,1468,1228,1460,588,579,1491,1139,1722,2142,914,2119,1373,1441
"SEC61B",1015,1244,1032,2629,1272,1812,620,363,1729,718,954,3426,1281,1915,2072,1520
"SETD8",573,640,496,1140,779,711,937,838,3204,918,3017,1940,1706,3859,2467,2149
"GYPE",328,468,774,2152,986,1011,755,548,2101,1385,3823,1479,1313,4405,2702,1940
"RELA",940,1334,976,1170,1258,1768,728,440,1852,1652,1541,2549,1166,1563,1486,1629
"GOT2",4715,2060,1295,2398,1866,1410,756,494,1481,311,770,1841,1068,1926,1179,1119
"COX6A1",1245,1144,998,2377,1295,1518,682,363,1807,808,1157,3181,1355,1469,2058,1482
"ABHD5",159,658,616,1317,794,1341,818,443,1912,2611,3407,2304,1641,3593,2573,2519
"RAB10",515,1854,1131,1775,1755,1022,392,311,978,2354,3089,1300,1052,2971,2081,2000
"ANXA7",324,2384,1740,2760,1956,1751,283,175,698,2636,2937,1373,971,2299,2075,2227
"TOR1AIP2",1438,881,691,1316,928,1149,839,640,1993,1703,1736,2545,1078,1593,1828,1653
"INSIG1",653,2441,2511,2371,2765,3978,324,277,1324,692,1992,1347,782,1024,1867,1407
"CDCA8",409,1128,856,1926,1315,836,362,341,1972,913,4120,1283,1693,4586,2323,2753
"NOP58",3473,2542,1523,3605,2057,1504,543,194,1543,319,700,2246,1103,2110,1448,1152
"UBE2B",183,886,938,1370,1138,1214,450,273,1424,5920,4158,1414,1107,2164,3444,3116
"ZBTB7A",1747,1504,828,1617,1108,1133,621,491,1394,1839,2611,1305,1021,1951,1316,1562
"YIF1A",742,936,824,894,982,1458,1067,1173,2346,1170,1287,2170,1342,2042,1798,1393
"MRPL54",1137,624,611,1075,669,991,2224,2363,2560,743,608,5713,1313,1858,1771,1001
"FAM89B",864,714,531,1056,746,1131,623,720,2316,1516,1775,2771,1813,2616,1911,2295
"ELAC2",3188,1885,1284,2345,1538,1486,690,358,1624,454,1094,1724,1313,1686,1174,1246
"C19orf70",3712,801,683,1305,806,1320,2293,1707,2419,405,377,4167,1454,1362,1500,883
"AKT1S1",1297,778,772,1169,935,1618,884,796,1657,2415,1814,1768,1115,1231,1475,1820
"STAT5B",991,1892,1364,2177,1856,1716,409,271,1307,978,1564,1993,1108,2535,1513,1339
"PAIP2",139,1554,1194,1822,1507,1381,404,289,1555,2579,2220,2490,1242,2516,2354,2231
"PMM1",309,387,511,563,442,873,1310,1641,4145,955,1749,2828,2178,5088,3052,2280
"ATP6V1C1",1930,1289,1035,2031,1233,1328,450,231,1107,2316,2156,1487,940,1945,1925,1705
"SIPA1",797,336,366,649,551,1510,1416,1178,3685,764,1396,6250,1869,2416,2140,2080
"CS",1026,2355,1539,1694,2128,1721,605,343,1382,462,1515,2338,1042,2253,1365,1229
"SPCS3",1282,1832,1157,1580,1571,1475,548,586,1242,543,1132,3119,1182,2026,1817,1302
"FAM96B",2017,1303,1042,1898,1428,2155,729,446,1426,889,890,2236,1237,1496,1470,1178
"PRRC2C",6261,1696,1158,2265,1613,911,828,405,1299,526,969,1868,1115,1619,1371,976
"REXO1",3663,1237,969,2090,1074,1194,1067,907,1689,981,1071,1495,929,1263,1012,1157
"CLIC2",595,991,912,1723,1141,1148,473,257,860,5038,4684,972,802,1990,2805,3074
"AEN",1386,1035,836,1672,1093,1168,1182,358,1957,1081,1174,2325,1180,1710,1679,1962
"SF3B6",558,1369,1132,2716,1580,1372,531,331,1823,925,1202,2692,1372,2137,2108,1359
"PRCC",2515,1101,879,1387,1076,1375,853,560,1477,1072,1136,2822,1058,1526,1552,1373
"CASC3",1916,1429,934,1058,1196,1297,637,410,1715,1022,1840,2102,1145,2276,1477,1453
"SSX2IP",640,1117,850,1967,1188,640,635,456,1975,1006,2373,1470,1395,3010,2429,2199
"LOC81691",1020,475,645,700,800,955,936,1146,3232,1012,1580,2644,1600,2385,2460,1766
"SLC25A11",2796,1017,877,984,1003,1685,967,905,2071,393,877,2892,1338,2128,1645,1124
"SLTM",2324,1295,870,2064,1220,945,758,462,1580,722,1456,2520,1119,1694,1671,1372
"SSB",569,2140,1496,3870,1638,1448,463,183,1499,934,1331,1854,1404,1932,1817,1585
"TMEM222",2230,835,634,1078,794,1270,1435,1013,2164,708,1039,3177,1171,2019,1303,1318
"MDM2",471,1343,1287,2236,1496,925,484,291,1503,1198,2104,1902,1112,2521,2121,2435
"RMND5B",1055,735,690,860,872,783,891,813,2903,866,1633,2323,1649,2838,2145,1728
"CPEB4",124,702,821,1095,1002,2322,431,212,1002,9754,7199,483,1383,1961,4652,4501
"NELFCD",1107,1556,1201,1956,1612,1265,658,297,1763,650,1513,1933,1270,2112,1553,1603
"SUCLG1",937,1448,1118,1755,1480,1381,640,404,1845,562,1007,2879,1393,2447,1811,1347
"CAPZA1",571,3175,1983,3792,2445,1505,240,120,988,605,1986,2354,1157,2765,1721,1475
"PARP10",1238,550,539,758,641,1319,1180,1413,2825,724,1350,3780,1594,2402,1556,1414
"FUNDC2",365,961,789,984,1122,993,853,629,2228,1103,1416,3184,1643,2705,2161,1960
"USP39",1771,1415,1026,1859,1291,1262,596,418,1615,570,1297,2507,1143,2195,1636,1420
"KDM5C",2434,1975,868,1509,1107,2023,461,291,1306,1824,3262,1443,813,1634,922,1269
"PTPRA",1984,1436,850,1277,1323,1167,512,431,1732,515,1996,2174,1277,2604,1425,1688
"SCYL1",1042,1011,848,1323,1063,1801,472,431,1481,1924,1747,1395,1306,2645,1641,1790
"ESD",261,2074,1649,2574,2054,1611,446,299,1425,464,1353,2604,1319,3427,1945,1459
"YME1L1",179,2210,1514,2257,1986,1297,460,272,1440,957,1988,1739,1373,2909,1901,1868
"FN3K",427,1508,1462,411,1121,1899,1030,423,3134,840,2602,1137,1099,5845,770,2168
"ARMC8",595,1285,969,1759,1070,664,568,403,1982,1143,2505,2011,1183,2506,2210,1913
"KIF18B",868,672,521,1820,772,581,825,613,2685,903,3335,1312,1489,3271,2109,2208
"TMEM8A",2108,918,761,1331,989,1504,765,804,1875,766,1145,2275,1418,1883,1047,1633
"ACADS",1557,431,285,498,681,1622,2268,1888,1308,647,1604,2452,2301,2561,1821,1848
"SYNGR1",764,1367,1858,1689,1955,1459,983,695,2220,154,818,3746,1296,3838,1435,600
"NISCH",4494,1139,843,1271,1068,2376,643,596,1439,424,878,4304,1033,2073,1100,1015
"COPG1",968,1809,1383,2095,1722,2141,435,270,1294,787,1581,1788,1157,2195,1286,1418
"MRPL55",3180,511,497,1083,630,854,2071,1986,2802,592,622,3478,1483,1534,1639,1126
"TOMM40",2561,2095,1445,2886,1800,1571,950,380,1439,329,602,2264,1304,1313,1124,1016
"SNRPG",1163,1368,1019,2704,1246,1189,705,340,1899,493,854,2752,1510,1958,2117,1371
"PPP2R1B",911,867,687,1188,931,573,745,486,2665,987,2272,1613,1713,2480,2847,2027
"SLIRP",5737,1154,1017,2079,1189,919,1007,436,1936,484,562,2999,1207,1220,1719,1078
"STT3B",717,1831,1224,1707,1641,803,666,494,1536,498,1395,3543,1206,2544,1720,1224
"NPL",560,1382,974,2005,1314,934,522,450,1354,1703,2282,1186,1143,2327,1944,2055
"SP100",1732,884,756,1436,1084,1089,446,390,1531,1377,2472,2061,1089,2023,2096,1724
"SMARCA5",459,1438,952,1712,1386,856,599,347,2310,556,1840,2133,1610,3573,2280,1620
"PPIB",990,2416,1645,2437,1884,3195,475,230,1024,604,698,5503,943,1602,1290,935
"VAMP2",1076,939,892,597,987,1735,560,730,2208,1044,1718,1739,1424,2386,1773,1808
"TIMM17B",988,545,496,1000,584,1343,1186,1138,2329,1120,934,4196,1436,2654,1964,1289
"UBAP1",918,740,811,1211,906,1354,450,274,940,7287,3764,1229,985,1224,2208,3139
"CLK3",754,444,532,1313,640,1394,720,537,1679,2515,3573,1722,1372,2048,1973,2253
"SSSCA1",1347,578,491,1156,665,738,1850,1434,3059,1207,761,3270,1411,1409,1964,1270
"BAD",862,587,453,681,528,870,1848,1938,3722,694,872,3819,1777,1802,2380,1505
"NOLC1",1005,3247,1976,4166,2460,1592,717,172,1490,393,810,2024,1181,1283,1291,1006
"TONSL",2291,683,793,1672,975,1200,872,904,2568,423,1008,1867,1492,2817,1300,1173
"VIM",3854,4771,2358,777,3940,10517,389,299,121,185,740,14470,659,1697,1115,417
"SEC11A",2519,2563,1869,2981,2266,2454,458,209,1094,347,742,3043,839,1814,1117,839
"GNG5",387,1947,1335,3002,1812,1863,312,159,1242,889,1978,2859,1288,2039,1772,1567
"SLC2A4RG",1527,592,502,1179,822,1818,708,1106,2260,271,1578,2416,1214,5633,1573,1499
"PBXIP1",3055,1024,876,682,878,1869,694,574,1363,2004,1011,4836,825,1295,1233,1103
"RAP1A",430,1737,1290,2385,2075,823,386,305,1082,888,2423,1466,1251,3006,2215,1755
"PRPF40A",1191,1953,1218,1994,1678,882,513,257,1386,593,1709,1942,1257,2374,1781,1461
"CTNNBL1",5858,1488,1112,1461,1100,1758,764,525,1332,412,651,4470,965,1273,1138,946
"LPCAT3",380,1134,1003,2223,1336,1326,628,518,1613,364,2112,2287,1164,3943,1425,2211
"ATAD2",686,846,593,1699,954,536,539,444,2114,702,3297,1225,1650,5077,2831,2225
"TPR",1020,1650,1176,2699,1668,1395,370,170,1363,825,2157,1284,1201,2746,1618,1721
"TSPAN14",926,976,665,1477,1023,1546,560,446,1727,574,2362,2768,1408,2130,1825,1836
"BCL2L12",924,775,710,1096,847,976,1014,661,2596,828,1403,2070,1739,1840,2092,1776
"EXOSC10",2579,1604,1168,2787,1674,1408,449,236,1520,469,1428,1445,1086,2329,1222,1457
"NF2",2860,1670,1197,2046,1503,773,791,679,1824,424,783,1772,1135,1685,1322,1135
"TOX4",608,1079,955,1180,1294,1107,581,382,1792,1575,2040,2086,1151,2123,1767,1860
"IFT122",2526,553,505,829,536,822,1729,1396,2766,773,1422,2320,1194,1877,1595,1422
"NDUFAF3",681,826,786,1451,984,1329,504,488,1883,986,1959,1707,1473,3483,1801,1890
"CHD2",548,1307,1020,1567,1359,1711,527,248,1098,2858,2938,1233,877,1919,1566,2089
"CALM1",4963,3015,1820,3839,2416,2687,306,172,950,258,533,3079,981,2085,1268,543
"ZFAS1",2609,1146,1124,1745,1376,2503,907,584,1490,424,549,7007,713,2119,937,572
"HBS1L",856,2528,1473,2323,1819,535,571,303,1252,757,1588,1643,1169,2459,1745,1353
"SDHAF2",1190,851,655,965,854,1074,1179,1075,2244,946,1069,3316,1105,1382,1789,1398
"VRK1",663,996,787,2110,1043,720,627,398,2175,607,1760,1883,1655,3337,2306,1835
"U2SURP",426,1778,1281,2783,1668,686,534,255,1677,795,1978,1468,1373,2447,2128,1754
"HYOU1",518,2310,1146,1489,1497,2105,510,249,1245,937,1947,1994,1007,3393,1189,1346
"POLR3C",1806,606,503,1003,684,882,923,1226,2602,979,1687,2114,1011,2503,1567,1516
"ZC3HAV1",856,1209,978,1098,1110,2171,366,290,1523,2254,2717,1272,935,1523,2114,1991
"COPA",651,2179,1637,2679,2157,1952,222,218,895,938,2443,1288,926,2838,1304,1692
"POLR2J",2168,551,541,1322,589,987,1923,1726,2416,824,734,2545,1354,1297,1649,1133
"ITPA",4676,1186,1218,1800,1324,1445,1032,576,1663,412,383,3752,964,1442,1243,834
"SSBP4",1458,1370,1049,1841,1237,1479,708,685,1579,514,761,3004,1286,1698,1023,1417
"UQCRFS1",215,1279,1001,1137,1307,1064,998,624,2608,642,1086,4094,1349,2114,2367,1410
"PCSK7",2923,949,910,1773,1163,918,853,496,1877,800,929,1456,1543,1886,1226,1342
"SUGP2",3427,1006,536,1126,828,1221,749,605,2136,461,1257,3215,1120,2507,1384,1319
"WBSCR22",2558,1621,1099,2045,1356,1139,1002,388,1570,431,557,3080,1282,1486,1493,1036
"MAPKAPK2",1569,1835,961,1112,1246,2124,673,606,1164,927,1098,5816,806,997,1160,905
"ABCB8",1706,987,744,1146,1088,1050,1066,892,2153,572,910,1967,1429,1875,1485,1417
"NUP50",1484,979,634,1868,822,716,640,438,2075,1097,2044,1782,1290,2191,1764,1641
"PRMT1",1087,2706,1846,3255,2289,2403,748,441,1005,347,523,3519,1006,1150,1060,725
"TIAL1",536,1298,949,1848,1374,1202,502,295,1621,1308,1746,1987,1194,2394,1899,1580
"KIAA0232",942,641,548,932,587,819,663,459,1793,4389,3565,1253,979,1755,2427,2800
"ECI2",537,1156,999,1140,1389,883,984,677,2632,699,920,2684,1355,2570,1683,1213
"GATAD2A",3029,2032,1157,2409,1582,1248,489,264,1180,753,1420,1925,947,1555,1027,1144
"PCGF5",1046,1050,836,1341,1103,584,375,207,930,6366,4428,920,978,1801,2618,2564
"BCCIP",1222,1758,1128,2699,1441,933,592,205,1890,546,936,2268,1574,1690,2071,1382
"ARL2",2654,842,902,1221,1046,1818,1297,1246,2201,349,482,2823,1417,1484,1376,774
"C17orf89",3935,774,664,1563,773,787,2116,1022,2803,319,400,4096,1428,1197,1656,996
"PDCD4",1382,2526,2178,1732,2771,1026,592,425,1252,516,694,3246,948,2108,1061,594
"SLC4A2",2084,1490,896,1589,1474,2227,713,400,1312,525,1131,1643,1476,1640,1005,1353
"DGCR8",2205,811,496,1474,734,835,1131,1337,2261,428,1345,2334,1225,2352,1184,1380
"RMDN3",699,834,781,1913,1017,863,502,271,1830,1390,2639,1249,1442,2412,2293,2450
"IGBP1",1081,1081,984,1299,1265,1377,555,488,1666,866,1228,3012,1014,2586,1434,1219
"MRPL52",11231,1242,989,2020,1250,1585,1553,1009,1459,280,239,4658,924,928,1058,442
"MAN2B1",5952,1032,738,867,957,4506,637,727,1003,314,801,16971,867,1545,758,475
"TAX1BP1",616,1227,807,1653,930,923,414,265,1270,2384,2600,2061,1071,2262,2184,2034
"TBRG4",3098,1669,1243,1732,1512,1585,1019,479,1313,370,567,2902,1007,1259,1190,1047
"CDCA4",651,889,708,1518,914,795,617,586,2206,510,2598,1553,1573,3446,1982,2081
"KIF26A",100,332,1967,2405,1149,382,673,471,1464,2526,2397,731,3211,3205,2483,3912
"UBE2L3",2146,1483,958,1769,1174,1759,614,368,1393,610,936,3034,1046,1684,1321,1157
"SNRPB2",735,1356,1026,2567,1296,1051,755,397,1882,601,1000,3408,1081,1531,1748,1361
"XRCC3",1657,771,740,1246,746,1332,847,709,2208,392,1106,1988,1908,2724,1687,1350
"MAPRE1",547,2006,1052,1672,1392,1555,465,385,1422,592,1648,2289,1128,2283,1723,1482
"F11R",1182,1039,792,1020,1073,1566,614,470,1318,905,1859,3664,842,2354,1320,1549
"STAG2",447,1208,865,1845,1327,496,360,460,1557,1749,3132,1469,1090,2840,2090,2023
"MTDH",474,2195,1383,2102,1856,1057,479,330,1346,461,1423,2661,1187,2338,1955,1284
"CDC45",1202,825,708,1282,982,1076,818,525,2383,448,1204,1984,1666,3746,1906,1244
"TRAF7",360,1652,1303,1217,1581,1662,521,605,1561,687,1655,1672,1289,2769,1453,1255
"COPS5",450,1302,1130,2191,1290,1020,586,247,1701,1075,1340,2464,1203,1988,2253,1651
"TOR3A",1944,1033,714,1513,831,1363,626,375,1469,734,1030,2835,1258,2051,1832,1758
"UPF1",1276,1511,928,2207,1180,1744,671,318,1318,707,1415,2387,950,2282,1007,1243
"GADD45A",269,980,1108,2857,1408,1967,358,131,951,1767,3184,1563,1121,2527,1913,2814
"JOSD1",1189,1622,951,1404,1373,1428,549,390,1568,659,1414,2143,1111,1902,1510,1374
"C14orf119",1834,1027,868,1319,1060,1675,471,308,1383,1824,1445,3068,836,1452,1450,1351
"AQP3",373,1408,1224,1061,1841,894,675,404,2058,1083,2042,1078,1348,1764,1471,2747
"PDDC1",4539,1132,767,1399,879,1320,945,814,1810,463,717,2321,987,2319,995,934
"ARMC6",1526,1201,887,1427,1172,1065,859,568,1745,639,1096,2769,1019,1904,1387,1150
"NDUFAB1",696,1373,1102,1941,1407,1175,781,363,1861,523,778,3152,1473,1593,2038,1311
"B4GALT5",200,817,667,788,887,1452,370,315,1470,1756,3744,2729,1360,4208,2319,2974
"TMEM256",3863,443,457,787,540,806,1313,1606,3131,510,769,3408,1312,2022,1939,1140
"STAT5A",9265,2904,1596,2351,2825,2929,898,302,950,228,269,6352,757,1057,504,369
"SRP68",1596,1328,987,1134,1314,1247,676,377,1623,657,1276,2478,1202,1713,1610,1259
"TOM1",3125,937,742,699,909,2540,765,646,1458,851,801,4324,977,1707,1058,1052
"BCL2L11",533,1676,932,1293,1335,1096,387,309,1354,1347,2804,1245,1126,3464,1427,1996
"TSPAN5",275,259,444,900,675,683,903,827,2281,4065,4346,1367,1266,1966,3327,2834
"FDXR",1288,642,758,891,1137,964,1556,1016,2657,482,479,3363,1528,1624,1777,1500
"VPS29",3035,1085,724,1611,1071,1174,491,378,1493,614,1196,2369,1066,2167,1750,1410
"ODF2",1172,1092,749,1407,1011,927,671,449,1820,683,1801,1733,1521,2438,1577,1528
"PPP3R1",285,2006,1287,1788,1457,976,362,284,1108,2071,2475,2360,878,2421,1432,1610
"CLPP",473,1259,1049,1513,1327,1580,1021,909,2112,433,761,2462,1353,1702,1574,1128
"RAF1",926,1557,1092,2394,1505,1565,286,168,1092,931,2265,1528,1132,2513,1546,1884
"UBL7",927,740,728,882,879,1292,845,795,1721,1639,1348,2770,1167,1172,1678,1578
"TIMELESS",1526,1436,914,2001,1208,828,688,323,2083,376,1501,1383,1588,2270,1461,1629
"MYO9B",7392,852,554,1014,771,2191,871,671,1524,342,959,7723,874,1550,817,816
"BBC3",251,755,839,1268,936,3198,586,401,1240,2447,2349,1010,1285,3685,1197,2062
"CHD3",3994,1548,1171,1327,1377,2193,698,428,1217,416,737,3401,1150,1273,872,864
"PMPCB",290,1623,1291,1623,1549,1142,451,290,1688,821,1798,1447,1289,3259,1920,1772
"DNAJC5",3003,928,665,1394,928,2272,686,620,1525,531,901,4195,845,1706,1154,1016
"CNPY3",2642,993,650,832,782,2936,1036,1284,1729,207,407,19270,896,1643,866,728
"STX5",1730,639,588,506,725,1678,696,915,1565,1673,1452,3063,991,2098,1381,1409
"IPO9",2272,1116,810,1489,1102,1158,664,536,1683,424,1474,1603,1176,2322,1321,1413
"ATP1B2",103,174,329,1337,560,310,891,892,3755,1366,4872,1898,2722,4986,3230,4402
"CHPT1",554,1287,940,1674,1299,828,411,238,1492,936,2930,1299,1436,3173,2000,2013
"KIF4A",383,719,596,1301,776,634,622,532,2470,935,2996,1488,1551,3426,2532,2364
"HMGCS1",8252,5366,3077,5199,3989,3152,217,163,434,508,873,1280,461,439,904,706
"PTK2B",1671,990,912,1753,1132,2033,248,153,776,3112,4428,2213,671,1096,1299,2090
"TMEM106C",1483,1132,844,945,1024,1031,596,646,2060,487,1247,1658,1267,2436,1992,1648
"CDCA3",420,641,584,1239,761,788,755,514,3049,638,2021,2165,1667,3525,2483,1991
"PITPNA",638,1248,833,1251,1146,1191,718,427,1881,839,1684,1604,1238,2135,1771,1641
"TOMM5",1413,1649,1110,2775,1467,1345,775,360,1489,421,704,2489,1124,1393,1498,1098
"AKT1",1802,2698,1242,2794,1929,2085,281,156,1053,370,1452,1535,1126,2355,1227,1267
"ELMO3",1237,242,275,1274,406,563,1689,1531,3726,1504,1876,1749,1542,1537,2097,1908
"GMNN",230,1161,878,1896,1247,857,806,394,2740,530,1365,2164,1560,2521,2478,1707
"CALCOCO2",375,831,771,1075,867,1179,459,383,1579,1791,2690,1807,1063,4429,1818,2005
"NOL7",1671,1321,1079,2167,1342,1300,646,291,1425,705,988,1924,971,1890,1482,1252
"USP14",486,1442,954,2232,1251,607,507,245,1576,865,2578,1501,1441,1971,2374,2141
"PPP1R14B",1612,2421,1761,2995,2099,1790,850,323,1367,248,391,3590,1436,899,1215,645
"PPIP5K2",206,1803,977,2000,1628,290,628,291,1645,1091,2082,1398,1599,3281,3101,1895
"FASN",3734,3788,4013,4435,4274,5907,437,229,996,133,730,1170,729,527,602,558
"SEMA7A",1191,2215,1992,1866,1661,2470,366,163,696,1398,1698,1459,887,2220,901,1002
"TRAPPC3",1972,959,818,1199,985,1283,566,428,1225,1136,1193,3900,1004,1263,1413,1613
"MBD1",1822,1162,864,1575,1175,1199,441,318,1408,1127,1709,1441,1071,1898,1505,1551
"SEC16A",3171,1008,712,1615,923,1332,680,494,1583,663,1201,2180,973,1838,1200,1176
"BRI3",901,955,828,966,1006,3426,441,363,1095,1289,899,5552,918,2201,1446,1310
"DHFR",503,1111,910,2014,1389,751,490,362,2340,424,2215,1613,1325,3139,1926,1859
"C19orf60",3352,855,758,1064,801,1578,1812,1407,1657,446,448,4458,1214,906,990,826
"CAPZA2",355,1449,1147,420,1455,563,630,340,1828,1174,2520,1767,1399,3078,2629,2079
"UBE2K",629,1197,856,1625,1127,1028,531,259,1548,1384,1779,1908,1233,1992,2033,1649
"WBSCR16",1730,1736,1110,1569,1519,1232,876,471,1340,442,748,2410,1075,1586,1143,1176
"MED15",2533,1000,804,1858,1066,1780,520,420,2063,623,1149,2334,992,1625,1028,1104
"MYH10",751,1364,1266,2256,1608,576,603,312,1987,462,2297,734,1587,2682,1589,1795
"SLC22A23",663,514,557,1215,750,887,626,485,1523,3477,4393,638,1158,2240,1965,2683
"GPBP1",552,1039,786,1401,991,1189,546,391,1672,1240,1763,2202,1215,2099,1874,1587
"ARGLU1",719,1447,1124,2052,1365,1294,375,213,1224,623,1751,1991,1327,2782,1870,1512
"BUD31",338,901,679,1372,907,1128,763,424,2049,1229,1606,2502,1314,2412,1841,1705
"TSR3",532,937,813,910,934,1356,1210,974,2159,965,747,3070,1408,1334,1496,1287
"FTSJ3",1688,1305,948,1438,1071,1137,1019,522,2047,506,702,2773,1138,1398,1419,1055
"DCTN5",2020,955,733,740,1117,1159,1146,900,1949,514,771,3626,984,1549,1235,1269
"EIF3J",324,1520,1036,1758,1293,1027,602,302,1444,1287,1808,1564,1146,2536,1740,1590
"TBC1D22B",832,408,472,679,537,1094,618,475,1543,3665,3738,1462,1097,1938,2424,3050
"CHCHD1",1269,753,694,1174,782,1049,1045,800,2345,830,709,3551,1224,1366,1838,1136
"IP6K2",775,1025,871,1476,1151,1169,336,288,1383,1965,2018,1951,1075,2012,1691,1704
"MMAB",5003,1159,1060,847,1210,1745,1309,1689,2210,258,391,2818,714,1017,1160,659
"LGALS9",3179,1116,895,1021,1593,1635,521,723,2070,379,1227,3562,629,1262,1112,907
"ELAVL1",818,2096,1305,2224,1752,1065,464,308,1303,401,1390,1665,1348,1852,1653,1308
"PRR11",629,885,711,1078,966,583,579,956,2211,736,2564,1606,1116,2819,1879,1660
"CCNL1",455,1272,1154,1761,1418,1445,263,143,1255,1397,2222,1973,1255,2476,2154,1784
"DOT1L",1698,989,670,1560,790,1320,766,476,1771,697,1489,1353,1261,2105,1293,1526
"DHX38",1695,1254,997,1963,1264,1284,614,257,1447,712,1421,1508,1202,1623,1277,1440
"COPB2",489,1815,1231,1951,1563,1330,277,163,1278,865,2296,1803,1279,2053,1843,1838
"CDK10",5568,753,505,1554,873,1271,1226,907,1635,422,682,2191,1180,1780,1107,858
"MOV10",2279,799,692,926,789,749,665,733,2427,649,1331,1644,1498,1845,1619,1608
"TSG101",369,887,880,1488,1062,1014,375,211,1513,2343,2687,1754,1207,2059,2314,2284
"GCDH",814,621,570,773,859,800,994,898,2333,1169,1372,2601,1150,1919,1604,1761
"PHC2",1319,1356,931,1287,1282,1935,551,501,1349,357,1103,3788,1000,2042,1229,1096
"BRD4",790,1537,1102,1602,1277,1059,591,318,1183,1461,2062,1678,906,1836,1018,1461
"PPP6C",628,1342,933,2150,1235,892,452,329,1329,926,2021,1812,1060,2166,1796,1563
"CC2D1A",2597,714,582,1255,719,1167,848,736,1971,654,1195,2221,1265,1794,1113,1323
"THOC6",3004,813,687,1203,914,1174,1336,930,1849,303,652,3066,1190,1766,1325,946
"TBC1D15",535,681,463,994,651,1159,726,472,1497,2617,2018,2139,1030,2052,2327,2204
"PDS5A",457,1731,1065,1963,1452,752,467,323,1539,562,1693,1635,1350,2650,2019,1645
"PCNP",433,1392,972,1851,1471,579,492,310,1379,862,2147,1652,1238,2444,2434,1755
"DYNC1LI1",1617,823,646,1406,916,694,884,643,1937,627,1253,1658,1150,2415,1888,1353
"STRN4",1781,1361,1003,1637,1254,1615,385,223,1267,723,1548,1451,1241,2358,1241,1482
"AGPAT6",7757,1523,1060,1364,1118,1517,849,653,1409,270,495,3074,927,1305,906,733
"DHX15",229,2420,1427,2415,1832,841,532,254,1424,559,1655,1987,1155,2044,2081,1440
"FOXO3",76,527,760,1557,637,1154,553,395,1427,5877,5204,971,991,2154,2750,3459
"CYHR1",1776,567,556,926,606,1198,809,862,1878,1424,995,2932,1236,1993,1269,1179
"POC1A",1772,546,557,566,631,712,1123,1416,2839,459,998,2571,1480,2782,1717,1430
"GCLM",96,889,1007,2465,1399,639,415,350,1347,1292,3715,990,1309,4615,2585,2364
"CYB5R1",1512,512,576,814,593,1248,730,573,1845,1369,1545,2182,1149,1921,1889,1861
"MOB2",883,356,365,585,453,878,1302,1509,2632,2082,1447,2616,1162,1708,1899,1770
"CUL4A",788,1393,974,1830,1393,953,479,301,1396,983,1938,1485,963,1842,1748,1575
"PUM2",536,1525,978,1693,1301,1073,436,243,1152,1486,2009,2117,922,2061,1645,1564
"FAM65A",973,1086,946,2035,1106,1155,580,222,2019,338,1997,1279,1860,3257,1264,1576
"MPG",1882,1421,1226,1289,1472,1843,689,503,1648,486,508,3372,1191,1123,1038,940
"CARM1",1133,1139,959,1558,1339,1169,473,431,1431,1233,2126,1473,824,1638,1063,1477
"MRPL47",1721,952,670,2060,925,778,764,465,1749,655,844,3345,988,1623,1842,1287
"CD151",3268,1629,1040,856,1340,2649,885,819,1378,472,843,1367,992,1243,531,1147
"SNHG16",1804,1922,1328,1919,1661,1651,1036,386,1425,470,367,2923,833,1912,1011,605
"DRG1",992,1126,956,1253,1146,1151,918,630,1797,409,765,2905,1121,2065,1455,1227
"AGTRAP",2842,1680,1156,1379,1748,3738,697,552,1176,203,314,7327,713,1032,1298,638
"ATP6V1F",1952,1070,850,1571,1164,3323,601,501,1299,388,767,2883,999,1412,1327,992
"NFIA",108,909,849,1127,1077,524,638,689,2252,937,2589,1469,1651,4090,2316,2104
"CDC6",1870,964,646,1359,908,650,654,511,2346,411,1372,1548,1441,2130,2079,1624
"HIRIP3",420,778,562,1006,706,991,1371,920,2607,532,1008,2234,1687,3197,1619,1475
"SMIM7",1792,949,666,1281,885,1219,1039,793,1718,545,724,3877,822,1596,1414,1045
"SH2B3",224,927,597,1628,1046,1035,494,400,1597,1283,4411,1501,932,3822,1461,2066
"TRPC4AP",1352,1664,1152,1359,1554,2325,345,226,984,877,1293,2205,935,1848,1222,1249
"BAZ1B",1104,1308,914,1868,1176,874,727,434,1789,488,1503,1529,1095,2038,1399,1286
"PREB",2397,957,838,940,909,1445,867,533,1885,382,811,3059,1194,1659,1518,1076
"OPA1",385,1487,1083,1919,1288,763,421,268,1285,1498,3780,1308,846,2021,1702,1687
"DCAF15",807,987,786,1743,957,1253,513,382,1494,664,1956,2190,1222,2338,1337,1499
"RPIA",356,754,622,1279,895,642,580,413,2222,1308,2411,2102,1379,2386,2181,1974
"TMCO1",913,1443,1124,1948,1385,1141,467,268,1304,655,1143,2314,1029,1842,1770,1427
"YOD1",41,763,638,1302,795,769,598,388,1915,5725,4569,1184,1205,1807,3270,2976
"FIBP",2283,1196,941,1093,1186,1948,802,668,1656,333,496,4160,1158,1532,1219,709
"TNK2",3036,348,393,1464,545,1620,546,311,1251,1589,2340,3530,1217,1584,1306,1590
"EBNA1BP2",861,1806,1284,1873,1475,1237,753,230,1558,493,754,2204,1301,1544,1572,1250
"CPT1A",1458,2343,1289,2193,1662,1320,370,193,887,762,871,1911,1259,1822,1219,1236
"PML",3228,1009,777,1264,1015,1314,564,510,1776,467,917,3175,905,2063,1077,1010
"PPIF",1788,1635,979,1806,1474,2937,715,341,1131,228,615,3545,1001,1688,1280,872
"ANKZF1",1438,533,607,931,769,1298,751,572,1868,1322,1275,2240,1148,2333,1272,1348
"NUP62",1312,1773,1254,2279,1549,1405,528,275,1211,371,1277,1796,940,1854,1313,1175
"SESN2",1095,320,320,554,603,1491,952,1678,2109,1186,2357,1263,1288,5345,925,1366
"TMEM115",1317,749,657,955,767,1546,658,667,1465,2028,1288,1837,917,1320,1426,1511
"CSNK1A1",259,1685,1164,1032,1500,809,508,282,1530,1135,1870,1532,1300,2972,1882,1718
"ECSIT",1111,838,737,988,876,884,1014,723,1645,1566,943,2342,1003,1597,1344,1249
"SUMO2",177,1284,965,1475,1250,814,637,428,1948,606,1665,2473,1248,3072,2267,1466
"SRP72",824,1642,1201,1431,1567,922,473,313,1347,665,1273,2018,1126,2243,1531,1310
"NFATC2IP",1611,1146,839,1978,1104,849,487,375,1606,851,1636,1492,955,1757,1314,1491
"TRMT1",7378,1104,872,1882,1148,1631,992,468,1118,276,356,4592,975,1621,867,670
"FHOD1",3089,989,593,1445,821,1166,669,586,1882,551,1088,2334,1074,1124,1328,1348
"MLST8",882,1139,986,993,1144,1511,961,860,2167,422,708,2903,1120,1486,1253,1003
"PACSIN2",2218,986,663,1018,944,1425,526,431,1204,1192,1715,1668,840,2958,961,1247
"DMAP1",3811,549,493,833,650,955,1461,1485,1911,669,654,3563,991,1147,1275,1085
"HSPH1",444,1444,1182,1601,1402,1567,867,197,1399,793,889,2023,1419,929,2733,1560
"USP12",564,1055,660,569,963,442,504,395,1775,3230,3856,1464,857,1948,2359,2107
"SNHG3",3913,2038,1694,4291,2249,2127,657,153,1232,281,393,3370,775,738,1094,592
"HIRA",120,1256,905,1761,1375,878,440,193,1832,1135,3212,1462,1451,2826,2000,2341
"SPCS1",101,1747,1404,2552,1538,1426,521,220,1577,726,1166,2819,1165,2190,2027,1473
"FAM118A",4116,1038,439,768,559,527,959,670,2762,566,1301,1453,1063,1925,2861,1064
"ELOVL5",415,2476,1791,2041,2286,1253,266,193,1079,483,2062,1233,935,3145,1568,1416
"GTF3C6",2473,1082,682,2097,953,768,846,389,1974,497,656,2928,1104,1294,1715,1162
"SLC39A8",623,1921,1494,2137,2197,1176,661,245,1233,304,886,1986,1106,3222,1398,901
"GAR1",1021,1050,827,1748,1023,592,944,514,1923,663,1023,1847,1228,1744,1537,1346
"BUB1",175,1082,844,1417,1240,641,477,299,1990,785,2966,1375,1548,3321,2450,2204
"RAB24",2336,590,549,859,698,1634,1043,940,2118,614,594,4833,945,1706,1253,874
"HEXA",2833,1765,1231,1046,1720,5289,486,495,686,304,443,10175,632,1547,833,414
"BMP2K",443,1227,1023,1727,1123,649,397,333,1148,2388,3135,1122,743,1799,1902,2048
"RABGAP1L",963,1067,820,1079,980,574,581,411,1778,1455,2009,1291,948,2272,1738,1541
"GLYR1",297,1567,1101,2265,1517,1018,420,213,1336,885,2262,1092,1301,2733,1651,1636
"HIGD1A",260,968,662,1406,908,599,547,353,1802,1184,2166,1583,1427,2853,2963,2071
"CLASRP",3352,961,736,1729,889,1546,665,342,1358,796,1086,1487,1140,1703,957,1109
"EPS15",835,1727,1113,1626,1382,651,406,281,1145,683,1546,1898,1138,3334,1604,1218
"FBRS",1605,1314,1110,1733,1277,1964,353,217,971,1479,1774,1738,835,1449,893,1210
"ATG2A",563,525,592,937,710,1923,559,488,1579,4045,2455,1416,948,1366,1407,1826
"SPPL2B",3104,958,782,1679,924,1555,765,692,1795,430,806,1485,1105,1982,884,849
"TELO2",4593,1062,787,1678,962,1221,1030,686,1554,298,614,2445,1193,1254,903,885
"MRTO4",3587,1733,1236,2459,1591,989,1220,441,1504,202,352,3457,932,954,1086,749
"CDK2AP2",1429,820,608,1097,892,1996,667,642,1693,624,1033,2930,1020,1877,1201,1039
"EIF1B",42,1250,1002,1378,1211,1633,340,234,1194,3351,2745,1851,1006,3008,2295,2116
"CMPK1",306,1544,1050,1917,1516,780,478,221,1386,786,1583,2106,1242,2228,2192,1662
"GOT1",673,761,578,1291,831,962,617,623,1775,709,1945,1398,1076,5145,1424,1378
"RUVBL1",475,1876,1332,1619,1568,1205,800,428,1752,306,689,2224,1419,1637,1720,1042
"TBC1D20",1058,712,603,1014,848,1241,521,440,1093,1958,1972,1401,959,2442,1550,1826
"C16orf13",9017,979,671,1331,941,1678,1621,1199,1439,216,366,3467,904,1443,718,455
"PPM1A",128,1106,815,1688,1013,756,332,254,1276,4269,3584,1479,1011,1779,2520,2381
"FAF1",1386,1179,852,1110,1136,897,556,405,1675,537,1423,1881,1145,2208,1460,1375
"MRPS18A",725,920,718,978,946,998,1064,1265,1888,555,740,3102,1013,2238,1353,983
"IVNS1ABP",1501,1348,773,1374,1176,1458,433,318,1423,470,1466,1492,1100,2452,1657,1285
"MINOS1",1637,1172,1059,2410,1272,1122,904,450,1448,371,464,3824,1019,1178,1601,797
"RBM12",936,1657,1110,1873,1394,893,472,246,1316,817,1426,1656,921,1847,1499,1386
"KAT2B",94,395,465,1345,644,392,598,427,2891,1836,5344,1075,1655,3811,3854,3273
"MRPL41",3926,1158,834,1769,807,1704,1114,1259,1780,329,353,2403,1459,776,705,785
"XK",75,1100,1128,1710,1096,473,401,305,1664,1607,3964,1204,1381,3338,2635,2247
"CACYBP",382,1885,1285,2362,1655,1359,560,190,1372,572,1008,2259,1150,1336,2108,1318
"GPBP1L1",566,1176,756,1366,1030,1002,379,298,1350,1382,2174,2023,911,2627,1513,1695
"WWP2",2102,1047,646,978,827,1172,694,524,1458,1035,1553,1666,948,1513,1107,1341
"C12orf57",2393,834,608,1325,743,2426,1236,1305,1484,493,351,6040,1003,1039,819,628
"ERCC1",2196,981,917,1196,1049,1417,934,678,1489,425,501,4470,934,1626,1091,756
"MRPS2",2709,1728,1239,1624,1576,1359,963,592,1476,264,411,2212,952,1429,979,690
"GLA",2176,436,425,877,546,1867,634,543,1446,1092,1193,5095,1114,928,1795,1727
"PPA2",993,1474,1066,1055,1477,1036,765,344,1942,321,758,2524,1140,2131,1777,1095
"PSME3",1676,2595,1503,1378,1938,1473,471,209,1084,403,1025,1707,1056,1343,1239,1080
"ATP13A1",4710,1289,837,1777,1099,1469,751,569,1279,319,720,3572,701,1469,735,733
"SKA2",1015,661,476,1496,698,406,699,520,2434,788,1860,1600,1163,2726,2241,1829
"GRHPR",1191,1344,1109,1446,1265,1603,531,325,1361,456,716,2866,1231,1980,1290,1001
"ARHGEF12",160,964,730,1829,1013,841,424,311,903,5648,4471,573,923,1800,2431,2685
"MRFAP1L1",1996,1078,747,1811,940,1150,338,203,1070,2417,1629,1646,810,1474,1413,1397
"AFF1",452,1280,961,1301,1166,950,336,255,1053,2457,2892,1065,992,1820,1734,2032
"ASPSCR1",2917,526,454,718,529,1102,1314,1467,2109,624,581,3917,1075,1629,1192,994
"DCUN1D1",572,1103,824,1329,1185,547,352,266,1080,2314,3254,862,1035,2632,1951,2187
"TMOD1",117,889,1088,1396,1405,561,430,462,1539,2124,3667,868,1105,2821,1801,2187
"NFIX",558,994,848,1234,1153,732,630,345,1337,2890,2801,1138,993,1221,1311,1650
"CLK1",409,1570,556,1833,806,1493,472,150,943,2136,2124,2434,1077,2010,1805,1478
"APH1A",296,2240,1532,1559,1971,2450,440,270,1028,411,1003,3290,1052,1894,1205,1083
"TBPL1",76,704,565,1350,779,624,725,474,1886,1792,2915,1647,1461,2745,2636,2505
"ATF5",2218,1011,520,1260,808,1354,720,887,1014,395,1335,1679,834,14655,411,701
"PRPS1",342,1134,877,1224,1186,834,531,357,1859,563,1714,1934,1418,2604,1975,1646
"CDK9",2782,654,612,1114,708,1118,685,681,1616,789,1212,2964,773,1494,1243,1093
"ANAPC2",2518,746,682,1225,905,1187,822,489,1669,745,815,1923,1249,1545,1097,1173
"TMEM258",700,916,886,1290,970,1784,654,518,1640,501,808,3902,1046,1785,1549,1013
"TRMT2A",4346,857,697,1547,801,1446,1049,702,1693,324,570,2348,1085,1563,915,820
"GALNT2",1166,2895,1722,1974,2160,1691,349,117,823,1091,1062,1540,904,1744,918,838
"RFC2",1338,1024,738,1303,859,1147,835,794,1829,320,764,2285,1056,2282,1254,1199
"IMP3",4007,1478,1126,2207,1205,1269,774,362,1394,302,581,3135,755,956,1225,718
"MYDGF",778,1615,1099,1056,1381,2618,678,410,1137,466,427,5977,1072,1399,1232,831
"AMD1",404,1648,1039,1439,1336,591,636,436,1645,563,1349,2255,1104,1927,1841,1271
"JARID2",1344,2038,1126,1724,1429,802,356,363,1009,969,1513,1523,780,1810,991,1234
"USP19",671,956,779,1349,983,1119,474,324,1293,1278,2394,1389,978,2197,1378,1644
"NET1",1339,1482,1078,2139,1701,852,585,272,1172,984,1155,1398,842,1444,1215,1037
"TRAPPC4",196,1050,625,1249,875,1412,808,525,1965,734,1215,2081,1155,2690,2015,1498
"HEXB",2586,1956,1165,1353,1497,2866,406,227,793,340,807,3438,763,1629,1191,811
"WDR5",1470,1206,896,1749,1127,1128,669,359,1642,366,1016,1619,1163,1857,1269,1266
"FHL2",282,1208,691,1308,1069,735,645,298,2227,1337,2262,1151,1099,1831,2201,1758
"GRIPAP1",1179,655,562,960,774,1379,759,548,1760,854,1118,2445,1152,1987,1280,1302
"RANBP3",1650,1032,719,1639,925,1246,534,432,1470,601,1283,1601,1086,1838,1178,1256
"HIPK1",110,925,696,1321,960,652,460,260,1452,2097,3756,1338,1417,2223,2964,2542
"RHBDD2",4307,1475,719,783,1368,3048,618,593,934,594,490,5506,640,1024,754,679
"CEBPG",612,427,343,1003,495,1318,642,752,1920,1000,2945,1654,994,4908,1326,1627
"SEP15",199,2081,1403,2363,1738,1039,448,227,1195,680,1195,3392,1062,1638,1520,1203
"SMG7",1573,871,642,1237,860,1039,720,489,1349,724,1387,2425,1000,1535,1345,1210
"MAD2L2",1796,766,552,1074,935,1474,1009,754,1748,287,563,3527,1297,2049,1301,930
"CPSF6",822,1866,1148,2304,1409,762,524,231,1318,482,1323,1788,1062,1742,1576,1179
"ATG4A",489,403,484,779,528,1219,636,818,1912,1716,2549,1546,1021,2739,1745,1722
"KLC1",984,865,616,1011,834,1228,565,550,1534,735,1070,2805,1253,1967,1472,1321
"SFSWAP",1630,901,749,1956,929,1004,599,341,1482,961,1208,1826,1002,1485,1183,1196
"STT3A",1047,2087,1418,1491,1843,1769,455,315,1028,383,966,2255,797,1613,1163,953
"EMG1",1464,894,679,1144,810,720,1233,950,2309,420,584,2808,1113,1291,1673,1003
"KDELR2",721,1626,1076,1719,1431,1426,454,323,1189,483,1030,2268,996,2050,1537,961
"TMEM109",629,2111,1321,1484,1566,1635,572,262,1313,299,851,2339,1288,1739,1347,1076
"TGM2",222,861,1339,1015,1841,725,534,642,2177,580,3076,1844,970,2114,1229,1169
"TXLNA",1859,1596,931,1170,1143,1609,848,545,1325,314,626,3976,756,1626,974,750
"EIF4H",351,2806,1901,2001,2408,1760,223,96,877,546,1975,1245,1187,2982,1129,1461
"LUC7L",3301,755,570,1652,826,1289,657,375,1394,903,778,2346,1040,1501,1188,972
"PEX16",1240,532,488,829,663,989,1099,1229,2220,782,795,2697,1088,1541,1445,1159
"ZDHHC12",1339,800,775,1092,851,1395,507,473,2086,528,1285,1813,1162,1588,1491,1356
"SVIP",476,925,562,2240,881,540,422,351,1206,2030,1894,1231,1087,2044,2086,2216
"TMX2",1636,1088,710,1320,964,926,682,426,1639,449,949,2244,996,1837,1598,1172
"ACSS2",2154,1032,865,1137,1228,1946,498,593,1284,607,718,2045,651,1193,1315,1273
"SUMO1",1099,1222,882,1989,1183,871,414,243,1339,730,1161,2132,964,1909,1563,1318
"LAMTOR2",2740,700,669,957,804,1599,1208,1072,1839,294,361,5141,1093,1220,1194,661
"MSH6",1223,1428,923,1874,1221,940,464,278,1486,313,1165,1771,1221,2052,1529,1329
"RQCD1",961,1623,1140,2046,1612,1123,360,189,1061,372,1300,1808,1236,1908,1469,1492
"B4GALT3",398,664,682,849,778,1322,464,301,1215,3728,2232,1566,1013,1614,1911,1983
"RDH11",1785,1049,732,1354,1024,911,257,415,1014,1635,1458,1851,550,1685,1999,1404
"CLUH",5986,2179,1345,2797,1697,1475,1125,344,1254,192,325,1820,900,897,628,579
"RHNO1",815,657,576,1045,742,570,443,384,2236,853,2429,1383,1310,2548,1994,2166
"KTN1",391,2197,1359,2167,1934,830,396,192,846,1528,1305,1047,951,1984,1623,1237
"DDX54",2075,1646,1040,1539,1354,1433,845,307,1322,334,680,1647,1291,1470,916,857
"DCTN4",338,637,501,1075,634,603,703,738,1425,1913,2052,2017,893,2337,2053,1820
"SRP9",129,1565,1063,2145,1618,535,420,206,1541,729,1665,1821,1397,2620,2428,1788
"FAM129B",3535,6325,3315,3393,4138,3038,392,55,655,225,707,735,563,1600,787,445
"VAT1",10214,5612,3795,1044,3476,5898,291,204,300,102,262,7467,677,1223,414,277
"RAB5C",168,1971,1308,1495,1797,2180,249,205,886,960,2198,1763,1039,1907,1297,1701
"SELPLG",3759,2799,1775,1003,1929,4753,428,357,312,1386,533,8717,290,755,392,398
"DDRGK1",560,848,562,1042,827,1622,1252,853,2037,452,646,2174,1568,1611,1311,1173
"ANKLE2",2134,1099,692,1694,1010,895,533,391,1472,486,1203,1907,1024,1612,1251,1142
"WDR59",1474,1173,1143,1971,1275,1087,407,190,1339,1055,1341,1147,866,1522,1363,1207
"DNAJB12",1961,1010,647,1437,821,1238,575,490,1253,942,1150,1573,785,1962,1053,1063
"CIT",1253,542,468,1187,627,699,522,427,2145,782,2959,818,1112,3708,1638,1867
"C14orf80",2486,482,360,966,496,715,1711,2179,2780,391,700,2219,1149,1517,1202,958
"FAM53C",875,1143,870,1067,1066,1292,321,313,871,2305,2251,1490,788,1241,1386,1600
"PAFAH1B2",1237,1245,746,1433,1054,907,584,455,1280,650,1163,2395,828,1661,1346,1063
"HAUS4",295,1059,871,1094,1398,1599,417,376,1713,295,1476,1949,1435,4478,1588,1166
"ABHD14B",4633,1452,1125,1297,1448,1669,772,751,1369,164,370,3482,824,1496,821,433
"VPS39",3017,937,818,1150,944,1243,417,340,1264,935,1209,1785,883,1603,1094,1069
"ATG4D",258,427,487,1124,602,862,464,321,1712,2599,3237,1510,1515,2290,1999,2543
"CENPH",532,631,634,1237,928,623,696,590,2305,404,1216,1841,1475,3169,2039,1472
"SERINC3",1398,1269,823,691,1126,751,467,386,1295,1340,1824,1564,767,1662,1387,1359
"MUC1",10884,1710,1297,2555,1596,806,1417,1095,2020,131,274,1633,535,1113,493,372
"DGUOK",3265,835,621,1385,811,1248,547,344,1591,604,856,2494,1069,1059,1516,1149
"CCDC9",777,569,417,620,540,1091,1256,1285,2186,999,1082,1622,1287,1860,1290,1398
"RNF114",953,938,713,1219,967,1105,550,398,1368,623,1226,3364,970,1708,1419,1192
"RBM22",1910,804,620,999,737,1013,542,503,1363,958,1256,2379,884,1654,1436,1115
"CCNE1",395,528,412,1055,726,487,860,622,2849,396,1662,1777,1841,4268,2232,1688
"MID1IP1",168,640,940,1578,1112,1789,395,345,1493,698,2653,1619,1129,3291,1415,1580
"SAFB2",1643,1167,840,2065,925,1376,750,257,1206,814,923,1827,1028,1272,975,975
"SBF1",976,1039,794,1405,939,1528,460,284,1042,955,1892,1118,1187,2124,1058,1406
"PPIH",2564,1095,812,1989,1055,1093,842,442,1513,269,479,2894,1127,1366,1188,815
"SEPW1",2157,997,845,1341,1049,1649,746,483,2102,445,365,2592,1481,465,1512,1151
"MAT2A",64,4397,3654,2084,4582,3335,202,78,750,400,1537,1307,885,3554,1042,1207
"ECE1",924,1145,743,1244,1004,891,800,542,1911,435,1163,1820,1278,1451,1098,1205
"MRPL9",1777,1186,841,1355,1075,1071,561,380,1324,443,841,1704,1067,1945,1404,1122
"NQO2",2785,848,627,967,1032,1249,340,819,1201,416,939,2779,849,1010,1904,1459
"VASP",4518,2231,1234,1504,1769,3531,431,360,534,286,482,8070,559,813,680,444
"S100A8",16502,140,390,167,974,12556,1295,1827,226,187,460,53658,465,1308,1901,231
"FLII",1587,2293,1301,1457,1567,2557,367,209,857,516,845,1619,1058,1552,830,875
"GTSE1",655,609,454,1399,700,589,522,469,2165,809,2725,1016,1305,2769,1948,1766
"RYBP",269,2434,1495,1704,1707,745,339,229,874,2088,1889,1206,710,1820,1370,1216
"SMEK1",1162,1099,785,1719,1021,736,550,271,1210,667,1718,1415,1013,1810,1519,1444
"TM9SF2",677,1935,1279,1520,1624,1439,332,264,1002,522,1362,2386,709,1865,1243,1013
"VEGFA",348,1590,1458,2074,2231,1646,406,301,759,615,2233,802,641,5238,748,903
"DSN1",1757,589,471,920,703,612,687,704,1985,454,1399,1426,1257,2263,1863,1667
"AFG3L2",1090,1908,1170,1420,1409,1072,491,262,1115,762,1188,1368,815,1557,1111,1088
"EMC9",2163,278,255,585,302,413,1381,2282,2940,761,1187,2225,1103,2674,1747,1276
"MOSPD1",251,384,543,1090,587,477,653,526,1679,3229,2721,1498,1000,1774,2630,2398
"CFLAR",3235,1307,905,1249,1215,2709,349,311,665,838,769,4027,610,1217,771,810
"DDX46",520,1422,913,1662,1189,736,839,299,1310,582,1256,1788,1083,1622,1529,1220
"THOC5",1317,847,674,829,917,989,718,816,1722,457,844,2059,1129,1900,1264,1139
"MBD4",873,1534,891,1468,1128,1032,403,319,1187,575,1262,1533,1019,2093,1505,1243
"CDIPT",477,1065,838,863,1000,1685,478,326,1178,2067,1366,2192,811,1355,1275,1387
"CRAT",791,686,584,662,612,906,883,697,2600,594,1793,1727,1192,1962,1318,1285
"RAP2B",473,1191,943,1527,1269,1057,275,183,743,1389,2786,1364,736,2182,1743,2122
"ZFYVE21",691,579,458,1358,690,721,486,369,1762,993,2263,1198,1241,2442,2073,1963
"CLPTM1",431,1540,1133,1666,1427,1729,463,278,1104,758,1399,1567,972,1404,1062,1215
"OSER1",776,516,430,844,563,1663,528,461,1526,3257,1739,1842,750,935,1736,1998
"ORC1",375,919,632,722,849,808,814,659,1833,460,1487,2250,1193,3076,1562,1364
"MIEN1",1129,727,648,1205,829,1170,620,536,1565,983,957,2104,962,1194,1507,1175
"RARS",2254,1470,1082,1706,1296,963,609,273,1305,398,730,2119,881,1154,1350,905
"AZIN1",177,1744,1074,1354,1559,1082,335,150,1139,687,2316,1522,1169,2831,1915,1748
"FAR1",601,1485,1081,1235,1301,812,387,326,1343,488,1289,1558,1008,2913,1669,1187
"GNAI3",464,1898,1089,1264,1491,800,454,284,1066,1190,1334,1973,735,1396,1486,1278
"SRM",2924,2173,1473,2351,1815,1971,883,281,1120,198,306,2992,909,873,744,483
"PRPF38A",925,1199,880,1614,1133,822,470,276,1447,506,1098,2191,1154,1596,1535,1287
"SUV39H1",1481,458,326,981,529,602,1102,961,2473,543,1236,2099,1157,1914,1565,1372
"LRRC47",1673,1215,1020,1119,1042,1072,736,359,1425,416,697,2555,1074,1551,1048,954
"ZFAND2B",965,469,367,563,451,1077,1273,1667,2208,1031,702,3836,954,1530,1507,921
"SUCO",1086,756,862,1073,867,375,410,455,1383,1130,2426,1387,699,1828,1790,2161
"CENPE",422,514,449,1530,660,566,445,348,2206,767,2499,980,1533,4270,2269,2212
"CCM2",2518,568,405,768,643,1305,730,757,2066,488,825,3852,1065,1075,1436,1085
"CDKN2D",241,113,158,443,225,1017,833,1169,3130,2052,4131,2387,1212,3485,2976,3046
"ZDHHC5",1238,1223,823,1456,1051,1144,439,265,1130,731,1896,1137,892,1636,1214,1460
"SELK",500,495,442,1117,609,825,581,398,1690,1688,1949,1675,1140,1488,2377,2184
"ERP44",2090,1265,858,1588,1204,1190,367,271,1021,579,987,2203,939,1481,1238,1022
"HMGCL",1122,606,747,611,1036,1245,615,635,1656,922,867,2522,1003,1521,1267,1169
"WSB1",566,1073,1010,1398,1339,972,260,263,1324,628,2556,1506,883,2298,1611,1412
"NDUFB6",158,1068,926,1964,1147,736,509,231,1884,658,1108,2129,1398,2245,2396,1604
"C8orf59",1039,942,791,1592,1041,1070,620,347,1572,434,727,2699,945,1943,1587,992
"SERINC1",80,1355,958,1619,1205,923,232,189,999,2182,3806,792,1129,2693,2685,2175
"CYB561A3",863,1333,953,904,1330,1432,470,335,1491,556,1015,1808,1146,1571,1217,1132
"C19orf24",2276,852,623,908,737,1241,1517,1180,1399,765,387,2712,942,783,1053,705
"APMAP",1513,1497,950,1235,1239,3325,427,246,895,300,794,4234,876,1493,1017,788
"MED8",773,671,586,1226,691,1007,638,434,1750,643,1195,2606,978,2316,1701,1147
"TMEM214",2704,1515,1306,1481,1592,1918,445,337,1104,326,787,1599,747,1306,775,861
"KIAA0922",601,439,378,1209,478,583,662,496,2008,1532,2900,1516,1081,2179,1629,1893
"LEPROT",241,1141,927,1305,1323,1131,258,225,1083,993,3149,1232,1161,2732,1750,1550
"MAP2K7",1465,884,648,1211,848,1108,644,529,1194,1648,1452,1161,832,1031,957,1228
"MMS19",2736,1301,1020,1589,1307,1250,418,308,1194,315,860,1548,894,1924,1079,940
"ISG20",294,54,127,360,211,629,1372,1369,4103,3613,3235,2515,1869,1525,4185,3260
"AMFR",958,1761,1474,1374,1608,1066,295,275,1016,694,1741,796,895,1551,1316,1235
"NDUFB2",2804,941,703,1081,770,1212,1213,759,1459,336,308,3239,964,1156,1421,778
"TIMM8B",1804,750,634,1622,837,876,978,653,1771,429,454,2796,1076,1022,1473,1033
"PTBP3",655,1761,1072,1440,1610,1419,348,255,1125,406,1249,2022,942,2022,1265,1005
"POP7",918,861,687,1446,887,880,770,545,1886,610,715,1814,1226,1143,1575,1210
"SIRT2",523,1027,869,981,1113,1264,424,346,1223,681,1327,2180,1186,1937,1357,1434
"GNA12",572,1283,763,1270,1492,989,270,185,1112,1368,2194,1060,1144,2239,1288,1618
"LMNB1",365,2690,1837,2492,2330,1220,216,149,922,319,1482,1278,1101,2837,1221,1074
"PIGS",836,1317,886,629,1064,1292,484,386,1405,750,1464,2127,989,1339,1224,1215
"ARL6IP5",1282,1411,1051,1137,1320,983,349,345,1118,442,996,3356,813,1790,1330,929
"TMED10",413,2259,1381,1608,1841,1437,378,205,878,499,937,3142,779,1608,1336,1064
"SUGT1",1371,798,565,1147,813,681,717,414,1704,609,947,2039,1161,1449,1971,1307
"LRRFIP2",1435,622,482,1252,637,1061,404,444,1237,939,1612,1472,952,2768,1374,1544
"L3MBTL2",2410,821,571,1001,790,858,892,554,1759,355,794,2254,1110,1543,1317,1047
"TSN",1156,1510,1050,1971,1245,1001,514,241,1048,482,842,2701,788,1499,1271,1026
"UBALD1",1728,854,582,844,610,1717,433,383,711,4699,1802,1154,869,709,1152,1560
"CHP1",857,1270,974,1485,1085,1373,364,260,795,1290,1239,2987,671,1350,1260,984
"PSMG2",499,1213,928,2149,1239,950,306,163,1187,683,1559,1300,1140,2618,1726,1535
"PDCD2",1219,1363,1013,1642,1268,999,504,203,1034,391,873,1821,1306,1919,1181,1361
"CELF1",484,893,720,1436,927,610,536,386,1448,982,1410,2085,1055,1684,1694,1433
"SNRNP40",181,1325,928,1086,1169,893,685,297,1842,457,1245,2960,1251,1854,1822,1336
"RPS10",3728,470,443,693,558,1178,1217,1488,2621,288,381,5192,987,1323,1046,691
"PDZK1IP1",65,241,853,179,412,2510,766,719,4228,5308,3276,1412,972,786,3475,1953
"PCNXL3",2026,714,483,1305,675,1104,850,572,1734,616,875,2396,852,1352,1052,1037
"FGFR1OP2",170,740,600,1180,834,558,428,250,1530,2250,3033,1395,1159,1830,2524,2494
"HSD17B4",296,1806,1324,1621,1768,1961,183,92,667,963,1782,1094,1284,2632,1645,1761
"ENOSF1",1608,1027,1175,2342,991,1012,313,257,1519,263,1171,987,1445,3024,1350,879
"ZNF410",1119,905,581,866,849,886,508,420,1324,925,1310,2041,889,1641,1593,1464
"ZSWIM8",910,459,508,1241,692,1642,394,266,1092,2003,2551,1322,938,1679,1366,1789
"AKR1C3",196,611,668,1106,1478,1046,696,418,603,326,845,3104,1907,5433,2635,1505
"RAD51",429,604,491,595,723,706,793,705,2597,483,1234,1931,1421,2804,2049,1670
"SMU1",854,1023,807,936,982,758,666,532,1503,574,917,3057,945,1596,1299,1074
"DHCR24",4167,4028,2282,2701,3424,4487,325,271,807,204,539,2883,387,189,547,515
"TEX261",1540,1906,1023,1432,1367,1186,416,248,969,462,1421,1421,782,1825,791,1168
"NCAPG2",344,1037,741,1821,1065,601,322,227,1684,727,3130,755,1317,2543,1990,1920
"ATP6V1D",497,589,591,881,721,943,502,332,1298,1589,2059,1593,964,1922,2129,1876
"ATAD3A",2812,1055,729,1330,984,882,1383,746,1657,297,448,2022,1037,969,1039,707
"QRICH1",493,1581,978,1932,1350,1052,325,235,1051,660,1734,1075,986,2355,1286,1370
"CLNS1A",713,2344,1650,2812,2169,1496,405,180,1023,279,642,2518,791,1657,1025,706
"POLR3GL",1545,793,735,1016,921,976,545,332,1640,550,849,2084,1111,2009,1445,1094
"C9orf142",6524,736,406,1122,538,1124,1250,936,1861,259,270,3979,1125,1397,966,649
"VPS26A",570,1193,838,1253,1121,836,393,214,972,1483,1738,1276,842,1884,1558,1841
"SHCBP1",245,659,496,799,762,460,624,605,2255,792,2302,1347,1335,2454,2636,1987
"RNA28S5",1096,576,5297,2456,673,2032,473,1120,701,685,291,1433,569,1758,869,745
"IFRD2",159,1623,1124,1453,1478,1376,292,155,1110,1218,1632,1156,1201,2043,1751,1744
"SNX1",593,1553,1293,1799,1674,1657,258,124,883,824,1474,1484,1066,1950,1141,1071
"SDHB",233,1247,1077,1926,1455,1253,280,157,1228,776,1415,2261,1102,2029,1613,1436
"BCL7C",6712,785,628,1009,819,1209,1160,1240,1340,222,250,4314,1004,1042,958,491
"CSRP1",3026,1553,609,1106,1204,1533,627,460,1052,271,702,2690,732,1659,941,752
"ABCF2",1580,1578,1035,1202,1221,1165,604,252,1099,569,761,1538,908,1368,1155,1109
"MICAL2",430,1127,970,1215,1410,1174,209,143,746,3711,4359,440,723,1969,1341,2493
"SYAP1",3612,964,596,1227,748,698,600,465,1582,933,1029,1519,805,1062,1129,950
"FAM120A",2087,1805,1206,1646,1570,674,389,248,1058,333,937,1678,954,1578,1305,918
"RAPGEF2",203,1112,924,1044,1003,891,269,147,832,4296,4614,826,650,1498,2515,2761
"KREMEN1",600,2129,1456,2250,1917,543,303,210,1487,525,1678,512,889,2518,1181,1482
"PLEKHB2",589,1615,1016,1175,1290,1576,331,223,889,809,1305,2586,806,1626,1321,1059
"HCLS1",3358,1614,1545,1491,1894,3984,444,261,377,466,318,8798,543,1052,681,333
"BCAP29",1448,941,646,1349,860,689,405,278,1432,619,1644,999,1061,2351,1732,1508
"NDUFA7",949,638,740,1738,906,950,587,622,1707,458,776,2027,1118,1533,1511,972
"STX10",1694,802,761,825,912,2070,591,515,1037,488,541,7169,761,1280,1083,735
"ASB1",1040,351,273,468,348,711,978,972,2375,957,1707,2946,1038,2345,1725,1393
"UNC13D",5037,2988,1689,2354,2225,3764,234,171,489,444,593,2717,503,658,507,571
"TMEM248",637,1531,1058,1532,1331,1557,407,239,1015,549,1068,1885,874,1788,1175,1106
"PRPF4B",629,1100,653,1217,959,528,601,377,1626,649,1416,1930,1097,1847,1641,1215
"TRIM11",1226,653,473,984,643,1204,616,458,1898,861,1274,1736,1016,1450,1344,1263
"SDSL",846,355,343,383,516,408,1242,1519,2785,1452,1300,2074,1191,1173,2122,1375
"DCAF7",787,1725,1120,1569,1376,1473,359,200,841,569,1260,2022,839,2005,1104,890
"QSOX2",337,557,378,1450,620,507,528,314,1937,2332,3564,973,961,1994,1903,2243
"ADAM15",2130,1243,774,1155,1169,1609,716,437,1204,346,843,2812,735,1033,860,784
"STRADB",77,418,591,975,727,536,390,274,1509,3145,5443,994,1199,3593,2571,2728
"HMOX1",595,760,846,278,651,7971,459,250,243,3080,1623,3323,534,1611,1676,1731
"PTCD3",1315,1365,1013,2050,1362,1043,351,225,1021,345,932,1569,977,2317,1274,1091
"CCDC14",650,776,677,1804,1042,567,300,228,1602,632,2245,1144,1141,2682,2077,1641
"FOXRED1",1421,798,683,1332,743,914,517,514,1975,378,923,1065,1134,2289,1531,1262
"ACTR2",745,3134,1591,2269,2115,1225,255,176,603,399,1028,2172,760,1496,1335,816
"AP1M1",877,1440,1052,1231,1188,1717,501,372,1028,381,1034,2901,836,1191,965,969
"CUEDC2",784,903,832,937,1021,1776,778,666,1579,354,437,4306,1074,1359,1093,776
"MBD6",2014,777,561,1591,788,1801,364,304,966,984,2105,1634,638,2376,584,1044
"VKORC1",1552,1209,996,674,1210,2155,634,487,1218,246,490,4013,870,1750,1051,681
"APOL3",362,133,211,241,258,555,725,616,2588,3453,3214,1708,1919,3960,2930,3456
"ERAL1",1989,1239,823,1111,1019,1155,570,349,1245,597,642,2430,873,1381,1209,736
"CNOT8",286,1035,810,1176,985,864,353,215,1354,1036,1787,2024,981,2399,1845,1582
"MRPL16",3009,1465,1041,2501,1508,1174,379,183,987,349,529,2650,736,1620,1014,757
"PPHLN1",1162,1376,957,1943,1192,788,376,244,967,617,1108,1636,895,1485,1539,1128
"TMEM219",6083,850,718,659,851,2004,971,854,1305,215,206,8714,830,1161,944,370
"MAP7D1",1525,1704,950,1447,1204,2252,438,283,764,641,657,4011,920,725,829,731
"SNHG8",4223,924,830,1176,974,1542,785,622,1404,209,287,4680,863,1432,1056,419
"EFHD2",2504,1914,977,1936,1615,2802,605,359,823,212,433,6967,649,674,639,452
"SURF1",1074,383,498,630,800,1037,745,795,2136,521,746,4061,1232,1627,1593,929
"MAD1L1",1785,807,610,732,806,1435,1124,1050,1616,283,605,2324,1073,1675,822,748
"TFG",600,1298,1071,1917,1263,967,444,240,1345,558,1105,1872,827,1582,1377,1069
"VAC14",2405,1534,971,923,1108,1231,639,375,1188,488,793,1458,837,1235,920,904
"NANS",1923,908,744,1233,908,1475,816,551,1306,417,429,4168,939,988,1118,633
"ENDOD1",343,400,427,609,396,671,629,636,1646,1650,3125,1527,1077,2025,2366,2393
"DNAJC7",544,1340,938,1552,1235,1409,498,260,1185,492,774,2814,1010,1611,1225,987
"MRPL57",2294,1039,832,1870,1173,1253,443,320,1108,343,766,1832,1033,1263,1181,933
"ABHD12",2847,602,438,777,645,1503,805,915,1558,344,656,2545,923,1488,1130,1010
"TBC1D17",1323,543,537,853,739,1434,528,451,1217,1550,1543,1287,840,1468,1048,1461
"ATP6AP2",240,1140,801,1343,1008,948,396,246,1365,747,1544,3362,1021,1703,1643,1367
"SAC3D1",2174,483,424,724,453,791,1209,1848,2170,382,619,2803,907,1489,1295,880
"STRIP2",1611,1820,915,2008,1633,967,340,178,719,943,1628,566,613,1415,1235,1605
"SF3B4",702,1731,1247,2596,1597,1755,261,137,820,550,1524,1027,879,1666,1036,1293
"STK10",1271,741,523,730,801,1334,634,636,1955,437,1159,3536,762,1666,783,1067
"GNL2",4951,1298,925,2344,1210,1111,398,95,1078,347,784,1500,978,1288,1161,1168
"TLE3",3041,1021,707,924,942,1135,600,438,1326,558,880,2041,949,1295,783,780
"YY1",538,1466,865,1659,1199,632,553,428,1054,804,1126,1793,840,1480,1250,1037
"SUPT7L",1706,855,584,1356,808,1096,400,368,1278,877,1143,1400,824,1924,1190,1095
"CD82",161,3577,1920,781,2694,1754,360,136,1123,282,1336,1834,1573,1716,921,1274
"KDELR1",1372,1201,1011,1385,1313,2011,438,323,1022,471,793,2236,672,1665,902,721
"ABTB1",698,301,438,452,399,1570,471,1141,1101,3356,1621,4400,705,1205,1259,1333
"SEC61G",219,778,784,978,1144,1130,876,540,1808,534,695,2970,952,1684,1729,1171
"TMED1",669,768,610,1020,817,1158,720,583,1412,789,827,3471,822,1308,1188,1032
"C1QBP",95,4250,2796,4801,3520,2046,215,66,674,384,807,1342,1042,1614,1294,1223
"MEA1",1167,952,747,1427,968,1307,444,364,1269,604,778,2034,976,1345,1205,1094
"GBGT1",1400,729,935,877,1040,1424,439,427,1557,544,997,1577,911,2705,832,797
"PHF23",896,1074,796,795,972,1962,438,258,1019,2091,1193,1427,662,1032,1209,1262
"LSM8",869,744,627,1150,755,899,529,366,1878,425,1126,1770,1014,2487,1717,1186
"MRPS27",929,1493,1138,1150,1435,1024,551,277,1155,317,796,1963,924,1912,1186,1005
"SNAP29",1760,647,519,922,802,860,521,519,2472,493,1017,1671,1004,1472,1370,1164
"SH3BGRL",273,1853,1621,1505,1488,802,219,145,1076,547,1933,2325,841,3124,1246,1126
"TOP2B",208,2784,1635,2082,2113,1384,250,132,593,773,1130,2447,837,1762,1214,1030
"MRPS5",1000,764,730,1084,882,1051,790,659,1495,446,645,3617,894,1219,1184,830
"WTAP",266,1235,791,1376,1072,933,509,307,1303,828,1330,2064,962,1748,1439,1187
"SLC50A1",634,693,553,824,784,1310,434,300,2194,772,1401,1874,938,2318,1390,1331
"TRIM41",1249,1020,798,1293,1048,920,635,399,1186,560,1087,1656,986,1374,935,976
"SSR1",1261,2050,1144,1742,1424,1319,417,280,857,281,709,3018,752,1442,1040,695
"TMEM245",614,1415,1195,1266,1346,687,286,444,864,1293,1616,958,708,1317,1361,1363
"TSC2",2460,649,539,1022,743,1172,675,595,1444,515,1103,1499,918,1667,776,1034
"STK17A",191,732,614,1341,842,778,547,202,1385,2341,2187,1368,957,1159,2115,2312
"EXOSC9",1937,871,715,1767,825,848,363,275,1513,482,994,1233,982,1902,1445,1254
"RCC1",1090,1723,1191,2294,1426,887,450,262,1173,304,907,1393,853,1458,1038,996
"VPS16",2691,601,463,949,572,900,781,733,1830,426,809,2393,803,1478,1128,1057
"MYEOV2",2996,592,459,1178,586,869,1140,640,1620,495,417,3724,1031,866,1279,870
"RRP36",527,965,717,944,895,1000,915,534,1696,535,699,2338,984,1311,1301,1174
"PLEC",11140,3809,1670,2456,3410,2869,863,153,286,442,194,2633,552,489,360,244
"TGFB1",1555,4775,2796,1981,4187,5840,434,155,234,370,260,5885,532,718,339,296
"ERI3",1354,963,852,916,962,1186,915,793,1225,335,409,3267,855,1357,1073,707
"RNF126",891,1239,808,1775,1104,1318,675,583,1245,396,858,1191,894,1207,929,895
"SPHK1",850,452,397,714,410,484,1159,1206,2681,443,864,1721,1523,1818,1772,1530
"VPS37B",3278,2485,1763,2330,2303,1909,606,310,622,254,351,1416,565,1053,576,498
"NOC2L",713,1722,1253,2099,1365,1286,630,150,996,400,679,1829,1239,1321,920,953
"RNF213",1819,637,579,806,641,2269,443,386,1208,723,1587,1154,1082,1566,925,1168
"SIL1",2865,858,667,660,761,1485,1017,1255,1298,351,309,4914,765,893,946,544
"MYL12A",453,2212,1190,2080,1761,3254,257,100,601,524,1037,3286,844,1137,1125,856
"AAGAB",1105,1076,672,981,844,675,654,391,1542,586,860,1831,921,1496,1493,1182
"CYTH2",1445,1046,729,1148,1051,1204,350,217,1019,782,1300,1082,1036,2269,1074,1128
"FXYD5",10251,2531,1480,1956,2233,7202,674,774,238,119,120,10912,398,814,269,136
"PSMD12",386,1199,773,1888,990,704,406,217,1305,692,1242,1297,1115,2113,1731,1556
"GNPAT",2792,999,726,1174,959,862,470,374,1319,304,852,1720,930,1675,1264,967
"FOXO4",283,322,424,550,528,747,599,427,1770,4447,3877,866,1089,1338,1754,2501
"SLU7",446,751,523,1001,707,1008,431,395,1409,1350,1588,1535,953,1734,1541,1509
"GSTK1",2427,1492,1220,1463,1446,2628,386,215,834,237,577,1634,927,1981,811,635
"ZNFX1",563,559,441,1009,530,1117,439,404,1409,2562,2606,1139,609,1541,1454,1723
"AREL1",1054,996,636,1163,946,638,481,391,1315,481,1475,1884,927,1820,1277,1110
"MLEC",3076,1562,836,1201,1015,2104,541,258,746,208,607,3601,857,1517,793,697
"TMEM189",1530,393,308,600,427,933,859,754,1706,830,1000,2742,971,1450,1581,1471
"UBE2R2",1018,1045,811,874,1052,1181,424,477,893,1192,904,3096,624,1364,878,864
"PSMG1",551,1583,1098,2366,1482,846,565,250,1486,253,649,2032,928,1594,1303,916
"MRPS11",402,755,655,971,784,863,1012,857,2180,351,621,3091,1113,1290,1492,1003
"GTF3C1",1804,730,598,862,699,1049,758,571,1518,447,852,1669,1027,1350,1224,1021
"PPP1R15B",154,904,586,1366,802,737,312,210,1248,1316,3214,1190,1076,2835,1990,2009
"KIF23",85,702,556,1661,819,348,442,375,1752,824,3435,916,1360,3499,2561,2113
"TJP2",492,2595,1592,1468,880,892,240,311,1631,370,1049,490,1477,2272,1329,1365
"CD2AP",4,776,677,1250,932,301,775,396,1498,2724,2972,1276,1150,2421,2972,2592
"CPSF4",2024,895,738,1274,884,1037,720,604,1528,296,587,1728,933,1544,1012,741
"CPSF7",1892,1453,902,2156,1292,1409,277,176,911,295,1326,1291,882,2113,871,920
"USP4",2398,647,564,862,726,927,439,393,1169,929,1365,2156,738,1477,1069,1040
"REEP5",3655,1260,843,1731,1105,1221,448,349,1039,322,515,1814,789,1313,984,729
"CCDC69",3822,1270,953,831,1170,1899,373,268,450,854,935,1762,738,1050,910,855
"ZCCHC3",555,923,664,1374,883,986,408,271,1456,623,1532,1634,898,2051,1460,1210
"KCTD20",283,1174,815,1225,1177,1413,276,161,973,1136,2206,1526,968,1551,1487,1565
"C11orf68",846,575,528,594,632,1265,574,611,1473,1136,899,2422,925,1791,1201,1058
"TBL1XR1",246,1278,1017,1161,1244,594,355,222,959,1488,1796,2092,831,1698,1509,1266
"RAB11A",1214,1383,1015,1770,1328,1286,286,183,815,482,1186,1508,740,1803,1185,1041
"DYRK1A",172,901,612,1215,794,608,477,339,1379,1439,2191,1888,835,1552,1856,1717
"BRAT1",2675,861,677,1361,838,1306,672,509,1313,289,556,2919,803,1178,959,704
"RFNG",1939,554,517,594,583,1320,670,818,1360,835,864,2195,828,1651,1016,764
"DNM1L",2032,1041,724,1524,959,803,481,350,1162,322,1016,1623,885,1832,1136,906
"KPNA6",1021,1013,768,1473,987,908,305,190,866,1666,1756,1146,759,1329,1175,1472
"MRPL43",2066,1029,817,1343,1066,1166,482,304,1211,475,749,2167,751,1261,1050,782
"EXOSC4",1473,428,402,713,491,961,1683,1574,1888,609,457,3088,945,880,1209,825
"ESPL1",881,617,553,1908,832,878,278,206,1412,608,3132,675,968,2969,1289,1806
"RRP12",2428,1026,615,1177,784,830,1052,342,913,1626,593,2161,813,692,845,780
"TMEM147",1167,887,677,980,734,1388,757,522,1159,443,515,3150,910,1160,1343,915
"PGLS",1981,1107,878,1144,1084,2117,713,694,836,209,392,6839,749,1175,640,426
"NT5DC2",4164,2058,1078,972,1483,1611,588,253,1006,164,340,2531,1450,754,901,615
"RAB13",2079,901,837,1137,1132,1614,582,398,1235,320,540,2898,703,1372,910,707
"PLRG1",458,1241,883,1835,1269,823,410,307,1146,388,1220,1636,870,2214,1188,1174
"LETM1",2030,1135,752,1615,1058,701,832,432,1455,265,541,1584,977,1128,1125,940
"SH3BP5L",683,638,483,736,681,1315,486,261,1366,1471,1856,1763,854,1548,1165,1633
"KCMF1",1296,952,678,1542,905,824,292,285,947,777,1480,1266,808,1742,1484,1249
"PDCD6",509,1306,993,1929,1235,1184,355,190,1201,539,828,2048,842,1486,1454,1126
"GBF1",504,1102,791,1551,1036,1257,326,175,1159,899,1875,994,963,1932,1052,1460
"BLMH",3708,1493,923,1172,1191,1221,581,285,1099,261,377,2645,788,1332,939,678
"XPOT",274,1687,996,2255,1469,1015,238,187,842,562,2473,983,792,4395,889,1082
"C19orf25",1581,677,432,812,588,980,1066,1145,1886,525,601,2087,870,1000,1186,828
"DOHH",931,725,552,1134,732,728,1043,486,1494,1264,693,1297,1049,862,1256,1274
"SFXN1",2327,1458,1180,1746,1818,620,431,339,1238,268,691,828,919,1417,1020,916
"TMEM203",2058,628,490,752,658,899,722,710,1720,472,593,3061,841,1384,1154,960
"TRA2A",934,907,677,1357,975,562,402,253,1380,681,1233,1401,1073,1890,1651,1149
"STARD3",1969,1311,1015,1121,1025,1344,558,419,1112,460,639,2017,726,1042,848,667
"TRNAU1AP",1746,490,474,832,614,724,625,664,1919,506,818,2103,987,1570,1462,1125
"MAPK8IP3",3054,815,716,1622,764,1623,407,252,816,676,829,2552,707,1700,641,783
"TMED3",2581,1260,863,1040,1070,2187,675,507,909,223,264,5403,782,1006,976,476
"PSMC6",125,965,748,1463,944,689,534,369,1438,783,1248,1552,1076,2193,2001,1406
"TIMM17A",284,1274,803,1447,917,724,646,285,1703,640,906,2230,990,1363,1654,1017
"BCL7B",1435,917,672,1042,898,909,512,353,1258,494,936,2025,891,1384,1170,1133
"BTRC",352,1069,879,1273,1131,975,411,279,1222,1040,2200,649,739,1623,1458,1498
"AGPAT4",262,68,164,678,170,431,801,635,3936,4084,3432,2212,1574,1807,2798,2941
"KLHDC4",3473,711,473,964,508,989,1508,1265,1432,317,499,2090,1046,1064,560,774
"C21orf58",1030,272,349,992,560,1108,582,1149,2324,514,1010,1526,1081,3239,1038,930
"TAF11",1277,698,609,1396,810,684,466,288,1510,654,999,2087,968,1223,1556,1183
"SP1",478,875,709,933,921,1082,377,331,1370,625,2048,1509,795,2494,1118,1225
"SPG7",4416,835,652,1616,846,1125,482,372,1002,627,640,1903,818,1088,844,644
"FEM1A",652,767,477,1009,710,678,521,382,1468,1542,1485,1440,954,1286,1232,1471
"RMND5A",180,819,658,1054,924,808,321,202,1021,2242,2891,1294,835,2018,1820,1752
"ARHGAP19",156,594,581,708,737,630,392,339,1919,635,2719,1375,1409,3647,2148,1916
"LGALS8",1653,1850,1152,1658,1384,1083,254,176,687,898,1045,1164,619,1413,907,988
"GPKOW",193,608,489,538,583,757,625,455,1900,1198,1373,1762,1428,2283,1891,1712
"CREBBP",681,768,523,1234,779,666,497,352,1117,1660,1927,1217,743,1427,1190,1379
"REPIN1",1657,2576,1747,1804,1930,2430,296,140,677,314,592,1408,630,1466,737,676
"MZT2A",1494,610,579,909,774,1288,1155,1539,1943,240,301,2581,1044,1063,1018,626
"POLR2B",371,1729,984,1944,1436,1125,265,131,944,582,1495,1442,913,1743,1346,1228
"MRPL21",3396,1078,874,1426,1048,1122,659,361,1253,350,382,1966,753,1104,929,668
"RAB8A",1014,1451,991,1767,1273,1463,237,185,955,346,1198,2333,890,1285,917,1053
"TCOF1",2246,1370,885,1807,1245,1143,806,352,1268,254,538,1430,901,859,819,679
"SLC10A3",651,863,675,1111,983,1287,400,231,805,934,1287,947,1238,2322,1100,1504
"TBCB",1190,1029,764,1396,969,1222,441,312,1386,380,908,1908,1148,1179,918,879
"FBXW4",1339,505,402,706,580,757,580,623,1550,669,817,1481,1292,2581,1239,1353
"GTF2A2",176,1187,851,2046,1172,751,379,179,1222,747,1148,2152,1000,1697,1733,1391
"PDCD6IP",542,1641,1194,2192,1600,1210,263,120,808,509,1177,1484,838,1966,1156,1036
"AIFM2",563,1048,531,1130,614,345,1103,684,963,641,1074,1157,1170,1475,1671,1654
"ZNF787",1329,1404,975,1492,1108,1287,617,412,939,465,571,2036,859,870,719,769
"LTA4H",540,753,659,1071,1017,1653,406,209,617,1658,921,7231,572,1211,1153,910
"UBN1",783,941,633,1020,812,872,586,282,1447,576,1411,1402,1163,1497,1084,1201
"DTL",775,780,602,1419,934,474,414,360,1612,337,1443,1350,1195,2341,1651,1230
"VDAC1",1504,2708,1651,3442,2254,1685,235,119,711,190,580,1558,771,1041,956,811
"MRPL53",1358,489,519,777,658,904,688,679,1431,789,681,2392,905,1272,1254,1054
"PTDSS1",1277,1794,1151,1102,1332,1471,451,346,914,225,727,3395,658,1137,891,662
"MUS81",1032,955,754,1192,937,1295,404,288,1192,428,1035,1556,796,2246,1079,1025
"TP53BP2",168,717,702,1462,784,648,437,264,1446,913,2026,1161,1133,2288,1861,1758
"TRIB3",1212,456,357,858,702,2097,465,1390,1030,396,2782,1452,438,15231,128,771
"NCOR1",632,1109,720,1512,1079,811,433,316,1039,707,1343,1076,908,1698,1125,1168
"UBE2Z",1226,1279,781,856,976,1117,595,392,1127,390,770,2461,759,1230,1139,832
"GLRX",453,1531,862,1577,913,1634,501,358,1010,252,696,3211,671,2762,978,723
"RHOB",46,491,910,300,492,473,327,372,2267,2778,5241,496,1584,2413,3117,4080
"CLN3",3651,1057,742,945,1018,2134,579,425,929,455,392,3330,564,830,780,628
"NCAPH",126,1256,808,2087,1189,786,206,189,1134,603,2838,710,1214,3396,1621,1866
"UHMK1",68,1182,870,1145,1031,366,527,380,1309,830,1617,1400,1120,2463,2181,1782
"DDX27",1395,975,814,1379,951,1095,483,249,1025,838,864,1524,836,1109,998,928
"SRSF8",330,817,671,1512,839,730,311,548,734,2007,2062,1343,600,1098,1365,1719
"RSRC2",396,919,606,1861,888,763,261,172,1129,1321,1736,1367,1024,1875,1554,1352
"THYN1",1571,688,630,898,833,930,775,621,1734,189,463,3444,959,1831,1157,731
"ACAT2",602,2029,1355,1806,1477,1772,338,237,1030,322,809,1410,713,938,1098,1012
"CIR1",808,515,493,1246,609,769,357,280,1229,2106,1604,1298,880,1575,1301,1550
"ZNF266",4942,634,363,1229,662,537,512,543,1655,420,888,3575,841,1115,1003,622
"TPGS1",931,643,472,1006,738,1065,1451,1275,1860,472,426,2162,903,745,981,809
"RNF31",2771,531,483,794,592,922,593,653,1529,495,1054,1590,859,1463,987,958
"TM7SF3",1201,1898,1303,1493,2078,1652,192,99,721,277,799,2436,873,1545,1118,952
"SMC2",306,990,657,1386,1013,410,373,321,1420,475,2572,838,1089,2673,1895,1493
"CD58",166,648,557,1368,795,399,451,365,1620,804,1881,1388,1088,2481,2237,1827
"C15orf39",4634,1494,868,987,1158,1682,407,364,775,355,634,1782,692,1029,574,752
"CIC",2109,1395,931,1673,1228,1502,346,189,804,598,1149,1072,737,1306,562,919
"CINP",1310,613,548,1123,681,672,853,758,1597,479,542,2039,880,1349,1246,913
"DRG2",2349,996,673,1135,939,1073,655,451,1200,362,557,1557,853,1182,1033,782
"COMT",528,778,690,1108,841,2378,266,253,965,728,1228,2320,885,1683,1083,1184
"LETMD1",2197,777,734,1195,781,1100,483,336,1414,326,751,2578,657,1888,1035,677
"ATP6V1A",90,917,663,970,937,625,357,246,1232,1373,1995,1884,1141,1776,2400,1721
"VPS72",1078,865,832,1190,995,1171,487,382,1205,488,750,1996,789,1365,1047,819
"MRPS9",709,822,696,1228,886,593,622,471,1522,469,869,1575,936,1829,1305,965
"ASAH1",123,1059,1137,1460,1285,2562,226,183,470,1128,1617,4071,578,2048,1122,1042
"SUGP1",1665,611,494,942,626,1030,754,502,1307,604,699,2705,802,1461,883,899
"TSR2",670,1133,908,1397,1029,985,617,422,1463,336,613,1834,899,1481,991,848
"MICAL3",701,687,764,1733,982,700,479,244,1072,1016,2082,615,846,1625,1095,1431
"PPP2R3C",459,703,527,655,687,660,526,441,1726,554,1322,2165,878,2342,1722,1370
"TOLLIP",1009,715,457,600,604,1415,781,736,1150,702,833,3611,638,1398,883,836
"MKLN1",451,655,493,839,622,692,426,334,1366,1294,2065,1254,876,1959,1729,1495
"PTGS1",3569,1596,1094,681,1577,2699,365,128,1124,285,332,3929,587,780,1531,568
"MAEA",1064,1084,734,1379,912,983,371,225,987,600,1224,1511,828,1473,1108,1173
"AMDHD2",1622,413,404,373,465,1008,893,1523,2089,1025,578,1320,907,1504,1045,999
"ACOT7",674,1543,987,1453,1149,949,435,253,1128,323,727,1258,1194,1185,1524,1144
"TOMM70A",740,1206,893,1461,1165,658,467,201,970,523,1016,1387,889,1929,1345,1065
"NSA2",871,1496,983,1837,1112,1152,467,157,1284,443,640,1758,930,1571,944,735
"ZNF638",1192,854,666,1423,865,1042,265,107,1129,815,1340,1635,839,2281,1165,1262
"SPG20",365,1008,713,985,1087,684,370,216,839,977,1666,1759,883,1834,1631,1447
"RRP1",4073,1170,740,1500,1011,1186,1457,454,1063,186,226,2920,885,753,730,491
"HAUS8",835,487,405,1016,588,541,657,589,1763,464,1146,1491,1122,2127,1479,1374
"MLLT3",423,714,673,1157,910,556,449,223,896,2108,1698,1405,843,1253,1601,1502
"KDM2A",1978,993,624,1284,838,874,290,199,883,1117,1314,1993,704,1009,1014,1100
"PTPN18",4807,1316,868,1145,501,1878,495,443,951,252,384,3299,758,1246,605,569
"SEPHS2",1795,1408,1021,1070,1167,1921,399,329,818,274,465,3913,544,1820,740,529
"NFX1",1984,870,649,1235,885,868,435,283,1082,494,1200,1603,689,1411,983,1035
"PRPF3",2497,796,599,1281,753,970,493,267,1179,437,717,2042,781,1749,1013,864
"SRCAP",1191,1148,684,1506,874,996,534,251,1033,663,1272,1367,766,1299,694,979
"DNASE2",1503,857,564,662,742,1767,423,515,819,597,762,2674,856,1285,1079,812
"KANK2",426,906,638,1146,934,582,387,202,1164,1474,1823,656,970,1859,1536,1840
"AIFM1",1086,937,604,1201,823,986,523,303,1334,469,731,1748,979,1503,1180,975
"ZMIZ2",3234,914,626,1287,903,1460,497,352,1190,381,858,1284,731,1412,556,799
"NFE2L1",1253,1340,792,1091,1048,1976,313,194,646,815,1066,1138,722,2264,762,856
"OSBPL2",648,484,420,670,556,849,445,392,1454,1368,1726,1350,994,1776,1436,1476
"AHCYL1",976,1608,961,1098,1442,1231,360,245,1013,430,876,1812,696,1380,881,819
"WDR33",951,1158,764,1448,1059,1004,534,281,1084,417,896,1953,726,1312,900,943
"MRPS12",1461,935,755,831,854,1086,1256,544,1393,367,351,2850,897,721,1046,650
"ZFYVE27",1361,583,447,1015,601,990,610,397,1534,606,1038,1669,766,1643,1013,1169
"PRKAG1",206,1124,1119,1182,1199,1122,386,275,1065,694,1043,1553,880,1946,1135,1169
"TRIOBP",900,557,466,752,637,986,473,752,1448,465,1799,1540,767,2264,752,1286
"CEP131",2203,308,284,592,369,607,1113,918,2535,450,1009,1278,1213,2238,1006,1096
"RAE1",826,969,671,1441,946,936,604,300,1164,462,687,2179,822,1318,1173,921
"RNF145",340,822,532,1009,866,967,397,507,1439,519,1647,1148,792,2025,1387,1456
"TUBB2A",116,434,188,924,212,474,1355,1037,669,2771,3248,1497,2600,805,1286,3369
"OAZ2",774,818,588,982,827,1035,242,213,728,2474,1623,2275,624,1069,1203,1321
"CD81",640,805,825,959,896,3463,655,591,577,245,417,7321,879,1446,890,459
"ENO2",4377,946,1053,840,1334,1112,343,865,1019,315,996,590,582,1083,744,767
"OXSR1",289,1026,753,1061,972,682,387,196,1171,947,1907,1219,868,1604,1578,1599
"GNS",3954,3154,1516,886,1796,1960,202,135,350,750,658,3494,405,866,609,481
"STYXL1",3298,499,460,688,670,650,578,722,1577,444,453,3058,1253,1069,1150,769
"CHD1L",1436,1361,993,1001,1350,1298,401,225,930,222,771,1877,904,1376,997,929
"MICU1",914,1085,832,1131,1187,1382,300,221,695,743,1360,1443,619,1797,911,1029
"TMUB2",1386,550,501,979,646,1163,292,448,830,1947,1323,1590,579,1138,1020,1278
"COMMD3",533,898,714,1128,982,762,436,378,1539,369,704,1911,998,1951,1483,1000
"NCEH1",54,307,661,1154,540,407,360,381,1490,1610,3781,1038,1275,3477,2309,2272
"KBTBD2",1078,830,516,1191,705,974,274,262,962,1117,1898,1076,740,1689,1206,1153
"DLD",59,1815,1165,1810,1433,573,431,309,1020,554,1215,1211,965,2463,1518,1161
"ACAD9",1213,984,705,997,903,956,473,431,1216,322,717,1484,935,1812,1050,934
"IPO13",2108,543,425,889,627,848,600,487,1162,490,925,1600,952,1671,1056,1080
"ICMT",515,1353,935,1470,1145,977,396,315,1267,281,779,1596,908,1429,1310,988
"USP32",427,658,538,1017,741,492,399,357,1231,1043,2269,1081,863,1891,1534,1583
"MOGS",2565,1202,896,1230,1121,1868,357,172,695,482,871,1735,692,1209,711,741
"JOSD2",1241,595,535,793,640,1189,835,1051,1688,505,476,1940,938,783,1032,800
"S100A11",7531,1772,1066,1543,1842,6916,401,280,117,159,282,9576,417,981,523,226
"N4BP2L2",1534,654,601,1116,775,1181,224,211,834,1094,1282,1940,601,1895,1166,1107
"DPF2",690,817,737,945,961,842,490,309,1206,825,1144,1484,786,1253,1116,1099
"ARID1A",371,1243,716,1337,970,827,406,516,884,746,1181,1724,613,1865,1015,832
"PNKD",1293,771,564,741,774,1820,691,671,1416,360,468,3225,723,795,1252,626
"NUFIP2",709,1329,734,1330,1066,928,377,188,1039,393,1163,1958,807,1810,1180,900
"PDCD10",26,998,720,1152,1087,759,319,154,1023,2216,2826,1222,943,1775,2365,2262
"ATXN10",646,2002,1408,1603,1576,950,312,161,751,297,650,2020,814,1675,1039,985
"RBM33",584,879,568,1142,844,934,421,225,1132,1022,1668,1023,858,1524,1100,1317
"PCIF1",606,822,643,808,817,1212,319,291,1092,765,1548,1281,911,1885,1044,1320
"ORMDL3",868,508,529,708,537,890,514,395,1633,1073,1414,1548,759,1161,1253,1383
"KPNA1",445,1165,700,1230,920,849,334,193,640,1792,1696,1303,675,1527,1302,1177
"FAM83A",1580,1066,1357,500,2812,1498,729,129,2483,1575,388,496,1224,1993,184,524
"NME1",7299,1594,1123,2937,1402,1112,827,291,922,114,169,2533,779,492,878,355
"RFC1",311,1016,774,1303,1117,709,438,363,1389,321,1106,1358,1007,2217,1332,1083
"ZNF622",545,797,633,685,740,813,806,686,1387,649,708,2286,764,1540,1036,788
"PNISR",326,945,803,1575,1058,1020,320,139,944,1021,1430,1292,1008,1796,1201,1140
"C9orf40",55,516,454,1437,668,513,486,371,1965,1063,1851,1548,1119,2237,2420,1697
"RABGGTB",1657,1296,916,2316,1154,1009,325,111,801,623,842,1545,606,988,1184,915
"WDR82",243,1835,1123,1838,1397,1006,295,146,917,565,1623,1212,816,1556,1066,1032
"BLOC1S2",992,967,696,1366,886,753,312,262,931,729,905,1460,817,1304,1354,1291
"CHST11",932,904,726,847,829,1549,301,284,1073,505,1203,2373,761,1815,746,906
"NFKBIB",1033,681,496,1079,664,1014,661,481,1045,1100,879,1229,881,989,969,972
"CUL3",637,1317,844,1552,1098,809,341,207,912,810,1226,1201,691,1247,1209,1026
"CCNG1",265,1970,1869,2131,2172,1116,200,98,689,458,1097,1280,646,2151,1145,1046
"EGFL7",6328,2023,1619,2849,2651,4417,994,341,623,68,94,7137,266,695,348,125
"C10orf54",1219,273,377,255,563,4269,721,570,1578,371,769,10579,979,1207,695,594
"CPSF2",739,970,700,1205,845,560,441,331,1200,584,1126,1599,820,1429,1199,1047
"CCDC94",1278,719,531,915,632,881,776,795,1048,567,756,1521,902,1195,824,835
"SLC25A10",2029,816,535,897,708,844,845,779,1762,234,482,1808,913,1221,906,656
"CCDC167",819,307,244,359,309,520,1270,1666,2600,517,705,2881,1230,1291,1819,1223
"CEBPB",248,429,372,855,553,2806,488,657,902,707,1829,2937,690,3460,691,757
"IMP4",2702,1039,779,1298,478,932,899,645,1271,291,361,1712,761,1033,813,678
"MGME1",893,528,527,1316,733,532,419,239,1439,730,1544,1250,814,2108,1285,1295
"UBR5",1027,1208,768,1280,1026,798,312,162,801,933,1178,1548,745,1378,1053,977
"TRAPPC2L",4512,596,580,873,741,841,1121,816,1645,277,251,2983,763,820,851,497
"NRAS",943,1287,810,1277,1046,542,316,248,1021,569,1216,1323,717,1316,1373,1080
"CHTF8",683,1334,950,521,1193,1117,477,271,1062,349,1012,1783,940,1471,1057,944
"TBCA",379,1179,898,2016,1237,1409,289,148,897,387,716,1665,1036,1966,1334,1013
"ACTR10",179,761,608,965,735,699,345,227,1372,1276,1504,1321,1045,1678,1951,1784
"SIRT7",1388,614,561,1313,649,1117,434,251,1315,821,932,1723,747,1084,1039,992
"STX4",1303,721,596,802,808,1720,511,236,865,965,648,2690,674,1305,915,799
"ZFP91",373,1223,694,1037,948,622,340,263,1121,724,1585,1564,678,1830,1441,1114
"DAP",418,2042,1241,1424,1898,2040,160,87,358,1421,2371,1675,477,1105,974,738
"RBM23",371,928,713,999,876,1041,386,180,1182,732,1608,1495,771,1382,1581,1261
"DCUN1D5",147,1228,875,1384,1185,739,746,427,1513,362,651,2162,902,1333,1320,880
"CHPF2",1391,930,634,1027,755,1820,313,210,576,1653,1178,963,765,1011,989,1080
"ABHD2",500,1177,678,807,839,785,394,315,1028,342,1534,1906,778,2344,1341,1021
"EMC7",417,955,690,1517,894,977,374,198,1257,531,964,1633,918,1719,1420,1056
"HDHD3",1683,1264,1987,1647,1772,1413,407,336,999,219,389,1247,569,1276,674,505
"E4F1",3586,705,457,1539,673,932,676,366,1198,395,536,1451,848,1252,789,764
"WBP1L",1392,1521,994,984,1111,1358,337,293,930,706,656,1686,556,800,844,772
"EIF2A",235,1872,1307,2463,1676,1095,211,213,792,404,1134,897,738,1935,1019,1103
"ZRANB2",417,1149,872,1173,1076,459,372,231,1098,553,1033,2092,830,1637,1546,1117
"TET3",213,572,457,1180,731,514,397,220,1232,1082,3294,928,993,2125,1709,1952
"DAPK3",1188,420,399,526,472,892,1053,1052,1586,818,644,2269,961,775,1063,880
"MFSD1",534,1048,656,1073,851,1908,229,130,796,727,1120,5293,596,1097,1302,1116
"LRR1",357,726,523,1331,742,473,474,285,1549,418,1258,1593,1157,2038,1710,1388
"USP1",73,1227,782,1846,1112,353,271,191,1258,616,2419,1320,1008,2317,1961,1783
"WBP11",345,1390,894,1813,1357,780,309,174,1025,427,1370,1073,868,1702,1318,1092
"SETD1A",1468,1003,808,1580,955,814,518,318,1149,475,754,1138,781,1190,790,744
"NAA38",2359,544,487,1069,565,1143,936,804,1822,358,320,2807,761,819,855,589
"YIPF2",953,731,616,950,688,1075,525,378,1152,914,1030,1522,666,1114,895,937
"CPNE1",2003,1305,1002,806,1116,2305,299,217,598,500,494,1981,813,1746,576,696
"SMG9",2308,513,385,720,545,1083,923,683,1378,254,600,2678,712,2052,817,725
"SOCS2",472,1281,741,947,1218,756,373,298,966,434,966,1225,887,1783,1426,1229
"GGA1",2481,721,590,975,732,1434,537,514,1013,386,530,3133,684,1228,641,569
"WDR61",228,1120,888,1060,1266,934,429,189,1325,424,792,1861,1113,1561,1520,1123
"GMPPA",2370,645,440,563,559,1034,988,820,1537,372,518,2563,727,917,896,722
"AP4B1",2836,380,284,789,422,679,662,386,1681,542,791,1932,768,1745,1458,1206
"LARP4B",1668,910,603,1212,767,1154,420,230,979,382,826,2249,757,1318,998,878
"ACAP3",4126,583,409,1189,562,1194,630,583,1052,220,587,1935,875,1456,785,745
"TMED2",555,2235,1339,1847,1643,1190,239,184,671,385,843,2280,581,1097,882,750
"UTP3",1625,867,650,1430,832,783,339,156,814,1752,1108,1235,564,824,1270,1081
"GAB3",1638,618,564,1199,667,877,278,209,1000,743,1329,1278,893,2129,901,1126
"CWF19L1",780,901,653,790,841,717,571,484,1304,375,702,2724,749,1108,1204,1014
"ANXA2",3671,5155,1749,4194,3115,3735,442,164,111,142,262,2806,473,531,654,186
"HIGD2A",1158,847,881,1555,1071,1588,431,328,838,576,469,2828,555,1040,809,578
"PARL",3530,875,598,991,799,1220,605,397,947,235,388,5994,654,890,824,509
"API5",747,1318,925,1175,1228,788,330,242,1012,383,853,1505,839,1406,1224,932
"AIMP1",1211,864,798,1261,911,770,422,243,1128,353,696,1705,811,1787,1147,922
"ZNF24",949,866,542,898,688,869,302,266,908,1277,1455,1300,676,1335,1222,1183
"MAPK1",189,1362,864,1186,1173,1038,177,117,651,1552,2250,1334,697,1864,1347,1416
"RPL21",686,301,336,274,287,345,665,1230,8244,379,481,11928,549,2160,2016,763
"DGKZ",2524,1224,740,1386,1073,2085,493,463,760,243,616,3403,606,584,472,496
"TMEM160",2729,571,531,824,610,1051,1390,1442,1553,279,215,3322,813,561,828,497
"MRPL22",756,943,856,1818,962,773,403,218,1131,504,783,1442,804,1239,1221,929
"MRPS25",903,1011,765,1160,981,1043,1003,584,1528,182,320,2396,821,1022,1017,568
"CAPN15",2198,1374,873,3023,1295,1549,237,93,719,351,944,793,828,1308,691,960
"SLC35C2",1771,726,582,862,766,1728,363,293,717,1233,791,2781,562,1035,656,759
"PRPF38B",1294,926,638,1615,851,731,642,220,814,589,883,1333,813,1168,1051,834
"RAB1A",152,1245,969,1652,1241,1083,239,152,797,794,1545,1335,867,1498,1461,1278
"CBLL1",285,1436,1117,1308,959,647,485,340,876,654,1221,954,623,2566,891,843
"NGRN",265,763,520,892,739,1152,446,259,1232,978,1039,1604,872,1725,1439,1221
"POLR2D",1184,797,613,949,798,697,574,487,1281,333,607,1756,884,1440,1095,916
"SIRT6",2078,692,599,1423,727,972,735,655,1417,273,469,1857,698,922,848,633
"NDUFV3",1091,357,503,900,609,775,603,778,1428,341,853,1850,840,1452,1361,979
"C2orf88",239,325,280,1047,503,563,994,534,2490,892,1814,1101,924,942,2060,1695
"C16orf58",1124,843,837,1064,968,1263,231,144,1020,517,1133,1162,940,2262,925,989
"PRKD2",1314,330,370,964,496,669,496,538,1936,847,1364,1219,822,1059,1085,1346
"TUBGCP6",3079,557,471,1401,692,1129,387,237,952,539,1183,900,879,1712,684,1020
"TAF6",940,986,856,1346,1065,1095,240,228,987,469,1220,730,932,1522,1066,1087
"LRRC8A",337,709,582,1097,845,1037,278,173,826,3269,3044,422,776,851,1244,2382
"MDM4",1408,934,626,1489,898,806,284,293,791,471,1267,1452,609,1611,1015,924
"VAMP3",400,910,724,846,991,1099,303,290,1057,539,1267,1624,887,1459,1253,1146
"BRD9",2442,636,481,981,659,801,632,482,1319,435,679,1412,777,1326,894,784
"STK16",446,490,499,508,592,694,548,463,1693,1099,1001,1683,1085,1361,1364,1281
"JMJD8",1920,926,536,924,725,919,669,537,1091,405,529,1795,831,1039,816,744
"RANBP2",296,1229,830,1570,1100,723,350,199,1066,611,1066,1203,846,1661,1330,1100
"TUSC2",1724,618,478,1000,595,801,673,487,1248,556,670,1656,815,821,1215,935
"CMTR1",563,673,529,1023,756,669,407,276,1242,847,1623,1132,881,1675,1102,1262
"PDHB",650,1259,926,1616,1196,1024,249,197,906,487,945,1580,578,1563,1112,912
"TCEB1",579,735,612,1424,790,709,447,270,1226,528,852,1496,1003,1333,1548,1048
"PLXND1",5357,3012,2550,2243,2622,3245,409,235,304,63,225,5173,414,1295,247,140
"DNPEP",1479,1002,591,789,810,1039,576,343,1029,400,500,2188,853,1317,979,772
"INPP5B",1345,431,386,596,513,844,483,470,1373,479,1110,2883,918,1197,1286,1133
"XBP1",325,1658,1214,1331,1673,3120,307,302,529,263,822,3332,413,2131,525,550
"ATP6V1G1",1171,1327,910,1811,1252,1188,241,159,596,525,749,1650,675,1324,996,834
"DENND4B",3835,865,600,1488,918,1245,416,282,853,212,741,2089,645,1468,611,648
"TSPAN13",168,1874,1099,2171,1341,301,391,242,1064,600,1163,570,1034,2004,1552,1011
"CDC25A",2601,502,321,848,524,387,778,841,1904,282,880,1395,816,1403,1214,960
"BTBD6",1499,574,360,680,564,557,530,435,1331,340,1154,1609,940,1836,1585,1200
"SUZ12",226,958,672,1177,921,370,347,202,1370,613,1773,1119,931,2319,1996,1365
"PSMC1",212,827,614,997,764,731,481,328,1596,568,918,2110,951,1663,1348,1142
"DCP2",283,623,526,657,804,614,432,313,1421,656,1247,1755,952,3129,1568,1048
"MDN1",625,1095,762,1288,1035,620,555,172,1060,355,1013,1219,1103,1749,1083,1001
"POP4",1422,793,588,1294,760,736,525,308,1214,499,710,1577,806,914,1163,907
"TAB3",50,634,595,1100,718,382,387,245,1087,3102,3266,1010,794,1510,2108,2117
"RWDD1",401,685,540,921,687,752,537,403,1749,455,722,2170,896,1532,1417,1096
"C14orf1",1442,1377,1068,1631,1350,1701,326,192,792,314,642,1557,569,754,997,738
"FCGRT",1692,98,158,159,375,4366,1065,1049,1059,132,566,17078,753,4472,1859,507
"WSB2",1313,1043,685,1149,969,677,339,276,990,381,869,1335,712,1408,1235,1093
"WAPAL",338,915,689,983,978,591,431,299,1129,572,1218,1583,804,1793,1332,1043
"POLE4",1208,584,407,803,539,797,902,730,2309,282,373,3077,961,1350,781,778
"UBA2",176,1569,941,1724,1270,504,347,265,943,355,1189,1030,938,2426,1402,1063
"BZW2",1133,1839,1211,2205,1622,1257,286,113,409,743,629,1719,610,1474,472,705
"NUP43",998,908,634,1425,950,816,628,304,1281,238,682,1769,751,1499,1010,745
"ZNF598",1140,1032,739,1493,883,1229,482,231,1018,383,786,1099,906,1357,712,818
"TUBG2",1496,486,880,2099,1375,1084,418,176,1030,586,805,646,693,1210,837,1142
"SPAG7",1942,725,472,1253,731,1345,480,565,1286,282,550,1844,600,1587,815,591
"KIAA0100",2604,1187,693,1189,967,1255,477,268,977,284,538,2563,675,968,830,447
"IRF9",556,278,312,775,382,831,384,334,1443,1208,2413,1276,757,2441,1415,1732
"PPP2R5B",135,297,608,1262,840,1500,339,178,1314,1446,2676,543,1277,1623,1277,1966
"GSTM3",2806,3017,12076,2043,6783,1613,198,142,1148,311,190,381,293,349,815,209
"ARVCF",661,267,341,799,469,359,735,558,2467,641,1320,1064,1323,1820,1246,1653
"RMI2",667,411,290,729,782,588,568,520,2653,283,1361,1146,1047,2207,1756,979
"SNX2",535,937,828,1318,952,962,176,104,643,1575,1662,1125,685,1932,1090,1385
"NDUFB5",95,1077,961,1258,1169,739,390,165,1363,551,807,2746,903,1932,1598,1028
"ASL",1145,857,676,568,869,1013,740,842,1323,214,486,2264,791,1131,952,657
"PTGES2",2973,1050,746,919,854,1131,872,365,1076,265,258,2336,835,684,797,675
"CHMP6",1146,668,535,615,633,989,862,733,1351,389,467,2652,810,1152,892,668
"MICU2",364,1320,845,2043,1283,527,212,122,942,722,1506,924,730,2038,1331,1246
"ARHGAP33",1375,376,427,945,493,817,502,450,1586,441,1447,750,1039,2437,769,1268
"MFF",1651,781,660,1403,878,958,346,191,994,449,801,1603,758,1251,1076,910
"LINC01089",2514,314,253,753,319,1137,498,646,1891,690,860,1347,1014,1400,993,941
"KMT2B",1168,821,596,1493,762,1164,320,157,897,781,1529,806,820,1550,817,1019
"VPS11",1037,870,780,1484,927,1349,236,112,822,1061,1174,1331,692,1082,832,1157
"STAB1",18822,172,210,269,510,6181,1004,808,167,152,489,11957,593,2344,998,288
"SS18L2",1466,568,467,1150,637,706,524,479,1444,425,766,1749,776,1085,1186,850
"MYB",4142,2799,1924,1858,2162,1475,557,319,470,53,160,9072,336,1540,373,150
"SDF2L1",1214,778,553,754,588,1047,1165,811,1715,248,290,3630,965,520,1094,589
"RALGDS",559,904,737,1509,1070,1865,174,70,835,910,1839,860,839,1866,908,1343
"NEDD4L",417,749,711,1364,819,882,448,276,798,1377,1620,664,630,786,1245,1700
"YIPF6",164,427,401,730,512,502,461,364,1061,1845,2653,985,965,2028,1875,1914
"BCKDHA",205,954,1144,518,1534,1416,530,579,1119,342,517,2883,764,1787,793,673
"GLE1",2107,771,529,792,720,643,441,356,1256,464,893,1648,745,1354,1117,706
"JMJD6",635,732,474,828,585,1096,708,306,1220,617,820,2163,853,1132,1192,861
"PRKAR2B",144,841,865,1536,1721,272,322,238,1318,713,1705,533,1018,2986,1611,1237
"LAMP2",195,1712,1025,1118,1185,1139,159,148,491,836,1417,2603,623,1912,1277,1084
"ZNF335",2311,595,435,1338,608,880,432,322,978,672,1149,1089,624,1246,826,1040
"USP34",687,1373,885,1504,951,842,262,257,750,534,1085,1591,590,1377,978,867
"EIF2B1",1084,1226,810,1609,1078,992,366,175,947,354,666,1551,747,1301,938,847
"FKBP2",4567,521,410,711,512,1074,641,563,1198,408,436,3297,715,862,811,655
"SCAP",2785,1562,932,1138,1155,1643,444,186,685,254,472,1931,712,1168,658,488
"PITRM1",1253,906,658,1299,1005,1291,336,192,591,772,836,1166,706,1302,1038,910
"NAT10",2603,1967,1298,2195,1886,1196,616,170,647,210,364,1585,553,762,642,398
"RALBP1",527,1189,916,932,1062,862,287,197,744,1510,1507,1153,656,920,919,1031
"MKNK1",1108,604,611,1050,853,1008,369,272,982,824,1222,1554,625,938,991,953
"NDUFC1",358,768,698,1836,876,825,319,197,1309,618,877,1468,876,1324,1527,1044
"CCDC137",1766,847,598,1204,697,1045,713,377,1190,250,590,1774,791,1011,818,702
"PRR13",1216,1081,813,954,978,1470,340,222,893,424,531,4397,616,848,872,670
"HAUS5",1519,612,479,1109,641,670,505,462,1361,298,867,1031,989,1876,880,1016
"NOP14",964,1828,1091,1114,1294,996,522,255,874,197,428,2004,792,1249,831,643
"B3GAT3",3169,530,468,745,471,1357,689,759,1292,287,339,3515,716,1042,784,562
"ARFIP2",981,935,745,1107,845,1061,389,296,912,630,773,1611,681,1052,884,831
"CORO1A",2891,587,539,422,897,10837,525,660,167,146,342,23850,511,1587,644,174
"PLCB3",1738,428,323,683,388,689,792,515,1618,379,773,1949,1101,1962,876,928
"GCNT2",148,90,87,273,159,495,739,810,2903,2634,3669,2074,1134,2807,3140,2648
"HCFC1R1",2846,394,347,642,397,894,992,1233,1931,302,390,3372,649,841,1015,606
"NUB1",935,578,495,385,541,921,437,439,1063,1403,1329,1452,558,1339,1087,1252
"COX15",1154,742,712,853,942,749,375,414,1185,366,763,1623,786,1545,943,818
"CAB39",127,2121,1176,1163,1453,1034,325,164,637,673,1082,1500,711,1727,1165,872
"PSPC1",889,1041,662,1623,869,629,275,215,877,388,1215,1369,857,1860,961,993
"LYPLA2",1417,691,529,718,702,1328,521,395,1048,516,587,3072,821,861,856,660
"HDDC3",851,437,623,700,620,737,621,531,1493,406,635,1896,969,1654,1159,838
"BRD7",274,713,601,938,788,779,354,287,1289,478,1299,1303,1003,2018,1508,1230
"RENBP",3715,932,738,560,926,2591,593,395,469,471,260,3845,519,908,627,490
"HERC1",149,789,585,1297,704,766,251,125,784,2518,3291,545,803,1989,1459,1945
"RECQL5",1453,347,370,690,488,846,773,795,1513,497,686,2176,768,1566,772,797
"SFI1",1617,470,404,871,563,714,549,594,1729,313,798,1045,975,1802,941,1015
"NUP214",1815,802,645,1351,857,1089,311,189,879,472,1020,1349,740,1285,735,940
"RABEP1",977,1113,844,1276,1049,852,434,219,807,531,741,1062,653,1179,1040,976
"NCBP2",854,1327,971,1599,1150,837,496,194,932,278,550,2056,746,973,981,750
"GOLGA3",1614,736,514,1385,737,976,457,259,920,695,706,1854,580,1000,1019,733
"CTNNB1",567,1455,865,873,1160,963,388,212,761,459,883,2536,585,1295,1097,682
"UPF2",882,893,717,1490,857,702,457,162,948,634,737,1346,870,1325,1085,906
"PFDN2",1346,740,654,1847,780,894,339,162,889,492,822,1568,982,1198,1019,803
"NDUFA12",397,1013,909,1799,1154,1195,198,157,854,631,535,1527,828,1426,1518,1085
"SIRT3",1400,391,560,717,478,737,607,747,2421,712,422,1970,380,1407,1443,636
"BEX1",120,175,241,476,311,1366,1012,312,1166,1332,688,8200,1535,1472,1554,2184
"HACD3",209,1460,917,1288,1102,696,300,174,1140,232,1359,1075,1156,1936,1553,1161
"RPL36A",5835,294,300,631,335,878,709,1025,2847,229,264,4322,526,1475,1079,518
"TMEM55B",312,743,531,779,667,1623,248,227,952,1260,1384,1263,768,1665,1112,1347
"PLOD1",2478,1235,952,658,1340,1362,321,357,814,290,357,2692,754,668,841,590
"SLC25A28",2386,470,335,830,512,819,415,471,1282,550,694,2567,753,1240,918,857
"FUCA2",1880,2440,1367,1746,1370,1143,358,165,868,217,396,1412,702,748,746,524
"MRPL17",1814,957,885,1664,1104,1007,511,242,1103,189,415,1639,764,1106,885,604
"PPP1R8",894,1032,741,1618,961,667,319,181,1040,434,1011,1377,666,1359,1027,953
"KATNA1",529,482,426,920,498,510,523,406,1545,579,1074,1322,1038,1709,1646,1154
"DNAJB6",653,1104,737,1341,957,1553,301,127,506,1278,1470,884,586,900,1101,1102
"CEP57",395,793,682,1183,943,491,300,223,1119,494,1542,1078,760,2663,1318,1156
"PAFAH1B3",2566,802,649,1044,768,838,709,565,1172,200,380,1766,830,907,865,587
"UQCC3",2301,402,362,556,414,677,1841,1680,1915,190,260,3199,967,948,900,514
"HSBP1",2037,1010,715,1058,816,1159,419,299,826,322,447,3037,713,962,839,568
"NNT",311,1546,743,917,1038,340,303,300,1040,347,1325,1338,971,2415,1371,987
"VPS26B",897,983,766,851,851,957,353,454,920,266,869,1231,803,1751,895,878
"LRCH4",1065,837,643,1098,784,2111,402,310,753,354,825,1762,761,1438,554,708
"BST2",2868,1377,1098,375,1029,2899,638,437,622,131,176,11642,666,620,694,282
"PBK",118,630,456,1164,611,230,401,426,1944,576,1725,771,1089,3857,2275,1404
"GRWD1",1662,1039,764,766,911,707,851,424,1100,280,421,1820,760,868,873,649
"KIF5B",1387,878,483,803,664,462,412,288,981,785,878,1574,801,1429,1192,841
"SCD",3773,5290,6230,4013,8099,9067,227,163,325,83,335,1156,149,276,210,107
"BAZ1A",481,922,634,1593,797,511,365,265,1025,376,1249,1257,925,1562,1307,1014
"CYBA",7600,239,307,216,447,9347,1417,1901,252,161,234,22467,544,874,718,159
"BCAT1",1542,3052,2317,1661,2516,1253,325,204,447,201,479,1255,569,1569,325,302
"BIN3",1652,587,456,864,568,753,720,691,1164,502,659,2015,621,857,826,726
"ISY1",1761,575,411,785,551,845,699,686,1375,347,505,2240,722,1043,933,720
"CNOT2",1531,805,546,1083,722,572,387,305,914,653,916,1827,581,1213,989,809
"ADNP",2287,1112,747,1308,931,708,341,220,759,465,970,1242,479,1266,809,762
"CARS2",5525,1071,712,1057,938,1238,549,294,904,173,280,2616,682,1007,628,447
"HPRT1",159,1194,1008,1676,1346,503,330,135,1098,288,1012,1352,1098,2741,1379,1029
"DDA1",806,786,628,1195,815,1048,291,309,812,599,965,1332,795,1161,906,1015
"IBA57",600,514,349,450,599,477,699,683,1362,2272,974,1161,779,855,963,1279
"KLHL18",568,451,385,907,511,387,688,356,1637,402,993,1851,1174,2183,1246,1131
"NUP88",853,737,603,1084,778,678,302,169,809,1086,962,701,970,1598,1247,1452
"NEK9",615,936,714,1059,902,994,329,154,867,543,955,1577,815,1689,1006,942
"PDCD11",2421,1004,791,1097,1019,909,758,411,1035,208,340,2216,625,811,714,497
"CCDC130",1326,386,382,896,459,1168,443,385,1024,687,926,2494,714,1216,926,875
"CBX6",1532,596,613,1356,576,1056,383,515,1448,393,683,1640,711,766,674,840
"PRKAR1A",332,1747,973,1099,1535,671,325,248,596,521,806,2301,626,1328,1119,628
"HSPA14",473,992,644,1394,913,608,445,255,1131,335,829,1431,860,1318,1352,966
"MZF1",1889,420,538,1172,603,1078,433,264,1158,984,930,850,666,1328,667,897
"VTI1B",264,832,590,916,784,962,298,170,938,1321,1178,1017,967,1730,1247,1225
"HAUS7",3327,442,324,712,449,539,1054,845,1956,235,368,2073,1079,965,1034,616
"RRP8",1801,366,324,577,467,671,1056,649,1494,673,629,2156,664,1054,991,699
"NDUFB4",263,1475,1298,2711,1533,1292,173,79,661,460,1081,1010,799,1340,1106,1074
"SRGAP2",891,309,261,483,367,945,395,384,1234,2113,1907,1359,717,1264,1235,1248
"UBXN11",3676,526,428,816,559,1289,693,482,909,551,339,2842,493,925,778,613
"FN3KRP",446,1011,611,760,908,871,361,193,1276,332,1438,996,796,2408,1106,1145
"RFWD3",980,1044,587,1422,1007,619,318,254,852,318,1371,896,626,1793,961,1105
"NIPBL",665,842,566,1060,749,703,291,224,930,1026,1383,1243,652,1340,1051,992
"STAT3",1139,2200,1168,1337,1838,2080,225,121,486,418,631,1660,469,882,704,635
"RBM15B",832,1231,769,1413,1010,1045,321,212,987,317,765,1524,754,1118,815,844
"CSK",2854,1568,1031,1315,1291,2190,404,289,436,144,295,5084,567,775,455,406
"UGP2",47,1292,812,1066,1098,1593,421,267,1139,425,758,3396,742,1257,1311,862
"TMEM208",3098,573,441,1016,562,937,867,567,1287,320,325,2249,717,760,905,544
"MKKS",1921,852,616,1393,800,980,552,205,1000,305,352,2256,754,882,1123,736
"APOL2",3197,414,364,415,391,614,674,324,1678,977,888,902,683,1330,1099,1213
"HMCES",509,958,679,1057,893,659,394,252,1368,448,795,1081,915,1510,1062,1056
"XPNPEP1",803,1029,731,921,954,1113,304,206,818,378,821,1431,718,1560,1041,1053
"AKR1A1",3473,1063,845,907,1034,2045,506,275,670,152,220,4685,699,787,704,443
"KLHL21",310,925,715,857,777,2599,181,87,395,3241,2281,744,556,1248,1034,1690
"SCFD1",269,817,579,1437,838,617,255,178,1032,658,1522,1082,861,1995,1395,1359
"GPATCH3",1585,403,347,472,410,717,850,874,1449,761,638,2173,648,806,993,890
"CEP250",1465,718,607,974,810,864,670,266,1495,213,628,986,1023,1413,832,848
"RAD54L",1182,549,406,833,583,661,555,472,1861,267,780,1308,948,2068,946,757
"ACSL5",1678,964,644,714,771,806,430,148,1099,544,630,1291,758,1513,1148,826
"DSTN",1251,2158,1304,2121,1874,1031,283,117,530,225,439,1360,565,1441,868,602
"CYB5B",1749,1455,980,1918,1343,931,262,177,715,325,698,973,547,946,970,683
"SMIM12",1361,848,542,677,679,814,518,355,1052,467,638,2396,658,889,953,868
"CCDC47",110,1475,966,1512,1201,672,283,161,779,728,1430,826,753,1886,1274,1306
"GTPBP4",645,1367,853,1530,1117,756,419,152,1125,317,648,1346,857,1022,1122,791
"CDK2",140,1239,915,1589,1194,684,184,142,1078,312,1783,811,1025,2879,1339,1322
"PKP4",762,643,592,1011,745,491,396,357,1303,348,1332,821,899,2095,1099,969
"SRP54",253,1035,783,1580,1023,739,258,186,829,606,1200,947,772,1666,1460,1157
"ACAP1",6096,858,664,717,893,1928,370,559,853,228,397,2790,490,701,488,442
"P3H1",1983,756,418,899,621,1320,466,347,985,297,622,2712,649,1303,767,621
"SYVN1",1167,778,531,1450,837,1540,284,172,747,843,1163,1399,446,1028,865,821
"CIAO1",2314,1026,691,1488,922,940,391,211,799,327,576,1651,599,1168,742,647
"TOPBP1",396,1039,678,1353,951,546,266,178,1086,443,1322,1041,798,2057,1268,1107
"SRF",1278,1009,681,709,767,1014,289,239,918,491,882,1278,862,1109,1029,864
"UBA7",2994,466,385,490,405,1374,471,528,1122,261,494,5712,766,1509,725,548
"KDM5A",818,587,469,723,621,640,428,327,1103,1175,1100,1435,611,1007,1124,1112
"GPATCH4",809,1163,644,1205,932,647,1238,304,1223,228,292,2268,945,892,950,552
"DNTTIP1",771,606,575,989,653,1143,357,293,914,729,696,2154,634,1177,1038,882
"ELP2",3181,750,625,709,732,677,418,219,941,662,635,1515,654,1117,887,743
"BROX",119,699,545,981,795,414,306,264,1247,1287,1713,1297,787,1770,1554,1405
"MTMR12",876,601,459,681,559,223,591,575,1848,624,1409,823,720,1064,1653,1149
"EIF2B4",2846,555,427,691,506,824,702,502,1123,353,434,2774,635,1001,949,690
"WDR90",1699,659,476,2015,580,513,401,203,1420,351,1014,776,880,1838,826,986
"MPHOSPH8",498,730,629,1079,804,769,424,275,1226,501,848,1542,816,1397,1024,814
"IVD",2172,1212,997,1076,1017,943,457,312,983,180,370,2111,572,1316,667,481
"FADS1",695,2682,1893,2281,2671,2765,245,149,725,100,512,915,478,1036,613,519
"INTS10",1175,1267,908,964,984,1263,459,317,880,191,388,2264,683,1129,793,611
"SLFN13",2329,486,408,1043,771,644,463,550,1167,262,902,2108,722,838,917,675
"RNF130",3657,6179,3874,3146,4671,4247,156,53,175,75,172,3215,383,1106,361,165
"APTX",1957,639,539,809,683,614,533,388,1242,391,530,1884,652,1035,1066,811
"GGA3",1649,689,524,1148,705,1088,318,196,809,715,1231,1035,617,1354,695,944
"QTRT1",3277,993,831,1517,934,785,843,395,1210,140,183,1986,853,820,642,430
"BET1L",1266,1046,754,785,812,1127,316,308,1087,603,558,1622,414,1102,992,689
"SRRD",896,715,459,891,588,499,584,399,1000,1466,918,1181,555,644,1106,1151
"BRAP",1392,486,358,795,481,467,531,579,1288,904,943,1154,634,1127,1097,976
"CNPY2",1853,934,829,1086,881,1388,412,191,898,238,373,2496,709,1056,951,570
"NUDT16",912,635,536,601,667,740,578,489,1321,505,780,1862,719,933,968,766
"SRPK1",266,1183,928,1957,1031,778,200,93,712,453,1314,1584,678,1442,1565,1297
"OXLD1",1384,406,442,820,547,1239,575,625,1546,425,500,2488,683,949,828,563
"PLEK2",456,1398,1032,2716,1596,792,320,146,941,1138,1523,113,816,500,1176,1035
"PRRC2B",4215,1301,727,1392,1102,1551,316,194,684,154,401,2631,621,1215,542,417
"EI24",1580,1313,894,1477,1173,735,298,176,896,254,576,1438,708,870,956,840
"MAX",556,984,636,1255,795,1628,267,201,724,969,916,2334,428,888,855,793
"PTPN6",7634,2261,1685,2165,2274,5346,261,227,154,81,167,10745,372,601,263,132
"ARPC5L",2274,808,549,929,671,766,527,350,1009,258,521,1745,726,1091,972,718
"GIGYF2",439,862,645,887,879,759,430,236,820,885,1074,1357,687,1218,1004,899
"UBXN4",415,1294,961,1788,1236,642,228,113,605,582,1701,763,690,1563,1189,985
"SLC30A9",974,871,630,791,914,371,471,260,1049,383,667,1612,892,1643,1130,915
"DUS3L",1357,1158,800,1121,973,915,565,208,846,451,472,1070,862,1162,624,635
"AGFG1",417,851,783,1176,1031,454,277,174,727,965,1441,1119,805,1287,1206,1070
"NUP37",51,984,896,1488,1058,613,406,216,1367,380,1040,1287,1077,1767,1658,1102
"ATP2B4",1005,973,832,1021,990,871,383,274,1009,209,1083,1617,339,1998,913,639
"SREK1",1445,923,546,1431,703,438,492,243,907,416,834,1428,737,1052,1027,815
"ARPP19",351,1510,817,909,1082,679,276,224,884,364,1210,1268,764,1546,1115,931
"COA4",1153,959,760,1486,970,957,448,137,943,304,431,1897,807,1094,1041,690
"CCRL2",924,433,373,746,582,856,432,420,1019,1268,1703,683,507,1010,1113,1260
"SGSM3",1484,660,501,737,732,1187,518,356,1122,394,329,2118,859,1336,847,622
"ATOX1",2359,581,494,556,579,1050,993,870,1403,231,236,3607,703,785,786,436
"PANK2",890,624,522,763,713,686,393,318,1130,372,860,1399,875,1812,1128,886
"MARCH3",359,777,644,850,809,544,256,217,705,2705,2950,550,494,964,1206,1543
"ANKRD52",1621,1065,595,1066,692,817,380,256,564,680,841,853,798,1142,655,1078
"ERI1",339,906,769,1217,938,449,398,214,976,515,1114,1156,852,1704,1026,1060
"TSPYL1",191,816,592,537,796,474,337,258,891,1276,1754,1077,897,1715,1612,1186
"HERPUD1",323,618,490,595,615,957,292,351,1050,728,1633,1280,740,1907,1162,1147
"FRYL",212,417,348,1079,524,437,257,214,972,1795,2891,839,888,1736,1789,2036
"RRAGA",144,962,846,1019,1107,963,217,183,819,790,1458,1156,724,1442,1378,1216
"UBE2A",147,1002,703,1249,1012,940,241,139,974,672,1249,1485,784,1586,1279,1205
"MECP2",835,731,478,1066,651,1204,421,282,878,634,867,1385,666,1260,802,795
"CDH1",41,1344,507,847,1646,1126,313,94,1008,1132,2846,502,944,2766,956,1404
"TTL",1434,616,309,747,524,552,410,421,1486,404,1160,1172,735,1464,1074,1069
"PPIG",446,901,674,1542,810,488,522,192,1040,445,861,1316,944,1211,1108,917
"AKAP8",1930,829,486,959,597,618,552,301,1037,409,713,2030,582,893,898,780
"CDCA2",860,416,318,757,470,400,398,502,1644,513,1605,991,808,1773,1438,1127
"ABCC4",196,1320,879,843,1178,975,134,84,474,1984,2165,809,657,1482,1355,1641
"ISCA2",264,628,537,883,745,770,411,262,1713,479,1237,998,851,1277,1444,1281
"OLA1",1462,1530,1148,2119,1454,967,199,122,668,219,624,888,664,1611,791,720
"ZFAND6",61,754,595,852,779,436,358,210,1050,1857,2196,1396,709,1206,1570,1692
"UBE4A",701,858,621,912,827,627,346,222,905,696,1082,1355,651,1196,998,988
"TOP1MT",1898,868,1043,997,913,1410,499,206,580,168,498,3447,717,970,513,662
"DNAJA2",1190,921,592,1258,795,611,370,257,782,718,829,1256,568,976,943,815
"TNFRSF1B",1783,136,234,255,357,2405,781,607,1719,146,737,8000,727,2210,974,612
"RB1CC1",148,614,488,946,542,717,216,155,762,2964,2855,658,633,1804,1733,1804
"CTNNAL1",114,326,326,631,513,681,305,264,1735,2107,1707,951,995,2437,1875,1407
"C1GALT1",115,430,474,1008,498,263,273,239,1319,1523,2096,1040,892,1710,2642,2251
"C9orf69",489,1017,797,907,1021,1257,383,246,843,461,658,1687,705,1321,735,691
"HIF1AN",1196,722,506,819,754,913,299,230,781,766,1115,1537,617,1089,931,810
"PSENEN",1141,547,475,820,507,1063,454,296,866,974,560,2367,527,908,1040,893
"NACC1",1724,1693,944,1439,1219,1202,352,189,661,261,435,1999,568,755,585,569
"TAF7",241,951,1006,986,1260,1413,201,255,777,445,910,2130,498,2813,739,573
"FAAP20",2385,582,551,783,649,1205,861,904,921,273,228,3593,741,636,648,355
"EMC4",533,984,837,1729,989,1021,187,80,748,598,1028,873,805,1631,1164,1120
"KNTC1",1121,743,543,1411,836,736,210,158,1060,297,1200,691,849,2505,1141,988
"DVL3",1514,1093,726,1377,925,983,271,249,653,283,897,1224,703,1179,617,786
"C12orf10",1472,700,693,1139,834,832,463,319,1051,349,484,1461,659,1228,770,625
"RNF144A",239,887,680,1178,901,749,285,298,813,505,1604,825,784,1520,1111,1165
"CLIC4",283,758,498,719,778,404,271,304,901,623,2522,791,746,4159,940,1243
"DERL1",1088,1081,726,1134,941,872,280,180,750,825,907,1242,567,783,987,674
"MRPL13",190,834,665,1347,903,743,586,372,1232,267,504,2014,777,1352,1369,800
"TMEM41B",789,408,322,625,490,604,458,427,1627,520,1003,1823,789,1235,1358,1092
"ZC3H15",62,1219,893,2035,1122,599,255,118,819,958,1592,1038,715,1562,1340,1254
"HMMR",107,779,659,1250,1037,340,230,175,1079,503,2469,580,1128,3119,1767,1535
"DHX8",981,652,425,727,594,843,390,295,948,686,1221,1197,700,1317,879,947
"CYTH1",258,785,598,659,763,979,372,300,1254,427,952,2175,719,1384,1164,946
"KNSTRN",320,499,522,1587,632,580,241,201,1073,489,1931,834,866,2367,1440,1350
"RPAIN",671,649,501,1131,677,839,266,183,1023,624,926,1159,785,1484,1348,1103
"PSMA3-AS1",1672,658,398,1307,617,610,255,231,986,675,950,1616,472,1546,950,893
"MRPL24",3052,957,707,1278,784,1030,685,361,902,193,217,2287,566,1072,682,400
"TNPO3",2199,937,653,1037,864,848,308,222,772,256,979,744,758,1763,724,802
"ZNF394",2299,455,365,587,437,722,459,423,899,1317,946,1505,522,742,856,1038
"TAOK2",1320,847,560,1263,814,1121,456,230,864,398,793,1189,665,1091,616,718
"TP53",1052,1808,1336,1348,1713,1199,169,108,606,204,1053,647,717,2307,581,683
"GTF2B",176,593,488,1034,612,866,202,170,785,2702,1914,1036,721,1028,1460,1678
"MAN1B1",3523,762,609,511,630,1166,505,722,1113,154,291,4312,587,1172,557,396
"MED29",967,672,503,733,651,694,517,875,1104,703,561,1196,642,1018,770,606
"DTX3L",809,613,379,659,594,415,487,463,1643,384,897,1521,665,1644,1152,1029
"EXOC4",1252,763,527,460,683,930,589,553,1109,247,613,1878,653,1382,918,606
"PPA1",280,1910,1416,2586,1774,985,227,98,770,180,503,1635,832,1468,915,701
"HTT",1528,770,560,948,696,975,397,197,917,380,698,2370,657,1194,824,609
"NOC4L",2866,626,491,940,674,732,1021,640,1270,247,317,1512,821,683,644,503
"POLR2F",436,683,634,1313,817,1018,487,292,953,370,566,1516,916,1118,992,831
"FUCA1",1639,425,265,460,590,1125,554,184,318,772,891,9329,418,1624,1438,625
"GGCT",1327,953,770,1273,926,871,462,273,1048,188,310,1705,786,1349,919,562
"YTHDF1",1766,859,563,888,737,806,398,241,1051,353,659,1477,722,1106,890,671
"TMEM11",504,542,482,1091,574,686,458,334,1252,638,955,1094,783,1162,1150,980
"STX16",413,762,698,1313,899,1177,153,138,771,575,1391,999,801,1863,1163,1002
"PRDX3",83,2268,1535,2835,2058,731,101,74,533,355,1355,955,860,1828,1408,1115
"UTP18",527,1024,714,1025,907,842,494,273,1001,267,527,1770,727,1286,1063,701
"ATXN7L3B",674,1104,753,1059,951,977,203,162,804,415,1021,1397,651,1421,940,928
"ORMDL2",574,510,414,583,500,817,518,479,1477,672,692,1515,764,941,1346,998
"CCDC28A",322,442,416,728,606,718,300,224,910,1738,1468,1336,690,1551,1270,1309
"VDAC2",207,1048,722,1214,988,746,320,182,1045,544,847,1615,781,1271,1104,969
"CHD8",1821,854,590,1202,773,952,359,209,866,381,839,1324,555,1049,694,764
"NAA60",1125,876,581,1004,789,1378,361,243,774,801,740,1828,526,710,642,625
"MCUR1",885,517,361,1329,629,578,601,493,828,348,1145,1100,497,1224,1445,918
"TBC1D7",472,429,331,837,509,610,661,613,1658,298,445,1713,954,1626,1737,936
"CAND1",205,1278,804,919,1108,515,337,199,1062,396,924,1477,852,1146,1362,1150
"CHEK1",723,823,532,846,776,465,556,451,1291,231,703,1272,755,1606,1085,782
"MRPL35",823,911,596,1293,878,616,348,178,1071,342,741,1429,740,1110,1210,883
"XRCC1",1593,663,545,998,767,989,303,136,840,337,1251,826,865,1746,772,1055
"SPPL3",933,686,462,539,642,763,414,250,799,1230,975,1472,552,950,1045,1064
"ARG2",375,535,660,881,725,781,283,202,570,2149,2565,359,558,3303,627,1238
"ICAM4",925,1037,876,676,1019,965,532,464,1557,189,421,2033,671,875,736,421
"GMFG",6542,986,565,1322,1202,3513,430,476,528,101,158,18236,311,428,372,158
"USP33",636,559,457,839,564,379,247,207,940,1580,1422,1291,650,1354,1448,1218
"RPS6KA4",1582,957,595,1055,789,1012,448,301,919,194,500,2524,643,976,680,630
"TAZ",2519,479,393,746,543,1415,480,458,1089,201,482,2212,672,1595,694,596
"RBBP6",371,982,644,1230,862,696,302,190,904,621,1051,1041,860,1096,1047,1035
"DDX11",3126,542,409,861,537,775,626,510,1298,202,626,1181,627,1193,724,734
"PHKB",515,669,565,735,700,647,297,383,970,523,1024,1216,658,1773,1062,1076
"POLR2C",1401,1295,855,1605,1104,879,227,91,647,393,806,943,680,1139,844,907
"TMEM167A",343,1159,789,1360,1009,700,265,122,818,529,1052,1408,645,1094,1297,1024
"CLEC11A",2523,932,876,2605,1210,5754,411,1002,147,96,151,29930,365,482,202,117
"PURB",1368,825,506,781,636,766,312,244,968,388,839,1145,743,1584,1002,862
"FOXK2",2043,919,635,1124,812,987,389,276,771,239,648,1530,612,1018,727,624
"MBNL2",99,725,523,847,805,418,248,265,731,2362,2653,563,639,2339,1142,1688
"TRIM21",140,528,411,964,681,744,265,142,1190,944,1770,1243,895,1778,1444,1731
"APOL1",1026,778,696,504,579,835,747,275,1423,417,413,1182,914,1581,718,698
"ADCK3",1663,1094,743,773,1012,1500,361,150,589,470,446,2311,505,1405,624,519
"MTFP1",2560,1035,975,825,1040,753,881,600,1320,123,157,2016,708,662,662,360
"FLAD1",2494,822,600,1072,751,862,450,249,903,467,422,1506,613,774,731,633
"METTL17",886,1094,760,1431,990,1059,336,156,893,200,598,1432,817,1411,804,666
"MAT2B",16,1026,784,1412,1142,500,157,100,694,3137,2827,1004,690,1373,1721,1745
"KIAA2013",1534,703,568,743,652,1015,458,320,871,396,489,2727,617,902,795,626
"STX8",1213,625,427,644,494,945,603,585,1562,264,465,1984,821,1117,811,567
"CCAR1",762,1234,746,2031,1026,601,263,113,753,392,750,1220,659,1485,1001,768
"CTPS1",358,859,447,947,699,623,493,244,1263,265,924,1267,1093,1326,1293,1078
"LAPTM4A",211,1396,964,884,1044,1082,221,159,518,624,1038,1948,600,1177,1086,1037
"HSD17B11",422,789,612,793,743,600,224,146,711,1402,1418,2736,395,1545,907,1049
"CRKL",310,996,747,1426,965,1038,166,102,783,857,1926,650,590,1620,1003,1125
"ARCN1",482,1123,774,850,1015,1176,262,137,652,599,910,1519,600,1257,991,863
"CDK11B",532,550,445,843,607,663,567,222,1120,748,1196,851,1014,1186,946,1010
"MRPL18",789,1017,804,2191,1033,1041,197,120,768,360,814,983,732,1122,1096,724
"RFX5",767,1057,740,1103,858,669,273,178,639,485,1297,1140,595,1151,870,1056
"UBE2N",579,1570,1021,2184,1337,789,234,106,633,269,759,1246,709,1078,951,814
"BRCA1",865,603,473,727,673,471,407,320,1427,276,884,966,891,2051,1175,1003
"MYO1D",1095,2912,2503,2294,2262,895,138,68,794,392,974,212,542,814,608,709
"ZC3H3",894,369,384,791,537,1128,446,479,914,923,960,1445,665,853,670,898
"CCDC25",695,796,751,1153,839,551,452,372,1244,306,626,1103,666,1034,942,803
"CDC123",689,1647,1061,1621,1429,1344,265,96,686,253,646,1569,621,927,773,634
"GABARAPL1",118,334,467,516,457,1443,226,145,436,5659,3852,1208,584,797,1713,2292
"RBBP4",248,1296,835,1478,1150,764,173,200,706,338,1492,861,680,1779,981,1067
"MAPKAP1",368,1360,838,1362,1192,925,217,163,668,493,845,1061,740,1091,1043,864
"ATL3",695,1021,694,989,937,670,257,203,918,280,959,1145,701,1602,1088,880
"HMGXB3",2061,1020,763,1610,1049,1182,202,106,610,390,802,1030,575,972,822,733
"IDI1",434,1575,1036,1445,1295,1959,172,102,636,489,817,1878,489,508,1044,784
"ALKBH7",507,643,658,393,753,1558,940,864,968,378,219,4412,513,1246,651,382
"SENP6",606,1076,739,1502,903,642,200,112,666,506,1175,923,733,2207,931,873
"TBRG1",1871,821,546,1070,663,828,250,196,836,513,807,1584,511,1140,769,781
"RPP30",1375,669,535,1206,718,573,411,297,1141,267,532,1598,670,1204,960,776
"RHBDD3",1741,429,394,763,465,914,753,482,1226,313,380,1933,773,1033,880,674
"TACC1",462,975,495,886,777,1145,213,290,784,443,1362,917,596,1807,1000,900
"NUP133",1025,908,643,728,841,536,365,199,986,336,764,1532,748,1255,1033,849
"EMC10",2242,1907,1161,1081,1323,2374,360,243,469,114,197,4537,488,896,483,261
"C11orf73",564,585,543,658,694,575,392,256,1308,429,742,1306,921,1478,1324,983
"DYNC1LI2",2309,805,459,1178,600,561,436,263,800,503,802,1296,491,1069,763,684
"THOC1",2121,651,432,1160,613,570,438,324,1200,203,577,1546,639,1601,908,631
"PLAA",464,745,515,1207,700,579,284,166,820,685,1126,1234,705,1407,1167,1184
"OXCT1",509,2329,1336,1893,1540,583,211,119,738,201,597,704,804,1490,976,820
"ANKRD11",1130,831,506,1291,681,719,626,301,775,349,964,940,699,1407,461,696
"PIF1",1496,172,192,755,343,374,407,374,2200,539,1534,984,851,2584,1213,1217
"MCOLN1",611,331,354,615,363,1534,433,329,754,2086,1336,1161,702,710,885,1149
"CIAPIN1",695,1124,754,969,914,880,376,168,995,317,590,1390,780,1090,898,745
"FXR2",448,607,541,738,604,977,300,293,1043,652,1135,858,758,1484,997,1036
"ACAA2",380,1175,733,996,979,1103,277,149,717,301,370,1421,1197,1608,1448,897
"RTF1",556,1029,656,1139,901,735,337,235,884,386,713,1299,688,1246,852,829
"EDC3",2097,715,565,669,740,765,437,298,849,408,519,1733,565,1082,729,734
"PLA2G6",1334,351,613,1232,1005,1007,276,325,840,662,1078,545,509,1704,577,789
"CD55",737,1909,1156,872,1451,1794,95,96,327,1245,1291,1273,368,796,782,722
"EPDR1",133,1400,711,939,908,614,310,106,827,486,1094,997,1304,2046,1344,1062
"GOLGB1",1782,739,589,811,753,1061,337,233,646,873,715,1553,447,760,666,746
"SMAD2",514,1148,745,1133,1010,684,257,179,766,533,1079,1211,550,1143,949,816
"CASP3",161,2344,1126,1494,1711,1088,300,107,637,415,916,1281,472,1451,841,552
"CRNKL1",1444,526,390,801,553,475,539,482,1003,707,724,1506,573,821,975,729
"KMT2D",1001,846,582,1495,751,992,339,129,699,714,1129,893,660,1113,588,775
"UBE4B",403,812,600,1033,788,808,242,163,738,1096,1294,776,670,1383,919,1142
"GBA2",992,759,510,1215,681,965,264,159,801,585,1012,975,734,1207,789,976
"ATP11B",116,1199,991,1216,1191,486,185,154,589,487,1728,906,932,3054,1126,915
"NCAPD3",9,1051,683,1497,1049,581,237,145,1123,508,2490,720,1138,2564,1661,1567
"CRTC2",1368,555,446,1000,574,1245,279,190,671,909,1114,1202,608,989,695,917
"NUP107",667,1159,803,1664,1056,710,189,96,888,302,891,855,824,1717,1097,850
"GLB1",337,1871,945,782,1039,1817,211,148,561,322,982,2036,521,1289,831,687
"CDC42BPA",1008,1072,878,1033,899,570,419,316,850,231,857,826,543,1890,668,614
"ACAA1",2707,797,616,970,786,1355,425,230,672,256,295,3151,548,842,725,528
"ARHGEF1",2639,1272,796,1423,1161,2960,200,154,513,131,433,3290,560,851,485,388
"AXIN1",798,986,568,1011,729,1005,273,160,782,546,1046,1180,672,1404,602,881
"GSN",2531,550,542,800,730,3114,439,359,549,190,323,12554,425,547,643,253
"C4orf3",42,1147,1275,1033,1623,1180,290,217,954,430,561,3492,705,1005,889,751
"MIR4435-2HG",3402,402,305,936,450,927,696,1032,860,725,718,1490,347,377,654,549
"KCTD2",1548,436,323,439,434,719,552,547,1504,462,747,1631,600,1131,948,769
"ALDH18A1",693,1099,947,1530,1130,854,322,165,768,169,641,1708,625,1253,888,640
"DENND1A",845,633,463,412,606,512,514,610,1226,445,1166,1217,702,989,714,984
"ARHGAP4",7779,1220,797,1261,980,4222,497,435,213,119,130,10440,370,783,238,134
"AP5B1",1457,616,472,792,473,1199,365,450,966,215,520,4981,615,813,715,600
"GFER",1666,563,380,654,464,581,833,815,1412,240,346,1629,831,1123,807,585
"SRRM1",455,1015,635,1212,858,501,399,179,1080,324,763,1550,801,1160,1037,827
"TKFC",1430,934,863,756,1019,895,381,256,1062,255,438,1282,778,1039,700,535
"TRIM24",2411,1139,844,1207,1027,530,245,194,809,416,740,860,499,1078,662,636
"SETD1B",604,598,385,1125,458,577,380,223,1079,765,1469,750,776,1444,886,1137
"DSTYK",425,844,531,845,652,612,328,308,979,896,1095,840,627,1350,871,933
"EIF1AX",768,1397,578,992,822,544,490,300,997,351,828,1209,477,1074,831,595
"TPSB2",1004,136,6206,5730,12485,4086,1806,1,421,354,23,45937,2273,373,1,192
"IMPA2",114,235,183,248,358,1141,633,472,1091,473,1377,1731,1973,3595,1708,1436
"HDAC5",389,473,441,507,586,1381,223,185,713,2041,1190,1612,727,1318,765,1241
"DEDD",786,601,439,768,613,676,312,252,1025,660,909,1412,629,1203,1036,1018
"SRPRB",2324,1027,619,1040,776,962,740,342,1008,138,231,2378,569,839,696,443
"IRF1",245,309,134,283,160,575,508,316,1233,1988,2193,2214,945,2485,1421,1901
"INPPL1",2286,1265,824,1445,1099,1730,282,136,473,173,419,2351,695,1253,458,396
"COQ9",1016,747,680,851,832,752,389,274,964,348,612,1173,659,1153,901,726
"CYBRD1",91,519,548,693,593,567,252,241,1255,718,2620,998,707,2937,1301,1323
"CENPA",214,540,410,1142,567,377,351,300,1206,516,1685,713,889,1970,1610,1290
"SMPD4",298,1028,617,1055,467,635,382,211,1034,367,1527,821,1056,1590,655,1325
"TINF2",649,566,446,495,620,1006,268,275,992,570,1223,1571,588,1468,981,990
"TJAP1",1038,668,534,1374,768,888,244,173,790,561,1002,880,668,1266,741,925
"CDC25C",1007,250,216,516,338,396,573,528,1509,493,1324,1048,865,2236,1318,1102
"ZFYVE1",536,420,365,562,478,883,374,315,780,2120,1562,908,638,918,919,1142
"BYSL",607,677,509,920,702,582,689,295,1452,286,493,1650,844,901,1044,751
"UIMC1",490,572,449,1109,553,953,163,93,681,3043,1615,729,627,1079,1079,1510
"GOSR2",845,776,549,805,648,663,444,408,909,492,811,1163,573,928,832,775
"DDX21",146,2791,1516,2136,1894,595,217,104,554,360,982,799,676,995,1019,777
"SPP1",82,131,218,16,565,117,1123,621,370,1020,3346,1964,3492,11698,14017,563
"MRPL42",554,912,634,1223,806,312,330,208,1105,331,837,1170,681,1680,1215,917
"OGFOD2",1139,523,396,744,542,879,614,711,1042,349,519,1473,642,1287,671,557
"BTG3",106,288,260,854,382,297,442,372,1970,603,1970,955,1072,2275,2523,1605
"CDYL",254,533,491,736,593,588,341,270,1064,1109,1654,797,652,1205,1311,1215
"TP73-AS1",341,2184,2798,1066,2135,718,233,107,840,255,593,768,687,1139,593,733
"MROH1",3232,711,427,525,487,1303,462,454,931,247,500,2479,554,969,488,591
"DHPS",678,686,511,792,682,1057,293,269,868,471,609,2374,736,1063,896,700
"TTPAL",576,342,330,828,396,291,382,358,1812,1211,1927,814,537,790,1550,1564
"MED4",195,833,634,1426,903,461,303,139,963,523,992,1145,866,1494,1327,1152
"MRPL34",854,825,703,1501,846,1109,271,133,764,268,545,1615,807,1344,828,728
"DPP3",1433,1294,846,734,1100,994,268,127,709,245,654,1379,787,810,873,776
"RPF2",3291,899,680,1406,876,624,610,165,998,199,320,1225,637,910,843,483
"ASF1A",159,753,637,1513,879,404,171,136,667,717,1724,792,878,2540,1545,1279
"MZT1",92,434,312,976,571,212,351,341,1559,556,1900,970,1082,2701,2231,1435
"CDK5RAP1",1523,596,487,1054,583,560,553,309,1190,266,503,1614,729,1004,882,691
"COMMD9",2152,795,568,1081,800,1105,444,335,727,210,429,2103,572,787,631,537
"ASB6",1355,540,432,876,558,635,385,231,1086,582,937,1141,670,1062,816,875
"ZNF592",886,509,383,628,490,503,405,435,923,519,1464,1032,763,1266,808,1117
"NDEL1",179,886,783,1019,945,1054,167,103,525,1358,2376,477,687,1400,1095,1417
"CNOT6",323,759,558,994,787,478,292,182,911,614,1286,996,746,1517,1162,1114
"MBD2",592,1298,832,1955,1168,809,254,110,683,258,793,1107,650,1381,773,766
"ARL2BP",202,1338,862,1305,1182,602,310,176,1167,374,946,758,636,1072,1084,996
"NADK",567,1149,678,997,945,980,379,245,750,323,587,2450,697,717,674,636
"KPNA4",377,1133,648,1028,765,513,365,246,780,555,725,1791,532,1254,993,763
"ITPRIP",669,552,517,753,580,1312,230,180,786,757,1493,870,714,1283,794,1103
"MMP24-AS1",609,612,574,484,728,1013,464,551,1021,565,528,1789,595,766,733,801
"CFDP1",891,743,583,904,784,927,383,195,944,366,470,1280,734,1541,950,661
"SPAG9",325,1005,629,851,827,878,225,165,593,1702,1203,740,494,1215,1008,1047
"HCCS",28,422,361,622,530,377,446,343,1473,1657,2067,1306,922,1430,1714,1565
"HLA-C",272,217,344,305,597,5048,367,673,169,479,697,8929,721,1215,1053,1126
"PSAT1",111,712,418,1574,504,1145,361,321,936,339,2034,755,581,5221,477,998
"HSDL2",685,700,538,802,773,704,311,290,1153,247,528,964,797,1947,1298,901
"ZBTB17",1830,617,448,782,603,716,469,423,820,488,505,1896,578,904,614,639
"EXOSC7",974,700,465,903,688,929,574,354,1195,203,320,2058,719,1225,858,578
"HADH",974,920,650,861,805,886,343,252,838,150,537,1461,718,1769,1017,650
"NOL6",1139,1101,751,1401,1021,835,319,162,726,409,555,1275,566,1027,591,613
"MTOR",1083,771,522,1352,644,690,268,133,989,440,1101,836,736,1259,909,807
"ANKRD54",1326,469,422,1125,573,737,469,350,1159,255,603,1265,658,1307,885,729
"KDM3B",369,1110,819,1193,899,738,186,95,686,789,1527,814,629,1523,817,970
"ZFPL1",990,476,422,581,562,904,431,439,997,754,668,1283,663,925,823,710
"EP300",212,800,527,1174,770,604,180,107,527,2481,4373,350,540,1290,1041,1620
"VPS35",555,1183,790,1108,1012,935,215,236,605,355,863,1328,459,1385,839,679
"NOP9",1636,627,424,436,573,471,711,410,1290,298,511,1427,809,1065,859,804
"RIMKLB",850,314,232,604,395,468,384,252,1717,603,1499,1116,796,1956,1363,989
"UBE2V2",518,740,553,1622,785,386,370,192,1047,434,600,1504,708,1116,1267,793
"MCTS1",1044,791,552,823,761,720,581,490,1018,195,317,2116,582,1184,890,496
"CHFR",478,792,501,1235,667,877,276,264,825,424,1056,1066,655,1157,999,814
"COMMD6",272,729,697,602,858,1431,551,371,983,232,394,4376,579,1245,790,486
"AHSA2",4834,838,740,1309,802,1178,200,165,657,223,489,913,487,1364,757,550
"CANT1",211,743,452,293,655,1103,439,436,1025,626,906,2208,570,1160,1022,912
"CDC42EP4",351,858,528,622,617,551,499,312,1125,374,1131,979,780,1485,917,892
"NUF2",95,639,403,1548,755,447,226,118,1138,531,2055,674,918,2857,1801,1477
"MRPL30",738,876,674,1058,966,709,413,313,862,246,513,1517,531,1250,786,642
"NDUFB3",188,885,708,1333,910,838,246,143,923,444,743,1433,814,1159,1338,922
"MED28",110,901,719,941,867,904,219,188,778,942,1085,1665,532,1407,917,1052
"PAQR4",851,643,512,895,623,713,323,293,1279,221,831,801,874,1509,943,898
"ILVBL",1376,598,418,529,631,1061,465,591,978,208,499,3001,508,1167,715,509
"POLR3H",1213,734,450,1150,781,666,628,225,1171,228,386,1348,694,744,1317,682
"GAD1",4328,1150,937,1212,991,429,364,56,199,458,81,989,1167,2700,1672,884
"POGZ",1332,686,444,1006,632,639,260,254,877,520,956,1448,455,1228,799,720
"GCHFR",914,827,861,525,842,734,1192,771,1207,200,255,2528,668,534,632,300
"SPTLC1",167,1068,727,1019,1021,283,310,261,953,399,1215,974,693,1863,1197,953
"CST7",2778,1434,600,312,1310,18764,243,847,114,96,241,28677,212,849,246,110
"R3HCC1",1009,567,495,508,663,685,578,463,1165,306,407,2148,815,943,741,680
"ASAP1",76,674,492,675,802,318,247,152,999,1007,2798,762,947,2179,1641,1516
"GEN1",1619,674,375,1216,516,355,266,228,1200,313,1159,737,694,1739,1025,940
"ATF6",279,1119,724,743,994,967,244,156,745,413,911,1172,553,3062,776,763
"IWS1",431,645,530,1128,703,760,331,122,996,443,1107,1022,818,1276,1081,1012
"SCAF11",700,957,634,932,913,629,212,150,714,532,1034,1000,631,1290,1124,777
"MTG1",2622,609,450,716,546,757,1215,820,1319,137,207,2522,594,542,711,411
"FEM1B",515,946,569,966,724,738,207,141,653,981,1231,952,522,1106,970,1127
"ZNF593",3001,493,480,739,431,644,1330,600,1244,216,182,2935,587,496,909,426
"CTDSP2",384,1308,858,1113,1193,1132,163,152,508,854,1390,1852,368,726,600,665
"FAM168B",543,1501,814,1437,1107,1046,241,134,699,291,697,1156,542,1098,792,701
"PPP3CB",742,589,491,768,615,493,283,269,795,684,1215,1503,549,1108,1046,833
"CD52",10826,3063,2530,1426,2945,1805,285,253,153,47,115,10944,483,336,176,92
"ZNF768",1408,1121,855,934,905,1193,431,265,714,208,334,2177,664,1072,441,357
"MED16",1107,487,390,326,518,615,813,827,647,1175,845,791,552,667,804,883
"NCOR2",2401,1102,672,1232,937,1203,375,190,669,205,540,1430,590,928,422,431
"ABCB7",378,526,508,495,698,476,268,282,1048,685,1315,995,686,1640,1290,1129
"C1orf35",481,547,399,1021,587,755,586,336,1333,235,603,1277,874,1600,838,725
"NEK2",77,438,348,911,509,239,317,289,1203,821,2296,605,1130,2368,2314,1619
"ZCCHC17",994,532,500,811,599,691,409,262,989,351,592,1556,790,934,963,896
"COPB1",125,1829,1346,1865,1642,866,81,52,428,590,1591,705,711,1768,1101,1106
"SMARCC1",1253,1625,1008,1174,1227,756,340,151,618,204,461,1397,575,1085,642,488
"HTATSF1",142,1009,679,1483,853,637,297,109,1180,328,908,1334,935,1374,1211,945
"SNAP47",663,491,474,404,793,973,336,234,1265,331,679,1309,1032,1862,760,923
"ZNF384",626,857,650,1083,810,858,232,150,790,438,1098,1195,560,1264,772,827
"HDAC7",2991,1463,1185,2038,1505,1437,322,114,620,124,306,1320,413,1316,445,260
"SETX",622,922,687,904,757,871,229,156,806,408,787,1577,618,1307,874,775
"COA3",1440,536,431,662,510,710,638,433,1147,257,310,2848,660,871,925,603
"FAM83F",770,1149,1077,317,873,500,547,459,606,1189,626,300,817,851,593,950
"UBE2Q1",499,1038,731,1195,905,1298,186,96,684,514,863,1375,661,992,813,829
"C17orf85",880,678,413,1130,572,631,357,233,1115,344,1025,874,791,1001,982,822
"NDUFS1",118,1170,827,1229,1051,550,199,130,782,546,1345,766,842,1814,1198,975
"CHMP7",1235,697,469,770,641,750,451,328,838,675,651,1600,468,614,744,661
"THAP7",2550,411,338,720,481,748,955,585,1671,199,322,1600,720,841,602,544
"ZNF524",1291,278,314,374,355,850,790,1401,1506,223,498,2283,692,1142,747,544
"EXOSC2",1762,730,545,884,539,580,550,373,1098,187,404,1438,626,1127,772,672
"PLIN3",3812,1855,1095,845,1451,1908,250,147,474,218,302,2347,366,571,464,329
"CNDP2",2010,1666,1031,900,1350,2128,374,161,453,175,294,1850,487,841,543,306
"NAGA",752,910,587,731,739,966,258,217,877,296,741,1525,563,1352,840,781
"PPRC1",3016,1219,773,1554,950,764,428,131,833,168,399,1097,664,810,558,485
"CUL1",1275,1184,753,1533,1089,1013,239,171,549,270,689,825,655,866,717,613
"SIGMAR1",1554,2066,1388,1981,1893,1500,109,78,393,151,750,449,695,1456,533,617
"FBXL15",1837,449,437,598,519,1174,775,806,1022,279,235,2646,620,662,634,433
"WDR76",127,580,409,689,560,366,499,429,1265,373,1343,1035,902,2077,1273,1119
"ZPR1",691,941,674,882,850,768,430,207,873,330,517,1482,615,979,812,676
"UBE3C",298,1045,764,1339,1088,604,194,110,619,451,1688,597,734,1297,1094,1170
"PIGC",732,526,396,1023,553,625,223,114,854,1923,1277,829,831,1108,1049,689
"TRAFD1",227,628,541,527,669,843,229,141,864,1060,1183,1579,727,1302,1154,1143
"DPCD",385,404,480,565,507,435,598,500,1176,1555,603,1120,614,604,1305,980
"ATRIP",1826,327,264,446,364,375,720,1014,1509,285,547,1489,858,1022,1018,729
"DIDO1",296,1021,607,1131,890,878,242,151,897,415,1082,840,704,1608,825,841
"SAMD1",56,759,574,1056,774,764,275,145,1071,495,1663,928,1005,1824,1049,1376
"USP47",1554,649,496,1031,693,765,236,148,615,922,950,951,498,946,809,843
"KDM4B",1252,587,637,642,814,608,341,377,809,663,915,1138,460,861,565,667
"BCKDK",519,721,699,431,957,1461,378,385,780,356,594,1624,625,1094,683,546
"DENND4A",267,564,498,828,605,392,282,150,904,1391,2136,747,639,1181,1249,1279
"GLRX3",486,1434,890,1691,1224,786,223,121,654,288,637,1014,683,1135,835,693
"CYSTM1",100,558,528,994,461,1066,254,208,845,1830,1943,758,451,782,1500,1534
"PEPD",149,1035,732,1083,963,1196,386,165,763,412,621,1216,830,969,923,910
"FBRSL1",1602,820,590,1348,674,1063,244,151,855,288,1116,1014,538,1245,483,592
"SEPT7",195,1598,1018,1352,1411,528,194,113,590,430,1203,954,591,1426,931,864
"FAM98B",215,846,614,1090,787,404,405,208,1010,345,816,1210,811,1445,1244,879
"PPP1R35",1500,563,534,807,660,1462,250,270,772,574,544,1025,587,1089,729,535
"RRAGC",158,706,501,548,735,1051,235,173,560,1813,1565,1088,497,1094,1139,1334
"ALS2",1572,1471,1126,1186,1072,872,149,88,384,467,674,1623,375,849,748,744
"MT2A",1737,782,502,464,722,45,499,2422,3870,232,750,2109,310,1592,384,329
"NFYC",499,698,533,1165,739,779,272,201,853,355,982,1481,540,1449,754,802
"BAZ2A",293,667,501,813,637,685,264,166,566,1953,2089,843,511,981,793,1163
"KLF16",1230,1215,808,825,926,915,430,164,1013,233,422,1331,673,843,665,460
"KAT8",1540,686,578,1038,722,1141,330,225,747,304,474,1694,548,975,673,549
"PRMT7",1898,481,428,748,539,728,775,523,1130,133,297,1795,844,1102,707,544
"WDR75",2423,983,755,1772,911,644,325,104,776,234,444,1255,583,993,719,490
"PDZD8",272,756,496,825,612,375,361,290,988,449,966,1522,717,1687,991,869
"KIAA0195",1995,719,582,983,734,1389,375,245,787,206,479,1811,525,900,520,506
"ENTHD2",1651,437,355,903,467,1114,282,169,854,789,868,1048,598,1247,663,789
"RIN3",5617,1742,917,900,1123,2694,404,268,531,62,208,5623,297,830,276,146
"SMC3",102,1007,646,1569,948,540,166,109,788,437,1756,555,851,2335,1441,1243
"BTBD1",410,1297,820,927,994,533,227,142,732,563,826,1196,590,989,1097,725
"HMHA1",3006,881,601,938,788,2829,318,349,404,228,263,4680,358,758,370,285
"KLF9",183,855,676,787,872,810,200,153,869,775,1199,528,969,1178,1145,1224
"GLMP",1100,1100,822,693,975,1651,238,254,534,429,578,1184,438,926,515,583
"VMA21",945,1275,849,1259,999,724,274,172,705,184,515,1463,598,1056,788,585
"TREX1",1648,335,281,627,315,671,594,667,1315,212,512,1689,790,1179,948,724
"EIF1AD",852,453,306,630,473,604,638,559,1257,391,545,1601,576,935,1047,700
"ANXA11",6597,1999,1454,853,1797,4124,219,158,223,95,173,7624,364,511,274,154
"PTPMT1",1861,618,410,1131,592,715,333,207,1089,244,410,1448,777,1014,948,680
"TRPV2",4008,2673,1250,1507,2179,2021,168,66,106,1867,732,538,225,201,471,555
"C15orf57",683,499,461,1170,698,846,328,204,649,680,778,950,473,1003,1119,999
"ZBTB48",2613,350,307,577,435,1017,497,490,866,460,417,3653,460,720,620,566
"ALG3",2753,1119,743,1125,1031,1343,492,260,619,133,251,2185,488,681,458,359
"ISCA1",53,376,465,984,645,312,302,180,1041,2268,1982,1202,850,1024,1359,1498
"SMS",2490,1239,822,1458,987,687,381,217,691,117,316,1270,538,1059,813,361
"ATRAID",1272,995,848,895,1141,1354,220,196,516,168,446,2191,564,1206,632,496
"INCENP",211,577,390,852,597,382,813,332,1116,441,1543,497,984,1313,960,1009
"CNOT11",1106,1080,729,1102,944,662,283,146,764,313,557,1197,635,905,877,596
"POLR1E",1799,721,685,834,755,563,590,377,906,143,356,1303,570,1332,714,506
"MFAP1",78,796,680,734,847,830,478,261,1008,375,745,1379,715,1358,1118,936
"COPS2",194,1220,890,1375,1094,476,229,103,554,778,994,931,602,1459,969,914
"EMC1",1544,954,658,834,809,628,547,364,926,158,395,2144,499,859,583,453
"LAT",9988,2605,1430,2470,2481,3574,245,54,272,244,103,3729,397,314,140,159
"ORC4",271,1029,767,1202,985,451,316,163,832,491,865,1059,552,1452,948,690
"FBXO34",292,1015,710,996,780,436,176,117,588,1573,2639,484,407,1176,980,1338
"RBL1",1532,497,326,682,457,374,682,548,1299,181,632,1351,631,1290,959,681
"COX14",496,456,340,432,450,787,809,603,1434,355,291,3297,712,961,1117,539
"NOL11",444,995,734,1067,869,509,366,163,881,331,611,1507,584,1034,993,780
"DCTPP1",775,1407,941,551,1071,1142,607,213,927,161,244,2445,662,635,752,432
"TSFM",913,932,687,1193,867,725,408,141,875,315,413,1357,681,781,816,667
"TRAF2",1512,589,345,692,446,645,625,537,1138,180,484,1700,657,1303,684,559
"DNAJC15",1488,698,505,674,752,677,241,163,1073,160,659,1548,677,1337,1231,804
"CLSPN",480,523,326,871,511,327,706,569,1224,234,834,918,853,1366,1055,878
"FXN",843,1059,757,1469,911,518,403,225,813,195,432,1385,700,1011,771,499
"CMC2",819,417,343,814,413,465,324,196,1138,492,943,1296,759,1362,1263,1081
"WRNIP1",122,702,550,1167,759,839,246,105,916,407,1709,1218,951,907,1596,1044
"NCBP1",732,1005,725,1083,869,521,307,225,792,242,625,1095,596,1108,921,760
"TTC38",2466,965,505,781,617,781,627,206,994,152,353,1346,793,1041,605,502
"FAM122B",348,692,578,1181,910,376,206,106,1036,433,1262,749,848,1478,1473,1079
"KCNAB2",5755,931,586,860,1048,5148,181,139,186,150,407,6763,415,759,349,289
"SNAP23",168,1436,1269,1365,1473,520,178,122,533,497,889,1099,656,1261,1035,646
"NUP205",400,1375,901,1742,1069,724,179,102,689,278,991,734,633,1323,868,816
"TTC17",1299,595,564,996,680,790,183,135,593,731,1215,1188,463,1171,695,775
"C9orf114",1040,674,489,746,622,739,562,382,1043,236,450,1424,720,959,723,539
"RAD9A",1496,332,365,942,396,804,410,233,1197,400,763,1014,751,1402,782,677
"MADD",2640,828,425,746,715,1429,350,253,797,246,437,2325,488,615,535,515
"MAN1A1",80,425,464,647,550,829,187,85,466,3535,3133,1076,482,1766,1635,1519
"RAB14",353,1340,768,783,1056,830,307,153,596,436,731,1920,443,1227,797,551
"PNPO",1319,747,584,1003,725,583,442,259,912,325,341,1455,617,903,769,590
"SART3",246,1000,646,1130,931,811,265,126,686,481,1058,747,718,1830,774,828
"COMMD1",1024,466,409,572,456,523,629,519,1409,261,295,1998,720,1392,1045,520
"COPS7A",315,825,646,827,829,955,304,188,899,275,698,1060,760,1366,1000,847
"COA1",595,666,775,1072,924,615,272,183,924,214,580,1210,799,1516,1037,618
"PRDX4",553,1306,1040,988,1055,1141,508,196,852,236,263,2279,599,547,742,364
"B4GALT1",432,851,497,461,764,1112,245,209,683,528,925,2581,490,1171,821,666
"MPRIP",589,646,521,710,677,565,331,319,973,268,866,875,796,1604,789,858
"PTP4A1",413,1441,1079,1132,1459,706,218,111,581,201,557,1247,649,1434,988,667
"TRAM1",212,1096,661,856,1114,661,263,176,689,464,899,1776,631,937,888,769
"CTR9",205,1281,857,1380,1083,687,247,116,542,699,903,934,622,942,899,802
"CSNK2A1",310,1141,815,1012,1012,675,243,138,669,503,1096,891,532,1233,813,774
"ZNF581",696,438,466,388,564,774,607,709,1245,351,481,2576,536,923,643,522
"CD68",436,965,1016,310,1415,7286,317,244,128,189,434,5245,529,1555,581,272
"NARFL",1883,367,361,596,487,809,745,538,1078,227,331,1988,641,1171,625,494
"ARMC5",2652,486,292,563,427,573,716,641,1284,372,373,2327,478,562,586,556
"DPP9",946,975,634,1493,901,926,236,194,613,341,888,716,526,933,606,651
"NDC1",708,1016,643,949,827,482,360,202,838,225,738,1185,573,972,1033,717
"SCAMP2",735,831,558,559,674,1363,242,319,794,389,720,2308,391,696,672,685
"SUV420H1",472,544,359,572,493,533,294,199,856,1139,1210,1019,567,1384,1056,1076
"HECTD1",263,937,635,1172,858,667,133,83,540,782,1542,756,590,2013,1046,1065
"SUV420H2",445,298,292,659,436,642,370,330,1547,329,1027,811,1193,1842,1054,936
"ATP13A3",319,1286,719,1376,1005,367,233,131,651,243,971,918,749,1929,1138,718
"RBM34",2062,651,459,755,571,597,430,267,864,284,459,1656,492,984,821,592
"EIF2B3",902,621,428,621,568,481,701,381,1280,215,323,1750,808,869,1056,627
"NDUFS4",125,628,571,633,693,784,459,224,1259,494,634,1489,644,1246,1201,831
"RNF14",256,582,426,697,500,449,217,171,658,1912,1764,726,556,746,1775,1707
"FGD5-AS1",208,1217,791,1276,1066,690,183,91,626,379,1191,937,594,1742,1031,810
"PYGO2",1276,634,516,799,594,892,296,236,747,299,674,1267,561,1353,700,616
"AMBRA1",287,633,500,941,576,732,295,125,675,2101,1515,763,490,906,730,1045
"THADA",1380,564,427,538,515,589,399,289,1005,343,631,1381,651,1013,864,724
"VAPB",464,634,454,808,630,535,370,237,1030,335,806,1235,632,1324,1010,824
"SECISBP2",549,536,392,713,563,784,261,252,856,779,1132,799,519,1373,831,892
"KIT",1094,13079,5283,3690,6251,1622,96,8,211,73,228,1490,397,897,301,224
"MSH2",174,1098,777,1461,1180,400,229,142,948,210,931,854,709,1737,1155,920
"NSDHL",908,887,672,881,768,1071,402,247,815,270,435,1223,575,623,754,601
"PKIG",672,1261,864,1785,1132,997,323,201,559,318,385,842,481,935,583,498
"DENR",408,1039,702,1036,851,682,348,255,786,241,454,1865,528,1246,795,542
"TGOLN2",268,1791,967,969,1105,1590,186,131,465,315,741,1448,520,1155,715,526
"DIABLO",999,852,738,778,850,1044,348,213,710,245,412,1522,527,1054,706,523
"TMEM205",1269,474,444,452,578,1393,553,513,824,196,216,5786,553,692,775,407
"TMEM138",1255,586,543,885,601,752,275,190,952,340,703,908,572,1360,807,650
"IREB2",313,923,566,839,832,464,188,122,730,675,1291,886,618,1362,1127,1042
"PFDN1",801,925,650,1459,856,771,198,91,641,321,739,1082,614,1153,869,791
"GTF2F2",737,902,634,1331,746,477,417,236,858,257,467,1272,511,1093,800,603
"TCEA1",112,857,609,1026,784,313,175,166,869,495,1799,629,619,4408,1028,1058
"GNPTG",1186,754,741,1235,727,1844,212,100,565,470,591,1212,533,886,525,599
"NCSTN",382,1470,1041,1111,1175,1572,108,85,418,398,1104,1143,442,1258,588,812
"SYTL4",714,588,244,503,612,258,412,515,1635,340,789,900,1013,886,1160,952
"TRMU",2607,520,357,1006,521,691,944,514,973,152,248,1886,509,794,627,432
"SMAD4",531,644,482,584,647,463,391,289,922,441,761,1421,588,1263,945,681
"STAM",65,717,614,1053,690,548,225,107,626,1547,1942,812,603,1354,1375,1188
"ABCE1",184,1644,942,2229,1350,432,252,111,664,228,650,976,751,1143,1029,686
"TIMMDC1",375,1127,798,980,1047,1111,150,80,722,441,693,1056,648,1189,963,772
"PNKP",1759,600,466,596,555,1064,460,395,812,365,335,1453,595,825,674,438
"UBE2E3",181,999,621,1086,863,496,241,155,851,447,926,1214,755,1017,1168,845
"PARP12",1403,248,193,499,223,418,594,456,1656,569,934,1453,655,765,1252,958
"ATF7IP",397,541,328,570,470,461,328,309,886,717,1529,1252,465,1530,998,864
"CHAC1",69,120,96,408,219,448,1054,2060,2129,615,2178,1314,539,5770,689,913
"SEPT8",356,1340,985,933,837,348,259,185,1153,209,912,553,822,1437,837,837
"HMGCR",1157,1475,1053,1285,1209,1607,190,119,410,250,559,1446,287,830,698,425
"ZC3H18",778,853,623,1305,911,799,394,133,621,278,704,654,772,1010,705,693
"ACD",908,615,476,613,627,801,522,382,1265,196,289,1307,781,873,863,695
"SLC16A3",3717,1354,1263,456,1642,3644,524,360,237,58,172,6362,378,567,331,129
"POLRMT",3280,675,383,714,670,951,652,394,833,230,257,1357,587,784,530,373
"ALDH3B1",1554,1026,2014,606,1982,1948,152,117,439,130,677,1555,504,1013,310,429
"KIAA1586",154,651,500,1057,657,275,270,241,992,804,1571,585,617,1453,1343,1055
"UBAP2",1633,1015,708,1204,952,857,233,101,615,312,866,745,449,1077,514,697
"PDIA4",1841,1828,952,1185,1305,1523,302,136,495,118,275,1695,483,626,579,366
"ATP2C1",294,1161,711,1183,1125,703,190,106,575,297,1310,828,597,1447,874,893
"ST7",751,817,567,852,720,607,290,234,754,481,958,779,435,916,797,808
"SURF6",2245,932,627,1083,771,1064,668,167,825,184,228,1530,498,791,496,421
"MTA1",1093,1465,1120,2215,1279,1481,152,61,519,152,509,888,659,1266,528,463
"ALKBH6",517,322,381,726,429,821,476,472,974,617,676,864,758,722,915,935
"DBI",2306,2405,1746,1439,1923,3869,152,83,238,93,222,6826,323,344,402,220
"WIBG",1541,808,616,890,662,886,421,277,826,218,299,2076,546,712,651,435
"SNRNP35",3975,353,292,691,371,599,495,340,1053,531,383,1397,556,627,781,675
"APOA1BP",1655,809,619,625,753,1246,616,318,691,153,191,2901,721,719,579,325
"MARK2",642,566,484,621,603,752,358,411,716,531,913,1385,471,934,589,651
"MRPL49",265,1270,878,998,1333,1105,176,110,501,323,949,690,595,1598,767,820
"ITGB2",1357,233,390,186,1054,10721,468,223,137,144,577,14558,477,1396,620,246
"G3BP2",202,1615,853,966,1198,511,251,170,628,387,808,1184,533,1106,812,674
"TMEM175",963,319,334,762,423,766,408,331,1296,342,748,748,804,1308,739,841
"FAM195A",2296,800,659,925,638,912,974,604,820,99,106,3235,678,499,521,244
"TOR2A",425,517,388,620,546,905,293,314,1043,357,636,1402,825,1286,832,781
"TRIM33",229,497,401,816,669,240,372,408,642,607,1298,911,648,1439,1251,1083
"MYC",180,4293,2115,2910,2950,2715,128,36,305,126,495,849,436,1865,331,486
"IL6ST",91,775,641,1125,634,409,220,111,400,3971,2957,376,432,811,1158,1896
"MYL6B",988,551,496,655,617,993,466,381,930,328,277,2636,588,615,719,470
"CHCHD3",98,1117,732,757,968,584,243,127,865,345,1101,754,769,1815,1160,1107
"FKBP15",880,487,510,937,656,1111,280,178,670,278,768,1251,619,1241,736,697
"EEF2K",1069,1054,732,932,1050,782,281,123,655,261,463,1144,534,1641,586,498
"FAF2",875,908,616,1164,843,751,178,96,626,423,1071,675,571,1202,740,819
"UBE2J1",542,1163,780,1329,994,662,231,164,520,260,628,1593,610,829,717,624
"TRAPPC6B",804,776,637,812,807,649,374,202,745,309,399,1444,483,1784,760,458
"GPR108",1028,558,488,648,768,1252,333,254,796,238,494,1557,597,1321,549,543
"PPP1R16A",1535,680,570,1067,667,673,553,311,987,245,345,860,592,718,620,530
"RAB35",755,1285,794,936,1038,1020,259,115,510,435,625,1024,509,814,524,676
"MAST3",1179,180,230,343,243,640,372,352,1158,1911,1383,2238,490,554,862,868
"ACBD6",903,989,652,1115,821,980,280,195,622,174,280,2102,532,1184,682,598
"FAM21C",1495,428,359,644,382,598,197,129,586,1883,1619,796,535,540,1120,1170
"SMC6",690,632,389,889,572,392,284,271,1142,272,835,729,740,1728,983,774
"NAE1",360,1389,930,2032,1139,677,178,101,682,215,525,638,732,1309,854,838
"TMC8",4715,512,382,1065,756,1589,259,314,901,74,328,3884,779,640,397,252
"RBM19",1380,888,574,1080,768,698,422,207,641,425,396,1223,450,694,564,565
"COX17",1189,370,299,937,343,651,349,252,970,444,681,1195,622,873,1148,899
"MLLT1",3132,947,596,1138,769,1288,394,208,676,157,261,2370,418,596,458,354
"PBRM1",233,520,382,724,580,485,350,246,993,416,1096,1098,648,1805,1036,948
"MANF",994,862,611,477,766,1951,533,240,807,211,205,5073,462,497,654,343
"B2M",295,748,532,619,720,1704,149,96,567,457,901,4132,513,1085,865,735
"COQ4",4627,669,494,894,627,615,471,378,836,172,224,1448,480,867,617,385
"INAFM1",881,230,228,454,244,768,849,1118,1260,719,453,1414,611,979,564,605
"DGCR2",913,499,370,602,482,979,305,288,816,377,788,1579,565,1220,638,636
"CRTAP",3138,2134,1287,1004,1363,2083,230,166,347,101,222,1713,342,968,330,270
"MAP1S",922,815,566,546,704,1335,313,260,640,362,555,1864,476,835,433,590
"CCDC28B",1227,334,346,659,428,594,723,786,1404,195,353,1521,600,621,901,638
"TMED4",577,699,525,717,686,840,237,236,601,336,841,1654,547,1081,747,715
"POLR2K",232,714,493,1371,670,589,219,138,923,355,847,1076,639,1444,1249,904
"ASNSD1",551,697,521,1117,687,571,295,116,807,577,814,911,554,863,945,907
"BCL2L13",330,643,570,753,727,699,226,150,579,1307,1060,1046,480,1021,762,859
"MAGOH",446,886,692,1630,804,782,218,103,713,285,639,1219,622,1201,776,712
"CD14",831,140,217,51,476,8864,827,850,135,181,520,14436,601,1841,1437,267
"NUDT2",862,559,331,551,432,783,481,319,1329,566,504,1168,572,833,730,618
"KLHL12",96,588,563,785,713,529,281,263,918,575,1322,763,654,1351,1097,1091
"PHIP",300,597,404,930,587,287,290,237,776,599,1089,1305,600,1402,1096,888
"ZC3H4",474,709,495,1478,756,531,350,153,829,426,845,1042,543,815,719,805
"EFCAB14",253,969,623,688,858,819,173,131,596,521,1256,923,500,1336,1019,981
"XPC",581,783,771,1131,848,1156,217,62,667,473,608,821,572,1079,850,898
"AP1G1",596,975,613,1091,835,644,194,130,588,593,937,894,472,1039,769,705
"PAQR9",26,138,238,1056,387,634,482,474,2193,886,2395,533,678,1956,1418,1140
"UBR2",290,531,584,968,697,949,98,59,363,2975,2552,495,485,855,1189,1544
"MFSD5",1282,507,382,461,490,931,388,393,993,343,437,1799,524,744,764,648
"METTL5",871,617,472,1230,712,575,305,107,823,344,516,1031,644,1171,1092,762
"KIAA1522",980,2428,1255,1636,1706,604,204,102,417,285,630,745,428,502,565,514
"ELOVL6",939,1662,1357,1848,2057,1024,143,75,343,1079,868,371,264,489,560,443
"ZDHHC7",333,673,596,861,748,950,193,132,662,520,1029,1005,628,1130,824,891
"MAD2L1BP",182,762,519,932,671,874,240,153,770,718,983,867,572,1089,937,952
"ANKRD10",2522,999,563,1155,770,980,226,161,581,220,292,1397,607,988,614,425
"DDX18",254,1481,972,1820,1245,585,299,131,656,261,564,878,561,800,747,663
"SNRPA1",544,709,516,1216,615,584,327,176,1017,271,457,1280,694,910,907,816
"NRF1",1207,406,279,445,387,371,453,532,1130,372,747,1093,633,1170,858,833
"COG2",929,583,453,820,583,393,449,346,866,283,624,1073,519,1047,873,680
"OFD1",1472,359,376,713,452,949,185,133,664,1174,955,771,495,967,826,1075
"SUMF2",242,1919,1363,853,1442,1567,199,108,487,184,437,1228,458,2467,504,454
"SAR1B",171,695,541,1397,741,469,225,160,687,547,1168,730,631,1262,1163,1043
"SH3GLB1",414,1103,730,1074,1113,938,126,108,473,625,840,1144,401,1040,818,694
"MRPL3",394,2019,1311,2707,1718,772,117,58,418,176,713,628,603,1177,753,674
"CARD8",1209,451,344,625,474,532,228,389,950,314,690,1317,564,1506,797,757
"HSPE1",800,884,666,1825,806,753,364,78,734,196,341,1555,705,653,1128,566
"FNBP4",687,829,596,1528,715,706,205,139,566,400,785,739,518,1517,720,628
"MRPS17",1155,481,504,764,530,378,1280,394,1298,175,209,1376,623,979,763,506
"ATL2",398,616,425,1074,618,387,161,212,557,663,1427,637,535,1302,1099,1442
"KIAA1429",612,685,559,897,658,576,258,106,751,526,960,907,640,1107,790,807
"SNHG17",1600,510,670,965,436,577,366,182,883,364,527,1132,600,643,667,781
"PFDN4",527,399,390,860,489,366,380,184,869,899,668,1170,652,1057,1108,833
"SOD2",509,443,369,530,599,2569,336,224,666,452,581,1583,707,666,946,529
"MAPKAPK3",2406,2168,1350,1229,1719,2642,241,97,261,121,239,3075,353,428,324,255
"PCTP",258,378,284,324,412,427,279,149,1083,961,2605,2146,524,1019,1269,1232
"RTCA",235,690,572,948,671,428,283,230,1017,391,762,1048,616,1197,1024,826
"MAU2",353,776,532,1180,689,764,180,87,546,818,1386,878,500,1361,667,883
"GPR137",757,339,241,515,377,528,577,660,1241,403,665,1022,661,969,867,723
"MTIF3",1524,485,453,707,465,648,320,202,1040,405,507,1496,507,851,801,640
"NSMCE4A",1726,607,414,1040,538,526,299,164,930,203,516,1142,741,912,948,708
"TP53INP1",207,724,569,471,505,511,216,199,652,1164,1121,1450,532,1058,1061,943
"TMEM164",1610,1527,1549,832,1260,1229,208,108,455,231,398,1694,384,880,354,307
"STUB1",139,794,569,582,770,937,419,220,909,358,468,1264,1012,1050,852,710
"CLPTM1L",849,451,305,788,446,547,476,267,1111,366,476,1588,727,666,992,753
"FUBP1",83,1703,1131,1964,1314,694,134,55,494,413,1159,705,659,1463,882,823
"FAHD1",69,619,437,934,596,450,428,238,1483,570,836,1158,802,974,1039,877
"RABAC1",1810,328,329,345,421,1766,434,662,749,432,374,4063,456,402,598,387
"MYO1C",1187,1133,600,798,822,557,352,523,787,271,486,290,436,1096,614,620
"ESRRA",503,633,508,1136,584,795,201,89,719,588,1011,835,618,1291,740,926
"AGFG2",646,497,488,425,571,473,703,513,1080,168,654,688,782,2079,680,510
"DCAF16",479,609,511,804,657,336,272,255,995,376,879,797,604,1430,986,743
"MED18",1958,413,435,560,546,573,424,510,856,351,548,1678,348,656,725,497
"JAGN1",1344,819,633,1007,856,911,265,99,646,383,446,1260,464,826,624,609
"SZT2",1211,330,375,868,429,743,314,204,890,360,971,995,625,1709,509,672
"STRBP",360,990,717,824,846,354,266,213,759,233,676,826,701,1843,888,723
"MRPS22",553,1312,968,1756,1182,677,186,82,522,322,658,875,485,951,663,625
"PHF13",585,617,348,474,536,462,332,277,1004,382,959,1006,730,1059,927,841
"CREB1",324,355,359,536,434,417,286,204,871,654,1304,1018,698,1931,1245,998
"NIPA2",190,974,685,1115,930,637,228,129,643,314,904,965,557,1609,885,818
"MRPL40",1736,574,558,991,663,555,427,235,1008,187,290,1504,582,902,774,421
"ZNF316",1804,705,487,768,623,865,532,312,745,210,339,1714,577,678,429,442
"IPO7",568,1342,861,1295,1189,602,243,115,597,194,628,862,516,1215,803,516
"DANCR",1457,1436,1022,3178,1411,779,321,117,599,98,279,1318,460,507,641,278
"SERPINH1",408,668,660,615,975,1326,411,118,825,254,450,810,705,1173,908,698
"CACUL1",1093,986,661,852,782,665,263,129,526,516,592,1566,407,757,695,476
"SETD2",271,901,607,1167,823,714,156,99,624,562,1091,707,550,1537,870,834
"NUDT16L1",349,470,393,424,425,603,469,381,1156,362,505,2485,649,990,930,706
"FRA10AC1",1460,304,253,616,404,353,493,604,1232,270,449,1328,709,1325,848,585
"DGCR14",1571,353,337,761,422,514,416,294,939,431,626,931,619,863,765,760
"BTF3L4",220,689,506,952,652,426,242,154,964,356,936,1190,652,1612,979,892
"ACSL4",500,1871,1645,860,2251,443,162,110,463,207,504,1278,525,1020,765,413
"CDK12",1238,829,536,590,628,375,311,177,597,711,858,920,466,709,816,707
"KANSL3",2636,612,386,715,550,859,208,143,506,497,637,1533,392,1304,539,621
"TRIAP1",794,899,642,1205,891,708,436,124,720,221,276,1738,529,879,762,501
"TMEM9",280,273,414,625,555,665,418,739,1734,287,509,1292,654,876,1085,558
"NUP153",120,1334,740,1320,1025,525,166,86,378,1215,1890,332,543,1188,1127,860
"ATP6V1H",80,759,555,837,757,889,240,140,757,584,849,966,671,1256,1133,1031
"PC",138,322,318,515,460,285,555,430,1744,460,1109,770,764,1577,1040,1213
"STX18",493,416,491,815,461,686,251,142,574,1535,945,941,435,825,953,997
"ACSF3",793,257,262,335,417,711,552,479,1362,305,592,1716,644,1144,666,860
"NOP2",2825,1251,832,2113,1089,1006,330,54,531,151,306,1000,536,581,511,445
"PLEKHF2",158,703,412,528,656,284,312,158,1094,560,1139,1187,752,1449,1305,907
"EXOSC1",882,597,484,1070,633,776,372,191,800,240,528,995,531,1236,607,644
"DDHD1",827,384,301,903,402,501,210,146,677,970,1530,542,504,1452,1034,1098
"LEMD2",1411,485,342,735,549,1042,300,226,676,305,521,1385,550,1081,617,680
"FBXW2",359,870,628,1180,932,656,158,96,625,388,916,1004,616,1244,773,825
"PWP1",634,1016,769,1216,918,526,311,131,655,272,511,1097,527,752,754,670
"XPO5",1707,981,654,1062,896,784,326,162,630,128,412,1074,531,1053,554,479
"TXNRD1",155,1275,766,1312,1040,856,173,91,455,329,1063,1017,541,1180,924,824
"LSM10",831,552,390,848,484,955,390,275,610,554,312,2063,531,688,685,594
"TOR1A",572,744,436,823,676,932,216,132,692,570,594,1127,559,831,817,858
"SRP19",206,571,505,1273,643,551,240,137,831,507,764,949,702,1096,1144,969
"UTP6",881,849,619,1131,827,791,267,111,678,269,442,1363,512,968,747,556
"DVL2",1110,801,780,727,852,1196,209,168,698,331,550,666,468,1045,569,544
"POMGNT2",109,202,237,477,322,473,488,425,1206,560,1385,1168,869,1535,1326,1425
"ATP5SL",724,908,667,866,844,760,233,199,685,207,516,1291,593,894,669,608
"WIPI1",84,339,358,647,519,763,135,230,1424,530,1731,639,794,2675,1330,1071
"MTMR4",929,670,494,750,598,505,234,196,759,719,913,877,427,749,657,797
"GATC",786,691,554,809,615,757,318,216,800,286,515,1348,500,865,695,629
"LTB4R",2155,299,298,1267,418,999,293,256,670,454,556,2547,489,873,384,422
"INTS5",822,674,493,617,705,699,389,323,727,352,596,1034,567,729,617,554
"ATN1",509,1328,779,2145,916,1075,187,106,437,288,840,461,682,1048,413,661
"MLC1",1345,4913,2021,2103,2409,2341,250,33,347,85,173,3166,458,355,229,185
"EGR1",59,550,1167,683,1076,813,74,145,354,1062,1671,529,1432,946,1505,1050
"TRIM59",158,541,456,997,591,345,173,224,765,824,1978,278,597,2004,1343,1183
"CCDC117",55,401,368,700,507,370,366,156,1069,1041,1387,907,699,969,2095,1516
"SPOP",704,630,470,862,618,587,269,132,596,640,855,1070,428,1148,738,750
"TICRR",772,323,248,784,397,458,464,464,1076,247,909,1046,596,1576,795,616
"ATAD3B",2326,531,380,861,502,538,802,420,824,177,275,1599,613,544,475,566
"SEPHS1",1049,739,507,1021,596,578,286,212,633,228,535,1244,631,861,826,603
"CMPK2",64,637,534,1001,742,268,313,261,689,671,1947,434,587,1191,1480,1281
"ZRANB1",483,624,407,591,539,486,216,190,529,1417,1662,667,400,1018,892,906
"ZGPAT",600,297,266,539,346,559,560,397,1207,532,554,1308,769,980,688,818
"NCOA5",893,875,486,1105,679,651,469,144,812,198,483,1439,490,852,690,518
"NSMCE2",93,496,442,992,598,561,332,217,1136,400,826,1179,690,1393,1031,907
"HAUS1",155,767,626,1692,798,513,225,140,874,244,795,751,726,1428,1048,870
"ATG101",641,635,457,444,509,944,668,399,770,469,294,2247,512,565,706,404
"HLTF",6,1519,958,1313,1020,457,164,82,932,336,1201,624,772,2876,1577,1000
"CBFA2T3",1821,736,440,855,567,1079,326,141,832,300,542,1202,406,931,447,523
"G3BP1",149,1538,922,1188,1153,431,250,134,675,271,623,1257,572,1020,848,643
"TBC1D22A",499,608,422,447,546,708,521,409,964,358,490,1791,544,720,695,529
"ZNF146",544,1117,734,1428,922,511,177,106,630,321,748,1011,455,1195,669,613
"FAAP100",1824,584,402,713,599,839,438,370,768,174,405,1368,603,804,460,478
"ARSA",1342,448,326,451,371,1395,376,441,860,361,331,2600,407,759,603,525
"SDC4",1908,905,821,696,1049,1153,591,212,709,91,268,1276,447,887,597,226
"MED1",387,794,570,890,831,494,248,120,746,355,1077,827,598,1072,834,792
"PFKM",8,232,290,844,541,555,204,185,1200,664,2055,815,1213,2854,1688,1764
"MSRB1",709,371,339,380,361,1621,209,220,440,1978,814,3907,347,312,836,800
"PPM1B",434,479,302,614,474,317,285,280,903,704,1116,983,541,1043,1233,854
"PPP2R2D",949,843,603,991,689,789,212,130,469,417,625,958,554,972,627,658
"HIATL1",153,1171,770,1360,928,534,212,152,696,188,703,901,614,1528,1116,651
"GNL3",992,1932,1073,2338,1426,963,239,47,540,150,272,1191,525,653,533,427
"NABP2",1770,988,646,832,844,731,368,214,574,220,354,1079,518,636,554,442
"UBE2E1",844,1185,901,1787,1311,663,225,102,420,184,424,2105,362,856,624,392
"PPIL1",149,962,745,825,962,654,376,183,865,213,471,1318,657,1185,855,593
"USE1",993,345,328,562,391,681,499,504,916,338,332,2651,538,999,609,481
"NPEPPS",515,990,734,605,983,907,148,56,306,1446,867,1075,426,856,744,848
"CD46",68,1195,834,1298,1112,975,118,106,416,413,1233,896,555,1674,895,763
"OSGEP",2333,502,438,868,572,1063,259,195,690,162,332,1897,495,1389,593,423
"NMI",161,787,482,1003,771,671,173,72,723,513,833,1243,674,1686,1070,851
"MINK1",209,778,670,1050,959,928,205,91,723,453,1427,267,772,1296,635,999
"LARP7",156,833,560,1267,796,546,266,113,711,467,813,835,606,1149,980,856
"KIF15",58,525,427,1051,603,414,222,186,1015,379,1508,632,810,2323,1230,1169
"GRPEL1",893,790,552,1165,812,643,373,203,624,243,330,1339,588,712,641,511
"SERTAD2",320,328,270,453,283,671,190,154,557,2063,2055,1287,618,797,1183,1272
"ATXN7L3",614,1221,723,1378,958,1115,208,61,464,483,471,1272,494,827,527,517
"AGPAT5",336,2824,1942,1787,2298,550,164,51,409,181,511,567,513,1071,775,423
"C21orf59",870,860,656,1731,815,723,201,71,719,281,495,802,578,980,717,642
"TUBA1A",595,2190,1555,612,1982,1678,233,196,375,201,204,3074,277,712,378,210
"FOXJ2",857,453,399,596,547,416,265,224,919,425,997,1029,588,820,927,725
"REC8",853,540,988,865,567,488,289,183,654,340,707,1729,464,999,384,562
"NAA15",247,1180,676,1432,933,543,357,109,646,294,558,1022,519,966,837,585
"RHEB",91,631,485,1101,669,726,137,94,676,570,1825,493,657,2064,1173,1249
"ILF3-AS1",867,307,279,580,361,379,441,507,1101,518,500,1497,552,757,865,769
"FANCG",1407,549,447,850,622,702,179,144,806,235,795,755,600,1240,755,711
"IGF2R",251,976,733,761,927,1202,130,56,368,876,2096,441,492,1251,603,1072
"NSUN2",726,1434,997,2049,1283,658,126,65,472,250,672,768,565,714,626,599
"LRP1",471,269,417,749,701,1699,504,471,1511,93,643,1828,367,1268,408,403
"LHPP",925,507,493,244,584,596,528,790,1165,200,416,1029,527,1821,435,436
"SPG21",463,1117,772,1005,1044,1151,211,81,331,327,536,1446,472,1038,662,634
"PUM1",238,707,443,805,612,353,283,154,783,716,802,1304,564,986,1044,778
"WRAP53",1425,398,322,519,426,493,623,541,1222,195,371,1247,618,737,781,570
"CREBZF",213,805,497,865,767,489,202,100,706,404,990,1014,604,1720,1049,822
"PSD4",2838,1076,697,1109,1053,1225,178,151,421,250,446,1223,446,506,352,369
"SESN3",122,493,580,590,497,275,148,128,591,1816,2648,945,367,1309,1376,1397
"APOBR",7460,972,711,531,920,2992,631,290,162,89,124,7113,379,498,284,111
"RBPJ",1009,592,473,551,707,546,325,311,801,231,413,3194,355,900,649,477
"DONSON",353,555,391,892,556,314,232,205,878,289,1201,649,778,1700,980,981
"ZC3H11A",447,771,520,986,657,762,118,104,620,598,1104,1063,446,1108,863,691
"ZC3H7B",428,1055,748,1550,1028,683,182,56,652,251,728,600,736,1247,665,777
"GLOD4",765,985,734,1361,951,917,206,102,542,183,527,747,539,1275,681,529
"OGFOD1",1224,1294,943,1172,1299,640,249,155,570,156,386,786,466,736,596,425
"MFSD12",1706,326,203,377,451,992,777,505,1305,304,369,2107,500,506,677,345
"DOLPP1",406,701,515,857,623,525,338,142,829,236,693,1078,665,1207,834,715
"STX2",409,451,412,990,553,340,248,173,892,378,1326,412,755,2188,869,826
"TNIP2",935,804,520,911,636,1009,245,171,644,247,459,931,629,915,609,579
"GM2A",3016,1599,1384,429,1109,3219,180,241,188,80,220,4172,384,810,388,136
"GTF3C2",548,1014,649,1047,853,733,186,159,635,245,717,849,493,910,664,656
"PPP4R1",456,950,479,658,753,623,257,143,604,223,544,1489,657,1285,926,646
"TXNDC11",596,564,362,621,478,895,238,224,745,644,618,1853,440,668,732,657
"PAN2",916,494,458,940,664,653,178,154,830,238,831,770,649,1471,679,680
"SNX11",1189,555,391,493,394,650,397,210,726,368,549,1633,474,785,775,694
"RUFY1",663,882,521,1019,813,1396,221,86,546,336,614,978,532,1059,598,493
"ABHD4",198,861,735,774,948,1259,112,100,335,1773,2074,538,322,520,806,967
"OARD1",377,510,464,768,553,501,340,202,980,273,601,978,690,1348,936,716
"C1orf122",401,330,263,390,375,947,715,631,889,471,400,2549,568,543,724,612
"WDR48",930,647,437,585,591,562,190,154,567,843,978,826,435,1004,691,723
"CNRIP1",2534,3124,2210,1233,1115,835,448,141,524,95,99,1013,444,1022,213,153
"PTEN",447,718,559,719,778,769,172,146,496,518,623,2151,449,1028,639,627
"PRMT2",1312,795,578,631,875,1319,294,209,963,224,299,2006,351,593,476,344
"THOC2",431,562,426,1048,516,395,398,224,941,417,698,706,586,857,938,693
"MFNG",1000,1903,1142,819,1588,2526,159,133,331,138,218,2671,436,645,388,238
"RNF11",72,411,404,663,485,202,216,156,581,2587,3007,551,563,951,1713,1694
"PGPEP1",1331,751,552,713,749,970,341,248,604,216,245,3793,401,809,398,308
"PDLIM7",2272,465,300,612,390,1111,343,325,877,240,493,2479,348,1087,388,338
"GEMIN7",1214,389,352,616,451,450,512,425,1069,241,313,1666,606,714,736,627
"TAB1",918,633,523,754,686,708,411,197,880,146,449,1257,585,989,565,549
"MPND",666,350,258,240,337,589,649,898,1440,251,334,2089,797,1051,750,442
"ZBTB7B",661,886,696,667,822,1553,163,91,460,590,759,1034,500,714,505,572
"UMPS",339,1005,700,1052,835,596,447,135,813,183,422,1152,553,841,762,591
"NSUN5",730,464,374,537,429,725,592,495,833,183,242,3893,552,854,575,473
"DROSHA",3562,620,433,955,636,667,235,136,782,195,511,981,564,787,531,503
"MED13",172,633,403,634,566,405,225,142,686,829,1322,948,587,1323,1020,961
"RFWD2",647,515,346,626,446,569,314,284,826,239,603,1732,519,1147,818,704
"SS18",743,887,534,913,724,572,270,178,634,193,549,1353,462,1051,696,566
"RPF1",396,902,711,1254,813,638,293,146,712,298,400,1512,477,730,660,528
"GMEB2",594,489,334,523,445,531,352,383,991,382,862,765,502,1196,671,701
"CLEC16A",1100,507,393,565,482,533,276,230,780,418,870,942,502,784,722,740
"RLIM",372,809,596,903,756,582,173,127,564,396,862,840,519,1345,813,755
"ZBTB4",1020,320,394,459,483,640,257,236,1065,382,881,748,585,1342,736,652
"STK38",2061,361,316,584,454,685,277,218,709,386,516,2390,435,770,615,616
"RALGAPB",915,589,431,799,519,508,209,137,641,770,992,686,455,782,786,831
"CEP95",1499,488,390,988,490,683,198,125,791,426,652,860,465,1038,679,748
"BLOC1S6",83,896,583,798,819,474,186,137,574,843,1204,745,524,1261,1052,935
"MOB3C",323,436,376,506,431,834,306,193,533,1444,1078,937,421,685,830,1013
"SMARCD1",1326,1137,673,1044,905,780,212,154,508,184,557,822,460,941,474,480
"C8orf33",532,919,668,753,857,684,420,216,844,130,333,1446,617,884,694,389
"ZNF580",2216,563,432,626,443,1265,293,250,697,517,355,1880,333,554,407,416
"GOLGA4",96,542,377,1096,620,442,231,99,613,826,1371,535,723,1656,1374,1128
"PSEN1",2113,751,436,710,536,990,229,153,500,395,619,1779,293,830,516,412
"LINC01133",848,255,127,343,190,607,724,1557,2193,64,424,1877,558,3655,709,443
"PARP14",725,415,288,664,465,597,158,140,780,507,909,1053,762,1199,840,1006
"RPL17",2091,691,508,459,540,539,261,282,2044,145,224,3690,328,765,612,355
"MRPL10",621,781,674,1000,802,753,217,112,597,391,518,1105,367,998,625,675
"FAM96A",44,1067,815,1813,1091,685,130,38,649,494,1045,742,635,1466,1255,922
"MED10",197,632,417,753,582,601,329,265,815,417,692,852,613,1017,930,726
"TMX1",122,863,662,623,992,356,302,235,841,242,652,1333,601,1095,1114,670
"MELK",133,651,511,1222,520,361,190,103,980,373,1184,659,723,1699,1270,1039
"MAP4",2617,1463,993,1202,1112,1450,237,109,409,129,262,1230,293,927,317,312
"FAM21A",880,390,426,603,455,682,254,98,580,1756,1134,616,371,473,756,1475
"TMX4",457,1047,531,743,782,426,271,197,675,238,756,862,524,980,817,666
"TLK1",257,933,590,1094,779,344,266,172,651,239,639,955,637,1610,776,666
"TCERG1",234,1340,793,2264,1076,444,89,64,530,238,1036,606,628,1378,963,829
"USP11",825,807,638,654,869,875,204,183,550,254,598,1049,519,891,572,532
"PPIL2",611,903,615,1180,844,759,171,93,677,360,924,639,482,1026,464,684
"NCKAP1L",2771,1345,949,877,1223,1810,180,110,250,136,332,2868,319,742,358,218
"ADCY7",753,1440,707,1427,949,764,162,120,353,333,550,1072,377,978,564,405
"PUS1",1169,1167,799,1553,1107,900,446,109,535,109,224,1190,604,603,463,389
"FBXO5",15,763,389,1095,662,188,212,126,1004,544,2254,342,1054,2399,1797,1505
"GAB1",198,461,352,1012,507,238,281,145,740,916,1421,685,531,1500,1119,956
"TRMT61A",1531,622,473,915,492,543,852,342,783,267,221,1364,529,462,471,390
"RPUSD1",1860,650,408,933,544,939,541,274,833,174,265,1703,419,559,473,355
"RAB2A",313,758,526,915,670,680,279,144,592,386,640,1832,516,740,767,561
"FOXP1",1182,309,309,263,336,515,239,416,703,1514,797,1678,302,865,780,623
"TRPM7",408,830,576,1035,732,363,180,212,644,312,878,657,461,1429,718,796
"FTSJ1",604,759,529,929,718,579,299,146,762,257,536,942,582,828,736,629
"HDDC2",1542,833,660,1262,708,723,231,143,600,243,324,858,551,654,766,425
"BTG1",138,640,519,351,559,1395,105,98,209,1368,1479,5266,365,1338,867,623
"STK17B",143,681,416,612,687,711,95,83,359,2260,2480,575,451,1265,1036,1169
"MRPL48",683,584,415,878,539,611,271,190,768,278,398,1423,584,1303,692,569
"PMF1",1724,474,291,614,411,700,460,313,804,242,287,2006,475,897,661,460
"EPN2",127,172,294,678,400,280,321,303,1369,845,1849,618,778,1174,1060,1340
"THAP4",940,1132,730,1038,923,927,294,147,573,157,328,1221,516,852,459,382
"TATDN2",1087,928,482,790,726,631,384,173,673,193,389,1698,504,554,609,498
"YTHDF2",207,1086,619,1146,728,468,349,206,777,218,491,1532,566,850,666,526
"CALU",337,1370,779,732,1027,1158,234,141,591,203,631,814,463,830,669,506
"GPN1",500,802,565,692,664,649,258,179,673,353,603,1284,454,809,725,569
"TIPRL",428,861,553,1124,810,612,217,164,550,307,476,1105,443,1213,779,558
"RHBDD1",371,287,239,388,312,424,371,330,1120,474,1133,1025,651,1797,941,785
"VPS53",1162,535,369,634,488,665,343,281,786,323,541,836,475,902,641,600
"HAUS2",302,620,441,845,672,352,223,190,785,309,1092,776,610,1177,876,915
"LYRM4",794,604,499,835,609,645,423,249,748,206,304,1438,561,790,592,564
"ARNT",738,473,457,568,529,522,245,225,732,325,953,1188,485,1165,703,567
"MTG2",846,407,293,730,489,369,839,912,989,349,577,516,345,984,385,595
"DHX34",2458,461,374,738,433,911,390,238,538,556,335,1554,370,641,439,433
"EXO1",348,614,493,914,593,373,290,171,897,222,771,759,668,1624,861,696
"LDLR",1847,1071,920,1385,1114,1840,121,83,403,182,702,861,374,409,439,460
"BPTF",521,701,512,966,703,574,174,97,607,541,1080,629,515,1036,733,731
"ITGB1BP1",738,727,624,1130,580,514,294,174,772,236,473,1449,620,811,542,404
"MON1B",604,474,368,566,458,529,329,179,950,486,842,802,517,1003,745,784
"RSU1",94,949,559,1223,799,773,104,96,442,403,2220,563,547,1393,1002,1026
"ZCCHC8",309,381,305,1587,572,628,146,135,571,1042,1776,436,481,1335,849,724
"SARS2",2610,658,498,848,736,574,502,295,783,120,253,1155,520,710,422,373
"NKIRAS2",567,490,470,808,604,825,228,163,538,322,823,1249,498,1002,643,691
"PHKA2",2134,429,334,458,383,622,342,328,926,233,432,2048,451,907,592,433
"SLC16A1",333,1494,975,1028,793,548,80,43,193,3685,1942,441,291,263,1181,1356
"NBEAL2",5406,1303,652,1697,925,2596,241,109,324,114,172,3444,322,408,223,184
"KIF1C",591,778,457,595,602,668,370,190,967,244,524,622,708,807,677,707
"MARCH7",85,818,593,754,866,324,201,102,635,835,1156,1037,540,1293,984,830
"SFT2D1",222,625,489,789,672,823,295,185,699,300,561,1119,606,961,937,628
"GSTT1",500,848,411,750,555,401,331,546,1056,416,251,957,462,555,1159,443
"PLXNB2",1967,957,743,1058,782,1209,237,52,562,141,213,1571,447,873,474,737
"MMD",144,116,166,445,350,299,273,178,1278,1150,2245,786,814,1594,1789,1694
"TFE3",544,524,446,551,536,1213,132,99,322,1677,1375,1018,363,608,688,987
"GNA13",182,855,513,554,809,386,199,190,526,639,1018,964,510,1299,805,749
"LRRC41",292,1239,928,870,1087,1185,118,79,388,221,839,1017,519,1170,545,739
"SLC35B1",1520,747,501,995,614,710,262,110,506,381,518,1325,446,516,600,519
"PTPN23",1264,768,534,897,666,1045,264,140,514,321,606,685,490,806,373,552
"DPM3",1165,342,265,486,325,642,460,700,1127,259,249,2445,482,604,795,468
"SGMS1",158,551,398,736,509,185,270,119,556,1692,1842,460,506,1008,1531,1261
"ITGA2B",3954,1083,727,1111,1254,9405,218,219,248,109,119,6032,214,724,99,72
"TACO1",708,542,444,700,526,460,522,383,979,237,305,1282,603,602,704,500
"SRSF9",74,1537,1067,1325,1258,1237,165,44,575,242,520,1449,730,757,767,630
"NCOA1",605,879,581,861,683,431,167,136,402,855,977,605,484,865,490,862
"CDC7",425,388,334,1191,585,281,191,139,1145,278,1071,670,667,1719,1048,813
"THAP11",300,636,499,679,658,764,254,151,780,342,578,1250,549,939,853,618
"MOB3A",2166,562,348,353,595,1566,320,317,513,381,363,1941,337,606,434,371
"TTC31",1260,604,362,702,499,674,238,287,745,190,663,1086,385,1158,531,606
"MAGT1",113,890,517,623,856,460,191,138,716,333,946,1077,643,1445,987,801
"LRRC14",952,559,484,824,482,594,422,311,779,164,413,1071,514,831,610,544
"SELT",74,737,640,732,754,545,236,179,557,472,1051,1169,510,940,1045,798
"ZFP36",302,1720,2799,1678,2679,5744,60,15,47,1041,654,689,359,452,499,467
"SLC25A25",942,501,347,626,410,448,406,219,857,325,807,926,547,807,734,574
"TUT1",1645,470,449,763,573,744,318,222,754,296,440,883,459,848,497,474
"TMEM120B",227,140,185,435,297,409,532,665,1821,223,1355,910,777,2820,701,701
"ACP2",1411,382,289,424,366,796,314,345,906,270,518,1444,495,861,630,621
"SMEK2",150,841,627,1326,827,489,193,118,526,481,845,973,498,1160,759,670
"PGAM5",546,1239,838,1164,1055,554,335,120,587,168,424,1042,534,570,608,476
"C1orf198",301,1141,1102,822,901,413,181,128,508,612,1080,287,417,1079,597,831
"NOL12",887,585,423,1148,479,788,344,217,625,230,415,1165,555,756,556,540
"TP53INP2",383,366,279,533,276,367,295,189,911,848,1325,744,674,893,1057,1084
"TMEM199",580,527,391,751,498,663,346,222,708,413,524,1080,472,753,693,679
"MRPS10",156,704,478,801,653,460,315,258,735,297,620,1002,562,1316,876,661
"IER3IP1",196,830,540,982,709,493,353,165,766,217,419,1221,608,943,1025,670
"SPEN",787,1059,600,1115,817,832,167,81,426,306,938,510,519,1050,502,646
"PHF3",320,669,494,1218,760,589,219,86,520,590,983,712,412,1214,702,708
"KIAA1551",117,777,683,1214,775,507,104,92,513,567,1776,718,476,1426,741,1000
"PIK3CB",1390,845,317,500,542,744,173,176,728,245,579,1735,369,1535,585,435
"NAPG",523,422,330,669,487,289,248,210,539,1317,1047,621,522,753,916,1006
"WDHD1",162,519,455,766,533,298,282,196,1101,240,856,754,861,1468,1243,819
"FOSB",222,81,247,55,252,83,295,587,689,1334,3175,239,3913,3125,3984,1270
"LCMT1",691,455,364,618,498,753,454,402,978,151,299,1619,502,1068,633,494
"SCAMP4",1096,830,552,832,711,1227,295,160,680,204,454,656,421,874,414,525
"SBNO1",261,761,524,935,656,558,237,134,571,539,835,810,444,924,824,723
"PQLC2",3072,407,248,658,328,660,559,469,807,216,301,1488,456,557,508,488
"OTULIN",533,429,309,437,428,439,452,273,922,374,640,1208,554,926,908,670
"UCHL5",177,785,539,1056,782,328,295,127,769,259,656,974,614,1155,1024,785
"PDRG1",616,560,422,680,511,731,495,247,707,286,326,1218,520,745,689,602
"DDX47",640,831,552,1038,829,617,188,72,554,331,572,889,592,890,782,674
"PSTPIP2",644,584,411,738,563,1084,187,118,538,197,653,1701,569,1459,668,556
"SLC9A3R1",679,824,600,584,767,1944,198,183,463,197,422,4038,329,521,516,372
"APOL4",660,915,1114,635,850,1010,288,154,80,103,374,1536,747,2500,538,589
"TIMM10B",1055,646,516,553,599,760,420,281,666,352,346,1335,343,549,573,470
"TNRC6A",765,760,435,1168,568,390,290,152,667,339,631,840,491,859,716,544
"TMEM101",356,529,529,446,559,864,344,300,922,246,368,1428,581,869,777,547
"MRPS23",143,1032,791,1092,944,685,334,173,734,190,274,1772,550,787,758,492
"SLC1A4",809,279,167,118,329,1102,648,652,1224,224,624,1604,524,1339,495,812
"ZNF263",3544,618,463,665,583,728,409,213,644,218,318,1381,344,608,429,391
"ARV1",382,1136,951,1706,1008,652,92,51,567,171,707,425,692,1939,784,687
"TAF1C",4408,603,447,1155,549,949,242,113,615,255,498,678,353,896,355,445
"ANKRD13A",776,641,439,642,585,593,243,211,631,310,691,1640,422,787,530,560
"GOLGA7",176,580,455,792,600,527,187,117,460,1401,1415,869,500,873,798,721
"POLD3",409,462,343,627,479,413,380,247,1037,198,631,953,718,1162,933,734
"NCBP2-AS2",1697,517,376,829,481,660,285,197,838,239,318,1494,596,562,685,491
"GLIPR2",689,82,141,344,331,1897,312,455,1279,209,743,4350,445,833,919,666
"CCNH",359,742,583,1077,710,605,193,116,665,253,630,1260,506,1075,775,562
"EIF2D",675,1073,884,1131,1189,794,105,67,473,209,573,664,563,1413,595,540
"KIF20A",171,585,521,1474,726,487,101,56,617,375,2256,361,662,2309,939,1043
"CKAP2L",189,459,325,631,497,363,138,132,793,477,2174,485,703,2030,1168,1226
"CASP2",1098,621,437,854,595,639,260,228,656,168,553,1086,474,894,581,543
"COPS7B",1077,880,514,929,744,721,212,133,611,182,475,1149,519,879,578,452
"AIP",1416,649,464,673,598,1356,305,237,512,223,206,3497,439,554,433,331
"FANCA",469,562,412,1041,423,526,210,147,885,250,791,408,730,1857,640,1018
"CEP85",197,640,456,873,697,670,105,134,542,324,1630,594,530,2097,769,972
"CKB",747,453,409,550,497,442,469,497,935,171,273,2082,491,870,817,399
"WDR77",2202,1220,768,1652,993,699,315,88,462,131,222,1625,388,387,628,323
"VMP1",1360,1199,699,1555,998,1416,109,61,304,188,466,1288,327,1222,447,417
"DCK",2,434,390,824,588,223,134,160,692,1306,2920,515,768,2291,1754,1799
"PIAS4",501,431,365,630,458,781,332,241,571,1028,631,815,463,645,632,619
"MAST2",1140,573,288,648,465,594,297,271,799,243,671,673,521,995,612,653
"C16orf59",727,255,285,486,363,458,495,571,1517,139,315,1050,766,1251,969,606
"ESYT2",736,1343,961,1176,1499,717,127,101,420,172,651,688,417,940,538,421
"RNF25",1349,442,362,781,441,569,422,355,758,269,315,1296,468,662,577,514
"SLC44A1",1326,2455,1206,1325,2119,1891,118,70,216,151,302,2037,300,553,261,253
"ABHD17A",832,466,385,512,512,957,369,255,905,275,409,1286,593,570,647,481
"AGPS",271,978,644,918,858,593,198,149,518,182,667,904,523,1407,662,706
"GUF1",748,728,433,756,618,522,455,250,767,189,395,921,425,1018,634,503
"SKIV2L2",363,1123,773,1395,923,588,154,69,399,291,869,570,528,1173,684,701
"RPRD1B",168,570,405,698,556,359,326,241,867,378,828,988,535,1149,925,723
"SUPV3L1",2512,509,413,730,543,538,426,207,710,215,326,1099,438,716,553,493
"CCDC34",86,308,328,766,429,304,504,308,1290,332,687,845,761,1388,1381,869
"POP5",1075,540,391,609,512,546,433,304,1050,184,255,1362,559,733,650,502
"ULK3",1656,727,430,1631,604,1124,127,71,467,282,738,792,287,1163,573,550
"KDM4C",133,456,428,756,590,352,199,119,688,708,1789,672,549,1226,991,1129
"TPRKB",76,621,550,1322,760,295,340,193,1066,261,474,1233,554,1104,1030,782
"PAN3",536,629,435,1093,625,353,138,85,560,828,1252,832,387,906,794,777
"TBC1D23",130,806,600,1242,836,276,169,81,570,615,1287,747,481,1320,881,875
"FRMD8",397,739,527,1032,704,958,157,73,500,735,944,598,402,865,585,813
"CCNK",175,1147,815,1768,1193,815,118,47,412,527,1340,376,477,946,596,807
"SENP5",945,494,344,754,490,511,245,199,689,347,662,1154,422,932,654,660
"WIZ",723,694,509,1209,629,566,211,111,607,293,814,810,494,887,541,615
"BUD13",763,480,377,570,469,603,352,241,914,246,556,1169,451,1009,683,531
"NUDT5",479,766,547,1182,752,817,284,131,719,184,391,1595,462,650,642,502
"C10orf76",1361,463,403,505,530,692,294,231,657,308,471,1348,474,774,586,506
"KATNB1",469,624,442,659,542,819,212,187,714,439,643,760,514,944,640,622
"TMEM165",125,1391,946,1567,1188,647,140,72,435,369,771,635,435,1296,704,602
"RNF121",400,334,274,376,420,440,603,454,1095,250,487,1366,596,1120,791,652
"DARS",288,1043,919,1291,1527,523,245,347,555,132,328,1526,313,828,584,297
"CLPB",1007,323,312,449,391,412,447,583,945,291,468,744,583,917,742,599
"CHCHD5",502,398,364,514,365,644,788,835,1031,245,239,1524,474,669,572,438
"ISG20L2",410,572,482,666,653,624,284,212,789,277,695,970,438,754,777,620
"UBE3A",499,764,508,821,663,375,253,177,600,343,715,934,475,926,764,525
"RNASE1",965,269,329,125,776,7479,391,622,436,165,552,426,736,1590,417,300
"MAN2A1",128,569,445,721,616,325,222,173,685,651,1425,643,493,1305,981,865
"CUX1",472,637,442,443,663,1188,238,210,665,172,618,1044,548,1433,606,513
"SLC14A1",378,151,206,277,280,292,280,224,1290,3151,3941,157,443,875,1284,1661
"ATG12",335,691,469,830,598,425,260,188,702,432,608,1035,489,811,757,647
"UCK2",687,1327,928,1454,1134,981,236,88,460,122,323,968,453,867,477,388
"PPCDC",1741,241,204,357,225,404,604,635,1303,211,312,1696,619,1024,744,534
"PPP5C",550,1053,716,1047,943,906,155,136,518,161,486,790,539,936,574,525
"NT5C3A",85,413,293,892,405,335,236,161,728,1592,2081,795,365,855,1140,1103
"B4GALT2",1695,926,641,875,819,827,453,240,535,107,306,653,495,778,386,332
"CHMP1B",88,621,516,1000,686,641,91,81,485,777,1472,656,634,1474,991,1064
"PNRC1",91,676,643,523,741,889,86,62,313,2633,2239,1050,350,566,1006,1102
"LSM1",315,737,591,1325,691,652,151,56,599,639,567,951,514,829,809,718
"RPUSD3",403,591,555,511,718,898,257,233,716,283,350,958,579,1000,666,563
"GATA2",3274,4341,2638,4326,3209,1535,70,21,130,171,192,2778,397,244,60,210
"SKA3",1047,393,388,933,509,356,253,206,821,220,641,617,636,1064,827,671
"PRKAR1B",1326,999,608,506,1019,554,496,361,843,44,238,835,577,1588,354,312
"RNMTL1",670,465,402,640,524,397,582,371,864,303,324,970,587,572,679,565
"PCF11",199,774,525,1000,632,630,210,83,557,610,1163,582,468,922,913,690
"DERL2",1261,571,377,839,481,621,318,204,686,198,458,1098,437,751,711,529
"ZNF3",1583,384,298,575,373,508,343,280,824,349,548,847,417,966,609,608
"GNAQ",534,877,522,842,829,651,214,187,526,178,388,2458,395,926,561,439
"DAGLB",1790,310,263,425,272,691,356,323,627,448,509,2411,417,659,533,540
"MCM10",163,570,387,944,567,288,283,158,882,267,814,652,673,2144,1032,735
"CLC",328,36,20,23,84,34821,324,1416,988,319,483,84417,945,1097,406,320
"GFOD2",328,314,234,591,400,465,317,198,768,1162,1222,767,436,691,915,926
"ELP6",1766,509,358,693,532,562,453,256,780,235,307,1286,452,528,616,427
"PPP2R2A",576,838,596,627,790,665,245,100,371,1046,786,1041,258,494,552,647
"KLHDC2",41,609,575,757,661,588,124,120,576,1287,1502,733,499,1044,902,1097
"FAM204A",858,542,355,916,442,395,266,132,632,480,597,1068,469,833,806,619
"PDCL",205,605,414,747,537,411,224,153,696,593,815,789,544,1091,897,830
"DESI1",615,377,390,761,579,731,207,179,635,404,681,1029,490,892,676,608
"STX7",239,393,360,494,508,509,212,190,480,356,1029,1119,632,1574,1050,920
"ERCC3",478,450,495,1139,654,755,180,98,575,306,828,791,572,1001,637,721
"BRIX1",354,866,683,1670,866,478,197,68,694,229,462,734,593,782,911,683
"CDK6",392,1572,861,734,996,1066,261,105,504,80,352,2900,407,984,523,289
"CEP350",1055,437,339,519,468,391,208,192,753,367,831,895,526,1060,710,683
"NDUFA5",908,637,471,1112,615,260,192,141,689,415,586,612,478,901,851,635
"TNFAIP8L1",1579,460,274,353,384,618,306,347,928,303,599,1840,348,509,702,465
"C16orf62",788,846,636,921,866,853,179,148,581,163,424,1042,470,994,483,418
"TMEM161A",768,558,487,609,565,1047,493,259,943,123,243,1555,582,778,446,353
"SNHG7",1628,1082,284,1647,605,1003,291,168,365,124,236,2641,409,924,463,231
"FTSJ2",1359,761,547,1176,692,620,242,109,627,118,420,947,497,860,591,514
"SDCCAG3",1314,607,506,818,703,832,407,176,742,165,233,1303,521,521,544,388
"TMEM230",352,856,569,1275,805,605,115,71,488,362,838,823,467,1062,728,738
"SIK2",440,486,409,626,491,474,270,215,1044,289,717,626,536,836,943,725
"ATP6V0A2",1136,871,567,742,585,679,220,183,574,178,466,1368,389,635,571,484
"CDC5L",124,848,554,1270,788,484,173,114,696,294,792,701,546,1248,916,700
"OSTC",574,1236,854,1534,1107,963,150,86,419,139,355,1583,349,976,538,349
"ATG2B",192,408,334,818,431,341,182,96,626,1218,1725,466,566,1328,1024,1060
"STIM1",402,722,551,694,689,931,145,132,616,226,835,1123,471,1027,523,630
"STRADA",2540,658,428,932,584,833,213,124,548,162,407,1077,401,829,522,479
"ACOT13",1522,619,398,838,662,602,184,94,560,309,368,682,528,1085,761,675
"SMTN",511,214,238,310,270,432,376,364,1229,399,906,639,822,1535,752,813
"DR1",34,1060,703,735,930,360,140,72,676,599,1243,737,619,1164,1234,951
"QSOX1",1897,697,441,476,748,4721,254,310,149,75,237,11807,286,587,347,151
"TXNDC17",1611,579,403,873,543,595,418,221,704,197,235,1302,421,617,664,381
"GNPDA1",878,1125,713,817,887,1310,180,83,386,193,316,1075,394,951,555,488
"MVP",1800,1106,880,282,857,2384,256,119,294,290,193,3243,255,514,302,376
"RNF4",329,1069,545,765,713,512,152,108,573,262,1011,634,480,1178,745,741
"LYRM2",1038,599,390,675,515,472,273,259,745,273,444,957,368,669,740,619
"GNA15",3575,2482,1433,1350,2590,3386,314,130,157,38,101,3220,170,291,241,105
"NKTR",801,1273,818,1634,1013,1016,93,48,282,210,589,910,399,1141,555,446
"ECHDC1",1282,1113,625,1287,961,436,280,87,575,184,148,1283,511,702,628,449
"ACOT8",202,354,339,320,397,647,479,379,982,386,412,1192,720,998,815,663
"DYRK1B",379,461,426,571,461,584,181,149,540,1414,1302,565,415,573,666,918
"ENTPD6",3429,794,502,804,746,1178,339,235,499,103,143,1344,458,544,366,325
"FBXO11",409,705,458,794,612,465,165,106,539,549,872,1033,417,1049,729,566
"APOPT1",1122,412,301,600,368,526,392,451,762,220,348,1406,456,964,587,424
"SEC31A",269,1605,1177,1695,1404,883,125,62,267,272,557,948,370,797,505,459
"REV1",756,577,364,824,545,408,230,111,691,219,663,792,545,1390,727,762
"AFTPH",196,602,443,621,517,305,211,144,539,1081,1187,881,413,875,820,862
"BNIP2",117,961,554,935,785,492,169,113,571,440,745,1028,521,854,884,701
"ELP5",1133,689,521,748,690,1012,184,361,452,148,206,968,521,1193,476,418
"DAAM1",111,162,127,498,217,206,404,386,1840,364,1421,1089,743,2047,1572,1107
"ECT2",85,418,294,655,428,97,238,236,932,498,1845,522,744,1790,1759,1231
"DNPH1",851,950,720,669,592,967,356,218,787,89,200,1318,545,826,506,305
"CHRAC1",1641,671,437,877,655,378,234,192,611,165,616,741,416,998,565,468
"FCF1",165,778,572,613,758,495,178,141,499,383,880,715,566,1298,810,765
"SLC7A11",208,588,157,535,320,589,155,305,596,700,2076,453,497,1927,667,1003
"PPP2R5A",486,805,565,594,824,697,152,135,496,278,767,1246,400,915,622,510
"UTP11L",632,834,553,1214,749,897,248,115,557,163,267,1248,485,851,618,435
"CDK11A",833,467,356,613,573,562,324,111,543,930,1136,420,563,384,564,803
"PRIM1",88,534,365,656,592,296,256,219,1046,248,994,796,667,1586,1024,883
"CKS1B",101,261,219,254,292,336,717,718,1543,279,639,1666,586,1552,998,704
"DDX51",1913,504,450,850,513,602,450,202,672,154,278,1171,561,701,399,417
"SCCPDH",330,1123,666,1136,957,1146,211,134,468,118,320,1476,435,1173,503,372
"CENPO",612,577,347,759,456,430,258,161,745,256,911,611,523,1139,692,713
"PIK3AP1",135,1078,757,854,1049,806,117,145,650,349,806,1203,440,610,632,429
"MAD2L1",0,901,611,1111,872,275,179,90,727,440,1228,609,697,1979,1792,1144
"SOX6",67,96,162,465,271,230,258,308,1073,1455,3137,507,550,1975,1554,1767
"MEAF6",319,834,614,979,838,403,206,130,623,226,543,963,480,934,723,630
"CAD",1410,1317,925,1388,1072,1072,235,89,438,117,264,706,490,741,322,302
"SLC52A2",892,954,525,938,738,953,269,115,494,175,400,1025,478,611,535,422
"HEIH",760,445,365,447,416,961,312,294,585,225,395,1804,402,1149,531,479
"TMEM30A",371,895,458,551,597,828,170,121,474,303,517,1555,425,1156,780,574
"BUB1B",93,599,496,1283,673,424,149,76,662,306,1597,421,692,1898,1003,900
"BAG5",649,650,427,725,519,475,226,161,660,305,603,1025,473,760,733,573
"PPP1R12A",106,653,468,880,683,355,205,130,651,362,1047,926,547,1275,956,717
"VTA1",257,761,553,1000,752,391,198,140,558,341,666,990,457,901,789,591
"UBP1",350,1053,654,1013,915,414,295,103,586,214,366,1345,435,771,665,533
"CHAF1B",1068,533,361,779,466,327,280,224,918,193,453,633,567,962,778,649
"WBP4",348,431,299,750,405,335,250,163,785,611,889,524,612,1078,925,845
"ELP3",1132,597,468,764,638,658,330,185,566,190,367,1368,338,783,526,455
"SEC63",290,780,484,1078,608,422,212,177,635,191,523,1383,504,1571,562,468
"PIP5K1B",7,668,587,569,769,294,154,141,542,1171,2753,189,744,1580,1631,1343
"EIF4E",146,568,394,416,582,249,316,221,752,475,862,799,562,1304,1079,757
"BOLA3",102,497,457,1119,636,274,228,180,1069,279,692,723,808,1008,1101,774
"KIAA0020",843,718,480,812,684,655,389,163,660,163,240,1583,466,635,586,419
"MSL2",610,568,371,555,559,406,221,200,556,365,708,1360,414,1107,643,506
"CLCN4",168,464,410,846,622,424,225,136,748,301,929,463,680,1963,883,781
"MALSU1",782,524,405,604,580,534,447,241,887,182,293,1038,539,604,714,534
"POLQ",851,332,258,758,387,287,225,200,853,218,969,540,638,1757,843,789
"CYP51A1",395,1781,1045,828,1413,1218,163,104,393,237,529,1129,265,295,577,412
"EDEM2",973,713,481,459,702,1176,249,210,487,162,372,2439,358,615,504,374
"C21orf2",1342,418,297,571,409,748,769,500,733,232,141,1765,471,579,512,287
"GTF2H1",271,942,580,760,685,628,261,117,510,482,590,853,388,722,604,635
"SPECC1L",779,367,274,590,392,610,374,305,911,177,565,1011,479,1066,565,600
"TRMT10C",318,950,726,1338,808,420,272,138,712,230,385,912,406,707,718,434
"MIDN",1818,973,497,701,631,907,231,101,430,269,472,747,501,660,484,351
"PEX19",119,577,499,476,669,691,204,194,576,490,828,960,442,1070,835,714
"SEH1L",367,1455,837,1570,1231,530,224,67,487,165,343,911,459,771,620,461
"ADH5",545,1109,860,1270,1037,925,174,94,383,124,407,1433,505,783,512,297
"RNF166",1141,391,340,714,480,900,278,253,613,166,428,1852,482,703,531,396
"AAR2",726,841,511,750,664,716,198,158,554,366,272,1073,448,792,473,546
"HBE1",715,890,585,940,1553,525,1158,93,632,491,108,1374,1459,144,167,300
"BCS1L",790,736,538,894,692,682,353,143,679,121,269,1057,599,932,496,418
"C1orf123",938,539,390,769,499,736,261,211,678,164,299,1355,542,982,610,415
"ARIH1",209,682,500,612,651,640,138,104,407,1041,1071,630,447,995,709,757
"CCNY",966,1095,775,813,1041,751,209,133,373,177,339,1568,310,764,427,338
"RBSN",719,302,241,344,357,337,404,431,899,391,706,1087,443,773,774,700
"PTRF",7755,3934,1382,1693,1846,1667,306,41,182,304,35,2919,310,157,83,132
"MAP4K5",124,516,341,743,542,292,129,120,582,1729,1867,394,495,822,1320,1031
"ADK",307,753,581,964,775,617,311,154,566,177,373,1518,476,670,697,473
"NUDT22",1514,446,381,323,459,725,443,371,829,184,241,1893,496,541,579,358
"THUMPD3",1398,531,420,702,497,468,296,200,715,154,384,946,478,815,657,574
"ENKD1",1960,339,294,567,331,500,501,415,971,202,249,1231,485,548,723,397
"EPT1",720,681,386,605,539,415,237,121,533,430,585,836,492,831,814,650
"DCAF10",254,355,304,422,424,279,238,288,622,888,980,1111,448,975,944,752
"VKORC1L1",300,542,386,562,508,510,242,259,710,171,620,1166,533,1416,795,575
"DEPDC1",20,286,294,583,463,195,238,257,1233,474,1683,773,762,2063,1405,1158
"POLH",690,333,314,630,423,487,255,242,814,297,676,808,492,1121,662,633
"PPID",571,663,494,599,631,689,272,139,521,236,404,990,505,979,725,524
"CDKN1A",919,481,548,504,871,3374,243,107,341,452,311,1314,184,542,521,518
"ABCF3",760,535,411,693,596,992,381,148,536,207,409,1653,405,714,460,433
"ACTL6A",70,1298,849,1814,1172,568,125,61,379,252,951,463,558,1254,836,738
"CA8",285,928,493,527,190,296,303,239,646,475,993,523,532,1266,1086,498
"C1orf159",1812,362,285,762,320,520,468,426,857,188,310,924,448,649,530,484
"SNHG10",369,256,224,566,286,613,200,144,749,1247,854,664,638,853,1021,909
"HMGN5",849,550,400,1090,707,218,357,140,669,199,440,480,643,1126,862,573
"WDR83",1123,245,229,550,296,459,460,435,975,235,334,1525,583,728,680,511
"YLPM1",460,896,559,953,856,600,230,82,553,177,509,716,624,992,563,576
"EXOC5",246,654,421,705,640,213,197,130,711,275,1077,651,603,1281,1069,817
"CCP110",118,465,407,791,539,126,236,142,840,465,1430,550,638,1367,1389,959
"DEXI",363,777,747,412,654,801,299,165,581,189,303,1229,531,989,734,444
"KIF20B",614,567,381,898,551,247,190,131,676,290,969,442,588,1141,885,771
"ANXA1",767,5396,2395,4399,5790,3078,61,29,30,65,166,3938,238,517,212,122
"SLMO2",81,638,418,689,617,192,214,202,705,531,1039,486,654,1480,1207,830
"AKR7A2",217,784,790,565,756,914,296,222,412,134,310,1525,643,851,628,476
"NEMP1",103,767,525,780,769,481,153,86,705,250,1142,616,526,1914,857,807
"ZFYVE26",848,367,290,537,375,612,325,185,662,526,692,719,391,871,589,677
"MRPS35",1295,1112,773,1140,996,622,238,130,444,109,247,1149,331,880,462,308
"CYB5A",5,809,622,1032,785,499,219,74,742,482,1043,549,804,1402,1082,965
"TMEM181",969,612,362,855,443,352,236,193,735,264,489,873,451,860,685,534
"ZDHHC6",976,803,614,1181,796,797,150,110,512,184,430,769,368,750,623,446
"PRKACA",343,901,589,811,735,1009,136,135,489,178,552,1236,559,792,528,513
"CSTF1",134,627,520,753,611,539,303,165,791,312,531,1159,400,957,795,578
"CEBPZOS",658,562,416,667,669,465,178,905,529,209,405,920,356,872,522,429
"ZZEF1",635,619,350,969,506,761,216,122,542,370,820,592,439,745,517,660
"TMEM179B",419,477,430,532,538,856,169,127,603,353,650,1401,523,776,639,647
"CHEK2",676,318,308,538,397,376,306,210,829,205,614,1014,602,1201,822,686
"SP3",145,813,483,900,701,237,168,128,550,355,1249,711,481,1490,812,734
"TSSC1",501,779,537,783,673,591,336,179,590,172,322,1382,511,599,593,445
"ADGRE5",1261,976,573,678,743,2587,231,163,278,89,201,9952,209,798,225,179
"SETD3",801,544,415,761,547,566,216,185,627,174,460,1359,468,834,675,468
"NOL9",684,492,392,712,470,404,390,254,868,249,403,1134,396,663,639,494
"PPP1R37",453,480,340,662,430,647,326,225,838,204,554,687,539,1135,570,633
"PAK2",1134,1061,685,920,940,710,157,127,419,136,314,2099,351,573,467,365
"CDAN1",1567,455,342,528,361,539,307,276,701,144,460,1124,455,1169,526,448
"EPM2AIP1",384,527,373,964,453,507,170,152,516,369,852,948,384,1039,718,736
"C2orf68",803,546,400,608,596,715,160,233,617,264,458,1259,415,970,492,440
"RFC3",171,758,497,1113,713,280,93,113,552,397,1129,437,570,1665,1084,740
"PCGF3",1169,455,447,977,482,708,143,104,584,336,642,897,366,703,705,554
"TAB2",37,630,455,788,596,461,147,91,562,1201,1599,894,433,792,978,1015
"PDXP",207,816,522,762,693,645,207,98,845,162,512,1119,583,941,781,628
"APOBEC3C",267,787,556,641,765,309,234,388,674,234,621,531,554,839,620,554
"MTFR1L",1639,552,466,590,486,722,285,212,628,157,306,2286,378,594,440,361
"NAA20",742,954,773,1908,985,760,89,82,402,166,437,812,394,885,559,450
"ITGA4",294,1602,939,921,924,258,135,137,511,143,1191,515,468,999,621,518
"RPS26",809,417,306,346,190,357,340,446,2072,148,312,3482,237,1354,1093,289
"GOLGA2",508,555,461,765,599,746,223,106,419,645,900,496,470,744,494,584
"CD320",1240,1136,671,764,647,650,834,366,538,105,113,1438,454,352,422,194
"SH2B1",1296,498,425,844,515,988,213,115,638,208,385,990,540,927,418,415
"WEE1",81,824,560,553,736,365,151,118,631,309,1292,489,620,1935,1018,757
"ARL16",2348,330,303,500,166,580,668,508,540,150,294,2517,452,761,477,324
"RAB18",381,650,416,910,532,339,179,84,421,518,1035,609,487,890,992,812
"TEX2",268,655,486,811,622,397,160,84,616,451,1168,760,479,981,700,650
"ARHGAP35",796,546,368,548,497,591,214,259,573,317,653,744,451,923,502,487
"MIEF1",430,916,551,735,733,597,350,111,540,208,408,1192,395,751,616,454
"ICA1",833,955,900,980,1037,599,280,112,442,121,355,846,317,1224,450,301
"COPS4",26,731,568,658,720,465,334,218,740,321,514,1398,524,912,885,698
"DHX37",1738,735,531,923,621,552,461,214,543,149,292,1039,367,501,356,348
"TNRC6B",295,359,327,701,374,312,232,157,598,1086,1305,517,464,871,806,823
"PHF21A",997,451,372,700,531,705,150,109,575,616,818,1011,362,619,497,518
"TMBIM4",365,863,626,927,687,868,133,98,411,233,512,1132,460,941,723,471
"TSPAN3",395,1060,491,1039,721,872,205,99,522,148,337,1139,545,710,696,529
"ZC3HC1",1526,501,374,755,519,538,301,148,754,202,365,811,432,760,630,482
"EPG5",205,418,342,522,417,534,110,118,596,938,1426,616,523,1055,955,1008
"EHMT1",463,778,526,992,715,622,180,93,455,299,717,602,474,916,515,637
"NMNAT3",285,370,363,621,469,363,359,186,841,116,525,1279,626,1878,947,592
"PLK4",220,647,353,933,520,205,207,125,814,271,1153,427,603,1430,986,946
"LRRC45",1160,250,227,341,286,524,783,879,1403,120,207,1251,642,695,635,391
"TPCN1",1245,619,456,628,647,1259,181,160,501,163,403,1559,366,866,388,348
"NOP16",973,1300,898,1871,1034,786,287,53,528,135,194,942,458,447,437,321
"PAGR1",748,530,374,880,515,760,300,143,715,183,391,1868,435,456,584,474
"TIMM9",722,485,512,878,633,541,419,180,784,189,250,1195,411,826,535,351
"ANKRD27",940,1407,826,1421,1021,953,127,51,268,352,467,686,310,853,385,329
"TAF6L",1139,504,356,896,505,766,313,219,534,190,387,1015,440,559,458,526
"ATP2A2",240,2139,1073,1699,1537,780,109,56,259,143,702,708,459,708,497,457
"LAP3",60,1844,985,586,1128,731,267,86,606,167,368,1084,598,761,738,544
"TWF2",840,1009,817,473,888,3079,251,224,226,97,196,5379,304,728,251,138
"SIN3A",553,930,571,962,772,674,116,102,509,280,762,627,364,975,494,499
"ZNF282",788,962,571,701,732,840,285,223,517,130,330,713,384,860,390,431
"NGDN",452,571,511,1153,615,576,176,68,572,271,525,805,552,909,752,633
"SVBP",49,277,293,581,411,491,233,213,853,775,977,997,547,1144,956,1001
"C5orf15",780,865,456,583,535,394,201,102,633,281,500,1023,472,795,762,516
"BMS1",1573,758,553,990,679,635,357,137,541,124,299,1137,384,555,420,347
"IDE",781,846,492,704,671,377,212,132,469,253,472,826,473,722,745,537
"MED22",588,603,382,416,444,672,392,216,761,220,443,1305,466,716,460,495
"KAT2A",2506,1010,718,1173,852,1051,250,82,397,92,153,1254,429,869,363,227
"ZNF511",852,545,441,963,576,546,221,169,628,203,365,975,468,645,622,511
"TARS2",773,595,512,623,595,611,295,197,587,181,362,1051,429,764,517,471
"VWA5A",4994,6533,4447,2035,4362,3718,71,24,82,93,67,818,245,448,103,98
"TARBP2",675,531,467,528,490,611,502,294,797,162,229,1972,435,552,528,337
"UBE3B",293,452,434,726,501,546,182,165,554,532,837,660,486,874,631,662
"TMEM129",571,492,421,605,543,806,188,198,725,175,485,1083,485,1192,493,444
"AGBL5",513,748,596,498,729,553,230,243,669,229,399,779,471,633,595,456
"S1PR4",1310,1140,811,717,1157,1623,371,486,380,49,96,3527,238,500,220,143
"SLK",65,743,484,677,784,407,187,135,668,276,914,785,585,1272,916,739
"RFC5",234,791,605,849,719,373,137,114,600,204,801,499,596,1136,949,735
"INO80C",345,589,358,1069,525,459,240,109,547,435,688,947,477,573,677,684
"MAPRE2",195,1452,1108,1312,1384,633,126,79,176,397,837,406,360,1068,526,475
"GSTZ1",1271,573,418,558,592,478,513,424,806,161,199,1190,436,608,482,223
"CCDC59",290,580,438,1049,572,411,177,99,673,302,673,747,593,922,795,658
"DCLRE1C",922,187,141,380,223,180,358,964,1485,631,811,1452,311,394,730,716
"NDUFC2",177,396,374,514,456,566,596,452,971,187,253,2312,450,606,830,405
"LOC93622",1205,390,281,527,466,494,410,311,690,171,276,1522,490,739,591,432
"TCEB3",407,685,503,931,638,525,157,80,545,326,590,812,542,914,647,605
"NAGK",935,328,273,366,339,1431,249,209,657,167,410,2673,407,993,515,475
"FAM127A",1235,604,512,489,668,886,276,164,698,138,315,1117,424,688,502,364
"YIPF4",197,395,326,454,411,320,278,196,613,856,824,873,432,1192,920,631
"KMT2C",90,505,375,686,484,247,265,148,788,610,1091,578,540,1244,964,794
"ALDH4A1",1308,1228,726,691,768,695,202,104,475,138,261,1456,382,577,513,338
"ARF3",2702,2045,1109,1334,1433,2220,206,85,191,77,178,2620,225,302,210,144
"RIT1",449,343,256,427,394,577,152,96,420,1448,1106,967,377,632,988,1035
"VPS33B",1051,408,341,492,503,640,249,191,695,207,450,1064,483,1017,533,464
"SHOC2",351,611,421,667,545,285,200,135,530,524,863,875,407,813,783,660
"RAB11FIP1",332,1019,617,597,785,893,176,74,423,211,621,666,584,1458,484,486
"MRPL44",315,708,533,921,725,517,176,98,576,353,601,855,467,699,634,572
"TRAIP",760,303,253,468,340,424,379,384,1098,174,411,945,555,1038,720,512
"BIRC2",318,458,311,530,412,372,171,133,480,1398,1119,964,332,588,848,876
"FAM207A",520,424,300,379,422,565,860,736,1025,134,173,1786,478,648,520,326
"FIP1L1",216,698,574,906,662,644,201,95,574,253,605,754,501,1033,627,618
"DHDDS",927,490,361,600,500,538,367,356,666,173,324,1043,419,661,516,459
"FES",3422,721,355,290,451,2154,211,277,173,230,208,9250,233,722,275,142
"NAGLU",2447,724,536,765,677,897,329,177,493,111,224,1633,399,381,415,244
"DHRS7B",670,273,242,550,361,456,260,203,896,377,642,621,547,1014,784,716
"SLC25A44",1077,512,329,369,383,617,249,208,546,469,673,1091,363,421,649,578
"SAP130",509,513,328,658,432,454,221,254,722,237,712,658,475,995,665,564
"AAMDC",1141,157,218,210,203,202,645,637,1254,364,286,1926,482,1163,773,541
"ZCRB1",255,639,502,907,659,488,222,147,489,274,499,713,477,1000,792,601
"UBA3",198,637,517,999,719,305,133,63,500,456,929,943,524,889,865,793
"EMC8",424,691,456,931,643,606,226,142,628,252,413,1014,428,607,635,488
"MOSPD3",298,667,642,912,822,1097,190,152,686,284,404,652,582,557,398,391
"PTOV1-AS1",103,307,231,688,316,375,169,105,823,1095,1342,561,786,895,1317,1086
"IPO4",555,1530,799,1172,1005,640,295,83,469,137,280,879,426,581,418,354
"REXO4",1526,637,477,632,514,706,507,260,577,121,199,1785,375,479,400,299
"ICT1",657,597,556,990,634,581,251,133,616,155,311,926,494,793,586,461
"BTBD2",2171,1333,1022,702,1170,2002,200,150,321,104,122,1165,344,693,225,170
"ZAK",461,486,308,520,481,336,179,140,469,1161,885,639,506,839,630,654
"CDC42SE2",266,1038,538,969,767,621,125,84,399,290,494,1208,470,1005,589,533
"EPC1",338,425,336,673,448,258,238,169,719,611,796,742,471,704,919,662
"DEPDC1B",117,469,354,747,525,174,195,188,817,346,1219,527,577,1276,1165,955
"ANPEP",4663,253,185,133,383,5241,385,336,85,117,340,15442,368,491,445,177
"SYK",1567,734,332,446,634,2322,196,190,208,95,366,4854,233,744,437,267
"TBC1D13",1812,528,397,600,522,936,271,201,542,184,299,1645,312,638,360,348
"ZNF428",857,517,423,749,539,984,464,242,667,103,130,1888,533,595,440,353
"SLC25A17",664,639,467,1018,587,398,319,181,622,171,333,663,550,773,532,516
"LRBA",93,1142,739,1106,1127,372,178,73,500,316,919,410,550,968,634,674
"TRIM25",1540,1411,943,819,1275,1397,154,74,327,111,229,1144,311,703,305,291
"PITPNB",960,910,655,848,810,798,216,68,398,204,318,1105,412,721,530,335
"ITGB3BP",249,403,536,873,492,491,169,157,655,357,413,577,784,905,1121,553
"WDR70",1396,546,431,484,528,487,332,169,759,149,332,1118,477,670,565,424
"EIF2B2",181,713,549,626,638,530,356,193,741,231,416,940,457,731,719,445
"ZWILCH",306,512,354,759,477,226,272,180,782,241,783,603,514,1124,884,719
"DYNLL2",151,995,568,559,712,493,306,181,459,488,743,413,570,575,494,670
"VEZF1",501,552,362,269,462,420,193,151,589,419,797,1017,469,1111,751,610
"IGF2BP2",1053,459,374,446,442,450,140,164,417,902,978,1083,247,758,567,458
"CTDP1",410,391,329,594,350,693,221,159,504,1086,752,867,402,438,610,707
"MTIF2",1545,791,564,1045,625,448,230,136,600,136,299,807,407,760,501,353
"RAD1",657,615,408,803,559,364,271,189,649,217,405,941,384,910,540,514
"CLDND1",180,805,562,910,811,577,78,60,426,550,1212,491,434,1239,707,716
"OGFOD3",763,639,440,463,549,785,442,342,701,107,181,1447,436,725,561,297
"EXOC6",143,653,417,670,611,300,276,179,882,237,576,908,575,884,828,623
"TTK",21,532,387,1087,558,208,211,154,767,385,1427,397,704,1925,1185,893
"ING5",936,487,306,744,466,497,334,308,639,179,520,926,335,802,448,425
"SIK3",422,371,248,534,366,557,231,160,537,1163,1068,669,358,577,614,777
"KIAA0196",74,1009,688,965,871,512,121,81,478,326,826,617,487,1153,832,711
"MRPL15",578,1186,794,1510,1038,689,214,87,420,110,208,996,464,747,434,373
"IRF2BP1",362,645,437,642,535,818,184,160,522,428,471,816,504,817,461,483
"COMMD7",4810,1072,615,510,805,1477,317,181,353,89,73,3534,263,531,249,157
"C4orf27",264,390,378,780,433,402,281,140,929,211,434,992,590,1171,885,609
"SLC39A1",599,1104,685,738,897,1330,107,71,348,203,480,1007,389,682,454,470
"SUDS3",421,402,309,605,454,457,204,152,603,451,871,651,396,919,756,758
"TPM4",1778,3666,1460,780,1608,3067,109,49,54,342,162,3849,166,430,222,100
"TMEM18",401,459,369,884,496,484,207,159,618,223,683,707,389,1448,618,585
"PRPSAP2",187,547,422,540,522,415,235,136,619,762,603,771,490,676,905,593
"ADPRHL2",1148,476,353,548,463,711,304,201,542,273,317,1681,289,651,471,428
"CLDN15",469,302,308,1095,440,697,180,109,490,1091,1062,438,423,582,541,635
"ABI2",611,632,470,754,673,377,197,221,502,292,509,497,436,1043,520,470
"COPS8",262,792,550,1024,702,373,142,80,553,235,664,652,532,1063,840,628
"FBXO25",365,439,326,353,380,414,355,355,824,250,411,1112,533,987,670,522
"AKIRIN2",380,474,365,608,489,643,153,102,397,724,750,860,450,806,698,660
"DPH7",1814,399,307,674,394,559,362,173,697,214,277,1378,405,742,468,365
"SCAF4",489,778,442,1260,623,689,163,79,421,309,750,529,397,898,504,531
"CMIP",391,1297,486,719,1108,756,158,96,365,370,461,902,345,601,509,433
"ATAD5",283,328,279,574,315,247,277,246,1071,179,749,728,541,1663,966,833
"ASB8",173,464,410,563,433,375,166,195,625,873,828,767,368,812,795,731
"ZNF444",1615,447,349,592,456,835,404,341,618,241,181,1958,318,392,388,283
"MAP3K7",532,823,523,817,709,369,121,98,375,423,752,798,362,735,660,581
"GALC",149,1549,763,558,1122,789,131,103,412,282,751,538,361,960,666,416
"SDF2",401,467,343,496,431,720,188,116,575,433,559,1332,474,789,663,586
"VPS41",203,660,551,560,681,573,194,137,425,343,667,814,421,958,643,639
"SMG1",189,755,462,756,601,355,185,125,428,434,855,786,338,1112,708,679
"SEC11C",596,698,466,815,504,640,284,130,556,225,284,1198,416,575,625,473
"PLP2",489,2744,1666,2646,2246,2454,82,40,162,121,245,940,246,597,213,255
"LAMTOR3",207,659,454,1010,701,483,99,42,355,836,1046,390,426,1105,920,1032
"HTATIP2",235,640,353,643,716,580,117,90,478,790,635,876,510,667,822,620
"ACOX1",1180,441,384,579,484,647,251,162,537,259,410,1006,371,980,436,426
"RB1",83,639,472,602,717,219,118,58,705,445,1599,441,627,1562,1260,1037
"AP1G2",4931,735,537,942,747,1327,178,150,333,126,157,1825,280,499,240,241
"ABT1",277,785,538,939,693,650,208,73,568,314,497,889,427,543,669,577
"DBF4",85,525,358,976,607,257,148,88,738,381,1555,395,577,1564,1044,905
"LSM14B",449,671,523,752,660,568,114,74,514,324,678,837,477,986,563,552
"RNF139",83,811,582,701,700,469,140,77,456,542,1075,550,480,1024,827,813
"IQGAP2",832,1244,642,999,1036,517,139,83,215,149,397,783,473,944,666,400
"GMPR2",292,514,487,595,626,1168,138,101,464,309,567,1350,502,811,567,469
"WWC3",340,594,615,937,687,859,101,61,215,1630,982,330,369,693,518,731
"CDC42SE1",427,1277,766,758,995,1194,71,39,257,416,763,780,344,592,513,635
"CCNI",157,1766,1135,598,1499,664,60,66,116,785,2136,244,333,769,471,900
"SNX19",562,481,348,619,445,492,189,155,594,320,732,767,474,885,565,567
"GALNT1",713,1460,668,1035,987,398,138,54,454,194,418,1129,347,659,571,409
"NOL10",657,766,473,1025,606,466,280,107,560,173,376,875,445,605,556,519
"UHRF1BP1",267,438,313,522,442,346,306,262,644,175,641,766,578,1672,541,770
"MORC3",10,540,421,644,666,273,137,119,469,1052,2316,256,619,1798,1345,1105
"AGRN",1427,1035,445,1049,676,361,242,205,770,76,451,391,519,879,321,370
"IFI35",707,280,251,241,287,574,472,336,969,277,247,1962,533,762,626,501
"HGH1",1320,807,519,798,588,622,369,202,563,99,166,986,465,681,450,303
"FAM208A",142,669,512,763,690,528,120,88,563,334,836,849,503,1125,731,606
"CUL4B",691,553,359,668,448,386,179,144,569,435,599,834,357,825,682,514
"FNIP1",139,546,324,470,423,300,232,167,640,594,976,632,418,1339,827,805
"KDM3A",598,750,381,705,596,637,94,52,367,644,833,818,369,987,532,662
"RNF7",949,711,519,924,607,822,164,134,369,234,290,1288,295,772,532,351
"TYMS",30,1681,919,1147,1285,621,44,40,411,280,1064,380,756,1314,791,1009
"FAM173A",1275,525,312,701,420,722,575,461,762,87,113,1354,594,545,454,252
"GTF3C3",333,646,520,913,703,407,131,94,565,282,778,516,482,995,663,652
"NGLY1",630,573,547,605,750,687,115,63,448,344,480,1101,397,954,620,546
"SMCHD1",71,687,437,775,626,313,193,141,589,265,824,809,537,1503,873,672
"DCAF5",591,548,368,622,607,592,129,85,477,367,800,678,476,1010,538,652
"DHX32",520,740,481,662,588,536,119,72,345,985,830,461,410,553,704,652
"HSPB11",164,389,346,878,509,508,247,94,826,237,461,1184,637,734,1064,743
"SUN1",156,743,485,1067,687,372,165,129,585,247,699,475,502,1233,769,602
"PHF12",565,499,351,949,549,540,148,122,480,358,987,695,352,896,493,511
"SFXN5",1062,350,261,475,334,527,412,277,773,163,377,1264,491,754,501,459
"EP400",1226,767,442,1104,680,576,199,153,439,160,412,791,341,663,413,386
"PRELID2",409,456,356,732,605,307,248,228,744,254,626,445,494,820,711,607
"MSMO1",448,829,644,1157,829,1590,106,61,212,687,777,797,225,300,626,445
"ZYX",1279,925,384,305,673,4676,301,317,99,73,215,5853,276,816,313,125
"HECA",112,337,278,192,326,455,176,149,567,1919,1381,1085,392,789,1073,993
"WDFY1",685,709,497,534,739,282,199,138,484,177,513,1120,412,995,619,487
"ZMYM2",549,735,497,825,670,391,135,78,390,641,649,890,336,755,548,475
"MRPL46",439,475,414,586,533,446,363,236,845,156,277,1045,487,786,641,466
"TRIM38",789,198,220,428,276,584,184,137,531,1118,925,1078,330,632,709,852
"LLPH",377,559,379,547,504,469,322,285,724,225,341,1303,399,548,641,472
"KDM5B",165,550,453,484,662,664,111,65,303,1469,1262,1168,282,712,673,710
"PIK3R1",85,354,499,780,478,545,116,71,301,1999,2114,695,237,545,1048,1202
"MSL1",423,865,586,656,730,712,80,53,499,258,766,645,490,892,715,632
"RNF41",506,532,352,519,467,622,166,161,533,316,708,1039,389,880,478,573
"TTC19",1032,1103,707,796,928,881,196,114,400,117,197,853,344,854,438,331
"HEXDC",1365,252,196,308,227,525,536,487,848,280,291,2284,420,631,407,389
"JAK1",300,966,555,804,788,969,87,76,306,417,712,918,328,1135,452,428
"PTRH2",1392,615,435,1146,572,675,328,119,667,99,190,1151,392,575,509,369
"FNTA",1796,744,461,774,607,750,156,91,374,223,409,1048,305,813,462,321
"MCFD2",309,959,614,679,710,785,154,121,441,205,468,868,378,820,654,424
"STRN3",121,300,240,545,389,136,221,125,625,912,1952,387,629,1400,1329,1059
"CHMP5",4,418,434,933,550,470,135,107,608,1026,1063,910,585,1142,1069,868
"ZNF106",224,638,479,673,587,555,173,157,547,249,556,969,475,961,600,502
"FBXO42",375,287,259,492,357,538,234,177,651,304,857,987,428,1426,600,629
"AAK1",468,332,352,418,358,648,204,159,282,1986,678,1051,284,440,551,853
"MCMBP",356,1280,694,1469,1019,705,96,59,321,129,444,903,459,1029,524,451
"SMPD1",694,357,246,233,291,687,400,453,785,218,234,1852,585,849,554,386
"NOL8",343,828,602,1214,791,623,142,56,503,266,442,748,375,828,620,530
"TIA1",214,636,450,857,680,370,156,112,554,220,628,959,448,1278,793,492
"PROSER1",1024,863,564,1104,777,430,204,101,432,130,437,705,415,648,497,414
"EEFSEC",597,636,462,467,641,763,384,391,649,100,237,1277,418,747,388,254
"DNAJC4",2023,390,315,402,380,857,310,355,544,123,231,2538,397,816,329,241
"SLC39A9",417,708,488,655,630,726,141,89,452,220,577,1056,405,904,597,516
"ST3GAL1",834,1057,717,819,692,969,95,148,256,291,677,632,261,528,526,315
"TIMP3",1185,1469,1342,1045,1453,1647,81,74,367,124,242,1511,401,149,298,279
"FAM160A2",620,364,383,795,474,700,129,94,445,334,684,1147,462,751,572,572
"CRY2",274,261,255,447,340,519,214,203,713,728,984,655,420,715,692,859
"GNL3L",318,649,448,766,633,379,260,160,446,393,652,707,283,720,534,585
"SLC25A42",56,146,207,475,355,471,254,227,1411,384,1410,552,760,1456,1018,822
"MAGED2",471,967,925,782,1017,1324,154,67,290,219,273,1279,403,675,337,340
"KIAA1191",121,499,401,910,489,540,89,57,642,990,1442,456,395,874,758,935
"METAP1",201,1021,690,1128,876,495,174,81,471,134,586,797,456,971,590,427
"NSD1",971,816,526,968,672,687,149,103,417,184,436,563,412,900,380,439
"VPS33A",655,493,397,738,465,541,246,180,568,309,401,1058,340,473,570,496
"YDJC",1392,932,670,1230,820,1120,246,130,338,160,172,1300,333,313,326,237
"FASTKD2",551,698,531,763,654,441,242,124,593,186,340,1031,369,616,589,486
"POLR3K",309,453,279,570,371,443,437,239,899,176,291,1486,549,699,724,471
"TPRN",1331,362,284,391,345,540,492,409,990,183,216,1122,422,586,435,352
"MIA3",161,564,501,885,605,516,150,107,508,336,697,760,457,983,623,635
"RAD50",177,722,534,749,665,397,242,107,678,289,547,497,379,1183,641,603
"ITCH",225,508,350,577,480,349,210,122,652,466,679,833,431,942,802,601
"STK11IP",1491,478,368,498,410,701,336,178,649,238,284,1259,332,539,409,361
"RUNX1",1636,847,488,834,711,1369,236,199,218,68,176,4389,301,907,225,142
"USB1",537,857,549,866,613,824,176,115,440,223,432,619,389,578,475,507
"PRELID1",72,1166,809,866,1000,970,218,72,443,200,315,1109,669,585,469,528
"MUL1",315,562,468,483,500,707,205,176,510,376,510,787,492,620,505,544
"CCDC97",339,659,475,523,641,812,169,184,368,437,510,904,358,686,440,450
"ZBTB8OS",1554,234,203,534,265,385,342,261,815,311,345,1066,433,630,694,516
"TSC1",806,421,308,690,390,647,126,105,386,939,856,661,294,631,491,696
"MESDC2",408,712,461,813,596,732,221,130,504,127,333,1551,411,693,555,430
"RMDN1",1647,554,501,680,615,553,207,197,516,103,256,1071,335,824,611,282
"GART",154,1146,829,882,936,426,205,75,458,117,635,582,492,1024,675,522
"TEX264",1906,560,428,622,514,971,315,260,434,89,163,2239,341,508,388,256
"TDP2",159,637,458,656,607,410,179,89,452,833,584,831,359,655,836,684
"DVL1",853,592,487,697,559,775,236,138,566,117,251,1036,484,1071,377,364
"EYA3",999,433,361,730,487,527,226,112,471,253,449,1159,393,698,550,444
"ZNHIT2",819,287,245,461,280,449,458,339,743,606,303,781,446,433,635,459
"SEPT11",1290,1429,693,1110,1116,644,130,77,306,126,397,702,307,576,438,312
"RCOR3",220,430,342,682,492,368,190,167,639,373,757,926,385,982,711,535
"SMUG1",1238,304,272,393,296,384,353,385,922,254,300,1192,459,573,585,380
"ZNF317",1272,663,433,634,562,489,215,147,510,201,447,1175,322,598,405,350
"EML3",3162,880,696,1032,705,1479,203,134,410,110,152,1665,267,379,240,156
"NPRL2",1192,353,269,485,293,517,306,259,854,149,402,1055,436,782,522,470
"FBXO30",21,348,326,687,313,441,102,56,205,5521,4319,224,366,767,1733,2140
"MGAT2",345,939,563,931,734,520,118,85,346,245,645,663,362,993,646,503
"SQLE",100,2528,1453,2301,1810,1451,84,24,199,247,654,671,265,268,615,432
"SNX9",99,750,537,1001,808,491,80,58,543,379,1266,289,485,1345,735,878
"ERCC2",1738,334,292,242,332,534,338,276,892,301,360,1169,397,524,479,379
"UFM1",325,745,536,1003,630,473,239,164,487,190,405,800,362,711,579,417
"GYS1",1758,520,510,423,726,744,183,226,504,104,334,1805,296,525,461,267
"OSBPL9",182,1415,923,1582,1249,723,77,66,239,310,737,477,357,767,406,473
"RIPK1",827,743,396,747,482,516,190,126,523,196,514,713,380,741,521,470
"PRR14L",599,451,361,749,436,564,141,89,674,239,782,697,437,946,668,505
"ADPGK",499,881,494,1252,675,1199,129,63,333,176,437,1640,323,577,445,404
"MPC1",238,426,303,923,455,351,167,139,706,240,729,859,466,904,879,668
"TMEM127",1044,583,405,505,517,825,165,137,323,348,502,1525,247,614,467,372
"GLT8D1",1044,856,634,709,652,789,128,86,497,170,326,1023,383,550,501,381
"SLC25A46",183,814,579,1027,806,247,112,80,455,348,919,549,460,822,730,720
"FGFR1OP",127,464,326,704,392,253,218,121,808,293,1031,661,595,944,1066,757
"BLM",556,543,343,836,482,515,171,119,606,152,582,534,518,1302,570,552
"DDX50",241,619,469,596,674,532,169,122,651,196,516,880,482,884,623,560
"ETNK1",174,629,477,501,581,286,156,87,493,585,783,602,448,1092,990,657
"MRPS26",1870,863,602,1147,631,1031,355,98,431,70,106,1471,443,540,357,212
"IFNAR1",961,709,489,628,645,649,217,163,479,206,338,1444,227,615,460,273
"ERBB2IP",120,791,518,944,725,357,118,65,454,370,1010,591,443,1240,719,646
"ANKFY1",455,529,320,850,504,448,193,91,586,200,736,613,491,1110,622,561
"ZFYVE19",2145,310,263,414,332,481,347,270,753,165,252,1565,430,734,472,331
"LDLRAP1",1099,742,427,561,514,478,287,206,610,112,281,752,437,840,486,349
"PVRL1",822,767,699,1188,835,415,177,169,559,53,495,776,251,1197,381,317
"IKBKB",1496,500,381,805,556,844,158,147,490,156,333,999,378,717,383,383
"LTV1",349,1187,691,2052,897,538,148,40,456,164,363,622,478,570,604,473
"IQGAP3",960,253,213,556,358,445,166,186,819,204,1117,295,491,1802,502,726
"SFXN3",1117,1345,949,552,1671,765,107,60,342,426,488,599,274,277,377,284
"PRKAA1",370,600,391,787,585,261,143,104,512,345,689,784,474,821,746,591
"ZBTB44",123,472,372,626,527,307,218,95,590,678,921,871,418,709,848,666
"STAT1",125,908,482,611,703,504,151,85,454,273,725,1227,406,1031,583,580
"STAT2",2171,311,280,331,334,747,277,358,593,135,357,2551,269,608,412,323
"TBC1D1",467,443,386,524,500,1052,215,201,716,110,276,2173,460,357,672,492
"C2CD2L",770,346,227,535,316,435,180,203,589,366,935,681,431,769,608,576
"STIL",53,421,361,880,493,255,174,131,750,306,1519,521,481,1535,905,848
"LARP4",114,473,348,718,486,337,255,125,730,375,604,748,472,1031,909,623
"LSG1",2101,636,354,959,490,540,260,108,438,213,367,992,308,381,434,412
"GOLPH3",181,1094,629,1029,800,350,99,80,376,290,869,481,442,844,834,554
"DNAJC21",64,796,488,1039,692,538,141,78,383,771,715,545,371,1073,700,604
"INTS7",546,457,301,688,409,280,263,202,689,132,608,886,448,1010,598,587
"AK3",376,798,539,723,699,489,106,77,417,211,613,649,498,1103,707,515
"ANLN",109,356,294,878,479,217,123,87,711,306,1602,400,672,1833,1176,944
"RCOR1",55,567,357,546,567,531,169,124,490,388,1032,739,446,1839,735,616
"RRBP1",3440,1248,672,1062,955,1792,174,122,308,75,124,1639,333,353,179,165
"MRPL19",507,1003,664,1524,916,353,172,52,459,148,367,852,381,587,649,469
"SURF2",2303,221,243,480,284,284,694,465,939,186,176,1330,463,482,532,306
"BCL11A",43,98,237,437,340,302,263,371,1019,369,1162,891,644,1952,1076,815
"CTBP2",849,945,600,944,823,480,153,128,347,227,474,694,287,713,365,330
"POLG",820,767,498,809,720,792,121,98,381,159,575,542,438,852,399,456
"MTPAP",635,612,395,1079,563,251,187,139,496,313,491,469,393,746,652,557
"WDR24",714,270,274,473,376,483,431,381,822,239,349,804,549,586,475,380
"UNKL",632,331,297,696,318,615,170,97,530,595,698,512,416,1076,541,602
"UBLCP1",63,925,526,932,756,331,193,85,573,288,665,686,443,961,837,614
"TFCP2",174,567,470,726,602,511,226,110,550,265,546,936,473,826,615,483
"UCK1",577,402,287,452,397,645,243,252,596,293,369,1077,479,556,567,474
"KLHL7",49,369,257,528,388,214,238,131,557,374,1209,742,768,1572,1289,1002
"DIS3",219,813,479,909,618,304,227,149,597,184,436,975,416,732,662,475
"RANBP9",297,807,500,1050,735,414,79,55,323,577,1474,253,381,832,697,734
"AMZ2",791,474,491,672,588,521,172,158,521,209,462,563,388,643,658,458
"DOK3",3753,645,532,680,727,2589,206,105,360,84,209,2431,165,747,272,91
"UBR1",167,570,464,751,582,291,148,77,607,383,958,413,524,990,825,796
"MIS18A",358,531,406,853,563,254,256,190,698,147,526,724,472,857,687,431
"TECPR1",818,295,242,409,275,526,274,229,655,438,628,746,443,709,433,562
"PARP2",288,380,290,643,403,502,192,137,751,174,544,712,539,1310,795,688
"SLC18B1",157,354,236,554,594,203,190,138,399,684,1575,664,322,700,1254,1086
"CSTF2T",95,596,427,868,622,459,161,115,574,183,752,564,544,1350,792,669
"UHRF2",375,437,293,728,448,395,133,92,499,361,731,827,465,1162,698,669
"SLC4A5",63,375,225,367,324,470,550,533,1008,172,526,1052,393,2008,526,528
"YEATS4",1,640,366,850,685,359,135,104,945,338,1246,384,833,1865,992,843
"RAB3IP",123,161,189,416,213,186,220,300,943,1054,1154,441,605,1305,882,1303
"PJA2",152,987,646,697,813,337,86,94,444,316,816,562,423,942,851,559
"EIF4ENIF1",551,509,332,672,483,456,245,161,611,176,392,784,512,871,577,439
"INTS8",747,458,419,675,470,504,153,81,556,232,560,770,462,725,653,566
"TAF8",214,550,422,708,567,472,207,170,605,370,489,697,356,877,517,491
"PTAR1",189,492,333,375,404,250,215,207,717,267,909,760,478,1244,820,583
"CDKN2AIPNL",1373,572,388,631,448,319,362,303,566,135,288,1092,386,400,496,347
"CWC27",245,427,351,650,468,333,248,155,713,238,474,852,519,1111,700,501
"CHKA",1720,852,561,810,668,1130,163,71,365,114,258,1383,296,766,340,256
"GBAS",394,1085,851,1028,1177,443,140,84,437,119,296,591,366,1218,521,360
"MEN1",1499,833,609,925,783,859,167,84,368,124,290,813,367,547,387,314
"SLC30A1",12,219,290,600,190,371,249,180,304,2020,1549,603,466,1120,1414,1476
"BCAS2",64,634,475,1010,590,361,186,132,616,330,659,444,520,956,729,758
"SIDT2",223,674,729,555,861,532,126,79,415,891,627,341,413,774,410,609
"FAM160B1",603,260,206,271,266,263,149,191,460,1085,1130,888,381,835,846,801
"NR3C1",24,510,356,447,429,432,155,157,504,1062,1428,637,391,1134,859,784
"MLX",476,736,493,881,680,658,120,99,418,165,830,723,335,801,487,411
"SP2",129,497,319,693,488,426,134,143,558,553,1482,347,361,1064,621,820
"ZDHHC4",322,522,411,256,551,741,274,190,687,151,327,1278,470,929,611,426
"FASTKD1",1201,585,437,758,574,420,195,131,497,159,352,887,361,573,640,390
"CBX7",78,122,231,365,279,770,139,141,994,1070,2097,328,530,1478,793,1020
"MXD1",508,749,387,647,510,1345,125,77,271,480,503,1530,291,601,381,417
"BSPRY",525,1211,1710,389,1157,977,86,151,413,145,379,532,212,731,403,354
"C22orf39",623,256,243,405,318,445,298,283,777,294,397,1076,497,754,671,416
"ZFAND2A",458,199,118,352,236,371,725,361,998,327,471,1345,565,310,923,624
"CPPED1",439,965,700,799,934,578,152,108,334,196,396,1245,306,703,357,334
"SPI1",1993,537,435,291,584,5820,229,247,72,77,210,7908,292,541,291,112
"PTK2",223,632,579,981,809,279,175,116,538,259,792,290,394,949,623,615
"QKI",87,746,467,509,807,421,97,88,370,354,1038,636,500,1436,891,628
"TAPT1",217,540,325,535,478,293,201,141,646,325,712,862,441,948,679,601
"TMEM167B",404,543,402,581,446,589,114,91,450,588,657,829,338,779,586,557
"TRIP6",1474,1611,1330,1315,1463,1382,233,74,300,100,103,431,364,367,256,197
"AARS2",1754,439,301,722,512,465,268,162,569,142,323,737,426,648,418,443
"ZXDC",587,439,269,705,405,518,146,117,606,237,605,987,414,803,611,566
"USP8",204,583,372,751,518,238,219,159,564,389,703,811,359,814,632,519
"LRRC42",105,527,348,354,514,431,259,154,816,257,602,774,606,732,813,762
"CACTIN",620,430,331,759,442,562,321,133,569,307,448,641,442,558,423,460
"ACO2",41,1110,795,575,950,763,84,53,299,412,1314,314,588,1090,552,939
"SMG6",699,438,264,522,393,504,335,231,649,197,435,641,391,986,411,466
"LRFN4",1435,1666,1062,1298,1018,990,216,71,296,52,139,841,350,791,273,175
"ALDH9A1",296,404,395,825,486,413,107,161,514,232,666,696,366,1256,689,693
"METTL21A",248,371,293,670,421,456,229,239,744,231,451,911,483,849,732,413
"ANKRD17",206,852,634,1127,826,355,158,77,342,311,791,549,342,810,540,489
"ZNF746",227,525,472,824,502,1083,86,46,144,2386,1678,229,301,478,596,1085
"FAM219B",955,519,341,468,452,931,153,139,538,153,264,1788,400,1011,387,359
"DAPK1",428,1855,1157,1398,1781,643,64,30,111,1737,580,532,218,205,241,569
"C7orf49",100,495,364,515,438,668,188,115,507,994,833,508,407,595,681,709
"KIDINS220",29,753,466,1021,672,346,91,54,332,1049,1557,270,558,1193,916,912
"RNF8",797,377,308,422,432,358,275,223,682,241,374,924,387,610,599,541
"MORC2",417,422,371,621,481,627,200,78,427,613,552,580,438,844,460,564
"UBN2",263,378,398,658,502,536,161,76,460,1003,947,408,318,728,639,652
"CENPBD1P1",328,825,602,478,583,551,151,133,568,313,426,411,418,746,600,517
"AP1S1",453,1178,733,904,957,935,216,102,430,122,216,628,350,875,391,232
"TM7SF2",2961,581,570,576,416,924,161,162,375,526,238,862,226,362,265,285
"DEF8",840,526,401,731,541,723,225,90,555,141,292,892,481,699,460,449
"ZDHHC2",77,717,566,602,661,409,129,59,469,567,1009,408,375,982,1235,649
"TNKS1BP1",369,906,689,1180,795,779,417,91,343,81,351,335,586,1245,263,319
"KIAA0141",978,907,677,741,820,1018,162,71,323,167,258,1083,270,760,360,283
"CCNT1",368,612,444,612,590,576,100,59,486,309,719,607,447,1085,630,566
"CD163",1460,393,647,172,1712,6474,451,99,58,49,234,1831,225,1047,486,209
"CEBPZ",520,829,506,945,731,535,135,57,473,179,418,591,479,773,611,463
"RRP9",1325,794,613,965,709,698,516,100,501,71,100,1412,429,375,359,259
"TNRC18",2062,1006,517,1064,788,1168,192,97,227,72,269,2026,216,796,214,183
"PDIA6",63,2199,1089,816,1423,1578,63,39,274,146,495,1030,465,783,438,442
"FAM78A",1365,516,438,571,540,1385,162,144,238,184,343,1942,267,660,331,256
"WAC-AS1",1359,626,495,726,530,569,164,139,407,242,264,1471,314,553,303,326
"GINS1",54,690,435,778,675,367,230,134,673,145,588,674,518,1090,785,722
"SNAPIN",354,553,496,668,679,647,182,129,500,176,349,955,368,804,513,472
"TSNAX",33,388,301,449,401,208,401,315,878,407,483,1903,509,858,850,493
"TEX10",888,658,491,654,600,581,223,113,368,222,295,1018,321,562,511,374
"IL10RB",526,779,540,495,651,1505,154,115,293,176,306,1946,244,648,430,335
"POR",788,686,421,509,746,1792,288,118,304,171,191,2064,332,447,307,263
"LEPROTL1",835,849,571,911,857,819,181,92,374,113,261,1168,296,609,450,284
"PAPD4",92,582,418,506,629,332,153,64,509,383,935,797,495,1659,790,564
"SLC30A5",404,1269,644,1051,965,461,167,78,412,168,311,549,366,684,584,370
"PI4KA",429,622,324,603,516,701,152,98,716,234,581,661,462,725,406,553
"TMEM131",167,766,468,703,700,417,182,128,472,208,531,880,386,925,604,469
"PDS5B",195,570,353,426,512,241,222,165,712,199,688,738,495,983,892,569
"ZNF346",722,224,240,434,277,409,254,181,479,1226,511,798,296,691,591,543
"RAD51C",299,437,319,544,536,407,220,185,735,142,399,765,458,916,726,683
"RBM26",285,457,324,492,418,184,167,253,594,347,407,1199,394,932,1053,511
"ATG7",423,338,251,280,317,635,420,394,754,167,344,2126,401,592,531,343
"ZSWIM1",964,285,242,367,298,361,404,496,804,253,374,1123,289,529,490,401
"LIMK2",654,324,259,620,372,692,196,169,453,254,587,818,375,699,538,591
"RPUSD4",1093,725,607,750,720,513,267,78,486,121,243,998,395,628,411,297
"DIS3L2",841,502,336,670,420,393,294,228,592,168,343,689,439,637,432,438
"HPS6",379,686,482,610,645,702,162,116,553,143,316,751,529,678,574,499
"BTAF1",520,611,461,747,575,495,74,52,446,313,966,400,389,1295,608,572
"CTSC",1997,1320,690,853,1281,3112,95,60,98,81,211,2861,227,531,232,181
"TTC7A",756,340,238,458,359,977,229,265,548,114,394,1734,412,714,459,364
"MED13L",153,506,380,606,562,263,154,80,385,1008,1258,493,396,681,763,730
"CEP152",83,501,371,872,547,323,129,117,605,259,981,300,583,1589,948,748
"EXOC1",230,446,373,605,536,440,181,115,578,293,609,837,388,1174,580,482
"MRPS30",182,577,474,761,660,353,165,103,604,162,362,936,547,1139,643,597
"ADCK1",792,358,265,461,345,429,363,242,585,266,300,677,345,719,515,703
"FBXL20",229,345,254,431,340,487,102,162,470,830,1039,757,362,1208,650,584
"RPS6KL1",1090,479,519,788,423,409,392,399,725,71,231,344,524,947,412,224
"THAP3",736,153,151,310,208,445,516,352,658,388,351,1365,473,782,604,504
"EXOSC3",172,611,449,1140,589,447,201,67,527,230,552,713,489,709,627,573
"KDM4A",356,494,341,525,463,581,130,101,473,341,953,887,331,918,454,570
"MCAT",955,489,386,507,403,403,536,345,626,135,194,1219,315,419,490,327
"TXNL4B",789,426,314,504,413,447,321,179,709,269,351,973,364,396,479,477
"ANKHD1",725,244,185,470,263,279,335,221,760,350,414,975,408,845,695,564
"TAF12",447,412,404,848,453,482,170,103,556,208,482,784,488,819,568,490
"ANAPC4",2972,385,327,642,450,448,182,133,602,140,229,1114,364,770,440,357
"ARHGEF39",438,269,257,614,294,257,150,254,799,192,974,471,470,1537,646,654
"DDX55",1602,511,355,790,454,440,262,148,534,121,293,880,393,580,419,396
"IAH1",409,633,460,682,561,547,173,127,397,137,345,721,550,1027,607,441
"ABHD10",766,375,313,375,405,513,293,236,664,109,318,1261,385,1038,567,352
"PIN4",2065,272,219,644,324,453,286,251,953,206,196,1069,416,538,569,252
"RIF1",129,870,525,973,679,233,189,79,540,191,583,499,520,1457,670,490
"STX6",202,308,258,367,321,410,257,208,587,439,722,1062,380,838,705,623
"SLC39A4",2458,575,360,972,521,766,358,180,518,119,114,1228,350,399,336,191
"HS1BP3",551,382,342,296,427,744,177,200,442,392,552,972,286,663,467,581
"PAPD7",1080,543,285,979,402,357,138,120,566,156,632,595,378,826,483,543
"DHX29",189,588,351,673,514,406,210,87,566,335,567,630,446,772,729,621
"NPM3",670,704,555,857,768,877,310,143,434,108,106,1321,402,683,392,199
"CNN2",4334,941,577,566,665,2616,175,194,216,40,123,3685,180,489,266,96
"S100PBP",639,361,299,607,421,470,148,147,635,157,518,1020,415,1027,592,445
"MBTPS1",226,1095,714,1048,790,739,116,54,275,339,369,697,473,540,475,477
"ZNF655",429,711,404,901,624,861,92,76,275,764,582,798,256,500,429,440
"IGFLR1",899,241,157,198,216,796,386,509,923,208,247,3793,271,574,485,330
"NELFA",389,644,561,907,719,584,141,89,353,232,540,501,385,858,443,460
"PDIK1L",45,480,249,494,364,249,269,224,749,321,858,745,428,2079,679,637
"RBM15",385,324,236,394,355,300,293,260,904,224,478,763,462,912,713,504
"GOLIM4",319,1080,637,926,933,211,275,74,484,114,380,413,653,1098,524,342
"OSTF1",131,658,434,635,606,766,128,72,369,368,329,1602,418,801,708,540
"MGMT",1721,275,315,339,513,601,398,441,793,59,86,2425,485,697,531,169
"RELT",543,382,233,472,295,800,167,106,555,189,646,1546,508,630,518,605
"COQ2",263,424,309,602,476,321,201,194,480,348,452,778,440,900,739,483
"PRPS2",173,1366,1028,1296,1004,514,94,44,372,107,606,337,395,1243,550,528
"CARKD",537,581,391,863,491,631,128,90,461,213,542,611,349,830,513,533
"RUSC1",1054,497,359,687,475,544,238,174,658,151,346,682,409,397,478,391
"ABI1",145,710,454,706,710,474,114,71,360,396,736,922,358,953,571,538
"ATPAF2",412,294,312,370,417,496,326,252,729,167,319,851,521,898,612,447
"ELK4",127,989,583,847,681,380,140,85,495,240,562,675,360,826,680,511
"CFAP36",1264,463,405,618,505,436,142,99,570,233,394,533,383,484,648,618
"PAXBP1",529,639,440,944,524,382,119,68,536,157,429,759,462,942,684,481
"RRP1B",1544,896,586,1181,501,425,228,103,417,109,200,1047,282,474,389,362
"RPP25L",378,405,342,399,434,623,313,327,720,176,208,1233,418,869,516,266
"VWA9",336,749,537,1038,709,627,147,63,425,174,457,744,327,865,513,413
"DHRS3",152,56,189,44,118,162,830,906,1343,189,567,2204,866,3006,1019,743
"OSM",64,234,284,679,297,768,109,82,632,361,924,782,969,1618,696,738
"SCAF8",183,682,453,875,591,206,160,99,501,411,700,795,359,662,596,574
"CNIH1",134,1290,947,729,1315,431,145,105,379,150,278,715,382,853,677,317
"RNF138",52,689,487,816,737,153,160,87,647,237,681,586,598,1390,894,704
"NT5C2",464,838,472,848,997,1025,75,54,113,525,602,1270,266,722,286,454
"TOP3A",948,326,241,501,376,395,300,248,629,148,436,694,396,992,427,461
"CAMTA1",449,322,275,690,351,495,227,175,599,193,380,1096,455,681,658,485
"PROSC",274,871,613,766,716,517,162,87,328,218,571,634,353,638,501,491
"ZNF83",1036,336,275,639,439,483,141,150,549,200,506,899,294,899,681,355
"MRGBP",975,566,364,620,492,492,271,159,563,142,296,753,429,499,504,346
"ZNF706",191,954,578,1570,902,908,109,39,276,240,419,636,342,920,477,471
"GLUD1",1279,1188,739,1022,994,776,160,77,257,100,227,1155,283,502,331,211
"UCKL1",867,476,322,628,411,612,259,155,471,188,292,1069,395,685,373,367
"JUP",696,1552,685,540,1369,1066,221,86,387,72,201,2834,212,611,276,106
"MED12",439,592,461,842,601,690,141,83,330,290,795,616,354,753,305,439
"ARHGAP17",644,679,502,748,725,709,117,99,310,297,395,875,279,592,385,415
"PRPF4",543,681,562,704,596,544,185,119,373,196,413,872,331,610,449,337
"BRE",765,712,546,505,601,853,200,152,376,136,263,1173,347,601,329,321
"EAPP",1,574,409,631,514,463,169,100,614,1021,873,866,491,638,844,785
"CNNM3",906,422,335,386,377,445,194,176,508,406,535,710,323,697,415,417
"SGOL2",6,335,323,681,424,228,162,93,799,549,1612,381,657,1315,1452,1154
"RNF20",639,458,420,452,443,443,207,166,536,184,565,942,325,816,475,340
"CPTP",638,321,223,359,348,590,271,245,591,328,391,1107,353,610,478,442
"ZFAND3",64,633,412,650,571,747,129,90,389,552,1160,589,321,1098,438,574
"DSCR3",206,638,457,383,610,898,142,116,453,228,570,924,380,748,492,502
"USP10",156,838,557,1115,724,357,151,94,379,228,599,762,397,699,534,436
"FAM83D",10,490,355,658,458,269,93,74,581,430,2142,429,554,1780,1082,1376
"CRIPT",246,262,216,417,274,305,259,167,630,1117,624,828,389,427,900,705
"OIP5-AS1",315,504,393,549,472,353,170,122,494,241,552,630,495,1024,656,491
"COQ5",775,385,433,448,478,521,175,124,489,224,296,977,444,873,543,381
"AKIRIN1",61,1036,687,862,841,508,79,40,304,481,948,456,479,641,795,742
"DCAF13",826,852,592,1081,665,539,153,52,281,462,331,774,309,365,411,357
"FBXL6",1146,420,259,792,335,589,228,135,551,154,442,768,394,756,405,369
"NR2F6",1266,788,437,793,440,550,245,148,544,88,141,1286,467,472,375,319
"TUBB",2442,754,2,401,1231,184,860,799,15,377,425,1009,475,684,781,549
"KIAA0319L",1188,410,304,409,438,776,154,162,442,294,404,1385,288,540,396,329
"ZNF777",439,692,501,848,582,585,229,127,293,519,376,393,422,433,300,461
"GPR107",664,548,378,528,547,762,168,104,409,224,448,984,324,745,378,380
"PSKH1",220,524,360,379,499,620,157,109,577,338,610,617,448,855,602,522
"JMJD4",817,188,188,261,280,457,486,562,1000,166,230,1349,419,791,409,394
"GGH",10,724,448,758,679,446,210,128,615,202,471,1041,595,945,781,605
"MRPL23",1820,131,123,330,179,327,926,1247,1146,154,116,1929,359,390,609,284
"SEL1L",316,750,416,497,548,546,109,73,344,324,647,802,274,1885,447,438
"DYNC1I2",175,623,465,633,598,374,160,114,485,263,771,395,402,730,700,649
"IKBKAP",120,718,523,661,798,360,217,134,588,142,413,821,433,823,582,451
"ELL",289,383,310,444,382,469,195,134,554,510,663,795,374,609,536,553
"MIER1",334,733,528,800,693,333,105,69,324,328,826,472,311,805,607,588
"TBCC",209,447,336,642,477,591,103,72,504,470,707,609,475,940,583,585
"REPS2",87,377,354,563,503,189,284,225,751,195,500,550,568,1229,857,662
"POFUT1",338,823,568,692,713,598,210,111,530,85,358,847,396,757,432,329
"ABL1",617,1025,656,1203,900,660,106,42,280,145,526,470,364,963,328,372
"VPS13D",528,347,235,606,348,502,209,158,585,158,519,684,377,2125,441,389
"EPB41L4A",390,972,844,994,984,304,77,54,333,802,592,151,359,575,394,698
"TRAPPC6A",883,346,337,307,466,1125,358,400,517,103,96,3143,373,637,335,193
"BRPF1",441,626,355,792,508,529,117,59,430,261,688,622,416,750,517,565
"ASCC3",271,941,814,809,914,231,117,89,387,262,496,415,395,721,577,488
"MUM1",1051,348,386,423,395,744,236,151,731,162,313,469,588,414,551,449
"DDHD2",255,563,429,916,773,370,113,84,451,180,849,361,452,1150,565,548
"UNC119B",195,496,303,372,483,485,198,110,306,279,912,588,644,855,624,739
"LYAR",304,1117,704,1915,1078,559,288,65,359,100,254,565,354,413,513,284
"CFAP20",175,457,394,771,529,542,82,98,385,451,659,456,605,860,752,539
"IRAK4",1000,417,255,550,380,512,160,182,586,180,366,1075,304,650,544,450
"C17orf59",966,295,224,252,301,741,310,349,739,325,269,1307,306,401,451,364
"ADCK5",1214,186,143,356,207,435,448,482,953,142,275,811,498,941,541,369
"DNAJC17",1078,230,235,312,269,489,387,387,891,149,188,1244,421,538,640,395
"CCNC",211,740,457,910,713,319,161,87,545,217,389,839,345,735,591,518
"ZNF326",311,432,284,638,355,210,337,129,511,495,617,591,423,550,621,620
"SENP3",95,327,237,343,298,353,398,470,929,247,291,1132,539,781,774,502
"WDR91",390,196,207,389,253,466,195,172,758,357,989,617,396,878,704,666
"LINC01000",479,303,321,760,486,609,131,124,413,518,731,649,295,680,376,491
"ORMDL1",645,528,430,951,548,782,99,46,318,202,414,1250,399,833,532,351
"NLK",1257,520,466,432,424,419,176,134,424,237,353,888,323,691,446,360
"FASTKD5",356,670,480,919,544,540,102,54,381,391,655,466,381,527,620,589
"CYP1B1",167,1264,295,1125,567,538,86,58,163,339,765,697,248,670,1204,825
"OPA3",1060,598,461,483,513,515,290,186,528,157,267,987,313,387,398,285
"ACP5",421,143,182,94,167,1680,485,390,235,627,748,1016,429,601,697,507
"JMJD1C",173,424,281,733,364,393,114,55,223,2075,1678,316,285,649,793,1051
"PTPN1",317,1163,688,641,784,1035,98,54,283,222,571,522,342,643,420,438
"TM2D3",237,398,310,590,357,480,140,80,495,460,640,698,407,830,821,625
"DDX26B",646,839,562,1081,652,447,68,47,375,197,727,390,343,904,519,489
"NAT14",1782,566,511,516,435,567,337,358,533,86,104,1329,360,388,312,236
"DHX40",263,615,484,644,669,435,104,104,311,731,760,422,299,792,442,461
"AMPD3",246,162,133,487,219,376,170,182,760,488,1373,1057,321,565,959,930
"ICE2",105,622,430,716,666,329,193,108,580,190,726,631,411,828,632,542
"NFYB",417,433,306,503,413,379,161,138,566,190,570,643,380,1216,648,509
"COMMD5",242,411,275,474,416,640,264,240,666,211,299,1347,409,542,514,413
"GSK3B",563,590,378,421,487,398,141,132,451,275,650,595,374,678,486,510
"ZKSCAN1",650,441,347,566,409,673,178,153,452,328,382,1038,270,804,376,284
"CES2",1028,509,425,471,526,802,221,167,448,223,287,983,224,521,334,314
"PAAF1",689,391,388,315,458,538,207,139,585,177,362,745,290,1043,664,436
"JRK",684,380,233,501,293,431,241,213,654,245,536,687,331,679,529,423
"RFX1",557,313,250,673,328,433,206,114,539,474,689,585,407,652,448,477
"EED",211,619,405,753,543,361,227,79,496,182,505,730,402,869,698,471
"TAOK3",187,747,509,867,715,450,136,80,257,662,764,791,221,477,452,486
"ZDHHC17",0,292,246,861,383,204,140,79,365,1577,2322,437,470,1042,1586,1543
"DCUN1D4",649,479,303,467,443,239,215,199,651,139,496,798,322,1032,619,377
"NUMB",534,616,426,642,555,513,104,78,404,251,644,816,302,654,522,466
"ARMC1",29,610,438,945,588,134,254,83,704,284,905,543,497,969,973,674
"RNASET2",4057,934,595,514,1232,2788,117,248,137,70,92,4513,146,433,140,82
"PTRHD1",748,438,312,675,442,451,264,193,556,183,285,1393,247,542,423,342
"TNPO1",439,931,522,687,708,436,125,59,261,478,426,675,297,618,499,456
"GTF2A1",88,582,366,492,603,272,151,84,416,375,1055,455,458,1321,790,696
"METTL16",841,486,440,478,393,263,233,642,458,105,262,876,264,675,753,255
"MKL1",1223,521,302,453,403,960,175,181,308,183,364,1635,282,503,290,347
"ZADH2",992,601,344,544,539,447,144,106,548,98,524,791,312,1023,425,397
"CNIH4",406,338,273,617,383,791,85,105,414,217,692,1180,356,995,593,523
"FAM178A",640,491,301,655,474,435,173,107,549,103,477,656,480,832,689,435
"PCID2",183,758,669,1063,847,643,71,39,281,318,634,431,391,983,546,548
"SLC35F6",877,507,355,529,408,675,130,158,399,563,440,723,197,403,478,398
"SEMA4B",818,657,549,628,559,625,88,72,459,324,992,228,341,663,319,457
"NEURL4",629,358,283,821,369,530,214,96,586,331,440,504,403,808,387,448
"NOB1",446,1430,1145,1345,1385,898,155,62,296,81,226,557,330,523,279,238
"MCCC1",888,637,586,770,760,551,110,77,344,179,463,582,323,920,366,284
"ACSL1",194,642,596,424,853,1634,85,64,261,195,835,1206,228,1005,444,348
"DEGS1",267,983,580,1053,665,698,86,48,333,147,528,678,377,727,548,531
"SNUPN",600,513,365,464,564,611,262,183,599,145,252,1291,368,325,429,394
"ZNF664",149,1127,762,1161,865,386,113,53,440,135,372,533,502,864,522,532
"TMEM97",1152,1261,836,818,734,931,195,70,282,81,179,744,317,478,303,316
"HDAC10",1419,633,458,692,519,1462,214,136,394,64,144,1456,333,856,212,202
"DNAJC1",339,540,341,549,516,650,206,151,528,143,367,1002,334,706,527,397
"TMEM120A",1207,345,332,306,420,982,261,250,380,219,282,1409,246,533,326,301
"RRNAD1",854,355,364,466,485,737,147,84,419,255,362,726,432,916,461,409
"TMEM242",166,339,304,626,349,397,224,120,481,711,567,715,364,715,641,522
"SLX4",1212,223,168,454,234,413,146,175,666,524,858,341,369,963,416,615
"MBP",310,577,360,497,469,825,79,71,475,509,940,726,262,718,379,547
"NIT1",563,260,322,421,424,675,138,125,520,273,538,676,406,815,582,492
"C12orf4",566,316,266,458,323,298,182,110,670,237,614,548,502,837,732,685
"SLC22A16",19,48,78,413,195,566,425,194,1040,367,1734,1083,929,1156,1248,968
"COQ10B",165,301,197,452,259,306,184,136,574,836,1047,483,405,888,778,758
"DIAPH3",133,428,263,382,358,182,179,140,676,315,1070,417,555,1226,935,773
"AHNAK",5378,3860,2117,1163,1931,2182,129,50,41,37,78,3346,183,211,119,60
"ARHGEF18",330,413,275,504,467,871,160,121,460,295,547,1279,366,626,347,405
"USP3",511,493,338,480,482,538,167,156,423,262,423,966,302,651,468,399
"INO80E",278,619,483,777,614,892,193,108,497,111,328,788,430,603,442,353
"TRUB2",739,654,494,659,670,444,262,101,503,174,183,869,402,418,487,299
"BLCAP",1177,423,289,398,368,609,188,208,387,280,338,1683,237,357,423,398
"LIME1",1716,159,131,563,198,419,598,348,828,214,285,1071,345,573,357,321
"MED27",483,318,171,390,281,336,377,235,749,230,352,1022,481,507,693,500
"WDR4",561,440,360,459,433,265,617,285,703,106,94,1492,592,355,577,375
"MPHOSPH10",450,740,545,1288,645,426,152,58,405,175,335,649,365,531,541,430
"CDS2",708,509,324,507,414,646,171,124,530,154,463,841,348,564,437,461
"CAMKK2",619,515,300,418,349,784,169,164,506,101,338,1420,374,968,426,355
"PGM2L1",219,91,138,244,266,137,205,291,623,1274,1317,563,426,1044,877,1136
"TMEM173",5117,1411,1043,1139,1418,3186,83,74,67,119,74,5222,140,350,83,63
"SMARCAL1",748,347,322,363,467,457,189,175,599,126,309,1424,451,691,480,386
"RAD18",663,458,285,528,407,314,218,175,554,131,480,641,432,697,571,484
"DOK1",813,436,307,262,404,1347,194,208,455,93,240,3762,257,601,386,265
"TYROBP",3521,78,132,62,216,4221,400,490,62,100,225,17387,372,811,517,156
"RALA",1195,682,418,602,738,815,145,98,337,131,248,785,314,528,419,364
"ZKSCAN8",396,561,370,735,513,482,116,64,329,895,792,492,203,592,528,468
"CERS5",1946,468,333,560,471,648,194,164,392,135,182,1508,284,453,369,337
"FAM136A",1761,1051,659,1228,713,766,233,104,342,59,121,1175,264,382,346,158
"CLASP1",399,461,361,693,462,512,117,70,424,423,803,464,386,663,458,544
"CYP20A1",441,348,294,593,353,296,228,361,547,212,379,815,308,730,515,424
"SPPL2A",197,588,438,475,394,322,180,112,457,247,606,502,430,1152,686,536
"PHF20L1",242,444,353,646,463,237,170,101,480,383,694,550,363,837,698,561
"ADNP2",61,745,519,653,638,434,134,120,474,344,570,519,391,755,566,608
"OSBP",228,966,586,692,745,612,92,71,308,306,743,563,274,648,400,474
"STAMBP",345,398,355,711,449,409,152,124,603,237,589,555,394,657,542,492
"ATG16L2",1614,259,241,170,285,1673,162,336,392,90,238,5625,337,763,252,244
"FAM229A",544,151,143,589,190,507,314,338,734,690,483,777,325,280,531,586
"HSD17B12",343,2262,1042,1398,1097,736,101,33,222,78,314,635,249,763,427,324
"POLA1",145,559,387,774,582,353,160,103,575,185,695,413,478,961,527,587
"MTERF4",269,470,320,639,426,419,198,134,552,244,441,872,354,655,513,508
"PEX5",356,399,297,337,398,476,228,123,628,330,547,833,303,734,539,447
"NFYA",331,323,315,479,380,367,143,114,448,395,935,490,347,982,614,595
"DDX28",426,588,389,720,568,492,210,114,582,150,259,658,455,493,551,418
"MAP3K4",443,428,315,616,421,394,249,156,588,121,393,789,380,930,491,403
"KMT2E",121,558,365,616,474,295,142,81,387,633,1030,325,382,918,803,585
"EPS15L1",472,632,509,600,609,976,120,75,293,199,374,1024,316,867,334,340
"SEC23B",25,804,552,483,730,616,129,87,450,215,672,778,498,780,744,610
"FUT1",739,413,188,407,213,222,613,708,1051,90,261,200,370,2916,433,280
"GORASP1",795,717,459,731,558,638,118,64,424,131,421,631,363,624,452,424
"ATP7A",110,268,240,362,356,183,148,131,537,871,1462,369,391,1198,960,877
"ZDHHC14",552,305,355,441,330,388,376,236,521,143,378,458,512,1039,553,309
"ALDOC",744,1117,1699,499,2103,965,143,370,782,88,410,685,101,174,96,99
"RAB5A",149,797,454,869,604,342,124,61,395,612,772,515,266,635,489,546
"SERINC2",519,171,177,411,291,1840,210,232,555,832,554,990,364,431,96,496
"TRIP13",176,644,414,885,564,317,118,87,491,176,716,375,458,973,676,602
"GINS3",298,587,378,708,495,272,183,118,621,155,501,472,444,777,639,492
"SLC26A6",1921,363,272,578,332,816,181,135,590,114,217,1332,353,536,375,323
"COTL1",452,223,175,88,259,3027,404,321,122,90,396,12095,311,1054,554,172
"TTC28-AS1",648,166,185,293,218,247,363,290,957,234,343,909,489,812,677,550
"UBA5",523,744,412,674,561,379,184,105,556,127,254,791,415,679,512,358
"PEX26",311,471,381,577,509,372,165,141,453,382,510,486,366,651,466,503
"AGAP3",3233,883,552,897,644,1306,213,93,308,83,90,966,362,334,244,165
"CTNS",901,432,272,478,429,1739,212,141,380,361,269,729,195,414,362,363
"MRPS28",130,545,434,904,525,281,267,90,651,167,292,962,472,560,718,530
"MECR",426,474,445,530,645,536,384,169,555,78,173,904,420,791,412,301
"SDE2",115,299,207,415,289,208,148,106,436,1320,1542,302,526,745,989,982
"RPS6KA3",277,1305,614,1034,975,297,85,64,257,163,706,503,321,844,465,407
"INTS6",215,462,289,534,457,235,156,104,513,379,752,565,382,921,739,547
"TMOD3",88,566,303,553,559,218,207,133,519,267,710,536,465,1349,741,427
"BZW1",305,1133,541,761,782,358,124,74,342,230,463,688,288,501,502,448
"SPC24",140,276,230,223,313,205,321,441,810,264,635,429,607,1205,589,676
"RABGGTA",1257,328,260,490,369,600,227,215,562,136,277,1309,342,477,368,331
"ZNF23",317,210,225,510,203,666,103,45,249,2139,1793,245,347,526,996,1266
"PITX1",183,48,89,760,233,66,651,380,1622,138,1338,4118,202,1050,500,776
"RELL1",149,100,80,142,149,171,543,619,1439,323,530,1475,619,1269,1014,644
"PIGU",1075,432,279,414,401,447,362,371,543,80,181,1568,301,482,467,269
"TGFBI",2589,181,170,72,315,964,510,146,111,152,479,1431,347,1238,1536,246
"CASP10",865,307,310,457,386,533,165,158,339,459,499,718,221,507,470,521
"RCE1",169,484,365,581,453,640,203,99,565,246,448,807,424,665,460,454
"NCKIPSD",649,366,348,382,578,522,326,330,712,98,295,720,316,568,370,293
"TRIP4",235,370,322,615,386,392,192,82,567,311,548,717,402,908,546,529
"TTC3",1906,713,427,639,635,723,182,91,397,72,157,1086,353,610,369,234
"PFKP",1160,2120,1774,1338,2675,1765,133,69,183,73,206,343,196,239,173,99
"ZNF276",1472,508,316,1000,419,538,198,95,479,134,291,546,305,691,316,414
"MTF2",216,540,332,612,480,210,171,87,505,208,559,1033,438,806,749,501
"PRAF2",1275,535,503,468,455,747,201,124,299,477,314,742,201,403,260,296
"C11orf24",1292,979,499,857,705,810,138,88,350,105,285,395,307,495,350,313
"METTL22",469,204,236,271,255,269,257,353,665,598,480,634,370,527,549,604
"WHSC1L1",224,414,324,497,436,433,155,101,468,400,681,692,352,826,489,520
"ACSL6",7,52,190,568,249,123,198,104,740,2743,5291,193,488,613,1935,2535
"MFSD10",1892,803,522,650,777,2706,176,206,126,67,89,8546,148,366,133,98
"BRF1",1135,544,381,650,389,636,290,198,463,83,162,1125,331,670,320,241
"YIPF1",1340,337,253,282,298,600,244,173,522,192,294,1328,334,497,489,366
"STRN",112,514,379,450,609,400,157,94,420,233,733,447,414,1621,621,545
"ETFDH",158,342,299,512,336,393,140,85,426,564,901,461,446,1033,639,694
"AVL9",361,685,481,622,532,391,118,92,421,231,456,769,301,668,510,462
"ORAI3",789,753,795,595,897,1373,129,97,404,102,165,1890,208,505,241,163
"POLR3E",293,870,530,927,787,569,167,41,282,328,297,599,387,630,416,369
"VIMP",664,576,349,567,485,819,159,74,429,155,308,1037,325,582,463,388
"P4HTM",519,477,427,535,541,756,167,103,413,192,303,562,417,835,382,361
"PDCD5",1278,797,751,1648,712,797,174,54,265,104,92,1016,284,867,183,257
"HAUS6",395,512,304,620,458,209,189,95,479,151,512,666,383,1321,625,491
"ZNF76",632,353,307,579,426,585,157,118,469,207,477,608,391,787,390,417
"PVT1",1605,870,1302,784,1308,680,245,78,344,100,109,426,253,479,230,185
"DPH3",62,350,295,618,376,403,162,96,560,567,814,538,390,681,804,792
"TRAF4",1596,642,402,637,410,427,201,142,419,140,188,919,375,348,405,338
"GPR146",260,106,238,190,142,536,249,97,294,4472,825,217,317,1228,532,1865
"SHMT1",468,825,575,895,631,426,177,129,654,111,285,524,281,563,230,481
"CEP295",1205,341,249,715,356,400,134,77,493,142,602,543,358,921,497,582
"CYB561D2",749,404,281,506,354,606,237,149,579,197,272,1402,279,380,495,331
"EPB41L4A-AS1",1178,410,350,607,428,602,213,99,363,406,250,958,230,582,311,290
"PON2",509,1115,1368,1727,1437,719,54,22,365,71,279,471,247,661,439,378
"SOS1",472,461,288,583,419,583,106,97,403,187,576,569,340,1565,518,372
"VEGFB",1192,718,509,402,621,1441,339,190,301,80,76,2694,213,464,270,140
"SETD5",432,744,414,920,553,626,116,62,291,226,542,675,313,739,335,391
"ZNF512",1765,443,372,478,504,484,171,143,404,124,191,1498,295,585,374,293
"C19orf52",284,264,242,395,341,333,262,150,602,332,534,1006,415,615,599,463
"OIP5",21,293,237,533,357,202,181,102,923,373,937,628,616,1086,1221,874
"PTPN11",166,1086,621,1119,887,291,74,58,307,182,749,373,406,775,590,469
"NIP7",492,872,531,1098,601,326,150,67,432,127,473,394,318,733,488,355
"MKS1",639,363,359,474,363,485,264,168,713,102,263,756,352,878,512,307
"TM9SF1",812,635,383,455,470,547,180,112,447,160,356,827,282,533,441,335
"ALAS1",178,609,780,474,616,1833,108,62,270,166,331,3088,305,536,303,273
"PSMD10",62,573,420,612,561,434,86,68,418,416,648,696,349,1151,813,548
"ANKRD12",103,400,269,565,396,367,233,94,508,561,582,752,408,670,665,464
"PHF5A",92,668,505,1183,620,486,117,42,490,212,492,684,418,811,545,518
"LANCL1",55,633,557,512,608,328,97,93,470,176,699,569,433,1409,824,603
"SMC5",186,516,368,543,524,235,179,143,588,178,557,593,407,992,546,466
"MRPL1",261,518,398,880,485,292,245,207,609,95,220,1079,341,836,537,289
"RNPEP",899,1095,734,859,610,1256,218,92,218,51,185,1665,233,522,282,148
"MST1",403,58,99,247,105,128,512,498,1265,740,1014,609,436,557,952,702
"LYRM1",668,250,292,450,337,361,243,158,517,232,377,1019,328,544,559,467
"SNAPC2",296,738,542,485,573,705,177,130,434,205,268,812,321,466,349,388
"MACROD1",773,360,269,420,543,867,592,411,436,79,120,837,417,646,303,184
"MGST2",1706,691,445,1551,817,1015,113,55,228,81,203,1135,254,490,392,191
"M6PR",373,1446,848,738,1039,818,58,40,172,154,622,424,338,780,316,409
"PDK3",1049,441,422,332,434,537,248,182,554,93,251,980,303,641,469,247
"TPP2",396,658,479,947,654,479,97,62,328,160,498,695,333,749,489,374
"WDR43",1299,1070,595,1072,792,395,249,63,379,75,166,818,304,361,342,262
"SLC35B2",447,806,565,589,775,1048,138,89,362,128,206,1233,290,560,332,239
"TRIM13",323,584,331,776,464,447,138,124,443,181,353,1049,343,579,502,387
"PNPLA8",7,372,325,717,524,255,105,81,397,940,1613,241,500,1069,1106,1074
"NUPL1",226,622,441,847,571,290,78,58,416,307,884,340,305,992,648,590
"CETN2",354,561,382,799,447,445,145,76,425,313,293,744,362,391,671,521
"RNF19A",44,404,282,547,376,360,91,47,356,1153,2336,415,329,1105,620,981
"EMILIN2",1668,2164,1173,619,846,2752,145,117,102,38,99,5085,160,280,137,82
"NSL1",247,359,341,590,406,271,183,113,519,235,590,718,409,698,638,511
"LIMS1",116,886,695,659,905,590,103,115,278,163,479,708,341,750,411,360
"TRMT1L",200,271,208,447,355,191,164,145,678,530,896,545,390,624,865,639
"SPG11",267,619,436,736,596,545,84,47,344,241,612,595,400,1055,484,407
"TATDN3",254,211,232,526,315,251,211,147,599,481,565,507,456,652,804,613
"FLYWCH1",785,414,423,586,492,1041,157,115,402,123,277,661,411,592,347,321
"ORC6",181,533,314,1161,513,397,111,44,586,170,622,385,469,1180,619,577
"CAMLG",935,473,477,546,500,554,155,159,310,228,236,1919,201,430,340,244
"BCAT2",843,906,776,646,734,995,275,165,414,60,89,939,316,490,243,147
"SWI5",434,193,209,241,247,396,485,402,952,182,203,1331,436,548,589,344
"LIX1L",822,825,479,539,630,589,125,133,364,151,260,780,231,651,363,263
"YTHDC2",177,486,315,803,489,159,96,87,416,405,832,367,495,839,816,675
"NFATC1",1254,1559,969,1037,1437,628,203,73,166,161,331,848,204,111,109,270
"AP3M1",343,842,507,581,690,599,130,76,318,163,398,768,316,640,392,389
"ISG15",2135,233,161,378,136,225,676,556,267,335,108,3485,412,217,535,271
"VPS18",2368,501,320,354,428,1030,325,265,462,76,104,2436,258,305,267,151
"PPCS",1178,560,409,728,507,554,121,50,352,132,259,1302,317,708,433,307
"DMPK",1724,594,363,1136,506,468,230,67,335,250,342,266,387,486,235,300
"WRAP73",316,349,256,406,288,491,216,96,433,199,513,851,454,809,626,594
"URI1",504,957,568,698,751,569,190,79,330,101,169,1318,283,558,405,261
"IGHMBP2",325,241,221,541,301,394,196,94,509,500,676,568,482,851,420,493
"R3HDM1",382,821,525,828,608,317,187,124,441,124,339,723,312,556,377,302
"NADK2",219,696,538,623,743,316,163,106,389,149,337,603,335,1046,540,346
"TXNDC12",809,1022,599,873,780,1070,100,75,179,100,270,1903,190,611,246,192
"MRPS33",419,459,415,628,521,504,263,111,509,100,155,947,431,707,549,326
"TOE1",502,425,332,594,398,384,184,110,636,137,362,687,416,569,480,515
"HBZ",420,176,24,119,122,20,1272,546,932,1300,1075,7482,1026,174,296,408
"TDP1",324,448,310,321,447,381,168,143,557,180,552,568,355,929,561,484
"GORASP2",747,1247,750,1319,1056,738,122,47,196,119,243,781,291,355,255,274
"PYGB",2524,1008,498,790,672,1112,148,118,204,167,109,1366,221,312,170,168
"SAAL1",658,446,340,569,386,318,220,158,463,121,266,885,386,627,544,378
"DARS2",298,701,464,785,600,260,124,126,455,158,582,346,341,703,501,472
"PROS1",447,2764,1527,905,1621,592,51,28,273,346,438,135,202,305,341,366
"GATB",215,593,546,593,687,615,181,110,468,100,281,906,386,673,436,314
"FOXRED2",1629,707,445,846,519,460,246,139,385,69,208,540,274,569,307,274
"OCIAD2",727,880,605,1004,782,558,240,82,367,121,116,726,358,323,394,239
"CHUK",156,466,282,493,413,176,165,111,629,240,744,605,452,792,833,555
"TMEM126A",109,476,370,700,484,328,183,89,590,241,387,889,415,555,706,526
"CMSS1",502,876,579,1302,759,481,190,54,386,126,148,628,389,542,359,308
"HERPUD2",253,373,254,349,401,341,144,125,430,529,739,748,303,660,568,516
"CAMTA2",647,486,334,759,501,754,87,72,392,175,611,370,443,667,354,452
"POLR3A",871,365,303,561,347,349,323,211,482,161,262,795,325,494,367,355
"PMVK",700,473,383,296,400,785,381,263,549,119,103,2766,254,373,391,163
"PFAS",1166,1121,681,1319,961,490,149,51,319,72,253,479,336,464,264,246
"IFRD1",299,300,219,499,355,419,189,137,448,333,694,741,393,557,518,466
"ATMIN",279,482,322,478,401,374,192,95,478,244,423,757,400,569,647,479
"MTSS1",1016,1508,1022,1400,1174,362,128,44,212,85,206,342,316,848,240,258
"CSF1",3241,1553,767,1511,1571,733,142,45,220,52,123,827,225,384,150,140
"CCDC61",569,318,275,234,332,560,311,396,673,130,203,838,396,678,424,309
"PRNP",423,1359,576,546,710,984,136,69,352,59,411,717,229,721,329,297
"ZNF212",1020,336,206,629,301,283,260,159,530,284,393,536,304,574,407,401
"COA5",619,320,321,680,388,473,133,77,519,205,366,813,364,685,515,410
"PEX2",121,597,418,713,638,377,131,85,348,329,529,682,354,589,620,417
"PEA15",1816,778,405,549,556,1048,133,86,208,173,227,764,300,362,332,259
"SMARCA2",111,1027,744,801,1299,502,128,92,251,53,329,1873,299,837,397,246
"UBXN10",820,660,524,374,543,348,136,59,212,955,487,274,210,464,582,487
"TBC1D5",62,698,471,407,660,503,144,98,488,113,579,658,494,1086,547,469
"CUL9",2652,267,217,422,295,582,244,208,638,105,228,1287,302,611,248,245
"SLAIN2",112,600,409,552,534,212,131,97,416,281,763,600,388,680,729,546
"C1orf216",980,424,217,374,295,507,229,203,540,76,306,1825,347,621,326,329
"C11orf57",558,542,411,703,539,418,170,93,359,206,464,654,249,445,418,399
"ANAPC13",178,792,498,842,656,440,163,42,401,152,418,877,425,708,636,227
"ATG5",131,647,413,666,541,388,168,69,408,284,458,650,341,593,611,503
"ADCK4",752,372,324,356,405,676,239,218,409,114,265,1098,346,543,380,283
"KAT6A",360,378,243,398,351,335,185,157,498,333,616,478,355,717,466,505
"LIN37",1000,140,130,254,187,517,295,290,641,379,332,785,379,599,515,453
"MYO1G",3731,321,275,451,542,3195,294,565,67,41,100,10636,168,336,134,68
"SETDB1",710,538,444,800,595,699,116,50,323,192,306,988,278,629,320,335
"ICAM3",3356,629,576,466,723,2517,132,299,92,50,82,13778,131,351,122,53
"FAM162A",659,622,811,946,1012,597,179,128,617,51,188,1610,203,286,265,155
"WRN",95,392,229,919,303,161,149,96,589,352,1144,431,428,1083,649,661
"RBM18",82,357,268,508,427,242,159,77,585,421,799,595,430,786,871,638
"GMPPB",251,329,204,393,260,371,213,188,572,224,526,470,519,823,639,564
"MRPS31",419,356,404,691,509,373,136,69,455,223,398,625,359,694,601,424
"C19orf66",1049,325,284,490,356,449,153,184,626,158,282,1027,327,516,360,326
"RRS1",458,892,608,1668,848,481,240,37,400,106,188,544,374,362,354,315
"SERPINB6",1676,91,146,599,304,1807,721,525,460,43,74,6038,438,772,192,41
"IRGQ",1502,285,195,364,245,530,263,273,366,442,241,1063,246,406,362,284
"AZI2",119,455,301,736,482,450,111,80,356,320,744,746,319,688,582,603
"PRKCB",82,2105,743,767,1246,778,140,66,110,166,136,1966,442,588,298,257
"NUDCD2",179,524,462,842,568,310,94,52,431,178,497,565,468,833,802,502
"C1QA",3438,83,133,38,339,3114,824,818,143,38,84,4592,280,925,597,179
"TP53RK",742,540,340,506,404,638,184,133,363,126,216,2287,255,464,404,240
"DUS2",509,303,306,380,398,440,376,209,645,195,160,1062,430,422,408,302
"CLPX",28,539,434,671,474,393,68,51,321,1325,1092,440,334,554,846,817
"DNAJC19",636,482,449,939,558,404,137,67,383,138,261,804,366,740,422,324
"RABGEF1",307,329,212,391,331,295,304,186,484,358,417,747,486,557,458,391
"HINFP",373,296,223,359,317,387,224,151,511,359,454,910,325,588,530,429
"GRPEL2",102,417,277,487,298,244,260,181,789,213,425,624,452,1089,521,495
"NME3",1641,323,252,354,261,651,310,283,481,81,93,2214,397,825,302,175
"C7orf26",452,553,411,437,514,676,172,95,392,148,342,710,399,555,377,372
"TRAPPC9",540,347,245,284,370,639,253,299,535,110,286,970,384,774,281,353
"HDHD2",412,543,355,436,489,316,177,126,481,106,286,756,464,778,645,356
"CENPJ",2052,329,212,565,355,457,114,85,437,152,381,585,383,687,538,400
"VPS37C",329,503,305,620,474,490,174,87,535,203,572,585,286,450,442,487
"LTBP3",585,178,177,527,194,717,208,195,567,489,210,1782,343,458,423,291
"CDC23",254,714,502,897,663,375,97,59,376,186,549,417,327,767,469,454
"C18orf21",211,355,321,623,349,246,245,142,656,193,379,648,390,731,559,494
"CCDC101",1899,232,190,454,244,472,317,270,543,113,187,1180,339,673,406,219
"TADA2B",218,342,273,487,332,337,140,143,420,358,710,536,415,742,496,560
"SH3BP2",3321,887,495,689,554,1311,206,187,102,59,113,3472,145,489,148,99
"CCNT2",202,424,279,607,330,259,137,62,518,253,778,553,406,1149,684,533
"PRADC1",418,330,261,210,241,402,354,359,713,117,196,1549,419,650,509,318
"LZTS2",1237,774,609,1109,763,1072,110,38,252,59,204,835,325,722,246,236
"NFKBIA",673,1105,617,505,770,3082,51,40,135,192,292,1034,232,446,306,272
"USP16",22,766,475,1024,627,358,105,55,335,392,820,337,350,954,691,682
"TMEM98",321,969,1026,862,533,142,111,44,525,290,542,264,564,220,645,467
"CLCC1",419,461,287,545,358,332,142,157,492,230,466,468,328,776,472,433
"RAB8B",192,547,327,471,395,259,141,138,349,285,840,634,276,987,513,414
"GPT",978,485,449,355,378,397,689,349,861,30,107,677,336,986,328,126
"CEP63",234,448,328,587,426,342,221,65,533,131,430,933,485,826,606,324
"SDHAF1",756,269,235,331,285,516,306,256,568,122,238,1138,377,515,432,340
"NUP54",61,779,558,869,746,245,115,86,365,153,526,431,420,956,654,576
"DNAJC14",411,506,439,747,502,515,118,89,322,215,532,559,259,540,401,442
"TBC1D24",636,205,165,326,236,362,335,220,836,90,212,1199,442,1119,621,358
"GUSBP11",878,140,179,456,235,450,366,133,736,356,544,1176,212,389,246,545
"DBF4B",787,290,219,588,338,393,94,103,460,227,650,399,363,941,464,578
"HACL1",164,368,294,372,358,429,150,98,528,493,523,461,398,841,538,558
"ZEB2",243,751,441,541,564,439,119,69,241,231,618,712,279,967,470,323
"DGCR6L",900,279,201,326,233,590,390,418,599,80,157,1612,382,552,358,259
"CD99L2",903,452,347,282,413,1172,178,104,403,97,289,1335,298,612,298,298
"NFE2L2",34,1071,524,729,694,599,60,50,273,515,1107,522,175,978,473,532
"ZC3H14",433,632,395,829,571,411,168,86,439,100,317,538,354,824,407,324
"MAPK3",270,557,359,279,361,968,247,220,488,190,239,1379,276,517,211,347
"FAM101B",1229,348,183,733,332,1937,129,91,419,147,201,1803,234,390,173,542
"TOMM34",452,825,546,858,824,803,142,70,298,155,119,894,335,435,370,266
"TTI1",951,471,387,625,532,465,159,86,375,115,366,560,331,639,366,349
"ZNF544",393,264,264,358,285,372,182,139,581,256,434,1006,366,638,474,503
"IPO8",674,618,367,630,513,329,225,125,477,133,217,1014,300,405,406,281
"ERLIN1",447,830,525,526,719,1189,84,68,201,65,295,2302,237,1064,328,195
"MARCH5",31,483,294,689,499,289,121,79,471,488,728,482,376,1063,724,670
"GEMIN4",576,994,600,671,808,676,202,66,431,84,174,577,355,474,321,231
"SLC38A7",1533,393,238,478,294,551,268,204,461,219,211,770,224,411,326,289
"C1orf174",250,550,400,662,500,397,149,94,539,128,407,690,351,623,495,396
"IMPAD1",602,801,423,789,560,470,109,57,290,166,365,824,273,599,419,302
"TTC27",531,899,605,563,841,419,198,80,366,95,182,1179,256,511,392,220
"PUSL1",733,250,172,333,214,339,461,397,819,107,154,1062,418,658,477,313
"TCHP",619,509,311,708,380,315,287,170,435,123,341,367,376,694,364,317
"MYO1F",3767,364,192,152,363,3385,236,277,71,61,148,10891,207,620,231,74
"RFT1",696,469,372,448,467,606,157,120,329,127,314,749,310,637,450,316
"ORC3",231,441,325,756,436,326,148,108,501,186,443,510,378,659,542,495
"GOSR1",326,487,370,636,439,347,142,121,401,200,450,641,302,635,443,420
"IRS2",127,219,204,217,225,735,104,193,237,1138,959,1119,232,715,582,654
"ANXA6",1373,964,915,152,979,3830,197,175,61,41,124,10278,143,338,162,66
"MTHFD1L",418,511,341,740,614,732,324,268,329,50,195,717,231,1093,333,167
"OGG1",251,436,376,379,446,543,164,153,513,118,340,695,353,986,422,397
"AMPD2",1962,629,543,699,641,762,181,70,293,127,130,2425,207,284,208,156
"DYM",637,595,394,409,486,474,192,152,400,92,332,758,281,612,354,333
"VCPIP1",199,406,286,445,351,352,103,64,260,1467,846,519,233,517,684,632
"WDR12",211,874,681,1248,801,451,133,39,350,114,259,533,389,624,539,308
"C16orf72",105,678,385,441,457,342,175,95,325,504,595,723,287,608,484,398
"MIB2",763,258,201,244,338,899,251,227,377,238,269,1556,312,610,291,221
"SNHG15",1372,392,282,655,374,775,338,146,479,74,89,2646,376,285,285,175
"RFK",0,470,388,538,429,182,296,128,556,371,664,710,480,1037,817,503
"MRPL39",239,576,416,1056,570,382,107,55,446,109,384,555,361,719,584,554
"ALKBH3",632,482,358,420,541,543,265,223,637,59,137,1421,358,603,252,208
"INSR",536,153,177,323,224,351,196,323,621,165,420,1145,364,977,460,401
"RBM41",725,535,306,715,484,278,141,102,386,208,366,510,335,564,404,390
"BACH1",102,420,282,259,383,301,123,85,308,811,998,496,395,888,766,541
"ARID2",326,375,253,425,359,236,177,178,524,177,495,742,322,746,603,436
"MIS12",447,465,289,449,441,379,194,102,472,150,452,416,338,793,534,429
"AFG3L1P",1370,384,222,1070,319,382,142,75,481,164,380,378,398,683,360,384
"IARS2",206,1515,917,925,1098,644,117,66,313,83,170,903,273,438,398,213
"STK35",312,503,314,608,390,420,129,94,382,334,594,385,336,605,413,488
"GPATCH8",184,503,360,777,510,391,94,55,368,379,751,386,367,707,469,496
"PMP22",1678,3047,1527,1566,2015,1673,118,52,45,85,123,280,106,496,125,158
"RNF216",633,508,311,565,413,639,190,144,380,71,193,1376,327,768,351,253
"OTUD7B",367,272,213,277,258,169,261,183,620,801,708,345,321,494,527,569
"NOM1",334,535,333,652,503,271,321,144,488,84,300,441,441,617,466,401
"RNF6",91,660,381,856,484,162,165,98,391,361,629,492,316,613,656,464
"CUTC",274,366,337,585,378,508,178,73,550,297,427,783,295,392,558,402
"LTBP4",613,1957,1246,1018,1515,1138,116,55,159,90,152,433,257,563,212,101
"C18orf8",274,371,262,592,367,531,78,32,292,809,1122,391,350,531,515,761
"LINC00493",672,361,349,586,358,544,150,85,430,163,257,1182,311,651,427,299
"MIS18BP1",26,534,311,467,553,218,107,103,442,288,1008,504,411,1455,749,607
"NHLRC4",19,196,193,222,205,398,336,381,1048,444,566,704,426,793,579,729
"THUMPD1",58,809,503,707,568,373,101,51,295,1129,484,447,374,527,532,390
"CNOT7",371,1077,642,893,876,442,98,30,274,146,327,757,298,538,401,330
"ALG5",590,632,351,630,493,479,150,82,446,89,289,1019,316,509,441,320
"SLC25A20",311,576,388,429,534,484,118,52,291,217,294,805,528,665,556,453
"ERGIC1",508,1126,645,692,906,1247,104,49,188,53,265,821,345,630,329,220
"ZW10",67,493,335,665,477,353,171,51,508,234,581,752,406,746,614,537
"SPRYD3",539,594,404,267,536,743,231,143,364,106,220,892,342,569,357,263
"PDE12",182,529,330,624,367,117,219,128,550,197,404,634,383,739,694,480
"POLE2",210,421,303,676,435,248,168,84,547,123,462,505,448,972,648,505
"RBBP5",467,378,286,448,350,291,206,167,429,172,458,805,304,578,448,391
"DCP1A",290,462,311,417,404,372,157,260,344,349,545,533,223,546,372,385
"PLAGL2",168,436,270,446,364,381,141,137,568,167,644,619,387,756,469,513
"RAB21",234,399,320,424,375,291,134,90,409,458,572,693,316,559,556,515
"CSNK1G1",236,290,211,330,289,243,239,211,568,286,553,653,322,851,512,463
"ARRDC1-AS1",858,231,181,447,273,450,225,240,599,200,224,683,391,643,427,302
"RAB22A",214,434,338,666,442,385,96,59,368,349,629,433,383,715,563,531
"ARSB",426,423,232,363,289,662,149,151,315,158,405,894,417,668,466,405
"PDZD11",1345,417,317,673,434,312,98,96,374,165,432,367,312,740,433,390
"CREB3",939,345,280,401,398,562,237,225,469,114,163,1144,287,476,370,270
"UCA1",6589,4956,4853,2644,4781,1104,104,23,217,24,45,164,48,467,52,51
"RNF115",323,414,286,688,383,201,88,78,419,332,867,415,340,905,495,534
"THG1L",311,374,342,532,416,216,260,221,690,92,290,750,344,892,465,267
"FCHO2",50,293,281,487,308,156,91,77,433,1062,1479,275,428,1004,998,819
"USP21",144,435,353,511,449,513,83,62,365,341,727,428,411,922,476,561
"ALDH5A1",247,795,386,491,553,202,156,97,84,583,681,569,258,463,409,851
"PHF7",677,223,186,313,213,189,263,247,671,261,493,447,384,588,530,549
"PRMT5",84,1470,1006,640,1143,650,86,27,354,149,382,517,367,432,434,412
"RNF141",236,329,276,368,326,275,173,173,482,253,411,895,353,635,573,482
"ZMYND19",1213,694,374,977,494,535,180,98,298,76,190,670,342,469,328,226
"NIT2",1044,499,421,752,525,716,178,57,226,172,174,928,253,469,347,306
"FAM122A",43,405,307,649,488,259,122,66,483,589,1004,326,347,845,677,656
"GLI4",1261,227,175,424,245,521,353,323,560,114,252,954,334,471,295,244
"SNAPC4",1346,389,300,622,394,518,280,174,420,117,221,853,291,414,280,171
"STK4",466,539,295,498,433,447,118,113,334,181,511,927,251,634,360,346
"CCDC71",199,436,386,502,499,528,148,107,496,270,341,600,361,528,378,391
"DCLRE1B",170,458,335,658,514,254,137,75,443,244,702,375,419,740,499,507
"FOXJ3",127,557,369,616,529,450,99,43,292,422,649,620,352,620,528,507
"KANSL2",387,561,411,624,520,382,94,50,386,148,418,632,370,826,474,430
"ORAI2",1970,1000,530,383,484,1217,175,209,176,118,137,1918,154,254,179,128
"MAGOHB",669,331,262,633,366,242,205,138,480,142,250,586,353,712,592,388
"RAB6A",151,553,348,612,572,480,98,93,324,204,725,511,312,643,464,492
"SLC7A6",1188,497,232,406,318,423,190,108,472,180,290,763,279,520,350,360
"MR1",237,242,227,251,254,419,152,173,561,380,655,754,251,648,566,603
"XRN2",68,1362,892,683,1074,627,86,26,216,231,428,648,270,717,417,376
"SFXN4",1167,573,367,544,526,594,377,190,395,46,120,1383,235,357,357,154
"CNNM2",354,303,201,326,337,196,252,318,503,186,633,455,312,741,465,489
"LINC00341",695,244,169,358,269,410,121,89,528,293,572,562,434,1056,351,520
"RAB3GAP1",546,618,377,670,524,423,108,89,254,250,421,653,220,738,296,321
"SPCS2",116,512,306,572,403,288,197,118,479,217,413,603,330,649,677,468
"RBMX2",654,314,304,467,364,380,217,180,509,150,240,805,284,587,438,301
"TFAM",246,940,617,926,822,297,123,85,295,92,319,465,311,620,495,345
"DNAJC13",407,737,503,561,560,464,72,55,325,126,444,679,284,875,466,357
"UNK",327,533,402,639,461,634,105,76,376,175,462,449,296,704,390,409
"CHCHD7",554,232,197,317,272,434,253,159,647,149,244,1685,358,538,508,337
"SDHD",14,923,728,1236,913,381,73,42,312,272,553,663,324,675,565,477
"KPTN",648,216,184,332,247,298,396,320,701,172,230,817,320,546,478,330
"GNG2",470,750,735,828,928,228,177,62,265,163,335,944,232,559,264,186
"SLC22A4",68,35,109,271,133,236,149,161,760,846,1724,539,623,1097,1314,1219
"RIOK1",352,635,481,826,501,383,170,49,394,157,375,590,280,489,432,387
"CCDC88A",575,826,444,690,660,385,82,79,279,110,414,719,246,654,408,301
"KIAA0907",274,543,325,959,479,603,85,35,326,295,403,589,306,1012,378,386
"CRCP",280,594,385,529,518,354,181,94,380,148,372,776,322,567,460,321
"TRMT5",498,426,363,644,441,455,150,90,424,209,346,459,292,498,446,380
"TXNDC9",44,596,340,623,498,216,185,90,531,243,477,877,380,625,604,501
"FMNL3",411,188,128,156,208,345,218,158,804,223,640,726,476,912,532,628
"PCYT1B",528,605,289,400,409,379,301,182,437,1820,740,172,376,108,162,177
"FAM188A",105,552,338,602,467,237,132,65,391,279,662,431,354,1109,614,489
"ADAT2",1475,573,347,850,487,538,156,90,369,83,220,675,219,733,290,207
"CYBB",617,173,124,161,243,1415,294,231,230,108,455,3303,242,858,458,233
"CLINT1",62,1100,724,902,901,301,104,47,277,241,589,510,318,545,464,366
"TFPI",210,622,381,835,574,473,65,27,286,741,698,293,250,591,478,571
"C11orf74",285,208,235,412,310,285,249,168,652,162,357,856,366,857,577,368
"PIM3",1087,754,520,725,577,2093,68,39,187,184,202,954,244,371,276,210
"XRN1",62,220,246,446,247,208,126,105,505,844,1195,464,382,687,801,760
"PHAX",286,499,376,501,471,283,181,132,477,183,364,527,320,478,497,411
"SPDL1",323,401,283,953,486,230,112,30,460,214,830,254,418,778,708,584
"RNF103",50,379,253,495,324,511,104,54,369,831,1145,382,340,647,755,709
"NCOA6",376,554,374,701,443,445,84,58,382,197,611,437,325,599,452,432
"MGRN1",456,724,404,699,627,812,69,59,236,291,435,577,268,443,247,386
"TMEM33",217,877,503,879,594,469,107,68,340,128,341,809,287,597,394,278
"DCPS",209,439,340,583,396,615,175,129,460,97,188,1019,441,674,477,332
"SLC2A3",2322,1368,1552,1253,2755,3170,186,46,54,40,81,2206,120,133,70,75
"COLQ",642,141,74,355,200,276,178,193,663,817,1061,534,427,285,379,625
"CD37",4082,1292,1047,832,1364,3301,50,104,67,55,94,3081,135,274,80,50
"ST3GAL3",978,238,180,168,247,374,281,438,608,120,309,820,332,827,386,260
"AKR1B1",557,1010,814,713,839,1933,194,142,116,82,90,1015,350,246,206,133
"GNPTAB",897,1839,811,768,1186,733,90,42,223,71,188,541,211,493,251,210
"KRT10",171,585,450,871,608,555,155,64,334,187,400,482,326,511,427,335
"PSRC1",911,249,242,361,262,453,110,121,503,169,509,682,290,1049,419,343
"NUP155",204,401,298,252,371,200,225,193,633,139,545,563,389,625,590,525
"ZSCAN16-AS1",755,87,88,169,123,228,427,744,957,306,174,2431,317,499,620,340
"COX19",835,284,184,422,272,431,252,174,461,247,235,1038,281,528,357,296
"STRIP1",333,364,240,410,345,508,98,60,390,493,614,648,322,632,422,480
"ZNF784",245,196,159,146,225,310,358,613,847,224,271,1206,345,653,437,380
"NTMT1",127,407,267,388,366,370,389,174,717,167,171,1064,502,374,517,370
"SCPEP1",168,376,122,290,206,393,284,20,243,363,490,1564,142,5230,307,1783
"ECD",225,567,378,737,586,346,125,64,364,216,455,475,383,589,420,403
"ZMIZ1",464,453,361,737,513,659,49,60,252,268,1336,653,184,363,337,458
"TANK",93,264,199,482,312,350,78,53,239,1355,1663,261,345,752,1049,773
"SLC35A2",298,363,269,495,358,479,142,98,353,370,661,382,295,559,446,468
"MIF4GD",247,475,408,410,512,949,113,85,414,132,250,985,380,709,371,296
"ZNF274",199,381,364,602,554,445,79,71,444,158,681,491,355,968,519,371
"TRADD",285,314,314,302,319,631,189,154,544,241,277,663,364,495,470,386
"TSEN54",1601,697,402,542,519,739,204,90,432,62,94,1514,270,374,274,167
"CCDC109B",690,755,502,849,614,342,81,57,336,139,371,232,342,601,462,397
"ORC2",328,495,339,653,460,257,139,77,434,178,513,423,365,595,492,451
"SAP30",20,541,523,609,759,638,138,40,389,253,448,1111,347,721,507,384
"SBDS",20,423,377,706,457,385,88,40,406,590,968,360,414,869,698,729
"NIPSNAP3A",62,570,438,677,783,294,59,52,390,250,679,442,404,976,667,512
"SGOL1",106,198,191,435,256,138,190,169,733,257,867,437,448,839,943,702
"IL17RA",1651,303,272,301,386,1957,131,142,258,78,197,3682,221,377,248,181
"FRAT2",361,605,421,315,424,685,254,90,348,149,208,1811,277,616,307,178
"PXMP2",34,234,275,283,421,492,233,171,793,154,324,1042,520,735,631,571
"C5orf30",68,366,191,439,339,194,133,103,488,266,1016,495,444,1014,789,724
"RWDD3",63,200,188,480,245,171,141,113,700,569,667,608,376,886,961,792
"ZC3H7A",107,663,395,724,589,389,65,41,339,210,707,407,364,1061,616,468
"PPWD1",329,523,375,858,533,507,87,41,310,180,501,484,289,779,462,406
"CRBN",515,473,324,575,383,385,104,76,282,367,388,868,212,571,419,359
"DPAGT1",425,537,380,698,534,624,112,80,378,147,328,661,275,498,324,340
"SLC12A6",146,1568,876,1143,1133,659,50,59,147,260,432,403,160,672,254,280
"KMT2A",252,348,219,572,334,332,102,73,414,414,666,709,276,838,502,389
"CCDC174",614,276,208,341,280,490,156,135,431,351,460,583,283,740,325,360
"KDM2B",482,648,412,610,527,440,135,75,348,113,269,991,299,499,379,288
"LOC100130899",1245,1008,761,541,541,233,144,110,210,409,376,114,260,362,199,381
"SAT2",1932,194,156,253,223,905,235,162,378,240,154,1784,230,359,470,286
"ERLEC1",81,669,390,431,428,428,151,80,351,288,481,802,295,735,496,358
"TSPAN32",2521,549,300,848,515,952,206,64,442,20,121,1091,306,662,157,228
"DLG1",121,486,315,492,436,293,101,69,325,464,715,421,369,671,603,540
"C17orf53",1256,218,168,319,281,339,261,236,635,103,261,526,359,653,451,387
"SLC25A21",83,361,458,479,317,101,200,135,544,241,1257,179,717,1066,589,353
"CEP44",155,232,206,348,309,272,109,100,545,513,790,442,336,1069,774,485
"MTMR2",219,617,367,738,569,256,123,108,349,163,395,564,305,645,516,341
"SCARB2",238,741,603,418,881,875,86,51,556,38,152,789,445,1268,732,141
"RALB",2253,2395,1418,723,1334,953,101,38,132,33,80,2080,162,446,155,67
"CCDC22",466,506,384,315,508,991,213,180,315,84,111,2218,314,551,286,156
"BID",263,532,372,739,570,912,158,69,254,145,185,1494,245,533,426,233
"LOC100506844",1419,398,364,439,441,561,204,178,413,82,115,2512,161,682,230,133
"TCTA",621,451,318,316,453,531,129,115,344,231,331,638,244,704,327,330
"FAM120AOS",205,532,392,590,451,383,92,77,393,226,459,484,305,726,474,466
"GXYLT1",180,378,268,307,320,262,118,73,427,471,597,502,323,1003,727,524
"KIAA1715",57,379,258,388,294,190,130,139,568,207,761,528,586,934,757,632
"ZBED5",794,471,271,701,371,411,127,70,387,189,364,873,242,588,313,299
"ZBTB40",1200,376,288,686,371,552,133,48,326,162,373,743,270,444,330,420
"DAG1",457,728,367,546,457,574,90,61,300,159,503,328,259,698,448,459
"INTS4",631,348,225,399,244,471,160,90,455,189,469,712,287,533,496,437
"FDX1L",537,220,210,294,282,346,519,291,600,204,124,1282,370,438,398,222
"ARFGAP3",178,480,340,395,398,434,109,67,536,157,452,706,350,879,522,465
"TMEM70",109,582,383,672,547,528,135,71,336,139,377,644,338,678,611,385
"RAB40C",1185,256,220,682,334,618,149,105,408,155,265,842,298,665,281,256
"NEURL1B",101,230,284,216,252,336,157,89,1020,197,1422,656,184,1261,607,622
"KLC3",53,38,46,88,77,80,346,491,1416,3668,2712,727,406,187,1389,1668
"ARHGEF37",105,79,99,135,81,251,199,265,1135,1325,1062,487,323,1059,776,1001
"LOC146880",1535,193,184,580,251,636,236,135,311,721,378,786,174,248,199,310
"BAHD1",474,729,418,726,619,477,77,45,358,161,452,429,269,621,376,348
"C2CD5",122,488,344,761,447,214,98,85,597,148,644,503,345,1033,533,403
"SSBP1",499,345,301,705,389,441,248,131,512,130,181,685,311,464,459,262
"ETS2",755,1113,493,1019,937,1163,64,25,146,99,177,1745,198,472,258,247
"IL17RC",472,288,294,528,326,500,267,250,471,117,213,659,312,382,342,407
"PKN3",1227,648,393,869,702,514,113,66,517,100,171,406,296,460,247,287
"EXOSC6",411,506,351,583,448,416,145,107,388,208,301,561,304,404,422,335
"HIAT1",14,751,500,603,693,246,62,50,318,355,1112,466,347,827,800,606
"ZNF770",59,512,368,658,543,305,245,123,462,141,300,906,326,682,529,331
"RPARP-AS1",2368,379,192,476,364,500,243,225,543,82,95,1083,308,390,348,158
"SAP30L",663,297,254,446,306,395,132,110,397,186,367,628,367,632,455,412
"CUL5",143,362,283,383,332,241,194,137,449,231,396,967,352,751,531,428
"RREB1",321,710,382,974,637,443,97,54,281,124,420,591,255,735,400,310
"USP38",122,311,206,405,356,124,156,69,487,643,1171,407,327,700,852,580
"KLHDC10",368,379,264,568,423,342,144,105,340,243,471,372,308,681,507,399
"SLC25A26",401,404,267,281,322,391,418,308,454,131,144,1247,292,561,336,231
"AP4M1",233,182,236,207,275,255,230,218,740,133,426,682,405,867,752,499
"SLC30A6",195,522,400,402,476,364,142,124,288,331,469,649,246,436,441,399
"SMCR8",301,470,293,518,383,656,126,98,349,303,503,402,258,558,355,372
"PTPN2",660,581,426,737,547,580,139,99,289,131,224,978,233,409,256,239
"RAP2A",23,302,254,463,329,164,134,92,532,515,1308,459,313,986,867,738
"DNAJC3",380,575,323,515,415,517,129,101,316,133,318,1019,285,530,416,300
"DNAAF5",680,909,565,1041,785,370,86,58,302,60,312,361,319,803,288,267
"ATRX",146,405,311,436,494,171,184,179,360,318,459,642,298,651,529,336
"IFT27",936,278,224,283,251,438,258,161,621,122,174,1113,391,519,466,245
"TAF9B",413,485,424,567,463,208,158,122,497,102,291,524,328,629,489,359
"CLCN6",507,340,311,586,384,893,124,74,218,311,474,554,211,522,334,383
"ID1",82,194,106,661,228,247,402,149,789,159,548,854,502,668,624,509
"BRWD1",239,453,258,467,355,322,122,104,433,185,442,741,306,840,460,436
"SCO1",192,619,426,552,562,379,218,99,390,187,226,592,310,477,448,299
"SUPT20H",210,561,516,884,688,469,72,55,278,130,541,380,313,781,434,407
"ZCCHC6",452,279,240,444,272,447,122,89,300,768,703,446,204,452,449,472
"CAPN2",602,803,461,477,547,593,125,120,171,126,214,804,269,616,293,250
"SERTAD1",688,474,245,284,291,702,276,109,239,826,249,1039,222,144,327,317
"FMR1",40,301,259,477,360,187,163,113,521,457,714,480,400,759,700,644
"GFM1",199,683,416,896,523,228,129,56,344,151,465,594,320,512,583,385
"DSCC1",350,289,216,586,330,182,168,107,601,127,437,509,390,901,673,446
"C12orf65",656,251,221,542,317,406,135,154,416,209,357,584,234,728,441,356
"NDST2",320,439,330,395,338,544,106,111,307,341,528,513,266,620,341,395
"RHOT1",364,399,381,878,526,440,76,64,332,132,451,597,297,826,406,355
"COPRS",2694,572,381,828,411,619,258,80,322,84,78,1164,257,211,319,176
"EPX",22,50,20,9,122,47499,106,1298,673,302,526,12250,615,697,237,201
"DPH2",450,819,524,834,702,482,167,60,311,88,195,615,309,407,352,269
"TMEM265",651,159,121,323,172,288,270,202,654,357,386,1157,303,451,402,396
"TEX30",40,446,271,668,400,304,153,73,561,176,475,597,433,1088,666,499
"PRPSAP1",552,491,384,477,446,388,127,82,341,108,309,745,228,815,488,336
"SLC26A2",1577,1669,619,569,721,474,65,44,140,280,253,518,111,682,263,197
"PSMG4",1626,320,237,572,296,443,261,186,434,71,163,519,403,425,413,267
"DYRK3",39,474,393,649,395,374,130,62,437,884,936,242,207,615,522,545
"MED6",225,616,366,680,482,422,142,83,337,149,288,678,322,514,432,400
"NAT9",1130,454,333,695,465,792,227,45,305,140,179,868,257,481,221,257
"TCTN3",367,582,420,446,441,530,156,65,370,110,332,707,258,693,387,356
"TM9SF4",162,799,523,738,695,769,64,57,262,172,512,457,283,579,335,356
"MTERF2",908,252,271,512,331,221,141,120,591,132,321,443,442,636,541,349
"FAM193A",476,343,257,589,386,424,114,50,377,260,675,386,348,708,308,493
"PDLIM5",534,793,363,390,488,316,119,97,175,367,338,805,198,481,327,387
"SLC31A1",378,385,381,310,469,337,141,103,419,140,500,576,319,658,480,342
"CRELD2",644,471,309,305,320,793,169,89,477,116,201,1327,344,468,345,245
"TIMM21",147,582,490,1112,692,350,103,35,429,105,321,393,446,627,608,473
"SCP2",128,970,536,1104,757,492,62,24,221,159,435,455,325,823,569,379
"RPTOR",953,520,320,764,460,436,148,85,310,152,301,383,286,594,246,311
"NUP160",44,923,578,1083,829,210,96,45,305,145,694,332,379,892,535,451
"ZNF668",908,301,219,404,313,434,212,159,466,157,228,717,358,373,369,349
"MCM8",212,354,318,589,479,263,109,99,512,159,533,364,340,791,491,545
"ZMAT5",16,223,246,328,310,501,172,124,487,533,472,1074,475,491,575,799
"POU2F1",284,348,244,480,324,239,126,134,481,323,493,551,277,644,444,452
"IL15RA",125,239,221,547,300,314,117,56,529,380,922,339,402,1013,617,569
"HELZ",65,493,379,416,454,283,129,62,321,509,833,533,304,516,596,535
"FBXO45",221,498,317,583,431,353,175,109,504,108,237,935,346,613,446,311
"HOOK3",892,338,224,298,298,246,164,501,403,122,261,637,264,721,419,269
"CHD1",84,526,316,805,505,212,134,77,375,300,666,605,268,723,447,399
"RNF168",307,352,206,309,255,132,174,174,589,223,470,974,398,597,597,362
"NR2C2AP",670,319,293,488,319,387,220,144,476,77,234,682,355,716,420,275
"SCARB1",1095,905,1081,842,1075,1279,71,57,90,277,174,759,143,220,177,161
"DNAJC6",30,540,355,591,476,129,115,72,297,555,1334,201,463,867,749,604
"SMNDC1",45,595,380,735,551,224,138,56,389,227,541,573,351,794,627,484
"AKIP1",357,426,293,436,456,439,212,172,581,94,248,660,302,434,382,324
"ALG9",1242,414,320,499,429,333,152,139,391,78,277,453,234,635,409,340
"UBE2G1",267,620,381,498,533,373,103,63,296,217,485,377,301,570,485,493
"ANO10",260,479,302,425,390,701,136,120,334,179,413,639,308,686,273,314
"LEPR",283,1099,570,492,1085,206,97,58,177,132,346,301,332,1206,555,288
"AGO2",287,251,202,441,286,150,170,129,417,513,805,330,353,574,508,564
"ITPKB",632,166,103,235,276,252,235,195,667,149,457,1163,365,832,379,405
"ZNF395",1110,847,802,521,1162,579,98,189,237,62,159,989,158,344,215,116
"COA6",54,377,381,772,480,357,197,53,473,315,310,632,397,443,673,446
"KDM6A",68,546,240,298,311,353,103,52,361,1120,1677,302,290,633,514,531
"CBR4",55,390,340,508,551,244,149,81,468,218,493,549,462,918,596,404
"ARHGAP1",961,936,487,597,749,1014,76,66,182,109,249,1087,179,428,189,205
"KAT7",91,486,349,470,490,380,97,91,350,240,881,408,310,910,410,426
"PCBD2",331,284,167,450,276,197,198,220,696,151,397,531,313,773,517,426
"ZNF414",372,331,218,398,322,521,250,272,499,153,274,722,281,463,283,292
"GFM2",179,412,369,560,519,288,87,45,338,224,588,426,402,579,703,625
"LYRM7",200,320,266,375,349,191,158,325,420,204,320,499,352,976,485,387
"CTU2",327,350,343,567,340,371,283,103,481,168,220,703,374,387,436,292
"BGLT3",156,116,134,533,482,122,213,61,691,738,390,409,1842,681,181,865
"MPLKIP",21,524,449,1075,552,404,105,53,398,269,423,679,349,515,647,485
"GPN3",226,407,340,626,468,275,149,71,439,142,353,770,326,557,548,400
"DMXL1",298,329,252,469,367,197,104,93,431,219,694,362,423,860,503,515
"SPAST",136,361,248,413,385,123,194,118,357,323,451,714,365,946,642,399
"LRWD1",266,539,454,579,437,497,151,69,358,140,295,461,363,450,503,368
"CEP192",56,307,292,509,389,269,115,74,524,217,917,254,452,1351,720,569
"EIF2AK4",402,601,436,601,489,488,104,73,266,153,362,580,264,547,366,336
"ZNF367",45,416,268,476,377,114,123,103,494,220,1058,205,498,1427,873,717
"RNF113A",745,281,258,435,373,600,147,104,433,123,203,1037,353,577,355,270
"PEX14",446,405,347,495,469,636,137,102,300,165,274,713,289,594,311,265
"LTBP1",166,68,107,377,246,533,136,135,281,332,1100,565,509,1716,706,413
"MEF2D",448,536,307,308,413,777,97,65,234,397,401,988,237,435,279,346
"EDEM1",131,473,302,309,430,740,103,78,340,150,462,1741,238,1089,352,294
"SPATA33",652,186,142,342,195,231,352,327,594,161,288,465,390,565,497,416
"MRPS18C",66,412,377,640,392,370,104,50,421,254,516,504,365,841,598,589
"SIKE1",267,452,339,601,431,261,164,130,402,160,364,484,326,508,435,364
"CR1L",68,99,57,297,90,219,185,252,757,519,1019,342,716,1126,938,1246
"VCL",93,564,462,658,607,1072,36,37,45,1021,894,977,212,577,295,486
"SCMH1",608,594,372,663,499,469,84,53,232,93,1042,499,238,781,285,266
"RAP1GDS1",546,609,343,593,512,538,146,94,262,63,208,1048,217,1452,288,175
"NSUN4",652,406,286,440,406,427,144,183,383,119,290,755,254,477,303,301
"B3GNT2",83,513,374,377,741,148,96,87,333,266,769,253,351,1242,896,384
"PIGG",803,493,297,636,379,429,113,78,347,136,401,591,280,437,344,319
"ZNF408",951,253,178,288,210,394,287,238,505,209,252,814,289,328,351,338
"LEMD3",178,358,233,285,309,163,135,122,474,240,719,548,374,713,790,495
"ATP2A3",6463,725,316,616,569,3400,86,439,90,34,63,5125,113,290,67,43
"CDKN2A",330,456,526,550,449,243,188,56,315,140,244,919,349,455,480,409
"RARS2",156,467,421,585,528,406,143,76,357,154,433,474,327,588,406,423
"MYNN",85,328,247,407,320,222,118,76,376,736,918,435,292,581,669,659
"FBXL3",14,563,301,443,426,151,106,103,520,559,836,620,279,649,702,617
"UBFD1",186,724,482,575,602,548,64,36,216,381,511,484,273,534,426,375
"SAMD9",77,259,191,370,252,220,90,55,391,1542,1760,295,232,510,795,1135
"TMED5",146,690,359,535,547,435,114,72,253,219,406,868,255,527,491,307
"LYSMD4",368,168,150,347,237,340,231,149,754,192,410,375,449,771,534,441
"RN7SL2",861,60,353,270,126,492,520,298,417,453,149,691,304,465,372,299
"NIPBL-AS1",307,359,224,399,342,326,132,147,454,149,312,578,400,1003,381,402
"JAK2",11,287,306,605,406,231,142,70,370,667,894,660,301,1075,570,504
"UBA6",519,419,303,516,430,203,155,113,361,145,417,684,305,431,460,331
"CCDC50",287,1308,705,1305,1135,360,119,40,270,95,219,400,298,386,275,254
"FADD",143,659,432,525,557,604,132,75,300,161,299,709,278,634,365,306
"AKAP13",397,517,329,376,386,606,81,74,232,373,780,752,197,377,312,345
"LNX2",159,455,269,337,347,121,145,107,323,885,644,348,301,543,611,521
"FBXO31",1341,511,299,660,394,400,277,77,412,110,159,574,234,479,270,243
"MTFR2",128,362,264,718,321,215,165,84,527,197,521,324,414,668,629,553
"TAF5L",378,529,274,647,361,242,116,67,372,173,582,427,328,624,427,427
"CAMSAP1",425,621,351,553,492,293,121,77,336,127,464,452,301,632,333,364
"MAP3K13",194,338,256,624,428,235,137,91,379,199,484,455,368,691,547,483
"MAPK9",125,484,315,603,399,404,102,83,398,149,517,500,304,823,501,462
"C19orf47",405,279,243,444,291,351,240,170,394,224,323,669,301,353,382,392
"ARHGEF7",531,586,313,719,507,617,89,58,257,133,455,721,226,524,264,332
"IQGAP1",1303,1400,565,886,914,1193,72,87,114,48,148,1272,174,358,189,125
"RICTOR",78,492,294,502,408,213,89,73,227,1114,991,319,255,493,618,610
"TMEM43",602,1271,682,1002,879,580,64,26,183,210,385,444,150,343,260,266
"GIT2",535,406,281,554,404,770,90,92,295,129,292,1493,203,475,341,278
"FAM13A",143,177,177,464,213,190,157,72,499,656,1194,271,264,837,973,589
"ACAP2",66,641,445,369,589,230,64,67,209,389,732,446,308,1096,623,498
"TOB2",361,516,349,426,450,324,133,58,401,150,488,483,340,662,388,338
"SKI",588,743,392,778,620,541,82,55,223,106,533,449,237,591,222,329
"TMEM261",511,683,549,609,578,934,192,101,297,43,80,2019,269,369,295,134
"AMMECR1L",462,370,197,402,237,357,160,119,354,678,457,498,189,411,411,359
"RNMT",137,653,435,499,610,436,83,60,330,276,472,390,284,680,335,434
"C1orf52",145,292,240,593,312,298,128,87,358,370,535,554,336,572,642,434
"RNF34",256,551,348,562,499,403,101,59,312,169,506,542,277,533,475,374
"C3orf17",271,713,524,663,706,519,94,57,226,216,335,592,217,460,304,310
"TNKS",335,328,293,468,363,334,115,89,315,319,627,384,258,734,387,397
"SMIM10",786,1237,815,947,905,591,128,53,288,50,103,389,243,602,268,152
"ADAM10",167,796,388,508,531,502,107,64,225,206,334,1241,241,543,370,267
"CYLD",343,365,194,271,243,411,108,85,285,780,615,682,206,387,536,529
"GTF2H5",978,347,316,736,370,342,112,83,389,111,205,805,281,396,457,362
"RBBP8",188,538,375,745,502,361,61,29,292,168,714,328,360,790,560,604
"COQ3",669,318,241,534,328,203,235,106,485,154,210,610,334,537,473,344
"PATL1",436,788,478,684,659,556,62,29,257,162,681,374,188,664,260,384
"CEP164",1013,453,373,663,402,427,182,85,200,221,268,466,182,972,175,225
"ZFC3H1",140,508,398,690,517,548,77,44,253,235,446,728,267,779,436,332
"MON2",259,319,267,574,368,254,116,74,405,258,537,554,276,823,469,367
"PCMTD2",22,277,293,489,305,130,92,88,411,1923,1092,334,295,488,834,782
"HARS2",604,364,277,471,315,468,130,71,395,149,316,807,294,606,374,313
"ERI2",55,216,212,421,326,171,201,131,710,267,489,591,389,858,761,504
"TOM1L2",720,230,240,418,288,403,122,91,348,369,591,271,293,555,412,407
"GOLGA5",194,420,321,671,421,292,95,75,382,360,591,431,256,418,446,455
"UGCG",28,273,238,533,312,240,141,70,829,250,713,716,332,955,677,530
"R3HCC1L",233,447,186,301,246,366,267,120,449,240,451,962,231,421,385,413
"SREK1IP1",365,320,230,441,334,197,115,165,328,398,394,735,248,421,501,411
"UCHL3",257,654,404,904,529,458,167,78,363,81,220,621,310,425,386,268
"TMCO3",43,663,433,400,520,570,57,46,285,350,575,692,347,816,463,426
"ALDH1A1",220,177,37,168,116,808,310,144,544,31,418,2523,410,3237,1015,320
"LZTR1",2012,492,314,644,404,778,123,54,471,83,190,762,251,432,174,218
"CREBRF",144,256,214,228,254,453,72,82,242,1631,1251,274,239,492,584,891
"MRPL33",312,408,331,401,423,556,120,81,313,176,214,1463,303,400,375,371
"RAD51AP1",37,454,319,706,479,123,93,69,522,191,867,237,423,1160,877,640
"RRP15",61,469,352,842,426,205,153,87,456,167,469,438,359,540,664,501
"PASK",401,386,242,594,388,322,113,59,505,143,538,211,432,666,459,523
"ING4",527,287,275,252,433,748,111,146,320,191,227,1082,252,803,257,262
"PIK3R4",107,433,319,660,469,242,118,48,464,216,508,518,383,621,632,411
"SMIM15",140,636,468,826,542,191,100,63,377,161,406,490,315,656,515,356
"ZMPSTE24",195,669,323,853,526,259,120,57,322,201,390,635,274,440,461,351
"ACO1",308,751,467,401,614,448,129,84,302,99,311,645,273,525,327,288
"LIN54",99,302,186,375,271,126,146,158,556,350,669,409,368,861,655,578
"ZRSR2",3330,187,136,276,113,387,306,223,574,193,225,890,280,351,265,259
"RC3H1",203,460,302,463,358,261,80,58,334,478,588,561,250,460,585,512
"WDR11",155,752,413,835,608,261,51,44,306,153,513,508,356,726,473,419
"CC2D1B",1543,471,323,609,411,726,118,69,242,165,197,879,198,360,230,248
"TAF1",139,465,396,441,451,371,75,44,361,274,863,273,293,962,465,485
"FUZ",113,332,382,396,480,681,134,112,386,526,304,531,309,468,284,272
"CHMP2B",46,510,278,433,464,276,96,95,340,259,468,719,315,985,548,528
"PDE7A",238,526,307,543,454,343,103,109,333,128,446,698,284,595,417,298
"ACAD10",898,345,283,344,409,553,118,79,364,152,326,451,339,630,296,308
"TROVE2",61,306,185,385,246,162,205,136,551,293,539,543,361,799,804,576
"PNPT1",308,764,507,1157,621,264,117,72,308,87,290,411,320,398,366,320
"CAPN10",389,216,196,406,285,604,137,84,385,231,343,591,395,576,443,428
"LOC284454",628,212,171,111,161,913,129,215,246,262,255,2444,391,587,488,205
"ALOX5AP",141,302,96,1,72,1188,558,480,171,123,375,7062,352,1650,1082,203
"JMY",179,265,212,286,241,261,109,82,242,972,953,326,260,1051,524,556
"FHL3",1149,920,599,863,755,1191,125,53,169,56,104,2380,215,349,117,95
"FAM98A",360,527,377,559,534,289,274,69,473,113,217,582,398,281,407,261
"CEPT1",125,391,361,598,384,461,94,52,272,555,485,676,204,532,477,383
"ELMOD2",191,247,208,226,289,257,187,167,684,177,348,836,333,633,636,412
"RCN1",2458,327,184,289,300,415,273,199,439,66,137,1126,215,591,296,177
"PPP2R5E",175,367,237,355,307,175,121,81,334,494,695,359,357,731,573,536
"ACER3",542,270,174,311,235,260,154,222,415,131,313,1205,285,566,518,346
"ARID1B",113,549,356,605,466,304,104,55,248,279,589,456,322,819,424,380
"ZFR",0,877,529,801,660,293,89,69,352,210,552,502,345,884,517,477
"EPHB4",483,861,616,642,799,399,263,120,435,53,182,179,162,650,308,186
"DPY30",32,465,322,726,491,410,105,69,399,209,325,664,439,694,580,434
"PSMD5",370,491,371,640,439,314,82,61,329,208,625,302,304,479,401,388
"GOLT1B",92,548,310,549,402,222,122,87,403,167,418,631,342,663,608,434
"TRIM44",564,763,477,470,667,680,189,49,186,79,181,1092,250,590,271,158
"C8orf82",586,667,476,438,584,766,146,114,281,106,189,538,293,468,202,160
"SNHG19",3153,225,184,683,200,478,369,420,486,47,74,1311,194,404,260,110
"SLC25A15",208,437,303,581,472,370,141,82,379,93,288,556,346,884,520,292
"XPR1",242,840,475,423,561,188,89,84,269,441,631,320,191,317,416,424
"NTRK1",587,574,318,476,797,373,123,35,574,87,292,952,292,216,293,442
"NRIP3",431,247,195,259,205,139,196,140,481,427,968,451,203,366,429,733
"AGGF1",198,543,400,542,513,239,101,82,324,166,442,495,294,616,514,326
"XPO4",355,552,373,496,493,247,145,73,361,118,331,545,307,542,471,301
"TWISTNB",303,739,465,745,668,229,133,52,306,124,296,520,292,406,432,321
"MTO1",149,391,292,507,377,316,155,90,376,176,446,429,307,1016,456,325
"BRD1",105,703,363,804,456,373,104,55,269,200,512,376,315,776,373,378
"DDX19A",189,647,427,620,576,461,133,60,306,136,319,482,317,459,354,348
"AKAP9",88,353,299,621,371,343,64,44,229,682,901,413,268,724,521,570
"CTC1",1178,228,188,338,243,381,117,174,431,199,410,471,241,518,332,385
"AGTPBP1",348,376,274,553,377,414,56,46,227,510,713,681,216,469,389,416
"SERTAD3",504,311,222,282,231,605,158,115,343,396,301,972,224,341,370,301
"TTLL4",390,261,195,422,299,348,159,110,552,104,438,715,369,595,387,355
"ATP2B1",241,393,199,541,264,127,163,98,305,287,784,480,260,1141,419,358
"GATSL2",781,210,148,354,217,247,113,84,184,2155,936,364,168,201,516,702
"EXT2",505,807,409,507,532,647,81,55,211,119,236,670,252,522,311,341
"GPATCH2L",364,265,225,331,290,436,136,137,427,281,393,674,224,549,340,376
"TMEM186",918,205,187,301,263,404,253,185,517,137,163,789,298,549,426,242
"POT1",243,357,284,389,429,296,108,80,418,162,531,331,307,824,507,491
"TRIM52-AS1",417,122,105,229,159,261,256,345,772,309,250,827,415,465,534,355
"AGPAT2",3209,450,249,252,392,2560,215,412,69,36,68,8444,140,246,192,49
"POLR1C",904,673,466,826,522,489,186,41,296,117,131,482,257,371,309,229
"ALG13",51,383,300,588,364,230,140,109,473,308,579,513,256,786,477,383
"NUPL2",80,395,339,797,453,377,86,26,293,237,460,540,440,730,676,502
"MPV17",883,713,582,1071,793,807,66,15,189,82,255,470,275,549,269,257
"ACTR1B",607,717,497,529,673,869,50,47,256,66,304,700,270,692,249,233
"TMEM62",967,345,237,304,297,288,206,146,466,103,211,874,260,417,409,322
"CSTF3",319,435,371,871,492,478,124,58,310,90,247,595,271,670,446,281
"USP6NL",56,478,344,568,361,146,100,104,415,288,858,271,390,716,525,552
"IBTK",698,471,271,449,368,235,163,61,358,115,263,945,292,514,452,308
"ZNF271P",1016,249,202,396,250,267,197,131,412,310,270,672,211,354,368,356
"RILPL2",764,691,511,1030,726,1813,104,64,95,73,84,3991,135,369,170,100
"GALNT5",417,675,409,647,611,401,87,38,222,595,698,171,148,412,260,408
"IFIT1B",0,90,137,235,131,166,314,124,210,7105,4942,113,259,184,1578,2589
"FBXW7",177,231,160,309,182,174,222,165,590,185,546,549,351,1301,501,436
"LYPLAL1",292,211,206,435,277,294,128,97,452,335,323,586,367,515,525,492
"RERE",1484,1112,579,1009,963,694,72,48,136,99,213,742,155,308,173,139
"IFT52",53,466,395,407,454,445,101,57,412,161,433,662,369,737,537,486
"EPHX1",201,413,283,261,323,344,231,192,337,61,217,672,520,988,427,351
"CRLF3",80,331,230,561,357,192,80,83,347,210,1157,389,377,884,646,597
"RPRD2",156,502,404,599,475,346,104,72,370,164,415,476,358,494,419,340
"LEO1",765,562,409,675,471,413,94,64,331,89,239,604,272,455,341,267
"PAIP1",100,426,330,582,412,375,125,47,371,175,402,480,379,797,509,461
"LHFPL2",365,296,593,287,407,909,130,56,291,181,382,716,163,508,441,266
"ITGB1",47,819,429,490,611,288,35,46,256,219,1256,249,299,1561,476,530
"HNRNPU-AS1",216,449,187,337,334,530,146,90,495,122,268,1195,274,1091,317,271
"ABHD11",1958,411,317,509,375,396,148,189,402,66,150,475,254,425,275,213
"ISYNA1",2251,991,646,674,629,578,144,49,212,88,86,1177,173,365,157,108
"PLGRKT",88,392,363,473,436,406,96,59,358,154,362,542,460,726,600,493
"PEX6",721,198,288,292,523,356,76,318,127,202,77,1187,394,778,583,269
"DPM1",0,812,617,1098,832,459,72,27,289,214,467,415,368,816,630,466
"MACF1",1497,920,434,737,720,996,87,56,130,67,131,2262,159,336,195,118
"ZFP36L1",300,248,258,383,426,580,185,120,315,76,346,716,288,1498,423,151
"U2AF1L4",905,99,173,212,166,542,231,200,425,261,243,838,298,564,386,353
"DCAKD",534,375,283,375,409,387,117,109,355,111,344,620,286,705,361,263
"KIAA1467",114,156,175,267,215,364,136,107,600,512,822,461,331,402,653,698
"DRAM1",624,484,405,435,537,719,116,71,268,105,180,954,196,486,341,237
"MSL3",104,489,316,500,408,269,155,77,434,137,393,962,286,605,445,351
"IFITM2",11517,1680,1440,935,1521,4841,36,37,81,17,14,3293,109,123,53,76
"DUSP23",928,239,194,344,305,663,429,240,370,68,61,2580,355,244,333,145
"ZNF337",750,181,207,392,290,464,144,110,370,117,269,828,272,513,496,412
"CCDC6",266,1027,530,787,751,324,105,41,283,73,234,749,273,522,393,217
"NMRK1",374,215,196,404,295,383,115,128,479,481,321,511,182,446,397,512
"HAGHL",1669,563,475,710,496,893,412,222,270,33,47,683,234,324,169,80
"CHAMP1",102,914,457,844,638,279,92,46,365,110,608,241,283,645,445,399
"LSM6",175,498,374,823,494,393,88,66,341,125,257,689,289,568,556,283
"GAS2L3",44,295,206,353,273,101,106,183,631,197,991,338,455,1280,773,533
"ENGASE",885,332,219,380,321,776,170,186,297,70,126,832,440,509,161,377
"NIF3L1",180,436,358,707,470,367,66,23,367,231,549,378,347,657,530,451
"SLC12A4",82,196,253,232,298,312,202,167,637,123,423,471,460,1192,513,457
"G6PC3",2059,948,546,929,803,998,168,79,189,40,74,1208,180,238,142,88
"C16orf95",250,133,113,143,174,197,418,419,1195,86,256,577,596,837,706,330
"ZNF84",1271,338,274,540,420,324,118,129,346,64,179,849,191,750,305,290
"PHC3",127,326,278,502,367,230,76,71,308,251,652,643,346,817,550,436
"SLC35E1",284,435,334,447,432,460,93,93,176,414,369,781,183,415,360,325
"N4BP1",881,394,218,389,411,755,115,106,295,119,340,451,219,515,306,285
"MBOAT1",750,667,513,656,744,405,78,39,244,138,296,475,227,421,333,219
"SNIP1",363,450,246,389,359,316,141,123,357,204,371,500,243,452,391,349
"BORA",510,312,213,544,289,212,107,75,406,142,804,281,275,824,487,441
"WASH2P",1087,86,87,432,133,197,310,260,1097,317,326,335,201,531,409,460
"C2CD3",119,284,281,603,285,277,77,40,323,489,1171,217,385,608,535,710
"SEMA4D",1568,751,340,608,438,746,78,70,206,110,164,2378,138,394,139,160
"ZDHHC20",186,884,428,637,624,221,103,68,261,113,318,790,230,659,357,306
"C15orf40",685,207,177,316,231,190,248,185,605,196,246,608,295,454,433,367
"IDH1",252,900,618,676,798,1250,79,60,100,60,260,1022,130,1459,185,161
"EVA1C",631,339,275,546,361,209,283,146,472,176,246,236,298,290,381,356
"OSBPL8",114,615,371,482,621,149,81,55,373,146,459,503,372,885,596,391
"RPUSD2",444,366,268,548,365,295,225,132,464,107,177,527,362,403,390,281
"SACM1L",192,485,305,542,387,330,116,98,276,124,445,755,282,709,413,261
"RAB3GAP2",349,395,314,468,387,305,92,67,424,179,435,466,256,598,452,353
"MBNL3",134,558,330,621,496,95,89,68,371,295,832,332,284,543,538,453
"WHAMM",470,212,143,325,206,226,143,108,395,373,588,557,317,477,498,480
"INTS12",228,338,271,543,399,336,79,64,378,204,536,379,308,647,432,519
"ARL1",301,649,408,811,533,323,83,53,282,116,267,544,247,537,482,339
"FCER1G",3134,112,150,80,278,3989,237,142,51,48,165,6341,256,636,476,98
"NSRP1",249,322,262,749,373,262,146,61,362,208,363,570,305,515,391,420
"BAG3",186,923,726,965,668,577,56,18,161,312,556,196,312,300,308,478
"MEF2BNB",583,166,166,269,170,295,233,238,539,216,238,749,322,489,398,367
"C18orf25",211,536,380,646,436,207,124,60,374,133,499,602,218,633,404,333
"ABCG2",11,86,144,328,169,111,164,160,374,1227,1748,349,414,788,1032,1131
"C20orf196",260,144,159,266,164,245,251,166,571,476,296,808,291,473,507,467
"GCC1",259,353,219,237,302,417,187,108,392,400,412,371,251,509,409,367
"PRCP",275,532,410,350,499,936,91,81,184,132,231,3129,164,450,262,192
"STARD4",221,597,517,505,680,558,72,37,346,121,547,699,231,243,453,315
"CREB3L2",254,835,548,615,669,633,79,79,151,139,297,1038,165,295,367,211
"PCED1A",1060,245,266,300,332,710,151,131,446,78,150,1654,224,690,226,164
"QDPR",526,533,403,483,506,514,162,134,196,72,59,1122,402,430,383,225
"GPN2",265,440,315,234,349,383,198,127,419,166,202,894,262,543,380,273
"TTF1",119,333,350,549,417,339,113,80,414,205,453,339,280,541,449,582
"TERF2",422,360,252,362,368,364,124,112,324,144,370,551,273,665,337,351
"RABGAP1",470,307,254,331,349,441,139,90,279,266,393,536,218,512,363,356
"ZKSCAN5",1101,277,183,284,226,291,161,150,394,201,390,683,200,487,324,316
"IL18",450,214,190,697,316,605,112,121,490,251,364,1056,140,274,281,302
"CHURC1",334,674,496,345,294,368,122,67,274,179,590,564,209,436,364,267
"NFS1",322,466,425,616,618,359,95,52,304,117,328,518,316,518,352,311
"MED7",106,136,169,282,205,253,228,246,766,183,378,617,294,950,650,419
"NECAP1",109,330,245,427,349,266,112,90,405,326,606,464,296,612,452,457
"RASA3",928,855,525,730,783,678,82,22,143,136,220,615,209,462,217,220
"MTR",620,619,455,720,555,403,103,67,265,60,282,445,220,663,306,248
"ERGIC2",265,343,267,385,321,216,161,109,381,159,366,691,274,701,462,330
"TMC5",18,138,120,215,247,292,200,208,584,1456,1128,198,288,349,666,1153
"PEAK1",404,431,350,533,427,389,107,70,313,134,525,306,223,640,335,357
"CCDC90B",419,412,393,573,427,325,105,88,218,173,287,548,270,467,344,372
"DLAT",165,611,413,759,522,206,156,81,372,93,299,426,285,526,493,319
"ARG1",0,80,176,325,140,138,78,48,239,6112,4330,387,299,289,1622,2338
"ELK1",761,1044,639,1076,888,561,102,33,153,130,253,421,209,255,143,239
"PXMP4",347,221,224,268,264,351,185,187,619,121,291,662,306,572,449,294
"ZNF653",260,205,157,380,211,370,250,201,426,693,439,377,244,233,343,406
"SGSM2",2920,514,320,685,402,900,139,91,257,55,110,575,224,520,178,130
"SLC2A4",106,80,108,186,193,359,98,158,610,1399,1590,172,273,706,563,843
"TRIM5",181,459,471,457,555,318,81,50,243,294,516,410,211,572,507,361
"TOPORS",43,459,273,540,407,200,77,56,257,631,1044,216,366,711,678,519
"TIMM8A",661,184,150,202,172,197,316,195,526,177,265,704,385,382,551,439
"POC1B",41,219,204,289,294,157,107,89,542,487,1120,309,416,944,748,588
"HMGN3",624,636,467,704,652,552,154,66,242,41,93,2150,210,411,285,144
"TMEM126B",59,698,436,970,594,395,76,27,279,152,310,542,346,782,478,424
"KDM7A",90,156,206,457,241,184,61,76,349,1077,1929,153,317,655,719,799
"TSEN15",265,508,340,703,449,482,120,121,276,64,276,513,235,928,259,291
"TRMT2B",869,318,170,394,277,274,145,181,424,114,314,561,249,525,366,305
"SMAP1",274,565,376,513,423,254,118,130,288,162,377,517,196,487,371,280
"OSTM1",88,336,188,353,274,209,141,139,436,288,496,458,294,715,675,483
"KIF18A",42,309,239,695,352,115,102,78,448,257,1052,239,397,1081,664,577
"NFRKB",720,456,300,414,378,410,173,142,238,116,187,977,277,353,240,230
"MARCKSL1",806,238,164,815,313,359,158,56,358,147,241,1423,304,270,406,266
"PGAP3",1055,581,373,526,369,545,180,112,406,62,135,624,230,483,221,147
"MVK",769,475,420,417,471,1015,165,101,307,66,175,758,213,208,312,198
"NOA1",149,653,560,547,660,478,75,58,289,134,352,472,250,709,316,257
"CCDC159",1062,189,168,183,220,500,275,253,437,125,104,1894,284,407,307,220
"YTHDF3",42,522,321,429,463,255,130,99,260,248,520,703,253,727,482,368
"TBC1D9B",1465,1675,926,1052,1253,1211,86,14,113,38,108,957,183,440,139,79
"TMEM63A",890,318,205,334,310,841,139,163,430,99,239,497,233,567,245,218
"ITGA5",1056,419,304,320,561,1240,176,85,111,103,188,3362,166,602,81,118
"CREBL2",266,358,312,345,390,354,89,71,210,519,530,411,226,529,435,368
"AASDHPPT",115,577,433,754,587,201,117,63,309,157,372,457,285,559,516,294
"SNX14",715,853,616,564,723,671,96,85,221,59,127,1066,224,377,224,113
"ERAP1",307,513,314,286,286,261,81,63,322,94,450,806,302,979,486,446
"MAPKAPK5",373,456,302,452,388,318,140,49,371,132,299,465,300,580,477,349
"THAP5",65,286,180,224,269,127,199,161,521,331,493,553,353,853,687,467
"ZC3H13",463,408,280,575,394,194,331,80,262,231,352,308,334,312,287,324
"CSF2RB",380,3100,1474,660,1043,1194,47,85,97,37,75,4833,179,281,74,62
"CCDC84",1137,255,178,719,249,402,99,43,387,229,359,423,272,437,353,414
"CDC73",2,497,342,503,445,143,162,84,424,342,684,492,314,729,634,507
"MIOS",415,292,239,335,277,381,190,103,355,142,308,676,271,592,402,297
"RABL3",289,406,327,362,336,280,143,131,406,133,304,530,250,524,433,329
"RBM4",123,440,261,364,320,350,68,75,411,268,501,589,288,732,414,443
"STXBP3",56,610,387,701,514,238,46,31,151,924,885,324,244,490,632,524
"TESPA1",1092,685,500,678,597,1101,48,20,80,390,747,1095,143,165,84,260
"TSR1",390,908,596,745,697,383,134,32,260,86,257,276,307,454,282,268
"CSTF2",324,515,410,772,470,336,106,49,336,86,248,357,362,618,378,357
"SYS1",584,377,286,399,422,616,194,139,229,214,201,709,184,296,278,200
"TSPYL2",495,186,328,268,301,301,186,115,368,198,379,515,347,426,308,384
"PIK3C3",123,324,277,403,334,324,150,85,327,303,453,650,256,519,381,413
"B4GALT7",895,298,282,319,301,501,274,189,537,128,135,1054,201,355,179,147
"ZNF213",466,316,255,356,345,396,145,112,381,225,453,426,189,551,230,317
"TSKU",77,434,459,437,445,401,116,66,316,377,530,179,268,573,359,546
"MRRF",762,639,433,900,536,413,131,32,262,132,231,434,165,473,263,240
"RCBTB1",77,665,415,676,633,207,76,52,281,231,497,330,318,618,476,405
"ING1",403,219,210,324,264,288,130,120,429,198,423,469,324,565,440,388
"KPNA3",66,680,364,637,540,152,93,52,290,166,611,360,372,724,490,507
"GABPB1",107,468,314,492,369,188,99,59,308,193,541,348,336,862,609,525
"HOXB2",172,378,365,832,493,430,84,45,187,312,602,302,222,466,386,470
"DCLRE1A",317,540,494,770,709,232,70,45,336,114,435,350,204,550,416,333
"ORAOV1",501,449,248,700,327,429,136,68,311,184,285,584,199,465,292,266
"ARHGAP15",726,1103,648,633,725,865,74,36,112,147,85,2816,132,299,166,162
"TUBB1",120,504,225,518,340,339,108,62,337,374,786,322,259,402,342,525
"PKNOX1",133,207,172,264,217,260,176,126,577,225,508,643,315,624,556,483
"TGIF1",530,585,469,833,567,879,60,48,111,284,285,607,131,530,187,217
"LRRC58",296,702,424,751,573,233,116,139,214,144,293,414,209,451,272,233
"C6orf120",44,476,350,566,463,290,72,57,324,339,638,281,258,663,642,520
"MRPL50",246,501,372,882,476,233,116,61,344,174,309,315,274,423,477,307
"RN7SL1",1027,90,408,282,123,537,306,261,371,383,91,806,217,347,290,236
"PHF14",478,408,334,592,425,341,206,82,236,125,180,1084,226,355,337,215
"GOLGA1",129,257,203,450,316,369,117,120,429,252,424,512,240,696,465,368
"PGAP2",746,457,401,475,436,342,127,78,316,70,278,502,242,594,309,228
"MMGT1",69,440,261,210,337,344,172,150,564,118,344,1067,309,542,525,282
"TLK2",383,282,175,321,238,291,164,104,321,344,419,620,264,475,346,378
"APPL2",183,282,265,390,256,319,61,51,311,704,947,259,260,600,502,502
"MEF2A",343,416,272,465,442,314,110,128,264,163,368,618,231,513,371,213
"GINS4",264,420,327,682,421,219,128,87,401,95,388,311,229,691,424,389
"ELF1",37,1365,722,1086,1121,443,27,14,127,306,811,404,216,556,306,388
"TSPAN4",541,361,254,379,316,1227,126,115,282,130,120,1417,200,475,329,142
"PAK1IP1",141,633,424,870,575,322,86,25,358,96,256,496,366,602,526,364
"CIDECP",289,109,109,191,135,276,186,198,550,546,413,546,340,571,522,510
"ATXN3",364,361,262,433,324,311,107,90,282,344,340,540,222,496,381,289
"OSBPL3",712,1181,641,1215,1006,307,67,28,212,78,211,323,226,473,253,185
"UPF3B",736,346,227,493,303,314,194,96,291,115,257,501,282,500,354,280
"ICE1",124,551,364,730,376,342,93,44,307,205,479,470,270,478,414,377
"SDHC",8,679,503,537,660,423,104,53,332,162,393,615,335,608,481,396
"ZHX3",850,612,603,490,521,366,115,105,318,44,211,344,250,473,291,202
"FZD5",0,121,118,404,191,189,158,110,593,569,1426,433,435,1079,706,898
"FAM114A2",85,429,466,498,521,225,114,51,288,195,497,366,310,609,583,401
"ZNF175",190,488,337,443,358,344,83,52,276,386,640,273,210,461,457,448
"INO80",75,678,338,655,501,481,135,42,259,218,423,557,234,514,303,333
"RBMS1",77,433,276,391,366,339,122,100,349,255,368,767,291,449,453,342
"MAP3K2",143,315,201,276,256,300,122,87,303,414,497,824,256,572,511,372
"DNAJC2",602,502,365,918,500,367,106,33,279,166,320,303,279,429,270,262
"LINS",400,205,153,362,237,268,152,87,471,269,413,466,258,539,434,528
"CEMP1",1280,131,123,244,129,480,345,276,585,256,136,875,205,318,291,268
"COX11",110,475,435,602,490,187,92,55,340,143,460,605,319,578,415,381
"VPS13A",168,480,299,644,413,165,75,56,294,264,669,248,328,1077,358,341
"C1orf112",199,222,182,309,265,226,151,94,567,145,454,569,364,653,604,435
"BIRC6",205,610,361,683,526,313,84,64,193,161,373,436,274,605,397,280
"CDR2",15,260,211,454,389,292,63,69,261,1223,1314,178,320,858,482,747
"OSBPL6",1898,1391,498,916,1225,250,106,154,196,47,207,93,187,642,64,191
"STX17",110,402,299,378,456,265,92,55,289,268,621,394,319,691,386,503
"RPS6KB1",178,470,294,586,384,188,121,79,327,231,358,423,283,558,395,373
"FAM129A",236,411,187,561,196,613,80,83,128,162,956,823,177,2354,162,260
"SYPL1",57,802,413,559,629,463,73,45,252,136,357,462,304,683,465,379
"NXT1",31,478,306,616,392,470,203,77,422,117,248,767,424,389,500,321
"PI4K2B",47,530,282,549,485,152,109,80,381,134,566,365,367,782,596,472
"MTX2",182,375,321,651,465,389,59,35,335,126,342,385,377,829,520,456
"SESN1",222,310,355,545,490,308,92,35,281,486,512,513,173,360,414,385
"GOLPH3L",54,377,311,465,408,252,141,83,380,273,419,689,243,489,518,352
"ITPKC",265,208,165,219,243,703,151,79,144,798,611,473,207,390,380,591
"CENPV",302,451,388,448,397,349,164,84,392,106,131,662,380,426,356,260
"MED21",23,446,320,575,431,256,119,43,348,304,612,495,259,704,558,474
"ZNF142",597,350,219,466,314,335,163,116,423,81,292,404,325,565,266,296
"ELMO1",830,3053,1328,1646,2641,1405,53,4,51,140,114,660,124,162,83,120
"AP5M1",66,519,336,733,429,164,104,65,348,183,486,461,284,580,505,460
"STYX",369,392,360,383,343,160,193,159,409,120,230,632,229,493,359,261
"TNFAIP8",294,466,253,483,393,462,85,101,224,105,367,1354,175,689,283,228
"TMEM87A",639,672,331,651,495,578,56,47,205,155,248,1274,139,366,275,209
"SNRNP27",2,433,330,735,452,200,122,68,351,272,544,446,387,529,718,595
"ARRDC1",1181,464,297,471,442,1343,157,162,184,51,82,2877,143,326,162,86
"PRKX",1346,1668,411,409,678,773,136,55,290,51,140,670,190,252,146,119
"ANAPC15",27,228,169,270,269,304,252,144,616,203,298,949,374,697,543,432
"TMX3",200,859,432,604,760,362,71,49,287,107,214,543,264,538,368,250
"KLC4",306,231,226,290,281,565,105,89,369,372,310,742,210,521,292,342
"NUMBL",299,528,346,582,405,419,73,61,99,509,714,163,208,333,339,568
"SCRN2",580,327,353,321,405,713,164,175,210,81,82,1556,235,533,293,140
"CENPC",115,574,350,528,471,220,64,49,284,260,593,267,291,718,502,407
"WDR45B",149,858,561,871,695,458,58,44,221,158,399,445,233,411,232,269
"ZNF507",475,269,226,408,302,246,111,100,400,206,441,343,244,577,385,351
"HDC",19709,2357,1102,186,687,2921,38,50,35,19,51,3264,142,307,48,51
"SLC5A6",1149,914,506,1109,620,515,140,34,211,67,122,571,185,261,212,178
"CRAMP1L",80,437,310,710,399,404,64,47,290,305,746,242,281,697,352,443
"WDR73",384,384,259,485,314,331,125,76,337,174,354,459,202,463,362,376
"TMA16",520,472,310,503,451,227,186,89,350,63,155,706,308,544,373,202
"CUL2",72,514,307,596,459,339,91,42,279,179,448,475,308,631,493,445
"SDAD1",409,734,400,776,523,411,109,50,245,110,244,388,245,435,270,238
"LITAF",954,3087,1531,369,1629,1854,60,46,44,34,71,3906,104,231,110,45
"GOLM1",936,828,1071,697,618,300,149,51,387,26,179,259,154,820,145,191
"TUBGCP4",285,379,267,342,348,240,123,119,424,105,341,394,371,655,370,324
"GALT",512,380,456,381,452,507,126,100,280,88,201,502,270,473,271,234
"ZNF646",235,331,192,386,311,412,124,64,401,300,467,391,280,584,293,335
"ENTPD1",597,261,192,400,274,919,138,99,245,64,241,1657,164,539,359,229
"PAK4",129,416,367,539,525,489,74,46,346,205,510,284,267,615,353,327
"PHF6",47,739,593,682,763,120,84,56,291,130,349,386,341,833,491,349
"NUBP1",354,408,295,599,397,473,92,57,305,123,283,554,264,440,307,363
"LOC150776",546,297,209,725,242,256,80,45,275,182,595,224,370,916,367,387
"TMEM41A",904,309,200,332,284,247,186,125,311,238,191,771,270,336,295,224
"PTOV1-AS2",1754,200,169,577,214,432,152,89,363,193,246,509,275,343,230,229
"MAP1LC3A",439,167,149,140,119,384,241,232,451,416,239,456,369,423,437,356
"WDR81",554,145,135,293,161,296,235,120,468,581,387,380,253,273,354,461
"VTI1A",626,371,225,372,260,251,169,118,411,153,297,518,280,318,302,295
"NINJ2",58,183,178,250,416,196,191,75,510,681,764,519,288,284,525,505
"MASTL",121,385,206,744,287,296,77,71,440,196,369,146,378,1237,499,450
"SLC9A8",428,316,208,406,252,438,105,86,356,193,368,585,240,486,273,353
"SNX6",210,627,418,591,583,255,73,69,230,157,350,322,232,623,375,311
"C14orf93",796,180,191,416,249,282,159,101,454,173,336,466,270,434,322,314
"HSPA13",0,269,147,301,238,150,125,164,336,534,1333,326,277,1493,755,647
"MED23",439,505,319,813,477,151,110,77,287,178,381,279,239,395,335,284
"PRSS57",2075,448,209,115,297,8225,130,581,109,28,51,11605,129,289,58,38
"RAP2C",184,536,313,477,446,185,74,60,243,301,516,439,240,508,434,355
"NEMF",222,462,292,656,401,205,138,62,290,233,310,343,256,492,393,354
"ZNF526",382,272,153,253,186,272,270,277,497,141,305,756,183,489,317,265
"TBCD",134,561,363,216,424,330,166,95,344,101,414,327,395,667,259,399
"RGS12",667,150,144,219,203,331,230,361,611,87,298,793,336,663,233,148
"JKAMP",22,499,351,561,408,347,54,42,298,415,611,468,241,544,615,533
"TAOK1",70,432,259,435,403,405,82,47,289,238,560,544,272,749,412,397
"SLC11A1",1512,242,264,204,406,2135,297,151,179,55,162,586,185,334,228,139
"GNB4",327,334,238,357,331,221,130,126,266,83,254,1437,277,622,486,222
"LMBR1L",1023,392,324,249,428,570,133,85,230,144,223,655,188,367,267,206
"NR2C1",228,358,260,581,339,235,73,67,352,164,416,492,282,541,500,380
"ATXN1L",191,449,264,506,376,323,86,88,268,251,697,170,267,493,332,430
"SLC4A1AP",60,336,276,497,342,299,118,79,410,199,404,537,304,540,473,425
"RBFA",380,619,430,719,565,563,137,52,304,51,143,530,340,541,221,173
"LONP2",195,502,380,450,427,275,89,79,295,115,382,363,287,757,327,347
"AUNIP",142,287,150,444,265,199,176,127,461,103,365,503,381,827,499,381
"CORO1B",527,1211,774,730,1027,1935,110,63,72,38,120,1201,171,258,140,76
"XPNPEP3",398,340,285,495,352,241,125,96,348,159,233,554,248,462,390,276
"MED9",517,338,192,387,286,347,193,113,351,178,247,443,222,416,309,313
"ANKRD49",878,275,189,471,277,244,100,49,312,235,422,449,223,496,399,365
"ABCD4",674,299,236,411,325,491,104,44,289,461,271,724,200,284,252,290
"RHOC",1649,1107,779,573,930,1046,191,68,97,33,37,2102,197,174,123,66
"HIPK3",65,288,187,251,287,179,147,126,336,289,455,1379,250,567,543,383
"NUDT19",230,466,280,450,381,337,146,89,328,97,235,551,304,834,290,225
"MFHAS1",6,443,353,280,395,162,131,119,296,434,1431,147,338,844,321,728
"FBXW9",534,379,248,327,292,294,336,218,355,112,110,1266,233,266,257,162
"AIMP2",31,539,356,629,484,367,107,46,301,217,401,382,289,727,402,394
"MFSD6",148,542,330,439,366,262,91,81,223,374,434,335,237,515,366,327
"ITSN1",85,104,86,194,127,298,178,88,495,743,1453,291,243,779,894,566
"ZNF865",766,383,274,422,371,711,125,112,280,111,182,797,248,287,187,188
"ARFGEF1",214,517,366,481,452,378,122,59,204,174,304,837,197,494,289,232
"E2F8",13,465,243,864,395,155,64,58,322,151,1233,249,333,1238,607,636
"DMWD",357,342,271,334,337,227,236,117,379,235,302,282,283,318,301,317
"HBP1",51,519,348,360,450,408,58,35,161,1122,1226,173,177,475,409,602
"PLSCR1",147,424,358,541,650,715,60,36,241,98,350,473,249,923,352,312
"AQR",276,605,384,885,554,317,61,52,201,131,416,283,261,562,276,318
"BRF2",41,292,254,296,282,383,139,51,441,349,423,640,352,458,486,532
"KATNAL1",161,219,143,383,218,143,176,105,596,174,757,403,306,741,433,418
"C9orf156",169,302,271,359,338,356,154,67,307,433,317,551,228,285,430,359
"CFAP97",78,637,356,301,426,117,79,68,309,298,785,187,312,702,613,451
"RYK",446,886,602,562,756,328,106,41,206,88,143,713,172,586,278,151
"SLC8B1",773,252,143,250,220,711,142,161,297,154,254,2018,158,263,243,232
"PARP4",157,1067,652,698,838,622,43,21,168,133,366,413,195,463,305,278
"TTC13",802,550,338,714,360,306,109,71,322,39,195,504,254,771,330,154
"UTP14A",524,646,440,752,548,450,149,55,232,74,209,417,218,347,229,203
"PACS2",1903,479,292,372,393,630,152,86,282,67,111,1042,181,449,177,111
"CLCN2",143,129,131,376,253,282,103,78,412,283,548,280,431,1086,462,649
"ZNF330",102,532,368,782,534,439,84,31,214,206,378,466,264,521,339,324
"PIK3R3",548,353,275,311,213,86,192,116,531,168,353,857,233,267,397,295
"CBX1",36,660,474,624,539,444,73,40,291,123,331,382,382,718,443,347
"TUFT1",36,191,241,277,183,286,193,64,202,2499,1190,126,202,285,678,1005
"RNASEH1",365,381,249,417,275,217,170,102,414,187,209,587,303,345,354,262
"RNF214",535,209,191,298,293,232,138,81,403,266,396,383,267,558,334,351
"PNMT",5130,1983,2944,1133,1866,332,130,109,299,10,21,374,133,181,61,17
"SAP25",1898,151,110,521,166,1015,199,182,340,103,166,812,244,420,170,144
"VOPP1",1836,394,188,312,242,358,203,203,374,53,145,934,180,321,252,195
"TBL2",429,475,343,260,406,565,102,80,261,113,195,1180,192,665,226,184
"ZNF33A",412,293,187,327,308,375,98,119,395,125,238,1206,189,604,294,275
"HPGD",1301,17326,7346,3038,5476,456,19,5,33,30,9,1190,344,73,46,23
"GSKIP",74,268,188,315,195,159,151,96,372,681,796,455,216,450,536,467
"CLN5",194,310,228,365,278,332,110,100,363,251,293,668,263,375,379,384
"C19orf54",1226,275,326,372,425,411,133,132,318,88,249,408,194,361,238,201
"ZNF766",410,218,159,302,232,265,163,138,557,109,289,631,248,637,357,350
"MITD1",210,398,417,607,421,457,73,32,318,115,248,587,242,625,424,324
"UNG",237,955,659,708,799,580,75,34,198,54,160,517,298,542,265,186
"IFFO1",899,216,192,409,272,716,111,70,350,74,200,1543,268,531,253,165
"PCYT1A",493,272,181,364,240,260,127,90,320,250,414,340,233,460,364,450
"LIN7C",14,373,316,458,430,174,143,91,322,248,413,466,335,722,591,420
"DYNLT1",265,292,269,466,324,499,68,71,366,112,265,627,242,705,391,335
"SNX12",260,600,496,569,547,578,62,45,237,102,254,476,202,549,304,262
"SENP2",91,443,328,394,403,205,107,65,297,239,520,377,258,643,421,371
"MED20",771,377,265,412,355,234,109,58,321,152,304,591,209,393,319,293
"ZGRF1",213,236,174,631,286,252,71,56,465,130,524,217,344,1093,397,637
"LAT2",2056,358,209,262,343,1895,108,136,100,48,131,4226,108,386,255,68
"C3orf58",11,307,227,355,284,404,38,35,115,1566,1632,169,456,601,816,842
"SMIM19",704,457,291,589,421,425,131,76,235,75,136,966,175,505,248,204
"DEF6",3352,363,328,434,371,1491,163,181,85,31,66,4620,111,294,147,50
"EXOSC5",113,545,478,679,581,624,181,77,285,46,84,991,313,559,265,166
"FLYWCH2",302,267,241,388,246,469,156,117,340,130,129,1103,361,410,308,245
"COMTD1",1142,307,277,627,378,302,256,275,515,70,84,411,237,205,201,157
"UHRF1",134,443,245,667,349,159,151,99,425,106,376,343,281,474,448,379
"UBIAD1",126,454,315,549,395,341,93,72,294,160,342,450,257,501,361,347
"IQCE",579,348,217,344,251,235,151,110,415,128,252,421,179,459,408,399
"GLS",590,766,460,565,624,383,31,29,144,117,259,546,225,559,416,243
"NFU1",253,360,278,464,327,449,124,46,424,114,169,644,285,743,356,258
"URGCP",1058,359,307,519,374,455,116,82,253,63,131,574,243,611,254,211
"IKZF5",22,329,282,391,388,190,92,58,298,552,725,312,280,584,602,596
"IL4R",3870,1388,545,776,1082,1573,116,47,52,55,57,1358,145,110,85,66
"NCOA7",80,297,207,336,373,280,98,110,252,274,560,649,220,794,322,380
"ARL5A",35,576,336,492,457,174,115,73,380,130,385,497,310,849,452,319
"APP",654,1083,539,1202,784,1501,45,35,92,62,173,2139,87,256,114,125
"GAA",1002,363,220,107,369,1187,148,124,129,78,170,2881,205,501,216,109
"ZNF480",778,318,240,503,311,343,182,112,448,90,109,585,276,327,297,216
"CAMK1D",252,297,200,387,296,332,155,134,299,265,671,488,160,322,238,278
"PCGF1",445,204,190,366,257,381,141,108,355,168,275,659,189,509,351,305
"GZF1",357,255,151,305,183,266,140,101,332,201,475,478,246,679,399,358
"PCMTD1",130,189,212,246,253,343,52,38,251,1051,856,383,217,610,570,576
"CWC22",133,484,294,767,433,376,91,26,256,149,419,363,268,703,360,365
"ARHGAP30",846,378,383,123,511,2225,191,153,72,43,99,6718,154,359,154,63
"CEP104",410,323,227,415,369,263,140,132,304,181,259,436,198,380,309,312
"ZNF7",648,373,249,466,310,298,114,57,295,109,287,413,247,545,355,304
"LINC00116",278,246,212,510,254,422,193,130,366,114,192,592,352,391,316,240
"KIAA0513",152,91,143,153,143,464,130,173,434,574,570,381,286,425,523,607
"TYMP",2369,172,187,89,294,3284,632,416,65,57,87,2865,147,149,266,54
"C10orf88",320,163,123,314,141,203,155,123,447,327,499,413,209,621,524,438
"SPHK2",651,353,281,473,401,459,123,81,330,179,198,321,256,264,246,264
"UQCC1",578,502,394,656,459,408,119,61,173,99,191,444,248,424,230,237
"ELMSAN1",139,603,278,726,407,300,79,37,238,176,630,326,193,510,428,370
"ATG16L1",266,405,282,629,350,343,106,42,180,173,497,291,252,654,277,406
"CCDC132",122,245,190,386,329,203,88,55,388,332,636,393,246,720,549,398
"RBM27",77,451,317,558,412,212,120,45,339,205,448,349,292,487,497,364
"HSD3B7",821,434,331,150,504,673,199,114,438,51,145,453,239,602,229,117
"PRPF18",4,348,259,471,356,239,100,70,343,413,529,448,328,642,609,515
"CCNB1IP1",1217,380,233,489,364,927,117,91,237,82,139,1007,128,498,170,138
"C16orf91",108,306,224,338,284,282,150,73,444,201,283,470,378,416,456,476
"SEPN1",1294,1201,781,512,640,1052,118,119,121,48,64,1303,134,164,114,72
"LINC01128",207,130,92,331,153,173,181,132,564,286,783,303,313,513,489,571
"NAGPA",651,499,367,407,383,802,151,73,276,69,94,779,237,310,240,189
"CALML4",734,290,179,511,288,334,71,43,284,197,347,585,257,463,356,298
"IDS",576,637,393,237,447,633,47,51,88,920,231,708,144,213,240,294
"RNASE2",1497,49,64,46,199,9580,66,271,149,132,266,9528,213,331,204,91
"RPP38",233,386,307,510,423,358,97,49,322,227,296,346,236,377,357,335
"NVL",280,361,251,491,381,357,134,49,349,112,249,520,237,640,327,289
"PIBF1",33,293,243,496,323,209,99,60,138,264,551,441,403,912,686,591
"HEBP2",944,570,406,705,524,850,108,33,225,67,106,1223,287,206,247,83
"FARS2",403,306,250,194,280,248,262,193,429,125,137,663,250,444,323,230
"ALG8",830,661,392,683,517,380,103,77,296,65,140,401,237,280,284,151
"PPARA",184,325,278,344,314,386,134,107,411,96,366,254,227,1340,369,194
"LZIC",101,180,167,280,242,196,173,115,587,236,314,551,309,615,485,471
"BRPF3",15,361,230,501,294,219,101,63,398,366,937,296,299,614,491,498
"CABLES2",331,176,136,342,236,259,135,114,461,119,415,352,337,750,394,414
"FUBP3",17,668,335,436,542,188,118,37,288,255,644,217,368,711,540,413
"VANGL1",164,278,212,387,277,241,91,57,357,138,725,248,311,796,567,476
"TOMM40L",1915,317,212,339,287,335,246,122,404,45,121,1088,202,259,295,146
"IQCC",464,153,109,236,133,174,285,353,689,88,242,594,280,638,410,292
"CDPF1",903,224,180,275,209,218,221,233,409,106,165,628,240,424,382,194
"GGPS1",610,291,165,435,272,341,102,103,263,219,270,569,176,433,330,286
"SERGEF",1105,280,235,251,290,408,193,193,371,71,104,993,207,371,256,162
"PHACTR4",381,862,468,695,648,353,89,90,177,85,189,439,157,393,199,221
"NEDD1",91,289,174,379,298,105,109,95,402,166,642,282,374,898,703,432
"CTU1",392,284,248,458,260,483,304,192,307,131,98,603,285,210,281,194
"MRPL32",330,491,446,939,501,413,85,23,206,116,202,453,275,436,337,240
"ALMS1",204,278,144,378,241,192,152,93,411,188,527,298,301,527,456,429
"SCOC",56,523,394,675,520,143,102,56,305,162,312,424,322,546,491,327
"DRAM2",118,374,278,330,496,635,86,41,170,337,314,865,180,544,338,280
"MFSD11",210,247,207,354,287,259,114,179,396,138,335,532,232,464,406,310
"ZNF621",412,373,239,616,334,330,60,74,209,155,418,332,237,647,290,309
"E2F3",271,687,325,628,463,315,77,63,170,254,262,477,194,363,273,236
"ZNF687",109,498,370,517,467,528,60,55,246,189,508,266,247,546,246,347
"CDK2AP1",448,913,829,1394,685,530,63,18,150,64,120,1126,179,270,214,157
"PRKRIR",16,496,288,588,441,296,133,79,441,147,325,693,238,509,407,318
"LRSAM1",687,221,239,256,328,710,168,159,333,137,148,1123,180,277,210,147
"DCP1B",152,198,264,389,334,301,106,82,317,723,427,300,231,242,356,431
"NKAP",181,261,266,353,290,348,136,79,370,174,292,537,261,476,388,306
"GEMIN8",624,292,272,377,374,341,158,167,375,80,183,500,224,365,245,195
"ESCO2",0,242,218,368,289,102,111,81,590,197,762,248,455,1256,842,908
"DHCR7",779,1539,905,787,1228,2340,55,26,124,44,137,917,112,78,161,91
"COQ7",792,260,182,405,268,200,140,140,431,134,228,575,195,411,271,265
"KCTD5",93,576,361,800,501,462,55,32,228,199,425,418,210,430,357,326
"GOLGA8A",2816,255,246,455,591,572,71,59,284,67,228,928,131,411,154,139
"HEMK1",670,307,310,253,392,652,221,116,377,62,104,711,228,469,206,145
"PABPN1",24,528,331,653,427,406,251,78,271,153,240,377,381,423,270,299
"AP3S1",67,881,670,860,759,419,50,30,175,117,264,661,213,398,304,303
"PKN2",22,335,191,424,360,91,92,84,285,374,981,454,254,729,575,554
"SEC14L4",110,103,147,279,172,42,195,147,655,260,1409,237,479,551,476,754
"ANXA5",224,903,836,579,723,1377,61,19,29,121,330,742,180,431,264,150
"PTPRJ",303,55,145,160,187,609,141,111,293,156,407,1105,337,959,371,355
"FBXL5",473,423,327,408,471,508,37,46,172,107,319,895,216,520,294,279
"APOL6",129,142,78,129,131,328,115,342,414,263,751,507,208,1698,337,391
"NANOS1",120,243,192,344,247,240,179,110,511,141,225,551,348,662,411,337
"KRAS",82,457,334,347,411,248,76,73,252,180,538,337,269,609,437,397
"UVRAG",169,384,251,506,371,360,55,24,270,248,737,273,276,488,404,472
"FADS3",1728,995,608,893,689,430,148,27,167,59,118,389,190,293,109,131
"FAM49B",108,873,567,526,830,696,61,30,107,86,241,1005,215,426,365,197
"CSNK2A2",327,381,323,529,448,378,103,104,222,138,300,353,190,553,235,196
"GATAD1",268,492,347,545,451,426,88,88,241,100,197,619,213,445,263,214
"NAT6",1216,227,211,372,286,598,90,132,264,99,173,1452,210,294,161,195
"GMFB",202,826,415,491,578,223,97,44,252,117,229,387,233,483,368,266
"TRAF6",286,299,185,307,265,283,88,82,325,186,446,436,241,613,394,345
"METTL23",397,299,291,304,367,412,76,55,339,101,216,647,293,534,383,302
"ATF7IP2",979,168,210,325,241,324,95,76,245,169,227,728,245,815,279,247
"CHERP",166,673,431,870,595,434,81,26,178,159,489,193,222,483,209,334
"TGFBRAP1",430,759,433,497,555,441,96,72,199,63,158,835,218,315,212,178
"FANCC",194,264,217,372,273,245,147,100,469,90,326,328,329,745,365,362
"NAA40",660,352,234,531,302,303,124,72,371,114,286,378,233,335,265,261
"ANKRD28",224,1321,590,563,875,397,64,40,174,67,213,894,176,374,209,166
"HNRNPLL",73,502,386,465,487,284,81,51,244,165,373,525,270,522,399,309
"RSBN1",184,250,190,330,261,164,92,64,327,298,586,614,222,597,456,379
"TP53I3",1535,449,337,410,379,242,136,98,292,80,141,630,172,357,217,164
"LARP1B",237,420,279,441,316,149,82,85,356,110,372,289,277,769,425,365
"SNX13",171,274,246,333,276,178,99,70,284,312,573,304,244,625,480,390
"ZNF767P",1108,155,95,241,163,415,190,152,357,230,222,790,192,527,258,203
"MIER2",980,430,212,454,314,511,121,98,295,62,243,395,202,366,251,210
"SEC23IP",370,594,340,627,505,309,62,36,205,182,353,310,203,393,321,289
"PARP9",106,385,275,440,308,313,72,42,353,141,503,401,250,643,480,453
"D2HGDH",2571,228,144,305,230,642,244,108,236,32,121,1230,314,524,204,110
"TUBGCP3",111,278,179,197,243,288,79,107,431,169,652,386,336,837,416,393
"RASA1",201,349,215,307,375,186,118,84,264,181,466,499,236,614,383,285
"C5orf24",133,491,307,454,401,152,101,80,278,167,365,368,252,687,374,293
"MRPS14",61,379,247,424,396,373,157,78,393,149,184,744,285,401,435,278
"CD70",832,1451,1211,986,935,386,95,8,220,147,66,211,218,86,208,290
"UBR3",129,480,319,434,421,176,107,46,198,275,355,279,298,667,463,306
"SLC41A3",258,436,254,414,430,449,101,63,264,111,281,476,219,492,283,292
"SKP2",242,445,418,450,440,277,96,89,321,72,239,536,226,429,319,256
"RAB4A",247,384,244,450,409,427,117,74,224,127,240,642,246,537,284,197
"RPL26L1",165,317,279,618,387,311,148,81,388,71,172,622,323,390,430,234
"DFFA",460,298,215,353,327,246,254,180,338,110,134,669,262,225,292,233
"TRIM65",682,657,337,622,482,570,121,68,217,49,119,736,208,362,202,136
"COIL",304,389,281,504,335,221,142,62,322,87,293,494,218,514,319,312
"RITA1",543,411,311,363,445,485,134,69,303,90,149,699,226,253,240,243
"FAM76B",22,328,164,349,288,108,95,79,362,395,811,411,324,729,606,507
"LRRCC1",0,198,217,340,310,163,102,59,644,183,715,249,467,1618,814,635
"ELF2",327,432,233,423,312,199,81,57,365,176,417,393,224,491,380,277
"CEP120",445,181,159,264,199,134,165,228,384,111,371,501,280,703,383,251
"RNGTT",170,344,242,342,317,214,135,103,335,84,326,568,294,570,413,300
"LANCL2",645,503,275,642,381,198,117,60,278,129,223,436,176,368,270,252
"METTL1",1335,374,279,510,342,291,322,76,353,52,58,802,221,280,249,166
"PGS1",534,349,234,438,354,724,56,44,210,112,250,695,234,467,307,261
"PLA2G15",1061,279,181,136,255,706,246,226,218,75,108,2137,154,331,237,125
"DNAJC10",486,773,390,623,459,428,73,50,187,67,176,557,208,427,307,183
"SCLT1",70,232,202,489,251,235,68,87,395,177,701,258,318,779,520,471
"DTD1",68,946,591,677,700,623,114,50,266,46,103,837,255,535,215,165
"STOML1",366,215,201,316,277,295,230,163,449,61,173,448,274,689,301,249
"C1D",8,235,210,215,318,140,150,124,402,549,566,282,317,657,813,458
"C14orf159",1374,513,390,560,600,578,85,48,146,66,144,527,179,368,188,183
"SLC37A2",890,779,581,633,1058,309,68,52,83,195,208,277,115,217,218,229
"ATAD1",752,421,286,475,344,265,91,61,204,92,210,587,193,557,327,238
"ACSL3",136,565,589,475,598,472,57,44,236,86,482,259,213,369,377,318
"ZNF143",49,180,184,282,220,238,101,71,357,422,776,323,277,587,592,616
"DPH5",364,472,424,461,479,424,128,51,302,60,132,606,254,545,266,160
"ACADM",1,667,534,574,667,174,45,45,197,187,663,265,314,929,551,529
"ZMYND11",115,537,311,629,420,275,64,34,286,110,329,374,302,748,464,291
"ITFG1",59,505,308,299,422,329,65,52,267,178,489,366,293,582,481,403
"FBXO28",49,427,314,621,388,143,73,51,266,318,561,390,241,562,412,382
"SPTY2D1",153,380,206,340,353,223,120,65,262,239,454,303,276,427,416,381
"LRRC57",122,270,188,405,271,219,84,96,297,254,684,269,250,523,395,461
"NIPAL3",267,260,208,278,293,339,119,84,403,97,358,450,264,549,351,321
"TRAK1",253,419,311,503,514,374,69,38,274,211,316,461,250,280,271,273
"ARID4B",69,250,185,352,260,172,133,100,241,543,467,467,240,425,458,425
"TPCN2",1107,402,223,510,350,453,100,53,229,143,235,581,139,312,187,234
"EFTUD1",123,366,282,334,394,353,89,36,348,156,395,413,324,407,405,397
"GTPBP10",294,347,232,490,337,259,117,80,319,119,263,486,207,507,296,276
"PREP",142,519,379,565,544,496,89,54,225,79,237,572,263,377,268,256
"NBN",376,791,383,663,703,237,77,20,160,88,215,354,227,663,290,302
"ZNF839",687,223,194,507,244,346,95,83,261,162,247,489,233,462,293,236
"MUTYH",865,252,229,442,248,362,114,93,388,70,151,597,262,574,248,184
"KIF14",82,255,211,543,271,130,80,59,425,160,786,211,287,922,761,353
"POMT2",1003,345,194,477,243,378,178,106,284,193,158,479,178,207,234,184
"CCDC18",643,207,143,480,203,272,70,76,368,122,355,393,304,741,306,314
"NIFK",318,636,444,905,543,356,103,17,228,95,185,449,231,325,304,232
"MYO18A",90,248,162,299,359,320,439,62,509,89,338,552,476,553,174,254
"METTL10",300,351,270,524,334,226,85,52,254,109,289,367,278,634,458,293
"ABCD3",146,474,340,499,413,180,90,49,264,115,414,375,290,428,447,328
"GRAMD4",434,1947,920,1200,1438,1251,61,8,42,120,95,983,136,231,113,77
"ACOT9",1463,460,371,514,450,422,118,39,190,66,124,670,181,349,241,159
"LRRC75A",0,42,67,164,92,96,264,294,777,368,1144,467,708,1416,603,762
"RSAD1",2036,446,304,562,394,520,138,55,204,37,54,1265,210,378,185,125
"LYN",960,1887,740,1813,1502,1022,60,13,59,40,103,1258,88,182,146,53
"UBOX5",466,202,199,196,183,344,119,253,321,172,229,701,230,378,278,247
"ZNF740",143,522,287,362,390,586,123,39,267,127,207,667,219,643,231,243
"FUK",1260,275,201,305,269,363,158,121,292,170,145,502,147,373,210,209
"TMEM2",276,930,666,744,890,491,75,18,141,114,171,209,234,531,227,184
"COG7",257,324,328,486,400,410,72,54,270,123,265,464,219,523,319,258
"PCYOX1L",912,287,304,298,298,607,70,88,256,75,123,606,284,463,316,195
"IMPDH1",1854,1051,519,684,600,1454,118,68,71,40,93,859,117,198,106,65
"FAM127B",664,215,199,354,248,430,101,85,334,100,238,363,222,810,272,255
"C3orf62",1316,207,154,398,174,340,124,56,189,459,372,702,138,221,227,291
"PURA",182,414,230,501,320,172,95,60,374,123,338,401,245,747,360,282
"LRRC20",269,233,245,188,235,182,235,208,701,81,228,487,307,299,358,261
"FBXO33",55,333,207,279,238,197,114,121,273,558,448,491,197,300,489,450
"DIP2A",398,263,267,323,331,353,73,58,257,250,429,483,193,399,242,289
"DHX33",713,549,317,579,385,329,127,133,258,62,152,342,182,261,246,193
"SOX12",1518,754,484,405,535,547,123,46,153,35,112,894,166,321,163,123
"LMAN1",64,1096,800,759,962,469,64,24,147,146,244,346,212,454,240,167
"TRAPPC2",310,266,248,406,263,282,110,102,271,156,231,526,220,429,346,286
"BOD1L1",18,471,264,708,429,241,125,67,235,206,539,240,235,676,416,341
"SUCLG2",39,693,454,545,678,216,178,79,286,70,215,523,255,534,329,168
"TMEM39B",902,391,276,379,360,357,144,107,249,76,139,979,174,288,201,148
"RBM28",376,501,371,806,431,332,113,48,289,83,167,322,197,449,252,216
"NMD3",59,399,317,460,398,136,104,69,302,202,391,582,246,566,363,289
"MED14",305,565,358,587,464,209,71,56,234,81,389,362,204,499,291,246
"UFSP2",87,327,269,229,398,265,134,101,390,131,276,391,288,509,464,314
"PDLIM1",1601,1291,631,1161,919,1348,91,19,86,17,106,604,181,290,134,45
"PDHX",101,361,287,571,375,136,91,81,294,139,290,450,288,531,445,344
"FMNL1",1534,1118,616,746,1006,2471,69,41,27,25,99,3094,103,198,86,39
"MANBA",2091,421,210,342,327,1165,79,85,150,48,71,3061,118,408,178,89
"METTL4",43,173,156,348,183,171,130,113,430,332,708,326,249,584,618,462
"APOBEC3B",61,469,336,766,534,116,38,37,316,258,531,251,443,283,499,477
"ING2",109,376,314,301,375,274,107,60,456,121,248,472,337,375,440,300
"CPD",211,365,233,189,316,790,83,56,210,94,220,2450,184,499,348,192
"METTL2A",244,266,187,232,244,188,211,121,468,145,267,389,283,425,373,289
"SAMD4B",168,378,299,472,358,325,63,42,194,423,797,129,211,555,218,389
"CLU",2239,1292,492,132,373,4494,77,173,63,34,41,3256,130,297,38,51
"VPS4B",30,455,258,327,386,276,101,109,232,268,315,711,226,411,419,303
"DNAJC11",88,810,561,536,613,251,84,30,233,106,359,207,290,566,250,336
"NTPCR",479,457,423,410,524,480,128,55,263,76,77,909,206,237,312,161
"MTF1",213,246,181,309,252,274,86,70,329,313,483,452,205,392,355,363
"PPP3CC",175,249,163,376,236,180,136,95,394,170,252,459,348,406,477,375
"CDK19",362,266,210,189,228,248,101,131,261,141,335,654,232,594,386,234
"TP53BP1",602,700,439,433,459,418,70,37,142,321,184,430,157,268,222,170
"DCTN6",34,450,292,722,433,273,72,50,272,190,441,291,252,469,501,376
"ZNF148",100,365,247,363,336,139,111,63,300,248,496,412,230,444,443,356
"ENTPD4",497,467,256,495,396,356,57,81,180,250,361,464,146,223,263,206
"CETN3",61,208,214,436,300,222,61,45,402,200,524,268,367,967,592,439
"NFIC",443,681,383,675,499,395,59,101,201,82,240,373,142,312,189,210
"NDRG1",136,382,955,139,1826,1036,46,105,172,108,145,3030,97,270,152,89
"VPS13B",94,358,269,351,297,253,78,37,193,571,717,278,184,548,347,431
"RAP1B",104,528,301,484,492,310,104,85,256,97,327,610,205,393,297,195
"GTPBP3",737,314,212,447,258,385,184,86,389,48,139,769,228,389,213,183
"SNX4",66,520,311,510,454,219,72,31,205,141,507,346,282,648,454,410
"SUMF1",433,403,278,282,388,381,125,107,252,100,184,831,192,363,274,129
"ALG12",388,280,244,320,267,448,94,92,351,124,286,378,215,448,244,276
"IGF1R",155,202,161,318,309,338,101,56,445,156,517,218,315,821,424,309
"PRDM2",703,330,202,380,344,287,69,100,220,91,332,593,181,474,259,236
"AFF4",210,530,271,436,450,278,54,42,165,350,357,206,230,426,394,365
"TRIM8",485,624,399,488,529,557,56,38,152,151,156,947,164,386,138,188
"COMMD2",66,479,347,500,388,253,87,66,280,124,354,468,225,560,339,301
"CBR1",207,599,222,622,585,550,74,50,210,109,113,846,239,340,284,214
"KIAA0391",402,536,351,457,497,314,102,58,229,81,189,382,224,360,287,236
"CCND2",650,375,342,497,489,828,138,119,81,36,83,2232,69,1014,288,47
"EBLN3",141,294,255,398,345,223,58,42,179,428,792,196,195,656,459,393
"SRD5A3",309,600,506,613,572,362,73,44,346,35,165,581,172,687,191,186
"PPM1D",27,287,214,414,261,205,94,86,285,495,621,319,215,580,419,434
"ACTR5",438,223,209,307,241,263,120,78,319,247,216,482,281,395,271,286
"ARRDC3",0,141,302,306,351,606,76,38,212,621,847,405,244,584,641,535
"AP3B1",68,778,509,727,669,441,56,15,231,140,306,411,192,403,327,305
"RTN4IP1",708,193,161,276,215,184,261,143,369,85,146,516,282,366,361,311
"BNIP3",54,343,1117,210,1766,257,130,402,1423,36,727,271,85,230,98,67
"TRRAP",538,697,357,907,481,394,63,21,168,81,295,331,193,441,234,215
"ZNF814",567,230,144,299,185,188,203,242,358,119,148,1008,197,425,247,191
"CXorf56",107,342,151,468,353,256,121,60,313,224,329,500,232,453,373,298
"BCOR",84,552,277,567,393,251,39,19,214,156,797,207,308,900,484,381
"SMYD5",1128,562,409,475,460,415,167,49,240,49,84,548,214,327,169,139
"HMG20A",114,462,322,440,453,317,84,37,273,156,293,552,213,472,323,268
"TM2D2",400,248,167,266,280,534,137,95,343,112,166,814,207,287,328,259
"APBA3",186,222,281,312,286,512,85,68,282,326,274,406,246,323,278,318
"MUT",6,351,296,340,435,257,80,68,316,201,544,344,297,751,523,405
"PEX11B",414,407,346,497,420,480,74,78,193,100,227,475,188,365,211,199
"TARBP1",373,611,555,795,607,549,42,29,173,34,191,363,220,754,223,220
"C17orf75",231,246,160,424,228,205,111,116,415,118,294,380,213,678,383,317
"B3GALT6",1209,439,306,549,432,623,155,75,219,32,51,1507,176,252,194,105
"C11orf49",466,555,457,366,419,427,135,79,252,51,155,594,177,299,217,165
"MCPH1",252,261,228,290,249,165,130,109,383,117,320,471,303,387,353,312
"DNHD1",524,140,204,425,200,493,118,61,271,322,418,351,218,362,166,276
"FAM98C",323,204,218,288,255,291,116,118,362,94,201,394,338,693,291,278
"ADAL",290,211,155,322,220,144,106,87,467,126,327,267,347,721,505,363
"PBDC1",673,499,306,533,399,445,131,60,253,67,108,832,152,292,214,162
"TBK1",192,512,353,803,457,369,36,13,179,290,416,249,218,281,414,425
"INO80D",74,385,216,450,373,298,52,29,303,232,588,336,246,693,414,366
"PRKCD",575,361,184,436,298,1396,56,35,94,224,266,1196,170,335,159,198
"ZNF195",1226,411,286,555,310,260,134,71,240,86,145,463,160,236,263,224
"VPS45",327,396,305,500,371,421,77,55,227,105,172,625,234,520,244,193
"LIMD2",2847,333,125,514,311,2267,100,175,74,23,53,7269,135,322,91,40
"ZNF628",326,265,224,281,257,315,147,171,342,319,221,323,228,192,205,269
"RFXAP",56,257,194,341,310,118,76,62,313,140,537,192,545,1189,652,511
"ST6GALNAC1",49,106,70,222,176,184,255,339,572,101,470,294,377,2227,355,298
"SLC25A13",690,775,406,651,581,234,91,41,192,58,179,385,203,316,252,172
"DMTF1",92,547,326,666,448,302,49,21,247,128,510,351,227,588,324,373
"SPA17",232,177,134,383,158,124,154,97,495,173,402,313,332,393,527,428
"TGFBR1",319,441,228,346,414,459,76,68,208,98,202,803,201,444,282,200
"ARID5A",1061,273,146,171,245,855,174,126,248,55,146,1486,168,273,262,141
"METTL3",57,645,486,754,660,505,38,21,167,134,418,207,272,619,325,303
"SHISA7",242,145,196,450,227,187,129,97,575,139,783,140,224,397,280,500
"C10orf2",209,678,447,730,528,377,147,43,264,67,122,515,232,278,202,185
"PP7080",1965,207,161,461,244,408,88,56,312,165,158,631,146,367,214,200
"RNF24",443,409,148,240,257,376,114,141,164,241,233,912,111,577,219,158
"CCBL2",238,508,326,472,405,330,93,62,256,65,237,604,191,332,369,214
"ZNF133",857,188,182,385,237,326,139,83,315,84,244,544,213,456,230,233
"IFITM3",5917,475,244,1539,190,5602,44,264,77,11,12,2479,9,49,501,192
"NEK7",122,384,325,363,556,142,32,15,162,441,952,158,252,862,529,400
"KAT5",88,460,338,488,383,491,57,20,154,215,573,323,250,603,262,371
"ABRACL",506,703,453,994,871,754,66,31,116,40,102,1539,160,246,143,118
"ZBTB33",166,307,234,318,264,183,129,99,333,111,370,538,242,512,329,256
"ZNF584",200,273,218,356,273,234,204,102,399,96,185,459,146,482,396,345
"TNKS2",25,533,334,520,466,138,73,33,282,255,647,269,267,504,439,404
"EBAG9",95,440,372,675,522,291,55,27,202,147,380,336,206,546,367,359
"NUDT18",303,154,154,104,143,293,194,371,747,175,117,1111,228,377,271,186
"WDR55",690,343,247,375,306,345,71,95,254,120,269,298,207,420,215,231
"BICD2",1254,352,200,374,304,314,97,79,236,60,232,634,195,356,233,186
"KRIT1",40,371,303,590,421,238,81,53,267,175,469,277,245,584,398,331
"AIG1",402,705,486,312,571,561,94,60,227,45,172,615,138,532,174,121
"TAPBPL",83,293,246,110,212,357,119,92,368,205,264,836,314,542,308,335
"CRTC3",492,565,339,402,411,482,55,48,184,69,318,328,176,612,221,220
"SEC22A",558,229,186,260,231,263,108,95,363,103,258,569,215,421,352,250
"ORC5",241,401,306,486,386,330,135,49,307,61,217,445,221,438,282,248
"GPNMB",152,478,224,64,338,3592,125,49,43,108,302,531,365,775,502,125
"DPY19L1",102,734,371,570,535,289,71,27,259,80,267,310,273,430,443,297
"NME2",22,696,663,790,704,942,150,73,229,55,94,595,220,346,232,119
"TRAPPC11",49,468,312,500,431,375,63,39,284,140,299,602,220,591,354,270
"MFN1",88,311,220,433,337,163,76,54,309,167,467,468,230,651,455,327
"RCN2",7,579,384,445,462,170,56,38,282,128,508,307,345,840,657,409
"MNAT1",136,397,300,476,339,256,99,64,345,78,217,553,245,504,318,277
"ZUFSP",66,195,153,508,222,206,113,53,403,157,478,387,291,791,521,370
"PHF20",537,343,267,292,298,297,118,108,220,100,201,716,189,346,243,192
"FIZ1",1137,321,180,351,276,335,171,134,304,76,137,640,153,331,192,151
"HDAC8",488,314,234,407,287,323,98,50,289,138,180,571,236,384,268,228
"ARL6IP6",71,362,252,348,375,174,104,78,236,115,613,220,261,766,437,354
"ANKRD13C",126,255,218,355,229,133,121,63,280,320,467,374,241,463,410,362
"ARFGEF2",122,564,326,509,439,230,49,14,221,212,507,205,257,585,440,384
"C12orf43",612,328,219,367,307,256,147,92,283,99,172,595,199,270,248,229
"CMKLR1",223,12,27,172,51,331,298,332,273,394,451,1529,470,338,487,642
"ANKRD13D",1866,297,209,490,325,1902,87,83,74,33,57,5424,136,385,125,58
"PPM1K",247,140,165,205,211,208,99,260,349,194,318,397,221,496,451,281
"NAPB",305,129,113,247,171,264,104,134,232,316,506,446,223,506,342,353
"UBQLN4",905,593,366,345,408,406,151,71,216,41,97,715,208,329,194,116
"KIAA1143",99,425,380,435,474,215,68,113,229,125,350,311,202,455,326,269
"CLCN5",1220,441,270,450,348,263,129,82,220,53,171,392,153,487,208,166
"DHRS7",284,753,521,596,695,987,42,37,98,93,106,1179,138,385,172,132
"PIP5K1C",1892,281,170,264,224,571,89,49,249,155,268,576,172,335,140,206
"BNIP1",178,252,197,343,245,189,188,168,410,122,172,591,250,317,313,270
"C5orf22",25,337,268,432,346,165,110,60,304,224,543,283,275,445,502,433
"ZNF688",707,175,178,230,200,443,178,229,375,84,115,855,207,355,208,159
"TESK1",657,289,203,320,317,622,60,45,221,92,272,484,208,498,235,300
"TSC22D2",29,326,167,499,308,152,60,36,320,368,1004,202,266,636,498,574
"MAP2K4",191,393,261,431,385,246,59,57,309,145,312,285,224,556,322,310
"EIF5A2",209,187,139,298,197,120,92,123,285,256,593,266,253,569,437,452
"MED11",207,190,168,330,195,315,75,64,416,446,325,271,220,436,359,388
"RLF",105,311,227,401,264,331,59,38,231,369,578,326,194,428,371,429
"ZSCAN29",390,304,208,426,260,292,82,68,236,186,331,292,197,404,315,295
"IL2RG",5648,1354,730,1089,1606,1426,59,32,66,120,58,848,71,115,20,12
"CCDC57",3147,295,258,515,285,464,217,171,193,47,51,1154,136,222,122,75
"C22orf46",790,253,233,437,353,307,188,87,339,47,115,564,254,371,205,167
"WASH3P",657,65,43,315,104,156,343,210,502,289,57,835,368,590,248,438
"COG3",210,258,173,353,242,253,139,82,304,177,314,492,205,373,342,285
"GCFC2",439,282,226,445,299,130,130,96,322,80,194,473,254,459,300,266
"TGS1",116,538,399,611,464,302,48,35,211,108,460,237,180,686,325,298
"VWCE",853,107,129,364,167,146,252,118,558,242,199,429,211,211,300,281
"VAMP5",420,67,154,128,101,343,151,145,564,742,307,1837,119,79,303,397
"RSPRY1",53,390,277,438,372,177,97,57,336,212,481,262,253,505,371,293
"PHYH",223,467,350,363,358,393,126,42,276,42,124,540,223,640,332,297
"RAPGEF1",549,755,317,348,465,869,59,44,112,60,180,761,160,467,173,174
"VPS36",205,619,338,559,500,308,61,39,188,68,285,455,203,602,293,208
"CNTRL",127,484,287,722,374,406,61,27,194,92,333,671,225,604,265,226
"DOK2",1401,386,297,347,419,1246,145,96,62,70,68,2317,155,284,109,57
"DERA",182,526,375,819,479,259,44,31,257,80,304,254,274,443,387,269
"C6orf1",790,353,300,324,305,1187,89,91,192,121,76,792,129,218,224,156
"LRRFIP1",715,701,428,665,587,570,71,67,119,71,131,960,115,238,135,106
"NPTN",122,438,244,364,408,317,44,46,174,216,461,590,187,481,373,264
"CBX4",76,519,344,644,443,456,85,61,220,55,227,407,302,752,243,179
"MND1",112,223,200,361,315,242,108,85,358,62,282,520,332,923,404,228
"TRIP11",163,205,213,340,266,189,86,65,332,333,364,330,263,398,451,293
"NEIL3",64,145,134,335,203,123,112,113,465,147,664,272,276,995,573,432
"PTS",133,195,168,589,206,172,120,68,363,163,296,329,262,543,486,412
"KIF13A",85,522,287,314,492,362,79,39,364,72,232,586,228,450,486,262
"MAN2B2",1234,352,269,269,280,581,86,65,294,45,229,1111,125,373,173,125
"LMAN2L",242,188,155,214,200,397,159,85,307,188,252,732,229,378,322,264
"TTC21B",204,209,155,265,222,143,100,108,350,321,408,339,200,432,401,381
"SAPCD2",1154,512,414,486,455,394,50,34,164,30,149,368,259,566,175,299
"ZCCHC2",96,228,178,331,220,276,90,51,207,536,604,306,240,399,418,365
"IGFBP4",702,305,356,131,214,482,116,49,143,475,119,1834,214,290,170,105
"FBXW11",25,342,256,250,291,295,85,54,219,222,548,295,265,839,501,424
"THAP9-AS1",131,433,324,654,483,436,73,24,219,114,237,498,224,588,231,228
"CLP1",63,406,262,535,352,322,79,27,304,264,339,338,250,340,371,363
"ARMCX3",75,573,542,263,450,415,89,46,207,148,223,678,157,429,328,203
"FOCAD",611,441,268,311,372,416,90,50,241,86,92,866,238,346,283,164
"EXOC8",242,277,176,375,228,162,64,94,278,194,427,328,225,565,418,289
"AGA",253,257,161,314,224,343,97,88,361,102,386,364,224,845,222,243
"C5orf51",46,363,349,552,424,320,72,41,235,162,426,263,222,556,370,349
"CNPY4",425,159,116,143,145,200,182,114,328,182,257,418,333,438,512,353
"HELQ",376,177,156,246,219,261,88,84,236,352,322,417,192,371,381,338
"NFKB2",488,571,309,466,485,1354,48,37,94,284,246,448,119,253,107,172
"BCR",2268,1321,760,605,891,746,96,45,117,36,45,1405,96,127,69,45
"ARRB1",1173,526,343,221,477,1420,93,123,100,31,61,3942,96,258,150,53
"TYW3",338,602,382,584,417,277,95,57,155,80,101,537,202,422,292,187
"RPRD1A",214,451,329,341,431,209,75,53,225,95,284,467,232,484,344,226
"PRPF39",88,463,291,730,430,142,74,33,236,126,301,320,286,625,417,305
"QPRT",374,329,454,205,416,688,163,116,238,49,99,816,204,409,175,99
"SLMAP",76,366,238,434,318,245,75,49,284,208,392,310,217,563,435,292
"INTS9",118,462,336,374,444,452,96,37,195,93,250,465,241,443,267,301
"MRPS6",603,595,383,469,431,564,166,46,153,25,50,1629,218,344,244,83
"CCDC77",519,163,146,396,234,301,106,56,412,175,282,442,190,487,263,228
"CLIP2",1678,583,353,261,346,633,202,63,104,92,51,1558,186,233,79,98
"PSMD5-AS1",305,182,120,185,184,389,147,92,367,303,334,228,180,361,344,456
"ARHGEF6",1020,1904,1090,441,1064,1179,45,23,46,29,78,1286,118,340,72,69
"FCGR2A",158,69,107,90,237,1042,93,61,392,180,396,575,306,438,586,483
"SNRK",139,206,130,237,211,233,112,109,292,250,319,914,182,384,399,330
"PPFIA1",268,437,298,628,404,298,44,27,166,114,413,316,206,498,280,351
"TMEM201",1004,448,257,487,287,305,123,53,257,66,175,421,187,314,207,179
"P2RX1",4611,1218,447,673,867,2519,60,110,25,20,40,2276,100,244,18,24
"TDG",96,296,178,499,250,141,159,75,412,160,345,470,213,298,432,308
"IRF2",54,290,255,453,332,349,29,19,198,317,976,204,245,682,405,588
"BOLA1",290,146,171,263,220,295,106,94,383,136,246,358,331,516,359,289
"FAM46A",896,618,385,124,325,425,126,77,123,46,109,4967,147,216,148,132
"FLT3LG",227,97,103,196,137,211,136,177,440,219,327,375,335,584,351,393
"RDX",71,275,180,350,270,158,101,81,278,127,585,184,301,832,527,390
"TCEAL8",1312,526,387,566,576,459,76,45,142,43,107,836,153,262,174,125
"PFKFB2",381,287,212,245,215,253,108,84,357,281,311,442,160,245,277,233
"ATXN7",199,273,137,289,202,144,80,61,263,505,567,409,180,396,406,336
"MVB12A",888,362,263,302,321,749,138,111,237,67,65,1070,165,234,197,92
"EMILIN1",1137,730,1180,449,895,1822,97,57,118,43,47,2867,78,105,58,21
"PLBD2",232,560,310,164,351,554,108,75,173,306,254,480,143,214,178,233
"DGKA",771,192,203,416,263,628,71,29,298,65,209,418,257,790,203,243
"SOCS4",139,365,174,440,252,126,95,53,375,143,384,392,222,510,439,341
"TBP",94,351,238,460,331,249,88,40,303,119,384,367,268,499,331,338
"EMC2",120,308,296,495,349,324,49,22,183,233,446,323,221,543,386,363
"CBY1",329,171,177,380,256,279,128,78,342,117,215,395,235,515,332,239
"SUSD1",189,682,274,280,355,729,72,41,217,65,145,769,196,453,250,268
"TTC14",287,393,267,369,363,320,47,43,179,115,274,606,188,532,319,264
"TMEM209",29,370,255,477,355,108,94,69,333,117,386,175,361,907,568,364
"DHODH",384,321,256,344,243,292,196,105,305,105,142,359,250,353,189,193
"C11orf21",475,508,335,732,414,464,153,84,348,11,68,562,256,524,114,117
"KIFAP3",285,370,266,368,350,273,65,43,238,190,315,250,218,404,311,285
"CCDC86",136,1018,604,857,772,645,88,5,136,96,140,293,275,271,211,218
"DCUN1D2",362,307,146,520,211,233,119,50,275,137,253,546,216,461,250,250
"AACS",357,873,581,621,743,859,45,30,130,66,160,268,164,275,158,210
"HMGXB4",4,509,292,560,395,218,77,53,265,132,593,214,260,704,430,444
"CNTLN",227,312,230,301,253,138,100,82,303,99,342,311,273,565,339,336
"ZNF219",371,482,249,544,265,658,129,81,242,68,149,418,199,249,182,176
"PHYKPL",476,216,232,260,332,626,68,48,211,107,236,725,167,598,240,186
"C1orf50",574,124,113,168,146,234,223,227,434,122,176,820,197,367,292,211
"STARD3NL",186,641,424,408,531,437,41,18,114,191,316,421,181,271,338,313
"CLK4",112,237,130,328,160,204,91,54,252,437,594,680,140,508,414,313
"FAS",89,218,190,364,262,158,59,70,276,299,579,278,206,480,523,454
"AP4E1",87,249,210,373,253,183,92,58,340,174,431,323,312,497,388,355
"SAMD9L",68,109,140,130,171,149,43,57,424,447,1207,393,241,770,583,753
"FYN",80,358,215,469,450,637,49,31,89,259,607,377,180,1021,123,361
"ERF",216,1088,573,736,626,561,64,33,104,96,250,340,187,258,126,143
"SP140L",546,269,216,319,295,334,63,55,178,155,405,307,227,334,334,242
"ANKS3",1766,216,180,449,204,326,244,123,317,61,79,724,167,290,153,124
"SLC25A36",150,496,358,474,550,283,71,42,184,112,242,381,208,533,257,206
"ZCCHC7",411,230,204,372,251,226,88,61,276,137,318,362,219,515,289,241
"MTRF1L",306,212,128,252,158,197,153,123,408,137,291,471,216,353,339,325
"PHF11",476,252,193,431,310,362,66,57,177,170,208,654,160,383,305,219
"TEFM",231,213,154,438,225,199,102,87,438,91,228,590,203,557,350,263
"PHF8",119,342,246,374,298,286,95,54,213,268,515,379,130,431,244,277
"TTC37",99,793,418,573,617,248,33,30,140,108,486,117,257,616,333,357
"HSF2",416,245,184,395,250,181,85,52,257,128,276,353,223,476,430,326
"ZNF37BP",283,167,153,528,228,226,88,66,314,245,448,300,183,314,371,288
"NDUFAF4",169,463,275,581,331,248,213,58,347,55,87,619,252,307,304,200
"COX16",140,267,190,311,240,250,208,122,339,88,137,691,180,388,406,264
"RNF2",110,280,181,342,279,98,111,111,310,135,545,269,229,531,459,310
"PPP3CA",63,648,458,396,626,257,86,53,181,92,209,1032,191,305,268,187
"PPARD",622,275,183,350,251,526,75,66,236,118,253,336,194,497,192,214
"DDX60L",80,200,247,331,292,220,84,52,313,251,376,574,194,477,316,363
"PRR34-AS1",850,90,94,249,118,181,212,152,446,220,154,555,236,210,464,290
"CDKN2AIP",44,607,464,641,589,174,49,34,202,155,410,241,219,482,353,306
"C19orf68",238,150,116,236,178,225,293,149,451,84,207,560,369,421,251,239
"PYGL",367,549,588,527,680,1774,49,64,64,37,59,3735,124,236,122,74
"USP37",130,293,166,370,247,201,96,96,304,82,338,478,228,676,332,306
"BEX4",369,807,675,674,916,825,43,21,89,142,171,741,115,325,83,81
"KIF3B",206,380,236,332,333,214,111,117,339,160,215,633,111,230,282,228
"QRSL1",434,299,202,318,283,194,137,125,274,99,224,496,172,348,226,216
"ZNF830",98,326,244,475,275,491,91,39,251,160,280,409,170,743,284,207
"FAM160B2",1367,460,284,522,382,795,108,50,120,36,71,780,187,392,145,112
"PNMA1",156,819,659,572,643,446,43,5,72,869,267,190,167,243,217,258
"FAM175B",160,378,252,546,350,243,67,43,219,172,338,384,175,396,306,291
"EEF1E1",35,299,224,432,381,173,131,58,414,96,199,517,281,670,514,258
"C12orf29",114,257,213,480,314,189,71,37,178,326,518,347,226,405,331,395
"C1QB",1309,133,184,77,489,2845,243,206,94,12,44,1286,155,499,223,133
"KIAA1524",86,277,152,443,239,111,84,67,299,135,640,251,290,545,570,419
"MKRN2",223,466,334,628,394,326,43,39,212,86,284,367,199,508,294,201
"CEP162",458,150,145,424,156,178,93,50,346,214,500,212,247,421,366,379
"LRP5",401,947,592,488,652,662,44,38,128,60,183,257,211,361,145,138
"FOXN3",226,279,190,309,306,265,66,48,262,313,307,396,260,278,383,236
"HAUS3",54,205,172,375,297,153,100,45,401,166,421,270,315,839,519,347
"RCAN1",140,281,169,241,304,273,137,77,363,81,251,567,253,409,374,271
"LIPA",1,1100,732,539,819,849,47,39,35,44,337,1813,188,657,375,94
"LOC148413",159,262,192,337,258,486,124,28,366,120,215,596,243,516,290,230
"OTUD3",122,236,197,355,219,228,57,55,309,144,478,274,267,661,401,433
"CNOT4",381,221,131,378,205,247,78,66,218,346,427,278,180,382,304,295
"EDEM3",51,328,241,331,298,157,97,42,237,233,399,737,204,504,417,287
"TMEM69",203,462,401,874,496,327,44,43,122,177,299,326,150,351,207,210
"FBXL18",459,205,135,272,232,318,150,152,281,128,264,430,173,411,172,213
"R3HDM2",101,370,303,320,386,360,66,50,224,122,438,440,223,605,202,222
"THEM4",935,548,305,520,436,342,162,163,153,60,81,413,164,248,111,102
"FKBP1B",202,57,74,121,71,235,151,160,478,349,507,491,221,1000,371,382
"ZNF226",706,197,155,292,265,236,52,66,346,164,269,508,170,426,262,284
"LSM11",229,160,123,299,203,141,131,126,468,84,308,491,228,639,365,292
"DENND6A",174,294,161,318,250,147,126,131,317,90,279,526,203,489,351,254
"SEMA6B",259,58,99,40,130,1200,229,356,322,73,149,3596,187,875,240,107
"ORAI1",364,574,329,292,558,1562,149,110,134,44,61,1743,113,220,128,62
"ERLIN2",255,430,267,427,425,281,109,55,209,80,161,687,199,405,280,140
"SCYL2",100,556,332,465,385,136,28,37,146,270,644,211,198,710,340,343
"PIGN",430,415,313,251,355,231,75,63,252,89,252,360,171,414,284,244
"LINC00938",358,208,223,324,243,254,57,55,265,152,300,437,256,516,307,250
"CCBL1",93,122,109,170,165,310,179,139,446,173,388,274,287,626,405,350
"FRMD4A",161,58,125,561,160,119,139,66,326,365,1274,369,147,223,437,543
"PINX1",171,291,251,492,332,330,252,91,325,75,98,690,240,215,219,178
"SUSD6",37,462,298,517,384,428,38,11,192,204,670,388,255,460,373,339
"USP25",190,417,276,491,378,242,64,42,161,90,436,313,203,698,311,208
"SEC24B",31,375,240,428,346,190,49,46,278,178,482,327,262,635,476,359
"GON4L",418,282,194,396,248,248,83,38,242,179,348,270,235,500,211,291
"PHLPP2",211,194,178,323,189,231,56,44,209,615,1148,77,171,345,445,548
"SMIM20",207,295,279,301,323,333,131,76,369,54,119,629,172,421,383,221
"MYO15B",5136,371,272,305,426,1772,74,67,52,30,57,2347,107,825,45,35
"SPTSSA",184,467,258,401,487,214,87,45,200,76,172,764,248,340,382,205
"P2RX4",740,461,492,217,571,1375,159,141,94,27,50,2264,136,272,68,53
"RIMS3",230,172,188,271,200,96,141,91,574,100,329,232,359,624,350,303
"ZNF639",113,468,312,593,438,158,55,37,247,138,302,410,204,418,312,293
"C22orf29",488,240,175,292,195,312,139,95,337,71,178,642,196,418,231,211
"PIK3IP1",204,217,224,81,214,854,42,20,114,1847,736,760,118,109,394,436
"ASUN",296,520,395,787,577,311,52,22,147,107,258,325,239,269,235,197
"ENOPH1",40,441,308,768,513,215,86,40,279,78,247,363,249,400,408,307
"RARA",1179,613,329,494,413,1001,84,75,92,85,89,916,122,176,84,100
"PIGX",409,316,217,371,314,294,98,85,278,60,160,535,197,321,309,221
"SLFN11",104,357,314,498,367,385,66,52,251,64,306,656,178,490,307,183
"ZFP62",215,221,147,339,214,207,113,68,421,101,218,487,256,668,328,255
"XIAP",124,412,255,347,317,241,63,71,173,259,333,248,186,477,332,287
"SNHG12",2376,341,134,577,173,421,215,61,232,65,83,938,123,189,169,142
"PVR",1280,365,239,423,291,485,110,70,265,35,129,526,255,343,116,115
"ANKMY2",40,390,244,459,341,318,79,40,249,238,342,445,195,579,251,257
"SFMBT1",507,229,149,285,229,127,175,103,398,96,283,181,224,436,287,344
"RANBP6",36,327,227,447,271,123,75,44,405,106,334,572,318,690,467,339
"BBS4",299,393,275,401,309,280,70,31,209,164,288,337,163,406,326,253
"DDX19B",970,311,214,412,289,282,87,74,186,162,208,299,161,386,174,165
"DESI2",49,688,368,633,408,225,66,39,194,117,348,335,196,437,313,284
"BIN2",1481,579,346,622,602,1231,64,39,65,41,92,2505,88,270,86,52
"TRIT1",967,471,329,660,422,312,74,16,209,73,169,361,206,241,243,189
"ATP13A2",496,425,301,358,411,858,89,66,170,54,82,656,240,336,143,142
"TTF2",200,505,212,466,324,224,53,34,202,91,488,221,261,579,339,303
"ZDHHC16",1198,419,404,455,454,629,99,41,167,69,64,591,136,192,203,139
"BCL6",262,106,196,186,154,1233,62,47,124,492,702,475,143,290,284,306
"AP4S1",324,268,188,349,251,201,116,122,255,187,221,409,161,347,213,238
"C12orf49",73,384,207,253,305,319,84,96,275,152,311,433,228,271,337,334
"SEPSECS",402,239,139,361,235,125,107,59,324,181,300,523,176,404,305,267
"NLE1",559,457,376,329,430,364,194,76,263,30,54,589,206,411,192,108
"GTF2E2",131,400,286,317,359,457,107,64,220,85,142,649,198,341,338,202
"YRDC",0,275,215,459,282,266,79,18,347,300,614,347,327,507,553,498
"DBT",357,206,177,290,252,183,121,107,281,132,292,519,159,420,246,230
"POM121C",658,305,194,413,297,254,143,64,294,79,186,390,179,301,199,216
"SGPP1",111,998,561,457,534,152,50,53,167,70,196,501,168,767,281,135
"FIG4",368,346,263,333,408,396,95,83,224,66,142,911,155,298,216,151
"NR2C2",586,435,237,705,351,187,69,41,138,156,602,150,139,413,177,233
"FIGNL1",206,346,225,478,274,120,120,80,310,82,306,390,210,352,286,281
"ALDH6A1",90,255,298,207,310,150,89,98,294,332,291,252,239,562,307,249
"MPV17L2",544,226,172,445,257,340,100,46,233,103,209,556,219,307,295,198
"KLHL24",80,243,195,203,236,408,37,40,168,687,680,556,109,529,336,369
"ZNF700",753,277,208,507,258,319,46,32,230,81,242,737,156,411,241,259
"MED26",533,273,158,302,228,230,143,66,236,141,225,647,172,238,253,250
"ZFAND1",82,403,339,322,327,244,70,70,261,85,410,377,170,815,257,217
"EAF1",33,277,209,400,272,284,79,37,208,468,602,261,173,418,415,379
"SLC41A1",311,909,533,521,702,328,66,9,265,70,188,217,157,409,220,183
"SP110",446,234,203,292,223,241,108,69,268,163,323,459,174,182,333,244
"ALG2",450,391,273,530,328,350,53,34,180,117,238,409,157,330,249,250
"CCDC53",242,279,313,426,334,387,51,25,225,158,187,530,231,316,352,252
"SLC6A19",122,922,299,177,290,119,85,21,306,701,896,40,132,138,840,453
"PHTF2",304,489,285,318,328,168,92,70,274,92,205,467,179,372,239,212
"FBXO38",33,338,234,481,303,238,59,41,209,255,549,306,202,466,466,341
"TTLL5",509,402,284,444,355,241,83,56,196,106,280,293,186,250,191,239
"FAHD2A",245,171,174,177,209,290,150,129,402,85,149,432,295,571,300,237
"TMF1",107,270,207,348,326,185,53,40,219,383,464,260,210,413,438,337
"TECPR2",241,182,147,349,167,283,139,92,260,232,331,407,184,276,250,294
"LCLAT1",9,364,288,175,395,211,144,66,358,90,211,404,296,795,526,378
"COL4A3BP",15,279,208,247,296,325,60,55,251,244,493,486,194,755,368,409
"FAM104B",200,172,157,311,170,172,122,91,380,209,283,381,225,284,385,351
"APOBEC3F",388,126,134,207,109,193,212,162,484,149,234,503,222,341,265,240
"NLRX1",851,379,289,284,437,500,92,85,233,50,117,504,179,266,163,131
"ZBED4",101,467,229,485,389,379,81,73,221,70,213,555,174,362,277,233
"LINC00667",451,243,250,370,284,470,55,36,212,129,278,293,193,478,249,244
"RIOK2",209,500,299,730,389,281,67,47,220,64,166,418,216,368,240,219
"CDK13",139,391,298,610,368,285,56,30,145,139,398,355,206,477,247,255
"WASH1",1060,87,112,230,28,194,341,56,596,113,537,1015,323,177,324,165
"PLXNA3",843,297,218,321,289,336,121,41,86,95,153,344,306,558,208,236
"CTSG",762,39,30,65,110,6079,178,528,77,59,127,23073,96,374,177,46
"ATF1",92,375,176,310,307,158,92,68,211,203,442,244,203,455,480,289
"NDUFAF1",124,226,221,485,275,339,122,88,312,140,128,579,159,401,186,302
"SEC22B",130,433,295,420,423,254,46,11,130,289,525,182,244,592,312,332
"ZNF264",323,290,236,291,220,247,92,115,228,128,312,446,138,389,237,188
"RNF185",159,255,240,292,299,470,73,52,195,235,348,358,145,442,204,295
"C1QC",275,100,132,76,361,2509,192,94,56,55,150,932,252,764,445,143
"RNF19B",0,302,236,151,252,414,55,53,259,305,488,600,315,510,416,520
"PIGA",65,182,136,264,173,81,134,117,411,199,476,259,328,497,602,336
"ATF3",1,55,76,136,77,379,153,137,365,322,985,230,558,1336,538,596
"ZMYM6",202,311,210,408,240,271,62,48,245,141,316,608,160,394,295,254
"KMT2E-AS1",514,73,92,218,79,549,166,149,323,275,223,396,231,308,281,264
"UTP15",376,382,243,563,341,147,108,48,273,91,192,379,217,226,274,253
"LYST",140,118,101,192,199,526,48,68,238,147,478,993,274,602,375,279
"LOC100506548",373,408,345,328,324,462,100,75,194,81,144,722,112,471,170,105
"REEP3",386,264,151,347,232,325,65,42,204,480,266,210,176,371,306,258
"APC",137,352,184,430,277,110,77,43,274,173,400,349,233,508,358,284
"ITGAE",631,365,146,269,242,413,135,83,252,86,108,578,171,255,276,191
"DTNBP1",246,325,226,271,305,527,140,97,274,50,90,1027,182,292,234,172
"HLA-A",0,258,327,193,229,476,202,16,240,114,2218,2832,428,66,31,1294
"PIGK",19,315,230,378,315,225,87,63,259,145,389,440,269,546,388,280
"LMO4",510,245,189,325,255,368,53,115,101,40,204,4440,94,514,243,117
"MAML1",19,522,307,522,373,397,39,42,197,211,500,400,197,475,208,272
"UNC50",59,368,295,476,392,389,44,29,191,155,351,327,199,477,381,310
"CCDC82",214,558,273,538,405,181,43,46,194,151,345,214,167,419,257,259
"TYMSOS",127,133,98,236,177,95,218,157,648,92,256,356,259,631,408,355
"CAPN5",62,89,138,210,181,84,123,113,864,279,775,273,270,313,383,466
"SFR1",112,167,164,402,237,147,69,61,370,137,472,284,282,555,417,349
"PARPBP",45,279,156,280,223,100,85,65,412,174,575,294,301,551,485,372
"CHD7",297,582,295,657,392,149,165,61,301,54,128,474,218,157,210,176
"PPIL3",68,477,418,625,615,287,46,25,259,61,395,214,228,863,380,108
"TMCO6",129,169,194,345,252,343,79,53,316,216,359,330,179,616,255,237
"MTERF3",293,303,253,608,352,304,58,31,261,62,206,329,194,476,365,247
"NAA25",302,416,269,537,322,200,104,47,216,106,167,318,218,339,299,176
"ZNF398",433,298,154,240,195,240,149,110,312,73,164,465,214,375,282,203
"PMM2",930,511,303,400,340,510,110,35,142,127,125,594,93,210,143,159
"SPRYD4",851,331,198,301,282,229,128,108,337,45,124,505,187,254,206,182
"ZCCHC10",114,230,178,375,270,121,157,92,353,138,231,457,193,412,342,248
"TTC32",69,254,175,400,245,132,47,19,288,275,494,189,302,699,752,464
"TBCEL",30,149,141,226,171,185,59,24,132,2933,1781,136,150,203,760,1015
"TPMT",158,338,307,442,359,206,78,59,251,106,227,373,168,457,253,245
"TOR1AIP1",56,552,349,351,514,383,29,30,141,140,386,594,169,437,296,292
"PNO1",121,545,379,523,441,280,111,36,209,103,123,444,216,231,264,234
"MON1A",523,304,209,335,277,240,229,118,248,62,99,498,233,228,204,154
"PRRC1",83,516,475,424,490,282,64,24,181,79,220,384,247,500,311,239
"PRDM4",690,456,249,495,363,336,73,39,162,70,170,400,176,304,217,191
"ACYP1",105,146,141,336,178,259,60,40,388,137,311,227,391,958,591,354
"SMARCAD1",109,591,327,571,443,226,45,20,142,194,446,219,148,550,280,281
"ATF2",119,408,288,420,352,152,37,31,183,177,507,340,167,602,324,322
"PGM2",26,833,325,353,482,215,61,31,215,93,302,411,246,446,452,273
"EXOC2",285,367,228,319,330,244,87,40,189,83,294,331,296,352,272,261
"CASP4",386,305,225,270,435,989,64,32,116,118,195,1005,103,356,179,188
"CD53",327,1078,856,95,781,2127,34,19,28,51,148,1992,117,408,155,94
"FAM222B",498,263,199,377,239,310,93,71,203,231,252,285,136,263,190,235
"HS2ST1",421,644,451,379,595,281,87,48,149,51,123,832,140,258,189,116
"ANKRD40",194,521,263,604,340,305,71,30,174,124,247,327,162,435,218,228
"VSIG4",472,51,111,39,353,1142,110,74,64,73,291,2047,223,1207,353,173
"KCNK5",520,686,357,376,536,498,182,81,157,27,54,1265,141,204,98,94
"METTL6",627,294,178,286,246,237,133,88,302,82,176,418,174,304,226,175
"TXNDC15",969,412,320,475,353,368,67,68,166,64,121,507,145,281,154,137
"NCOA3",426,396,282,286,350,296,70,50,137,137,233,513,179,307,219,169
"PRIM2",61,325,243,522,322,197,78,51,243,86,289,310,284,587,328,317
"KLHL9",162,359,247,469,309,262,52,25,167,123,379,476,161,480,340,285
"MIB1",52,396,300,299,382,176,43,31,167,250,541,236,225,519,638,263
"DOLK",390,303,247,297,219,301,66,89,285,128,219,353,154,265,255,242
"NIN",288,408,275,377,306,510,51,49,150,72,178,856,153,346,222,221
"MICAL1",4949,278,234,332,230,1672,92,88,43,53,64,2389,96,224,123,32
"RASSF5",1835,899,527,357,714,837,60,41,72,33,86,1489,120,167,86,41
"WDR89",786,256,261,441,269,250,111,74,278,56,108,503,171,379,227,125
"MSRB2",507,197,191,145,212,594,182,117,305,36,67,1135,245,452,257,98
"MAPKAPK5-AS1",1018,198,145,245,191,323,146,103,251,74,89,1272,187,222,247,140
"USO1",90,680,501,540,558,403,35,19,132,151,299,319,156,343,239,236
"GALE",302,562,372,624,572,663,80,29,130,51,123,860,136,249,150,122
"NIPSNAP1",191,1091,1018,515,1025,906,70,22,118,13,96,464,168,439,119,84
"TRIM66",856,245,164,216,386,175,66,74,263,70,325,305,198,522,173,251
"TMEM140",49,94,95,71,115,643,74,46,163,2476,1319,207,165,278,500,715
"MED19",54,206,203,255,240,334,119,82,339,167,261,524,205,349,320,256
"MRS2",124,535,337,544,426,289,71,32,187,94,186,380,182,373,305,205
"PLCB2",1709,219,265,228,226,1682,91,97,59,33,79,4451,119,401,110,36
"ADA",451,56,45,101,96,889,175,167,221,19,220,3547,409,516,314,202
"ANGEL2",233,297,225,394,288,201,84,65,221,58,245,461,168,602,329,214
"ABHD8",234,193,150,187,247,515,135,66,291,107,147,1149,282,225,224,195
"ZNF446",594,189,179,291,173,241,105,88,357,126,192,313,182,322,245,250
"FLJ32255",673,172,156,443,189,210,87,103,179,104,112,480,338,489,208,208
"ZSCAN2",388,101,80,179,138,136,140,139,452,247,261,697,180,299,346,280
"UPF3A",229,349,235,532,296,255,167,57,151,79,175,429,228,324,228,181
"GIT1",1890,494,337,518,372,855,72,81,130,29,70,1012,121,204,106,52
"NSMF",880,551,398,457,429,666,93,27,196,72,58,528,197,278,113,77
"FCHSD1",1081,339,226,302,315,459,88,102,259,95,132,442,176,167,115,110
"PVRL2",983,177,115,178,190,980,127,159,272,49,118,3312,105,173,163,71
"PLD6",265,344,166,970,268,288,137,60,132,172,252,126,100,631,160,250
"SENP1",272,422,293,434,325,244,78,33,208,119,299,287,152,371,236,208
"NAIF1",380,172,151,235,181,260,102,86,301,137,294,373,189,330,249,305
"SIGIRR",1618,248,176,231,213,542,137,228,232,39,45,2697,108,228,140,52
"GPSM2",38,224,177,248,215,112,34,30,286,235,1372,145,333,859,500,666
"THUMPD2",188,280,184,435,240,221,109,52,293,66,207,555,226,287,343,292
"FAM178B",319,423,903,86,407,1056,217,438,297,3,80,382,45,935,165,32
"VPS13C",171,469,270,310,442,183,51,36,167,118,253,325,220,532,365,239
"IFT172",606,315,226,321,297,279,93,56,207,80,170,347,221,434,187,170
"C2orf49",80,269,226,309,275,215,68,26,244,206,381,324,220,648,358,321
"MTAP",297,411,288,527,321,321,89,48,180,53,156,604,181,332,220,169
"RNF38",24,451,289,364,425,225,35,41,199,136,636,206,205,785,351,358
"LRIF1",59,262,220,316,324,168,49,57,169,262,569,198,212,915,350,281
"SETDB2",1191,254,188,265,307,498,78,75,181,68,144,696,122,348,191,121
"ELMOD3",944,140,127,239,158,361,70,69,309,125,180,400,224,461,234,247
"FAM8A1",104,649,398,364,481,248,28,15,121,415,497,203,152,310,317,291
"PLA2G12A",83,291,261,266,337,252,91,47,251,120,257,307,210,609,386,239
"COG1",212,283,187,374,305,277,71,64,228,159,343,230,186,407,169,306
"ANKRD39",158,153,147,270,157,200,140,126,342,112,160,467,281,350,432,296
"MSANTD3",268,304,219,419,278,318,71,59,277,66,138,353,232,403,342,214
"KLC2",342,289,187,518,208,275,101,73,218,188,209,176,237,272,197,229
"SC5D",57,349,198,476,307,301,51,60,152,147,351,394,205,439,338,309
"CPT2",242,416,350,247,500,422,43,40,214,101,276,359,155,274,256,210
"BLOC1S4",192,331,236,337,324,387,71,59,190,267,174,452,155,250,245,170
"RIC1",170,294,183,398,276,152,66,42,191,137,345,480,187,547,309,283
"RELB",624,485,241,186,334,803,65,39,84,540,195,569,92,137,110,200
"ARMC7",357,268,172,277,233,441,186,113,199,92,101,1172,155,197,185,135
"TMEM60",201,295,214,461,303,435,66,45,227,88,206,523,175,311,272,220
"SH3PXD2A",929,208,119,234,236,224,201,57,216,100,105,1304,378,236,142,125
"TMEM104",277,207,121,227,209,470,137,79,285,70,204,1020,208,271,200,216
"RPS4Y1",4,6,5009,7435,6388,0,6,9,0,5,4,0,4264,9993,5637,3476
"CCDC115",356,802,533,620,295,687,46,23,112,58,121,744,139,333,157,124
"KIF24",358,179,138,358,181,169,87,77,294,171,460,167,154,554,263,297
"ZNF473",217,208,161,239,215,211,170,88,319,107,226,401,194,314,315,254
"PREPL",175,397,280,308,346,178,82,64,216,97,246,350,182,592,257,165
"CCDC88C",298,273,160,414,251,261,149,42,291,55,237,935,178,267,219,184
"SLC25A22",372,390,235,511,287,355,130,50,264,73,110,357,201,229,219,168
"JHDM1D-AS1",164,64,147,258,116,103,105,93,411,819,589,131,179,297,437,508
"PTPN12",66,380,284,366,428,318,71,34,177,112,291,583,194,445,270,201
"KIAA0586",127,233,215,324,254,183,54,42,273,179,441,271,187,526,349,345
"HIBADH",52,487,415,329,501,280,68,24,212,121,252,289,219,499,306,238
"HERC4",138,356,241,316,319,302,82,60,166,165,212,428,171,432,266,181
"PRX",82,19,37,63,73,205,265,234,524,296,457,783,473,436,443,584
"RPP14",244,329,211,359,275,208,111,73,258,119,199,366,166,291,253,213
"CLASP2",107,434,289,366,375,161,71,24,214,129,324,343,229,396,340,277
"ZNF529",219,251,169,383,234,211,74,55,222,206,332,322,151,384,298,267
"TYSND1",597,312,218,255,294,372,127,100,193,65,96,541,139,445,219,114
"CAAP1",89,460,261,453,419,101,94,55,254,104,204,341,215,404,394,214
"GNE",71,410,326,441,330,326,59,63,163,178,308,254,156,363,277,233
"AKAP10",60,263,195,449,281,260,64,30,214,257,476,250,221,423,381,284
"TMEM123",73,843,469,692,726,622,39,26,51,103,166,1798,108,295,188,94
"MAP2K1",88,432,318,432,471,337,49,35,199,82,294,348,189,424,271,242
"DIP2B",143,1337,649,705,1091,367,33,34,108,93,148,209,127,223,170,163
"REST",80,402,289,375,372,208,32,28,174,196,328,421,194,519,356,286
"ZDHHC24",531,268,192,140,231,456,154,152,267,61,64,1443,139,236,208,134
"PIKFYVE",3,363,272,423,352,283,29,25,128,471,566,398,220,610,369,375
"CASP9",155,300,198,304,357,308,97,36,197,258,322,383,152,311,198,228
"KLHL22",591,150,104,234,161,433,127,146,520,60,155,589,202,304,204,146
"DGKQ",750,343,162,335,201,411,110,85,181,66,102,411,203,400,176,179
"AVEN",431,341,230,394,272,204,152,101,244,52,95,376,256,262,215,183
"CHST12",721,396,371,364,325,657,70,52,88,76,108,1650,98,240,125,101
"VEZT",122,668,401,668,535,249,43,24,130,193,285,334,115,355,209,175
"PRMT6",90,473,330,636,409,120,71,50,233,77,278,237,213,372,303,281
"DUSP12",11,413,263,371,349,280,81,37,336,110,244,462,263,463,330,321
"ZNF18",742,126,99,246,152,205,116,125,437,84,171,362,202,455,256,263
"TANGO6",174,358,257,328,316,198,124,69,250,67,153,325,230,343,263,283
"EGLN1",108,316,352,284,437,179,51,51,253,87,376,543,252,544,256,113
"UNC93B1",706,275,271,248,331,843,105,97,128,34,122,1317,150,241,139,78
"UXS1",162,380,197,295,238,384,74,56,184,74,218,741,243,387,283,167
"NECAB1",0,171,141,188,192,54,125,165,480,231,622,152,257,1050,709,520
"HELLS",81,318,213,591,235,94,116,45,311,82,239,319,240,593,393,301
"MED17",37,331,217,406,292,273,55,40,163,295,431,292,184,557,340,264
"TRMT6",147,485,295,592,387,280,119,29,200,77,157,399,177,269,245,213
"PPP2CB",6,573,360,505,513,279,75,44,151,125,287,211,235,562,398,226
"PRKCQ-AS1",1123,274,216,363,304,258,128,47,195,85,95,541,186,207,257,119
"TULP3",94,212,170,252,250,255,78,34,263,384,469,174,233,349,312,385
"RBM7",36,305,224,205,283,176,87,64,206,282,332,404,178,468,384,310
"RTEL1",1056,76,54,230,85,147,423,418,565,53,102,733,202,260,223,178
"CENPP",109,174,121,242,143,120,122,98,473,108,280,317,390,386,459,358
"UBE2Q2",54,754,443,288,478,165,85,50,184,77,154,574,175,624,227,185
"HMGN4",8,1206,694,865,927,522,33,22,98,100,201,301,162,308,232,230
"ARL14EP",647,241,182,385,247,210,84,66,246,97,126,584,166,294,231,196
"EVL",1164,269,239,386,368,900,62,56,132,45,81,1961,132,243,110,73
"TNS3",390,1325,857,286,909,522,24,11,77,100,216,243,113,453,130,123
"FBF1",134,171,142,285,186,286,138,87,391,86,258,158,314,584,242,335
"TOR1B",166,279,149,324,182,337,86,79,260,216,277,451,154,259,185,267
"DNAJC30",317,216,215,284,262,210,95,96,274,128,144,414,218,378,197,179
"IQCB1",100,326,280,633,317,343,41,29,197,84,358,243,206,400,340,317
"IFI6",829,236,182,129,197,459,80,92,185,97,100,3816,99,226,173,126
"KATNBL1",0,289,213,434,311,139,67,53,295,108,528,381,312,773,450,326
"FOXN2",138,291,204,316,257,212,94,50,198,93,534,349,181,549,222,229
"TNFSF9",446,437,301,391,345,303,152,21,162,145,104,282,158,214,195,272
"BRIP1",151,180,116,307,185,155,118,128,375,85,350,305,200,548,314,250
"FYCO1",221,219,178,267,227,245,91,59,232,182,334,217,213,454,240,246
"G2E3",22,199,185,338,246,89,80,55,252,167,636,241,278,822,520,379
"DCTD",304,1246,705,1185,1075,933,34,12,55,41,86,402,121,288,124,93
"APOBEC3G",94,249,207,378,297,183,72,55,279,158,295,322,189,353,358,284
"DPH6",64,230,207,404,260,157,82,41,255,153,262,272,293,521,429,333
"DDX12P",351,128,95,302,176,238,143,54,234,130,463,171,276,525,213,361
"RPE",51,354,268,436,352,231,89,32,283,90,198,557,185,434,349,241
"CHIC2",64,191,137,330,180,276,69,36,183,635,499,448,150,342,347,313
"PLCL2",291,167,216,164,165,319,69,39,78,754,833,386,97,187,465,241
"TCEANC",40,61,71,78,84,288,110,88,296,1683,1070,195,178,381,565,622
"ALG6",288,248,150,361,238,113,107,93,367,62,214,553,176,344,299,223
"RHOBTB3",107,806,514,796,626,210,44,25,112,88,264,128,184,622,214,173
"SASS6",57,276,194,443,293,121,73,47,296,144,346,186,252,592,500,284
"EVI5L",130,196,141,157,181,329,95,101,398,86,268,360,256,664,236,266
"ATP7B",47,444,247,506,474,285,47,27,143,105,333,256,217,692,275,325
"FAM89A",281,1309,1020,1203,1083,578,59,18,125,19,79,93,111,390,166,102
"TAGLN",545,157,171,589,208,284,72,48,227,324,263,210,166,406,175,121
"LOC648987",404,136,116,249,132,192,103,188,499,124,174,372,176,312,283,239
"TMPO-AS1",277,171,122,333,186,185,66,141,361,74,326,252,219,442,284,292
"SLC30A7",311,319,188,244,272,181,79,78,176,143,222,623,139,336,243,201
"HSDL1",986,176,154,206,184,331,126,124,266,70,111,703,158,278,228,133
"ATM",198,428,423,532,411,251,58,47,193,47,199,310,168,416,243,170
"TRMT12",523,213,163,227,204,250,80,74,276,127,182,523,206,296,256,168
"FAM118B",147,247,170,266,288,252,90,35,259,152,258,373,217,335,353,281
"HPGDS",3784,2160,1350,965,1871,666,71,9,24,14,7,1676,163,72,33,26
"PPP1R2",60,276,217,328,294,141,66,41,203,212,339,429,215,425,397,304
"NRGN",951,189,145,246,202,1926,84,117,195,39,80,1090,100,407,182,59
"KLF10",4,490,238,165,377,196,46,25,147,200,506,254,481,1042,466,355
"SLC33A1",423,266,173,323,259,181,94,44,260,87,210,571,161,350,287,185
"SEPT9",630,851,512,225,670,1836,70,45,40,31,78,1724,101,230,91,47
"ENDOG",26,212,241,360,261,332,168,121,355,81,113,443,342,262,303,226
"FANCE",268,299,221,239,247,194,107,67,312,63,216,356,193,481,249,191
"KBTBD8",235,182,149,242,221,89,138,55,304,127,308,362,242,450,360,256
"NUTM2A-AS1",172,184,126,262,188,196,81,42,246,284,416,280,242,352,357,296
"ZNF747",611,259,196,302,271,308,81,76,232,86,165,609,118,271,172,175
"FKRP",187,307,212,551,246,220,93,78,260,100,231,252,138,258,258,261
"MAGED1",453,756,501,359,699,1412,84,39,110,25,52,1154,91,226,131,48
"FOSL1",1050,389,148,399,187,436,98,42,91,235,113,142,459,77,224,311
"PGRMC1",122,663,396,706,475,402,74,30,181,48,124,441,162,267,230,152
"YBEY",1371,122,170,269,188,131,167,85,130,315,106,565,130,183,241,234
"COMMD8",114,343,212,323,329,197,99,62,216,76,183,470,201,438,337,202
"MTMR6",66,406,235,289,309,211,60,31,180,160,320,420,208,387,376,306
"ADCK2",195,351,276,199,267,319,69,106,276,62,150,398,219,395,232,186
"GS1-124K5.11",480,170,120,269,178,164,130,70,243,125,222,377,197,349,276,286
"SIN3B",533,333,264,571,328,644,61,20,126,95,145,756,121,355,121,138
"BMPR2",62,444,280,241,326,175,49,94,175,83,467,226,163,2157,157,174
"IDH3A",265,474,263,553,364,364,81,28,167,73,143,365,181,312,236,159
"CEP57L1",150,148,130,297,224,105,96,50,401,99,390,242,293,647,391,317
"KIF2A",209,503,336,300,410,299,73,31,187,71,195,406,132,433,244,175
"SVIL-AS1",509,242,175,170,157,178,167,160,273,28,119,769,176,419,273,192
"FBXO46",182,288,208,353,308,344,62,37,195,199,280,345,175,271,204,243
"DDX10",10,374,277,409,314,303,140,35,269,87,175,570,256,422,327,240
"ABLIM1",392,529,394,429,519,667,36,31,22,512,337,378,62,143,92,239
"LYSMD3",6,280,190,286,276,131,71,44,225,448,578,244,201,500,509,376
"TNRC6C-AS1",298,207,140,465,238,166,57,61,286,71,329,408,241,465,233,206
"DIMT1",480,692,368,789,500,280,55,24,117,48,129,276,159,417,157,148
"YEATS2",620,380,287,326,409,419,45,30,148,61,160,616,160,364,138,173
"MPHOSPH9",74,238,173,231,237,124,43,70,242,138,660,117,255,996,389,419
"LANCL3",74,73,101,181,106,120,120,155,451,339,405,395,275,356,465,299
"C10orf32",195,257,175,305,279,147,108,108,237,121,139,487,126,438,313,191
"INAFM2",295,318,214,248,241,527,50,56,221,57,144,656,197,359,266,178
"OXNAD1",429,219,185,285,236,207,112,97,293,46,164,317,208,476,240,171
"IKBKG",81,213,192,163,253,386,75,35,241,241,320,328,249,401,294,291
"FEM1C",102,378,205,286,248,116,51,39,151,434,756,171,164,324,287,383
"MPZL1",301,449,284,403,507,614,54,46,111,118,99,278,157,368,201,125
"BCAR1",1066,1758,855,948,1160,342,58,4,76,185,57,48,203,108,69,151
"CLSTN1",1008,494,356,275,335,824,56,53,121,37,121,1195,125,199,96,79
"KIFC2",988,340,271,773,327,525,54,27,141,88,126,167,164,521,98,133
"PPP1R21",151,239,279,337,313,298,64,47,211,75,294,374,199,455,244,190
"POMGNT1",974,422,263,328,284,501,93,58,128,33,87,963,127,291,147,100
"LZTFL1",27,321,342,384,356,195,45,25,187,335,440,292,147,316,575,241
"RFX7",72,427,250,347,318,86,107,65,209,141,196,564,147,510,249,219
"ZMYM3",772,635,484,431,633,601,40,26,138,26,87,585,142,328,123,90
"GTF2H3",82,524,397,423,477,219,47,44,182,82,229,246,167,479,265,215
"CEP41",219,265,169,234,248,217,135,106,305,93,140,281,196,329,285,210
"IFIT3",21,161,144,187,180,264,45,67,215,703,954,178,177,393,373,519
"MRE11A",83,398,253,451,337,153,64,23,179,117,325,250,254,583,273,286
"METTL14",26,278,217,479,293,229,72,41,228,147,413,323,176,466,333,284
"TMEM110",349,205,102,163,163,267,135,111,318,86,177,602,188,297,289,206
"ERO1A",762,1217,772,608,912,656,42,43,73,29,71,583,70,162,125,51
"RPAP1",515,329,257,351,316,372,85,33,220,50,149,586,154,358,156,139
"MTFR1",133,503,286,429,359,154,70,29,257,92,242,185,198,377,345,233
"CYTH3",215,316,259,207,322,195,59,40,268,113,434,273,145,516,217,205
"SETD4",420,269,194,442,260,255,80,45,202,90,202,291,200,310,228,189
"RBL2",93,441,339,367,401,287,27,38,126,188,537,118,164,454,241,299
"PLEKHO2",1680,314,142,201,216,1164,152,110,39,35,81,2692,116,280,151,34
"HYLS1",34,110,123,320,167,188,111,117,149,195,705,154,207,811,413,411
"MTHFSD",187,189,193,332,270,183,133,118,197,135,141,501,100,396,243,224
"STAG1",156,240,160,423,227,97,79,37,252,144,528,227,205,419,334,309
"ZNF775",114,112,146,133,155,268,194,218,453,80,185,487,210,346,307,217
"ZNF101",398,148,152,241,203,162,89,112,313,98,217,460,157,363,252,229
"PIGO",308,297,185,277,278,321,44,38,172,168,407,246,162,325,215,267
"VIPAS39",137,360,340,326,435,461,42,35,155,129,190,430,152,402,193,182
"LMBRD1",1,455,326,383,484,241,45,23,211,211,371,287,204,411,477,320
"GLTSCR1L",72,245,176,279,261,174,76,52,251,265,429,253,163,374,320,289
"RNF149",112,501,405,358,555,706,71,35,94,105,115,768,104,239,187,156
"MCCC2",605,815,509,994,742,406,49,9,115,30,108,263,143,245,182,125
"GIPC1",670,575,535,370,482,853,115,27,136,33,18,1807,146,166,115,60
"USP49",199,167,137,261,189,188,68,88,279,149,339,309,199,476,253,263
"COPG2",189,600,284,392,480,381,76,44,161,45,210,219,188,307,176,201
"ENDOV",573,156,107,213,104,206,222,228,284,83,96,658,168,343,239,140
"DUSP22",931,342,159,183,232,558,93,113,133,37,68,1316,139,272,194,120
"DENND2D",422,208,336,260,428,612,101,23,109,239,156,476,106,187,216,132
"ZNF574",294,470,240,297,337,411,55,59,161,103,192,381,160,309,150,147
"NDUFAF2",186,274,219,465,301,346,100,57,204,96,101,472,177,290,268,153
"MAK16",265,491,317,678,473,273,70,22,187,69,179,279,156,238,191,189
"ST6GAL1",246,386,324,236,278,377,64,49,122,107,261,390,124,413,143,248
"GHDC",965,585,445,459,508,964,55,50,85,41,48,1114,122,208,88,47
"ANAPC1",159,466,287,363,381,229,76,26,201,99,182,287,199,357,243,225
"POLR3F",876,213,123,299,161,152,118,96,277,70,145,433,192,293,235,202
"YIPF5",11,419,295,516,426,194,53,34,179,170,444,241,202,391,299,346
"FAM206A",99,424,255,553,363,207,58,23,203,146,301,171,165,426,259,295
"PATZ1",1118,535,370,484,440,457,78,31,152,27,94,755,92,260,116,84
"TBCCD1",75,182,163,175,210,131,82,80,319,136,425,360,213,512,373,317
"CLUAP1",142,198,180,197,243,177,116,104,292,145,131,364,185,431,288,268
"ZFAND4",67,124,138,251,152,107,45,27,128,1052,3465,77,189,332,491,554
"RNF217",45,51,69,71,75,108,133,128,438,182,661,494,438,1078,409,578
"BLOC1S3",629,251,165,234,187,421,74,47,165,141,202,463,122,366,179,199
"ACTR6",52,295,215,302,293,160,54,47,237,169,299,282,210,424,433,335
"KIF13B",413,815,454,381,605,364,33,14,79,467,234,319,55,132,148,174
"MAPK6",158,377,205,280,294,155,73,54,145,136,364,218,153,573,292,230
"PLAC8",55,39,47,41,92,1844,204,275,63,91,203,10091,199,572,392,145
"PTPN4",88,171,124,264,177,142,82,55,236,299,467,262,214,429,364,355
"SLC19A1",408,332,224,408,335,544,200,85,169,28,58,1112,154,152,170,84
"UTP23",254,313,196,309,268,153,94,90,244,121,170,329,161,280,247,198
"ZNF131",47,484,271,598,383,118,82,26,225,92,388,295,193,440,261,230
"PDE6D",148,297,238,462,327,330,48,35,195,75,256,293,193,428,248,255
"DHX57",323,359,261,448,368,239,76,32,179,75,194,317,224,265,206,173
"GNA11",51,293,234,245,331,204,72,62,329,90,347,170,279,539,240,303
"TSPAN33",853,15,78,85,134,1016,70,210,199,18,294,695,658,128,394,600
"ACAD8",61,356,255,402,370,309,58,42,208,75,245,455,195,411,262,213
"ASH1L",90,285,173,260,217,196,70,44,219,315,363,368,136,440,254,260
"C7orf43",409,272,166,435,249,477,69,60,177,111,142,485,150,274,188,132
"POC5",126,199,222,549,302,236,51,19,252,112,386,243,169,672,267,263
"MYADM",151,855,462,248,487,716,64,34,72,39,148,1118,153,351,141,89
"FAM131A",42,94,150,111,140,264,43,66,281,412,694,232,251,734,409,454
"RGS16",23,82,109,200,235,308,115,85,285,528,1331,451,73,256,274,284
"CTSS",131,470,296,85,265,2049,58,65,49,64,172,2721,105,424,201,80
"URB1",457,539,367,488,468,255,153,47,170,35,99,366,137,230,139,112
"TMED7",32,696,370,461,562,127,34,26,146,153,394,217,190,428,349,246
"GALK1",519,276,214,299,303,776,151,104,179,43,55,1001,155,162,141,77
"ATP5S",67,184,162,338,180,148,93,77,355,226,292,299,170,336,345,298
"ATRN",192,475,324,285,437,446,58,30,164,51,212,477,173,359,179,157
"ATF7",81,290,188,402,320,307,64,28,177,159,349,391,178,421,225,227
"ZNF331",822,230,146,319,179,353,52,42,253,55,208,319,234,750,165,138
"SH3KBP1",593,915,553,236,465,799,73,49,58,20,64,2043,86,403,90,46
"KIAA1468",37,242,173,407,216,210,86,59,228,130,388,379,170,563,284,258
"TRIM37",46,412,293,344,389,166,87,56,253,90,210,330,218,375,263,215
"C17orf80",142,187,179,318,220,265,92,40,265,91,340,458,208,280,325,219
"ART4",10,31,88,279,76,213,122,97,412,622,1045,233,177,591,426,500
"WDR36",177,560,377,567,515,234,62,18,155,57,178,401,176,304,191,190
"TRAPPC13",77,286,230,396,261,182,95,31,244,135,258,293,226,374,355,213
"LDAH",131,297,228,457,335,261,82,51,168,81,208,344,161,388,210,248
"MIPEP",69,811,538,404,667,207,96,35,198,48,143,287,215,263,237,120
"MEGF9",29,171,137,185,214,443,41,34,120,630,625,543,150,375,342,401
"OBFC1",409,262,192,194,226,379,87,79,206,44,108,895,142,476,233,135
"DNAJB9",0,206,175,202,185,194,59,33,193,489,691,233,222,627,553,603
"KIAA0895L",484,125,127,273,193,238,92,90,302,113,241,302,157,350,189,249
"RNF219",168,252,158,301,241,161,109,45,297,87,232,439,169,410,311,220
"ARID4A",14,215,153,253,207,119,107,55,260,331,504,326,229,487,342,308
"MIAT",559,470,738,500,656,206,15,17,81,582,738,70,67,30,207,373
"CXorf40B",142,214,160,246,211,219,94,62,320,141,196,362,206,302,301,253
"CTPS2",454,286,244,278,280,229,85,51,214,45,124,331,232,390,239,195
"MFSD3",577,219,175,193,211,372,146,218,274,25,51,885,206,292,160,100
"NR1H3",710,75,106,116,137,275,169,162,262,133,124,789,196,290,235,145
"LIAS",311,190,205,387,252,235,106,88,236,65,144,474,110,442,227,147
"CHSY1",60,451,275,525,351,243,60,24,144,66,291,676,160,405,253,218
"CPNE3",119,657,463,401,449,305,59,33,120,65,153,636,156,270,201,135
"WDR41",679,510,300,260,405,386,54,39,139,32,121,680,137,421,145,110
"TNFAIP1",67,222,206,225,244,317,68,65,245,149,334,362,171,356,254,260
"SSBP2",88,168,152,232,264,174,54,45,237,151,512,141,268,600,388,401
"LTF",110,101,95,36,133,198,106,309,361,41,257,1354,278,1237,366,148
"FYTTD1",155,582,266,320,374,197,98,30,136,60,110,839,181,447,214,158
"IFNAR2",477,367,238,273,318,451,74,70,136,44,141,612,169,252,149,128
"PDK1",118,285,366,316,540,328,83,62,173,202,238,275,91,323,119,134
"SLC27A4",468,296,146,232,233,489,163,82,165,46,69,1015,200,198,213,107
"THEM6",108,322,320,305,377,611,54,34,195,32,218,383,149,444,272,225
"KDM6B",321,261,226,337,323,913,68,22,103,328,225,345,96,249,121,146
"ZNF277",70,256,247,239,263,275,59,58,226,142,323,239,160,616,273,218
"PPM1F",948,302,193,324,268,699,99,143,109,30,63,2128,115,200,97,51
"AKAP1",715,652,370,493,468,344,118,32,175,27,71,476,139,213,139,71
"CDC40",70,223,155,263,199,137,83,65,262,155,470,231,228,412,313,321
"ADGRG1",1010,1404,601,534,720,525,111,27,151,21,57,252,73,203,81,57
"STX12",151,211,153,255,175,262,90,48,199,284,173,546,155,290,306,229
"DDX20",67,474,271,579,347,208,75,24,166,96,259,362,186,324,255,209
"DHRS1",296,174,139,305,174,404,63,76,316,99,160,688,174,307,207,141
"ZNF800",86,345,218,350,242,85,50,44,222,205,462,194,181,422,371,285
"TGFBR3L",246,107,117,161,100,108,178,384,620,92,108,230,297,311,338,230
"RNF215",209,140,125,256,161,280,95,115,317,99,234,393,224,426,156,207
"IFT22",259,218,172,254,178,122,102,106,287,72,186,335,193,304,385,235
"GCA",17,218,179,242,275,674,76,60,169,67,216,1758,142,443,325,187
"PIP4K2C",107,394,242,324,291,335,34,33,195,143,388,175,170,379,253,274
"DEAF1",22,543,324,255,496,447,51,32,217,86,227,336,261,442,197,194
"LINC01420",430,333,251,264,360,520,103,71,58,60,77,1489,126,306,145,93
"ZNF268",147,185,159,265,217,170,140,110,295,80,163,514,167,401,222,203
"SLC27A2",531,1681,1056,614,1134,626,35,4,87,27,42,553,167,189,76,79
"ACBD4",291,139,199,255,217,405,85,75,328,109,157,414,168,276,175,175
"CMBL",366,875,538,1150,856,485,16,29,66,470,59,101,146,287,59,74
"PRKCQ",916,446,264,405,408,425,77,37,153,58,126,378,111,205,116,113
"LRRC8D",120,538,442,487,469,451,52,20,74,87,226,577,113,521,128,117
"ZNF587",406,305,202,292,215,169,70,120,192,96,222,307,102,370,208,161
"WDR53",461,158,150,343,178,194,77,42,279,70,170,404,253,307,297,261
"PDCD7",109,488,366,641,461,397,44,31,110,59,180,327,166,442,190,153
"METRN",539,203,174,224,167,384,186,135,292,50,47,397,260,320,177,105
"ZNF805",227,176,108,170,146,208,85,83,248,235,393,281,134,407,268,252
"OCEL1",593,175,150,149,187,336,112,104,287,67,98,1490,131,232,221,97
"ACTR8",906,242,185,295,202,230,96,79,230,60,124,537,161,166,211,144
"YAF2",91,266,137,333,232,93,96,86,238,170,253,351,186,362,323,221
"HSPA6",138,66,287,17,101,1812,519,38,142,198,193,972,158,289,263,185
"TNFRSF10B",1069,610,463,367,475,802,32,8,84,117,142,449,45,245,92,184
"SS18L1",297,277,156,389,222,266,55,34,183,110,285,271,167,428,225,222
"OSGIN2",218,339,197,222,300,246,57,41,152,80,185,512,216,394,278,201
"SFXN2",548,293,386,374,324,189,148,59,300,37,75,351,168,243,166,105
"GOLGA8B",3740,779,388,820,3,710,36,36,210,23,125,437,162,285,98,151
"C11orf71",251,131,127,226,161,287,77,96,223,153,232,359,159,338,274,262
"TMEM187",142,101,85,60,132,224,121,230,460,101,223,521,263,515,306,236
"NAA16",45,428,313,574,445,131,47,30,165,107,317,169,211,408,327,300
"PIGV",172,241,214,240,357,253,61,61,220,97,222,389,179,311,245,180
"GFPT1",119,302,191,283,309,283,70,60,131,140,270,285,119,1079,161,143
"USP31",168,190,147,302,185,151,95,52,278,91,289,222,235,460,304,310
"WDR37",78,417,258,400,326,364,48,27,158,112,265,500,156,296,241,193
"ADD3",69,385,340,153,314,291,33,43,175,99,362,535,151,380,289,262
"H6PD",812,603,273,265,438,827,43,84,71,42,62,2184,101,170,77,68
"DLEU1",123,355,319,529,320,187,96,75,218,59,130,314,149,326,221,161
"POFUT2",287,295,226,475,248,428,36,23,118,278,323,243,132,285,142,219
"PHF2",114,470,275,663,387,207,28,21,148,78,438,143,173,503,286,245
"MAP3K5",113,151,100,226,150,276,87,63,205,118,338,350,213,658,346,262
"ZNF629",1450,229,168,287,180,338,136,94,252,32,82,974,132,326,78,82
"PNPLA4",143,331,223,236,257,381,114,70,292,51,164,548,136,422,175,109
"NDFIP2",50,888,520,472,703,297,57,28,168,46,150,173,161,312,266,193
"FBXO22",70,344,239,388,344,199,67,29,209,80,232,230,232,482,318,264
"VPS9D1",1806,169,181,386,220,474,99,69,226,56,70,737,117,220,98,93
"TRIM4",39,233,325,311,291,378,88,47,179,154,233,375,117,309,303,226
"ELF4",444,432,212,257,259,496,52,16,142,103,292,647,91,213,162,220
"BCL7A",223,330,205,444,296,271,79,46,180,41,136,264,183,552,248,194
"FAM126B",225,261,130,236,193,107,86,106,205,208,227,493,137,279,265,191
"HKR1",352,178,183,369,217,305,75,43,212,54,224,564,188,331,168,199
"PXK",54,208,138,292,263,469,33,50,139,138,368,508,200,690,219,237
"TMEM19",385,287,193,264,220,122,138,129,258,38,107,763,106,212,301,177
"HACD1",531,382,386,322,381,324,34,16,88,388,181,260,82,283,194,149
"PIGH",152,237,166,342,240,175,73,46,216,111,271,254,174,481,290,246
"CCDC43",118,324,237,488,317,231,89,49,179,57,131,557,180,359,232,163
"SPATA2L",213,267,209,148,240,345,116,113,247,136,121,309,183,154,209,208
"ATXN2",112,274,210,492,266,254,81,42,196,85,224,429,152,450,217,154
"KIAA0226",975,215,132,322,212,260,81,71,189,100,157,571,151,242,112,138
"MRI1",348,325,295,393,327,329,60,79,157,65,98,560,154,261,163,101
"LACTB",201,609,296,317,319,390,67,60,103,136,105,434,113,258,200,116
"TMEM183A",28,513,309,349,413,231,27,14,132,231,474,166,239,467,253,353
"DLC1",506,273,117,243,291,297,66,69,262,51,259,510,159,443,119,111
"DICER1",175,513,290,360,362,253,44,30,185,53,198,623,134,310,249,157
"WDR20",12,314,236,516,319,233,47,35,172,300,446,211,159,322,313,304
"CXorf38",592,231,141,228,228,429,60,103,184,85,142,761,115,179,198,144
"SLC2A12",63,77,59,177,92,104,117,103,437,213,509,322,278,565,459,392
"HPCAL1",963,511,323,313,759,822,60,62,42,34,69,2014,67,136,121,46
"AFMID",208,347,341,331,332,351,88,37,152,63,105,568,183,391,152,120
"VAMP4",23,216,224,316,278,252,55,60,266,149,272,272,181,582,287,275
"NANP",31,213,216,325,275,194,107,54,363,57,219,237,265,553,380,240
"PRMT3",13,531,338,607,481,121,39,15,171,153,383,168,259,449,321,327
"ZZZ3",168,525,336,443,363,204,82,29,161,60,124,583,162,333,200,124
"THTPA",58,177,132,98,204,240,121,77,342,132,229,430,216,463,337,287
"CASP8AP2",17,258,151,453,243,101,64,70,247,91,536,194,221,780,393,305
"CWF19L2",180,218,148,318,229,148,87,63,263,183,197,328,159,310,262,203
"TP53I13",1849,274,208,263,226,1083,113,152,100,28,33,1607,82,204,104,39
"JADE2",607,576,351,303,394,364,55,42,98,58,70,865,127,330,102,100
"PAXIP1",54,348,275,527,367,148,51,19,206,82,492,137,192,495,355,305
"CASC5",71,205,130,182,190,77,90,85,324,126,718,126,214,647,333,344
"TBC1D25",514,216,176,211,208,327,87,53,128,325,334,339,64,147,180,231
"TAF5",167,170,107,302,168,132,93,64,305,129,333,271,224,372,294,256
"DNAL4",118,160,222,174,233,285,82,39,203,173,273,277,220,412,277,245
"PARVG",1768,65,65,63,167,2642,112,148,34,39,91,6227,133,368,161,53
"CENPL",65,249,148,369,210,110,92,63,252,99,432,246,166,474,308,314
"CSF3R",1116,47,78,28,182,3421,60,180,25,43,181,12058,101,630,124,53
"OXSM",242,231,218,398,251,253,58,17,168,177,222,424,125,276,283,244
"PIAS2",489,389,230,429,323,186,68,31,173,49,177,308,150,309,238,168
"JUN",26,147,363,113,228,1078,61,18,97,213,818,247,217,485,388,183
"SNX29",19,180,138,140,165,286,75,61,216,626,578,323,150,274,316,354
"ZBTB5",43,236,205,230,264,290,90,49,203,232,214,458,168,391,202,219
"GGCX",305,188,148,254,192,271,102,108,210,72,152,459,150,331,205,189
"NSMAF",796,699,313,580,413,801,44,23,67,45,90,1151,76,242,112,52
"GFOD1",151,78,54,136,99,120,165,293,507,88,211,869,191,402,269,274
"C14orf169",660,436,200,504,289,256,67,33,183,42,148,325,134,249,201,159
"WDR7",254,311,205,209,249,174,93,43,256,66,215,387,176,391,251,160
"RANGRF",889,210,144,312,191,280,208,94,245,41,54,572,161,199,222,97
"RIPK2",55,276,173,295,225,278,30,33,149,272,408,364,193,370,291,306
"TAF1D",164,357,289,648,413,345,55,32,136,125,170,356,86,390,157,128
"NUS1",86,387,253,324,328,137,82,40,197,125,222,388,165,274,248,226
"ZNF324",256,231,118,201,146,150,122,70,257,139,267,204,241,268,270,272
"LCMT2",131,298,211,432,246,152,52,46,252,89,297,138,162,528,259,308
"MMS22L",58,225,194,402,266,100,63,51,210,76,418,202,237,684,359,273
"RAB31",453,608,293,230,548,944,77,39,34,29,90,1791,123,251,157,43
"ING3",15,319,204,331,263,132,65,38,174,194,410,212,225,604,297,379
"PELO",51,338,240,244,299,392,84,29,161,153,178,357,248,297,258,212
"ZNHIT6",113,457,265,457,381,223,139,33,195,52,114,464,153,326,192,144
"IRF6",280,352,391,180,477,308,144,54,223,70,114,262,112,465,161,58
"PACS1",1436,479,285,267,443,788,74,61,88,27,72,745,94,268,82,52
"MRC1",1619,214,242,109,661,2865,123,73,28,34,75,389,89,300,99,83
"MAP4K2",701,377,237,407,344,677,55,33,80,54,91,1000,176,153,117,106
"LCAT",396,64,79,233,114,145,170,128,523,54,170,272,282,615,226,231
"NINJ1",251,299,142,194,284,1548,74,89,37,39,84,2110,135,440,193,67
"ZNF227",85,220,146,334,191,182,77,58,274,131,369,251,162,382,280,251
"BTBD10",156,353,236,364,268,189,40,39,203,107,290,247,158,347,266,216
"C4orf33",142,175,167,297,241,131,58,34,219,109,376,175,271,476,344,342
"NAA30",7,263,174,247,214,112,96,74,269,456,284,428,159,352,321,228
"SIRT1",103,321,194,417,257,106,63,37,154,158,463,143,173,499,295,245
"ARHGAP18",211,499,309,285,341,193,88,35,177,72,136,432,136,355,211,122
"DBR1",83,343,243,451,310,154,62,42,220,80,283,201,180,334,287,259
"GSDMB",483,33,71,137,87,249,117,76,346,305,444,428,157,279,213,322
"PRKAB2",127,180,172,142,240,260,51,29,152,624,480,328,139,180,289,306
"LMTK2",55,166,159,375,199,118,72,80,289,182,469,178,183,329,294,312
"C1orf162",1218,54,53,45,132,1668,142,198,45,50,111,3589,136,376,239,96
"TXNDC16",14,291,204,388,243,85,48,35,219,207,543,218,228,463,404,384
"CDK5",202,241,148,243,208,419,108,77,297,46,85,694,243,230,214,143
"VCPKMT",153,188,121,300,152,102,88,52,305,128,266,280,258,342,340,299
"HUS1",96,219,183,292,223,172,85,61,236,113,232,374,167,323,327,212
"CRADD",1,200,165,124,219,229,61,45,312,261,336,280,299,623,468,383
"PXN",757,327,244,309,312,715,75,53,116,37,81,1973,98,234,74,59
"ARRDC4",0,165,224,126,256,359,67,33,143,240,502,497,206,672,490,262
"DENND4C",260,587,346,387,469,142,52,27,110,67,185,402,123,376,266,110
"ALKBH4",440,195,167,247,196,196,114,96,265,74,130,352,173,230,209,173
"UBQLN2",14,268,166,200,231,203,116,96,217,89,246,485,194,459,315,275
"C2orf69",40,183,122,245,215,70,84,68,308,167,473,213,236,568,426,274
"KCTD9",112,209,139,240,176,83,87,71,238,160,517,232,177,346,313,290
"IL1RN",393,479,369,133,694,869,86,42,99,92,94,365,189,86,101,120
"FAM199X",92,494,278,372,373,134,89,42,226,63,198,306,179,274,261,154
"CRY1",41,346,177,331,306,121,64,34,205,262,402,143,163,338,380,300
"CDADC1",484,134,132,256,161,182,79,41,246,78,181,502,172,438,267,229
"ZNF721",263,205,145,337,194,125,94,69,281,68,184,423,136,473,306,135
"ALG1",255,349,225,253,343,273,112,70,229,54,110,394,161,219,166,128
"RINT1",195,352,204,536,288,116,59,21,189,98,262,191,209,310,267,259
"TMEM218",233,350,257,292,312,321,73,27,196,49,128,408,162,324,238,175
"ZNF576",115,163,127,177,165,230,138,115,244,156,180,436,172,252,268,198
"ISOC1",24,331,267,539,330,140,58,30,138,80,314,235,251,558,349,267
"DNAJC16",117,216,156,261,221,192,72,46,229,205,304,382,125,259,253,248
"DYRK4",279,256,195,478,297,355,87,56,214,31,109,507,128,471,171,97
"ACBD3",74,470,252,205,371,153,92,60,176,127,195,375,142,303,247,152
"ASB7",145,190,127,246,182,199,70,50,184,355,385,279,134,209,283,260
"RAI1",61,307,221,311,258,297,65,35,213,68,329,198,245,442,234,240
"MIR142",1603,60,110,155,120,340,248,138,338,46,42,1333,178,304,105,94
"SLC39A11",531,1093,423,297,549,1225,40,29,67,25,70,790,94,183,105,70
"CTSH",364,103,138,72,270,3421,143,74,78,51,105,1691,110,323,225,46
"CHD9",120,302,196,371,259,109,70,35,147,179,332,271,148,348,309,200
"WWP1",105,325,218,344,263,156,42,44,160,112,341,221,226,387,247,234
"CDC42BPB",362,387,182,329,193,183,105,38,161,165,270,255,152,152,128,215
"LOC729218",245,160,143,526,157,279,68,32,231,146,321,230,157,412,119,252
"ZNF609",318,251,225,278,229,374,57,39,140,94,211,462,124,568,142,107
"KCTD10",239,556,290,313,372,481,56,38,115,71,153,474,111,188,145,144
"SIRT5",207,192,190,313,207,257,73,83,215,69,186,460,156,286,208,164
"PPAN",1856,154,109,290,133,191,473,148,258,39,39,786,123,108,141,101
"CLEC2B",1670,198,118,213,210,822,75,29,37,418,166,1514,31,77,140,173
"CTNNBIP1",463,329,209,327,310,511,63,54,185,42,96,845,100,229,154,89
"CAPN7",9,346,239,284,309,189,47,25,221,261,286,324,200,383,348,277
"SAYSD1",93,219,179,311,265,241,45,49,189,72,224,326,202,533,267,280
"SLC38A6",1585,245,194,312,272,320,57,67,115,87,109,281,100,198,170,147
"PLCG1",309,300,213,283,244,162,81,55,220,79,159,141,227,402,189,198
"NFAT5",62,325,211,390,320,251,46,43,102,325,413,218,127,287,220,179
"ME2",101,586,420,554,494,344,43,31,75,41,152,276,164,427,211,150
"GYG1",214,768,423,542,524,858,37,37,51,27,61,1623,129,183,103,78
"RABIF",392,286,183,341,199,270,90,62,169,65,93,470,156,230,223,162
"ZHX1",101,398,218,348,327,97,52,35,197,89,308,241,191,424,287,220
"MYD88",85,563,382,519,530,781,31,8,127,48,213,733,116,233,152,148
"NECAB3",622,162,152,230,164,265,107,79,233,64,134,273,165,418,190,144
"SNHG11",875,189,148,273,189,239,127,49,227,66,99,539,163,190,178,150
"SEL1L3",255,655,301,288,599,622,95,60,76,58,172,312,118,511,68,24
"VPS8",474,91,93,167,160,461,63,41,170,53,199,1133,212,599,203,174
"TBL1X",383,625,254,388,373,563,38,29,90,62,132,204,149,412,136,133
"TMEM80",125,228,131,319,308,452,58,39,313,81,194,257,131,487,209,191
"LOC100996447",321,86,85,193,111,110,138,71,337,164,185,589,216,242,306,262
"SUV39H2",67,313,203,324,236,148,84,58,222,64,212,273,199,396,326,240
"THBS3",1220,257,205,262,207,403,71,50,127,92,101,768,100,267,82,105
"HSH2D",2857,85,70,123,95,1702,53,161,128,28,71,8786,76,228,89,60
"AP3M2",347,254,146,262,234,245,47,53,245,64,144,358,198,505,223,138
"CELF2",496,1493,669,658,985,973,27,25,37,34,48,1675,58,126,50,38
"TMEM168",136,299,200,316,257,147,61,49,219,73,228,299,161,516,283,160
"DOCK8",126,608,311,296,500,380,35,41,73,44,157,1222,109,533,144,79
"LOC728743",729,131,123,169,109,218,165,86,294,85,118,417,126,560,198,105
"TMEM260",425,194,140,294,196,225,65,32,148,129,249,314,128,467,194,215
"WDR25",86,124,103,137,118,235,233,211,300,136,133,629,175,416,188,129
"EIF1AY",2,1,1009,2883,1782,0,2,3,0,6,3,1,7612,10155,13421,10107
"SPATA2",132,247,136,245,171,275,48,40,202,203,329,195,210,276,285,271
"C6orf203",1079,154,150,306,197,220,116,48,274,32,90,565,173,235,217,135
"DYSF",74,21,115,146,113,359,106,111,29,497,345,1393,111,407,289,587
"NHEJ1",167,233,199,344,256,219,116,46,189,100,204,269,129,353,187,171
"NOD1",1003,212,122,276,217,440,66,62,159,65,74,782,131,227,168,122
"DGKD",584,356,240,511,310,667,56,24,125,32,87,652,133,341,97,102
"TDRD3",449,254,254,340,292,219,73,38,193,49,120,390,167,258,181,171
"CHORDC1",52,309,214,463,335,140,51,12,102,195,331,174,265,291,560,303
"ELP4",102,349,307,445,350,195,37,39,124,81,284,222,177,366,239,203
"TRANK1",49,327,372,300,291,679,35,22,69,362,286,147,131,371,158,309
"KIAA0753",190,192,137,310,185,155,96,31,216,202,267,265,138,299,294,226
"RUNDC1",185,208,126,268,196,218,77,71,220,175,239,312,148,236,243,164
"GTF2E1",118,252,204,332,242,157,68,39,238,94,261,272,158,355,292,205
"GOPC",78,371,227,464,359,198,50,24,169,104,252,266,161,341,278,193
"FBXO8",32,175,151,240,187,117,46,29,218,357,492,191,195,604,379,407
"CNST",415,318,175,252,263,372,49,14,121,198,213,501,97,220,207,182
"CRYBB2P1",661,137,93,222,154,183,131,76,267,82,102,388,164,247,258,235
"FPGT",27,178,167,215,214,125,80,75,167,339,264,378,187,242,468,265
"TRIM56",51,223,161,123,233,93,165,106,314,193,207,180,284,285,263,246
"GEMIN5",61,460,292,450,410,169,89,25,147,106,226,227,164,249,211,217
"RPAP3",155,420,228,472,350,200,75,27,145,73,115,507,163,295,203,150
"RAB9A",17,383,237,438,283,465,31,13,85,491,320,290,166,244,298,252
"MANBAL",591,197,152,208,174,259,82,76,198,90,137,508,139,245,185,133
"APOO",270,195,182,395,197,169,71,34,217,166,196,217,174,214,302,196
"SMG8",5,429,312,392,392,252,52,16,216,130,287,311,191,325,284,265
"SNX27",131,313,244,290,314,503,52,58,106,101,225,366,117,277,175,138
"LCP2",529,1233,693,736,818,936,29,9,18,82,58,704,83,160,67,55
"POLR3D",43,224,223,226,235,321,143,59,189,130,129,564,195,228,215,177
"SNTB1",103,63,51,60,108,622,111,116,358,24,298,1402,190,1353,259,168
"DPYSL2",418,328,219,252,295,565,92,84,141,28,86,1120,102,188,149,67
"KLHL42",515,281,160,349,195,235,66,44,144,49,127,341,169,411,207,189
"SMPD2",813,191,148,233,185,239,120,85,166,85,62,539,135,233,175,149
"CDKAL1",209,200,181,214,238,196,91,78,190,85,256,337,126,293,206,185
"NOC3L",65,276,234,391,335,172,90,49,217,63,159,380,158,333,255,193
"NDUFAF5",451,167,94,251,153,181,88,52,253,119,174,319,175,238,262,253
"CHD6",316,319,196,261,255,158,114,78,163,46,130,422,148,473,148,115
"KIN",110,198,160,368,200,227,51,61,252,152,229,313,115,325,244,219
"B3GNT5",52,626,322,457,403,183,27,20,127,54,223,708,103,543,201,246
"C17orf99",67,7,12,72,52,14,376,327,2447,145,394,1470,314,359,536,368
"BRD3",80,236,147,266,229,122,77,100,190,116,352,263,156,341,229,248
"HIST1H2BK",133,224,210,218,165,514,60,44,137,194,134,541,79,966,132,143
"HDGFRP3",62,379,263,387,319,164,45,36,176,69,319,178,217,350,304,227
"VAMP1",320,261,330,249,579,501,25,21,129,47,195,263,148,463,157,169
"ZNF75A",362,198,207,405,242,155,62,60,216,61,184,438,121,371,156,139
"ADSS",175,613,323,523,487,288,36,13,98,78,135,382,132,342,166,154
"GEMIN2",56,205,237,252,287,185,85,29,231,90,166,304,223,503,313,235
"MFSD2B",3,217,207,241,238,169,51,30,154,345,1334,33,242,758,257,474
"COG5",81,366,269,251,287,230,44,37,137,147,308,197,160,514,168,210
"PHTF1",175,266,128,286,200,271,89,53,170,84,173,714,141,174,260,181
"HRSP12",35,323,227,400,268,118,97,22,192,251,218,285,165,235,357,221
"PLEKHA2",883,458,220,254,409,741,74,75,60,34,41,2250,79,140,98,53
"ACTN1",598,496,239,510,430,1559,39,53,26,16,106,2231,53,266,86,39
"GMEB1",173,112,114,189,131,119,117,87,277,108,298,301,211,401,264,234
"PPP1R3B",151,171,174,202,146,833,59,60,103,394,266,396,110,272,139,110
"LOC102724814",583,130,95,265,134,321,89,66,202,152,164,569,146,258,117,138
"GDF11",4599,1616,852,532,1160,631,72,14,48,13,9,560,93,98,24,30
"NTHL1",795,267,165,189,206,336,242,197,219,22,23,964,178,139,126,54
"OTUD6B-AS1",16,255,167,315,256,138,77,42,185,106,357,330,199,490,324,284
"FAM13B",195,527,221,342,285,203,44,24,109,253,172,397,84,263,165,198
"TBC1D31",78,265,161,299,222,155,42,47,277,75,360,204,228,429,321,219
"YARS2",221,403,305,523,356,247,41,23,135,43,166,314,158,334,204,149
"SLC35E2B",276,200,210,282,277,226,56,52,214,112,230,198,132,332,167,164
"DST",161,227,118,177,125,182,56,34,152,373,402,208,172,560,256,188
"SORBS1",11,302,354,267,376,80,59,36,170,358,720,104,129,245,328,330
"PTPN9",100,398,274,329,338,440,46,28,119,164,189,323,136,209,164,162
"AP5S1",163,221,155,223,246,213,131,82,248,74,109,502,161,180,209,182
"CNKSR3",192,2528,1524,927,1495,224,31,30,37,28,36,182,114,257,75,63
"TMEM39A",124,400,261,302,421,392,40,19,162,67,199,431,114,376,203,134
"CDCA7L",141,308,295,329,390,270,87,50,146,28,199,436,129,336,168,115
"BTN3A2",618,299,371,264,272,322,32,35,172,70,124,433,105,241,139,138
"CRIP1",2524,488,383,200,156,587,163,185,38,19,23,3701,72,76,73,22
"POP1",829,268,257,468,274,210,103,40,161,51,69,357,138,120,187,139
"PYCARD",1286,171,165,140,196,942,142,234,44,16,46,3957,88,173,147,24
"ZBTB45",294,273,224,259,277,377,90,72,185,44,98,442,130,234,122,151
"ZCCHC9",84,403,302,654,363,223,44,8,132,94,213,185,151,442,256,219
"NPAT",10,336,212,438,327,114,69,39,180,90,368,219,161,592,300,257
"RAPGEF6",0,265,154,243,254,58,54,72,270,151,529,286,223,496,385,355
"RPS6KC1",192,207,191,251,220,216,40,56,114,72,299,397,116,599,227,195
"ODF2L",330,162,134,316,207,147,97,57,240,132,185,332,105,218,222,184
"HERC6",260,133,130,113,161,144,84,80,261,93,252,293,153,452,234,300
"BBS7",199,116,197,215,266,181,71,49,201,146,226,233,151,283,272,226
"KCNQ1OT1",327,113,101,180,134,117,118,192,296,121,153,700,118,245,181,142
"MPI",613,370,446,213,695,608,81,62,147,18,53,924,74,152,73,60
"GTDC1",44,253,162,239,212,174,61,41,241,92,327,191,214,534,301,279
"CREB3L1",46,266,106,443,149,404,68,49,208,741,723,11,134,351,94,277
"ZBTB43",123,291,159,326,171,217,61,32,108,380,407,179,96,234,198,304
"MRC2",405,56,42,157,183,104,245,99,374,65,264,1618,156,206,203,117
"FGD3",1849,231,191,282,340,1174,72,88,61,22,41,2914,63,173,60,35
"HGSNAT",659,470,225,364,362,458,29,25,93,26,153,444,108,498,108,117
"TBCE",301,349,304,585,393,294,24,13,98,109,187,160,158,277,187,200
"PLAUR",136,163,105,110,163,1927,46,37,83,59,180,1790,210,429,221,101
"MED30",0,187,192,369,225,226,48,43,252,153,292,475,194,446,343,227
"TRAPPC8",15,460,313,620,423,195,30,3,96,245,523,122,164,357,326,318
"NUDT15",273,377,223,325,278,207,78,48,156,51,104,324,153,202,218,181
"MRPL36",85,285,192,301,279,307,87,33,169,106,145,350,197,220,183,216
"C2orf47",19,338,220,459,265,178,74,38,210,106,205,231,178,399,320,183
"CCDC93",409,278,125,225,194,438,55,29,136,91,226,486,136,267,141,170
"GLTSCR1",235,213,175,394,200,244,76,41,184,110,234,231,150,248,153,173
"NCF4",4233,379,360,33,310,1330,51,133,47,16,33,4553,87,143,66,20
"CSRNP1",185,250,400,231,536,332,20,22,57,146,344,125,377,134,289,183
"MIER3",61,221,118,229,205,69,83,56,234,131,315,219,217,442,383,279
"EARS2",722,509,323,410,371,225,95,53,167,28,50,376,112,155,121,95
"UTP14C",58,304,162,195,241,166,71,50,207,132,329,234,123,399,274,234
"ZNF671",364,150,145,166,198,223,82,59,199,68,238,629,131,403,149,124
"GTPBP8",34,228,146,257,224,97,101,77,362,83,179,541,188,299,315,188
"PINK1",53,205,182,112,186,365,19,26,115,896,716,161,172,226,247,389
"C20orf24",0,365,259,354,323,496,44,13,137,104,334,405,252,298,231,310
"TMEM64",45,485,206,278,310,123,64,16,168,125,292,211,179,373,339,260
"RUNDC3A-AS1",158,42,79,234,84,58,102,111,291,466,572,218,140,208,325,440
"ARHGAP21",506,308,150,343,245,182,77,54,170,77,239,174,136,351,111,116
"MGC27345",482,235,120,315,175,192,81,148,302,59,90,307,122,210,174,138
"LMF1",848,115,79,156,128,247,120,154,251,64,150,410,186,290,129,109
"WIPF2",108,466,273,284,360,191,56,49,123,123,331,226,122,269,115,150
"C1orf27",317,270,205,437,257,205,45,24,168,88,175,256,135,347,178,185
"PICK1",502,175,198,207,231,322,119,106,217,39,67,892,137,221,95,86
"TAF3",251,132,121,217,158,95,178,99,262,140,181,248,183,187,218,199
"ASB16-AS1",588,142,120,339,152,244,59,44,251,78,205,250,162,289,184,178
"MTX1",13,317,212,359,285,247,77,31,237,98,124,478,202,333,256,221
"CMTR2",28,423,222,387,299,83,42,20,128,303,394,97,191,418,405,271
"SORT1",1841,655,557,231,461,774,54,25,26,62,66,1149,60,147,53,35
"UTP20",94,433,286,385,331,159,68,23,161,58,159,305,174,333,202,202
"USPL1",227,244,183,260,215,187,58,35,131,133,232,252,144,291,225,233
"MAPK8",244,275,192,353,245,200,53,28,154,88,181,454,135,324,177,155
"ZNF22",37,168,134,162,172,344,58,55,194,72,279,474,200,695,260,240
"GNPNAT1",308,703,444,680,451,270,63,46,130,28,64,351,92,161,124,84
"MAP2K5",70,261,224,145,343,470,102,109,167,45,90,650,131,406,162,97
"ZMYM4",541,455,302,430,397,332,43,18,91,30,86,721,120,293,125,105
"ZNF197",105,222,108,235,173,182,95,81,182,86,157,501,179,340,246,185
"NUP35",66,274,170,403,262,123,70,33,245,76,195,229,182,434,264,253
"TADA1",15,313,203,396,252,93,55,44,237,72,311,199,223,446,388,291
"MGA",185,282,194,257,264,347,90,28,124,56,131,501,145,348,197,143
"PTRH1",44,233,154,185,175,232,229,140,334,71,68,403,235,219,227,134
"MARCH9",382,256,188,187,230,450,44,20,168,169,123,395,130,245,148,180
"RAB27A",281,184,128,232,156,584,63,111,45,64,152,3511,72,502,103,51
"APOOL",155,256,183,259,272,78,59,61,191,89,212,285,137,458,282,166
"FOXK1",110,331,217,496,278,288,77,65,141,80,96,381,149,230,144,127
"WAS",1771,177,164,248,306,2173,62,47,42,30,60,3048,76,196,70,24
"TIPIN",126,266,160,354,226,117,112,76,330,57,110,336,197,204,211,169
"EIF4G3",350,490,298,477,380,290,48,16,101,42,176,558,160,158,109,111
"LOC90784",617,368,201,581,330,218,80,39,144,38,110,389,113,139,131,114
"C3orf38",2,255,187,345,273,125,78,64,227,129,308,352,162,335,309,223
"CENPK",0,306,170,458,345,139,25,22,181,116,593,71,296,861,494,313
"ZNF587B",170,230,180,430,257,159,76,98,215,80,122,395,109,155,184,177
"RBM48",153,220,169,358,168,165,48,66,191,171,266,278,108,267,175,196
"SUOX",195,302,258,433,316,378,54,17,113,117,127,384,133,261,132,146
"FAM168A",264,329,235,271,260,311,45,42,138,61,152,521,134,229,155,135
"GPATCH11",83,278,198,334,333,208,54,25,208,99,267,165,177,258,263,220
"SWAP70",160,375,250,308,297,625,56,39,105,80,112,823,96,187,140,89
"METTL8",350,396,249,367,293,162,67,87,168,49,79,264,126,202,191,120
"CIPC",45,243,171,349,234,201,59,59,153,120,251,225,182,256,321,218
"RAB2B",209,278,188,352,272,186,27,63,127,146,324,203,107,234,167,210
"TOP3B",47,334,235,371,268,292,62,26,163,78,276,272,171,324,172,197
"OSBPL5",307,504,252,442,342,353,20,44,67,73,238,210,136,289,152,98
"PHF10",42,261,190,238,255,230,46,16,243,87,358,197,225,389,306,312
"UBXN2B",56,386,235,300,335,254,46,44,151,82,180,294,156,361,155,221
"CCDC51",17,258,257,396,367,308,104,28,226,48,125,470,187,343,233,153
"LYRM9",154,96,123,113,130,116,86,76,370,99,243,193,243,700,288,231
"CASC4",75,514,287,480,414,222,26,18,79,107,213,204,146,375,264,193
"C1orf109",2,321,230,556,261,146,32,23,114,391,848,71,152,350,282,385
"IRAK3",772,642,392,268,420,753,37,32,46,27,92,1259,67,166,82,62
"STAM2",51,206,140,300,214,170,40,37,151,270,463,213,146,319,275,259
"C1orf131",23,392,255,507,351,223,40,16,162,102,239,178,167,405,286,251
"ITSN2",112,246,197,362,251,246,54,20,122,110,261,257,168,328,223,215
"IGFBP2",685,1528,1021,1248,2296,4553,52,5,20,12,7,1014,55,8,37,31
"SOS2",181,296,178,255,228,167,65,49,145,73,161,638,146,389,175,112
"ZNF548",181,151,146,288,162,143,58,74,207,107,245,404,147,250,239,179
"TBXAS1",590,93,86,63,262,2311,92,79,22,73,114,1700,96,371,169,74
"FOXP4",448,273,184,306,219,370,71,80,84,58,95,373,157,371,90,106
"TM2D1",41,139,117,201,171,156,48,75,185,138,328,387,195,456,354,251
"EID2",56,209,144,419,215,217,59,47,249,83,139,271,228,235,290,295
"GLYCTK",691,188,109,244,157,228,94,131,195,71,95,479,98,197,140,134
"DHTKD1",305,308,316,308,418,204,36,38,133,45,127,256,198,282,165,146
"TCFL5",45,291,205,289,250,232,46,46,225,70,197,276,179,478,223,187
"PPP1R3E",636,159,134,217,137,464,50,38,176,122,138,229,144,385,160,150
"GMIP",1400,287,237,138,286,1007,58,93,45,19,73,3476,83,139,73,32
"LPGAT1",388,281,210,304,201,374,52,67,96,37,105,910,96,274,135,123
"NUTM2B-AS1",57,161,94,203,141,176,100,52,230,214,249,376,163,285,249,283
"PRAM1",1731,12,14,27,68,1866,162,513,57,37,86,12913,126,437,119,50
"PHGDH",589,131,42,115,96,4199,76,159,56,55,70,1354,65,1963,49,45
"ZNF788",131,117,104,129,136,196,64,107,286,53,244,680,165,498,275,158
"ZFX",52,365,131,151,184,234,44,38,187,255,593,267,123,317,201,179
"NAB1",454,281,148,261,231,107,99,88,139,57,177,332,94,317,192,113
"SLC35E2",638,173,78,107,261,142,63,135,199,224,396,360,80,125,125,138
"TMEM91",1452,100,110,117,138,270,111,153,169,60,60,1835,95,249,111,74
"ZNF513",221,183,179,351,228,447,45,27,119,161,240,166,138,268,153,210
"TXLNG",61,363,210,360,287,224,80,25,217,103,209,251,131,229,212,174
"FUNDC1",157,158,120,279,161,244,37,32,145,293,248,310,146,245,303,226
"MLLT10",77,505,337,478,387,286,28,13,99,59,259,202,133,462,188,202
"FBXL19",559,507,331,471,474,570,64,30,77,34,68,665,104,159,56,66
"B3GALNT2",54,316,210,377,288,263,58,55,146,72,164,350,141,329,224,138
"BCL2L2",10,268,244,356,294,295,48,28,195,77,277,217,244,477,214,226
"SLC12A9",1411,380,248,441,328,577,72,56,90,15,48,574,83,174,104,54
"SNRNP48",153,212,183,301,235,198,55,41,201,86,268,234,156,279,218,159
"EXTL3",1115,558,453,306,311,388,46,43,92,26,46,528,103,217,76,78
"CHST10",688,272,198,360,263,277,72,65,111,35,78,380,192,178,110,119
"SLCO2B1",611,962,358,330,659,953,89,48,6,29,96,167,68,255,115,48
"KRT13",333,146,121,159,129,39,432,131,1053,10,98,532,278,332,176,55
"CCSAP",113,143,96,216,169,170,36,36,194,153,434,314,176,442,286,253
"SH3BP1",1634,228,135,221,183,1207,82,72,60,23,43,3390,91,145,67,47
"ETHE1",150,283,214,145,376,983,80,36,134,43,70,1185,101,266,149,79
"DTWD1",175,223,192,329,237,173,47,31,219,55,158,301,164,416,265,173
"GBE1",81,872,630,422,873,261,36,13,75,80,139,340,112,187,147,82
"LSP1",233,23,71,10,191,932,278,180,64,53,130,7554,160,352,239,58
"ATAD2B",39,182,119,297,172,115,61,28,231,203,464,274,196,403,249,238
"RMND1",630,300,243,310,257,266,96,34,137,48,73,402,101,218,150,113
"ACOX3",284,143,142,156,158,231,127,87,223,66,131,394,148,270,166,165
"ABHD13",25,235,205,277,233,108,62,30,176,181,307,301,176,301,364,231
"MFAP3",49,488,311,372,414,360,28,13,87,121,298,204,125,370,182,188
"SNHG20",124,205,125,262,192,276,88,50,301,130,134,340,116,275,125,209
"PRG3",0,4,2,2,2,3919,155,2844,910,199,177,11809,606,150,233,96
"HINT3",44,239,148,160,213,233,70,70,161,130,214,373,140,375,241,199
"FCN1",174,11,32,13,86,2949,220,326,45,32,262,5286,152,863,215,63
"TRIP10",284,271,218,297,194,431,59,22,150,66,223,146,146,277,190,157
"CYB5R4",0,366,225,327,313,153,44,26,96,194,486,185,189,307,379,332
"ARL3",83,297,284,154,304,295,86,50,229,53,75,584,155,200,213,154
"EFR3A",51,275,209,263,321,154,46,40,139,91,220,362,163,345,305,182
"BECN1",54,423,283,285,454,238,10,7,80,293,496,101,179,333,200,366
"SFT2D3",222,320,199,362,242,265,58,54,130,54,142,335,122,288,150,129
"CDC37L1",109,247,161,249,166,182,40,24,143,280,266,320,126,270,233,265
"CNOT6L",292,261,180,162,266,245,45,49,149,67,142,616,122,384,165,109
"IFT80",102,397,351,512,426,142,41,12,145,98,210,183,122,336,200,164
"TNFRSF1A",338,135,134,148,295,1851,72,51,55,15,108,3252,74,352,125,66
"ZNF445",447,240,153,269,192,204,83,94,147,56,123,483,113,252,120,106
"MMP14",92,195,196,147,352,1760,81,40,40,63,120,351,184,359,218,107
"C6orf223",322,830,1012,503,1222,1401,11,77,34,172,132,13,29,185,45,53
"IFNGR1",281,296,242,213,353,1047,29,15,69,52,146,1340,83,199,189,87
"UFL1",57,306,244,417,384,78,57,27,165,70,231,127,210,497,338,182
"B9D1",145,153,182,224,227,126,182,83,290,44,79,293,203,305,210,155
"ZSCAN25",94,256,141,355,203,162,55,34,156,143,415,173,132,257,194,286
"SAV1",107,254,180,247,237,196,54,31,148,117,223,153,165,389,297,207
"MNT",86,581,265,238,358,418,65,33,105,79,150,285,141,281,114,119
"TSSK3",43,162,122,274,166,261,54,30,203,374,517,149,148,220,190,323
"NRDE2",252,261,158,259,169,201,104,76,210,52,93,446,135,213,159,157
"SETMAR",494,251,151,235,162,216,85,46,148,79,134,377,148,171,155,165
"PLEKHG4",245,322,184,503,346,128,54,29,131,75,113,555,168,283,98,131
"CEP70",223,140,111,181,157,118,73,73,320,46,194,480,185,384,218,177
"AIDA",66,195,158,244,164,64,57,66,286,126,369,248,124,423,276,230
"ZBTB11",0,248,182,329,281,69,66,29,221,174,351,367,167,454,372,231
"MCU",249,451,335,409,372,349,19,14,90,44,210,439,102,344,139,123
"BIVM",203,268,205,393,251,254,66,36,164,44,107,266,132,339,211,150
"PLXNA1",562,439,217,661,255,441,59,26,109,62,77,262,106,134,91,142
"AASS",193,178,238,239,256,119,37,61,220,181,365,89,116,207,204,230
"PWWP2A",37,210,143,235,181,153,67,45,264,65,302,266,191,442,315,231
"RNF44",108,572,321,427,406,552,26,6,68,115,257,244,120,338,131,105
"SRBD1",101,225,173,185,254,118,61,41,172,118,275,235,162,289,285,224
"POLR1A",355,357,271,289,319,243,94,19,159,40,94,261,154,251,179,104
"ZBTB1",110,467,234,315,323,209,39,34,150,44,143,335,173,331,221,125
"FLVCR1",1047,196,152,226,185,207,49,82,196,49,103,408,128,192,147,118
"TIMP2",989,34,45,27,140,1241,169,163,32,38,93,5537,167,338,202,54
"ZNF490",284,117,98,164,127,144,96,127,245,107,123,735,132,234,189,137
"LOH12CR1",39,114,80,137,99,132,184,121,441,113,172,387,216,235,337,241
"BACE2",65,247,59,165,153,340,54,111,51,9,346,1675,155,441,469,205
"EME1",150,156,197,354,226,254,37,26,221,48,205,134,181,617,202,268
"PPIP5K1",352,218,146,230,188,213,44,35,155,90,276,213,147,409,134,180
"GPD2",125,312,185,308,261,218,37,34,95,92,206,343,181,293,204,166
"CEP78",22,224,169,200,193,131,66,41,260,69,251,257,239,358,404,315
"PYROXD1",38,206,118,198,162,123,81,62,256,213,261,172,137,514,275,209
"FAM122C",165,87,88,170,143,89,59,49,308,132,291,172,262,627,282,264
"ERICH1",232,229,195,300,226,218,108,27,141,88,174,229,153,216,143,176
"TREML2",84,38,48,128,71,274,66,66,151,576,792,213,126,259,335,595
"FAM173B",153,263,157,260,153,146,64,68,228,63,131,274,192,370,208,164
"RNASEL",81,142,104,124,181,172,78,59,239,146,309,304,164,272,248,268
"CSNK1G3",114,247,154,205,239,109,82,49,186,138,233,301,121,282,199,178
"CCNYL1",131,179,118,230,173,127,67,55,212,124,323,226,159,288,207,220
"ALKBH2",687,271,292,471,287,272,106,25,146,29,48,477,141,185,116,75
"AASDH",166,141,144,162,155,175,51,42,263,115,304,282,136,314,242,235
"CBFA2T2",370,175,116,185,174,277,51,62,101,403,171,273,83,287,135,143
"TESK2",127,148,186,132,211,231,37,38,247,102,437,162,137,481,223,211
"FAM50B",105,220,183,287,228,206,84,61,242,67,152,130,176,287,225,171
"IFT74",155,240,201,367,289,155,43,29,131,128,207,233,113,338,203,175
"PPIL4",19,239,209,467,296,179,49,37,145,117,263,208,169,343,283,184
"SLC27A5",636,187,176,185,148,343,264,142,234,30,23,668,117,149,155,48
"CDK17",18,271,131,221,225,79,58,37,127,266,494,170,162,491,354,255
"RSBN1L",93,215,156,256,193,122,47,45,193,259,282,272,114,263,202,191
"PDSS2",121,224,197,210,230,141,101,59,197,77,157,418,158,211,199,129
"OSER1-AS1",165,47,95,69,101,284,99,127,296,217,254,335,121,218,257,264
"AGL",93,269,221,339,325,98,72,47,232,58,143,307,141,245,275,143
"CCL2",185,86,103,56,178,4149,90,41,36,59,173,231,184,997,310,84
"CCNE2",47,315,113,365,265,58,30,21,143,87,585,119,216,759,378,323
"COQ6",266,216,204,331,220,290,47,31,114,85,154,226,131,306,184,171
"HCST",1053,50,62,38,117,2031,102,483,32,19,46,20495,94,210,81,26
"USP42",68,182,136,375,151,100,57,48,165,178,392,187,156,317,224,251
"NLRC5",795,128,93,118,71,358,90,61,211,55,174,977,118,261,130,122
"THUMPD3-AS1",374,239,92,247,139,238,57,45,194,88,146,278,152,309,183,160
"SAMSN1",52,1072,507,365,827,757,18,4,32,337,102,555,78,138,94,94
"ZNF689",83,280,146,213,229,204,79,39,205,58,199,352,126,289,228,209
"NKRF",309,322,208,448,275,167,79,22,176,44,120,300,121,213,180,130
"BCAS3",198,122,117,81,146,195,63,83,216,161,224,485,145,401,155,144
"LARS2",78,421,321,383,284,239,54,20,154,54,173,201,166,268,177,170
"CREB3L4",169,211,212,216,289,329,73,51,221,45,62,585,187,275,120,102
"GPATCH1",246,211,165,373,201,204,52,43,179,57,167,242,143,287,182,162
"RBMXL1",103,231,164,230,227,214,67,30,185,81,233,336,125,226,258,196
"TRPT1",648,163,158,195,250,293,61,24,285,37,114,429,153,271,183,87
"LYSMD2",1,99,130,366,223,277,40,17,182,145,358,358,176,649,378,337
"IKBIP",201,318,189,390,278,222,46,42,161,50,124,416,95,260,212,108
"FSCN1",988,1842,798,743,940,1083,39,12,12,21,40,1378,43,53,41,11
"ZNF280D",225,235,216,301,270,156,42,34,162,47,165,295,142,435,190,143
"ZNF764",248,111,84,167,127,161,83,71,287,91,231,369,127,308,200,201
"CYB5D2",362,201,178,228,204,228,69,67,160,90,133,360,117,177,122,135
"STXBP5",721,1160,404,477,601,518,28,14,25,52,51,719,50,162,91,57
"NF1",415,421,236,439,341,218,40,23,103,63,134,215,124,226,143,114
"CASP6",178,420,239,362,327,267,72,42,106,25,87,337,130,320,177,106
"CXXC5",52,813,519,484,628,265,10,11,109,48,175,161,181,243,134,269
"ACCS",1165,175,146,171,270,1149,40,160,102,64,15,943,74,176,50,96
"NFATC2",305,383,365,462,541,301,45,23,89,62,122,230,85,364,87,64
"SLC9A7",1366,472,230,330,396,378,69,114,103,41,46,278,75,73,80,56
"LINC00674",310,525,256,390,397,512,36,51,103,34,76,554,97,263,100,34
"ITFG2",598,370,191,366,267,199,58,34,126,48,107,258,103,257,132,116
"GCH1",27,110,98,302,170,91,37,32,123,240,870,177,138,592,333,439
"KRR1",22,261,199,403,236,128,52,42,184,87,274,192,168,394,241,230
"NEK1",76,155,136,215,187,94,56,31,215,149,362,205,173,379,341,223
"WARS2",142,228,227,251,237,130,82,50,212,49,159,288,132,331,182,146
"MYLIP",10,106,308,280,268,299,30,25,91,448,456,158,150,277,280,268
"CRTC1",1067,219,158,240,228,404,99,35,96,36,85,718,90,214,133,60
"DNA2",30,306,158,439,206,89,42,47,208,77,409,116,188,460,273,223
"ZNF850",137,160,119,236,138,144,62,110,204,76,255,272,140,233,249,194
"NPC1",759,275,151,273,275,519,25,17,90,77,288,159,99,202,147,168
"NAB2",806,1691,978,836,1025,407,34,8,47,25,37,579,49,89,49,26
"SKAP2",42,375,286,249,445,411,19,14,65,64,337,241,188,398,200,221
"PAXIP1-AS1",78,170,164,410,201,207,63,39,235,60,213,171,204,328,204,183
"MAP3K3",197,458,229,427,310,398,27,15,78,146,185,373,86,157,117,144
"COX18",192,247,181,362,241,162,81,96,172,48,103,364,106,260,141,106
"C1GALT1C1",29,298,191,261,237,241,68,44,131,76,159,499,145,309,246,152
"CCDC58",129,278,245,523,300,184,89,18,204,50,72,372,157,257,180,113
"MDM1",86,176,102,293,171,109,49,33,220,91,457,168,155,374,369,248
"VPS54",154,277,176,246,213,174,35,23,127,91,230,315,161,346,230,177
"SERINC5",106,193,222,139,205,272,34,26,78,396,280,158,108,427,282,172
"NRROS",339,1478,956,1386,1098,1388,5,2,24,22,70,381,57,194,42,50
"TCP11L2",0,82,80,126,96,211,46,39,133,1948,1910,69,87,102,836,795
"PPP1R12B",8,137,96,177,150,158,89,56,271,134,305,312,216,471,256,287
"ZDHHC18",346,332,182,280,265,458,59,69,117,31,68,615,84,240,111,88
"FGFRL1",17,432,132,155,319,165,74,40,322,39,260,319,171,344,254,192
"TMEM184B",252,352,223,262,300,436,66,26,108,71,98,429,122,178,106,108
"EDRF1",79,322,187,436,275,213,56,21,165,53,173,288,136,299,225,162
"MGST1",126,940,763,1195,940,1204,23,16,17,27,46,1048,50,133,64,42
"DES",814,495,0,1,1204,208,348,43,645,78,94,162,201,198,307,89
"FAM210A",176,280,214,281,261,157,103,44,166,63,95,311,124,204,199,127
"MYBBP1A",123,721,357,649,554,418,97,7,104,39,113,109,98,229,92,129
"MYCBP2",46,429,240,317,363,270,52,35,115,56,147,384,127,282,161,151
"ZMYM5",99,271,211,296,266,144,30,37,123,134,281,178,118,351,213,184
"PAPOLG",78,204,144,253,200,134,36,32,132,200,385,242,121,273,264,256
"BHLHE40",433,668,274,298,327,1307,60,24,38,28,78,1152,81,133,56,49
"PIR",156,183,84,249,262,227,124,58,153,66,117,162,132,294,336,170
"RAB30-AS1",148,87,103,202,109,102,85,49,308,157,158,311,188,273,316,243
"SHPK",317,286,146,172,223,206,94,62,205,48,119,235,131,234,146,139
"FAM91A1",117,324,179,220,228,131,29,19,132,136,330,207,147,346,247,219
"FRY",106,81,37,189,76,162,46,41,215,182,742,474,176,235,313,382
"INPP5E",414,260,156,473,208,249,24,18,151,55,194,159,169,408,137,164
"LIG3",172,383,222,245,297,303,55,26,98,56,102,342,140,312,134,164
"EML4",449,262,160,292,225,255,66,56,119,35,93,451,94,249,148,123
"NGFRAP1",99,386,611,484,525,1290,64,23,77,28,33,1152,99,139,88,31
"CEP76",3,165,123,266,212,170,35,37,187,439,484,111,160,354,347,289
"FRAT1",108,133,121,101,119,273,95,72,227,152,111,821,147,361,163,100
"PGAM1",11,746,556,410,768,474,28,18,120,40,108,532,133,131,171,103
"PCNXL4",55,975,629,849,708,226,13,10,55,95,181,145,85,305,141,104
"DCBLD2",450,552,313,203,299,119,38,20,187,34,129,211,168,227,222,107
"IFITM1",1480,1365,413,334,347,1641,36,35,75,6,15,1471,10,110,86,35
"SLC25A16",492,140,110,236,146,87,63,66,186,81,194,181,120,300,279,202
"BANP",120,77,109,82,127,219,88,84,222,138,252,333,170,286,247,206
"ASCC1",271,381,283,362,363,245,32,42,91,54,107,285,111,276,102,127
"MAFF",94,297,194,235,381,828,24,24,38,629,256,69,151,71,170,246
"ARHGAP9",1268,112,82,120,203,1466,72,104,23,25,76,6164,64,196,102,28
"ANXA4",274,1313,1050,438,764,435,26,13,35,31,55,302,106,151,93,55
"TCF12",8,356,251,288,372,169,34,25,106,60,414,231,165,621,197,241
"TMEM170A",74,252,188,333,229,248,38,98,151,172,171,176,89,168,198,158
"OXR1",5,227,191,198,248,58,56,53,187,179,362,161,192,498,336,253
"KIZ",135,123,126,170,145,191,48,43,185,308,249,245,124,266,218,197
"PANK3",110,299,184,224,198,159,49,35,136,180,255,183,107,253,237,167
"RHEBL1",67,96,62,153,97,222,61,88,233,194,298,163,179,427,276,287
"ZNF644",7,378,168,291,240,119,79,35,172,149,229,387,124,369,207,172
"BET1",44,214,198,283,234,137,56,23,151,158,212,246,145,308,308,205
"ASB13",829,492,276,360,285,392,84,39,82,53,42,606,112,92,73,38
"CRELD1",223,132,117,122,184,416,64,75,187,97,114,388,144,285,169,110
"CYTL1",83,464,795,187,567,1470,30,23,12,38,58,588,71,307,216,91
"TDRKH",87,192,197,194,226,166,32,41,156,110,364,126,169,262,258,272
"RASAL3",1935,173,217,214,313,1006,45,81,25,23,31,6089,53,119,60,25
"ZNF318",189,390,237,244,352,184,33,14,157,43,186,248,162,344,180,142
"TSPYL4",61,235,201,276,278,109,36,34,121,77,233,170,268,382,277,221
"PGBD2",69,266,171,492,188,175,45,30,150,119,222,205,106,404,191,159
"C11orf30",101,146,105,222,124,119,57,31,216,166,367,223,152,328,262,238
"PRR12",438,429,191,448,306,326,74,19,148,42,131,230,121,192,72,76
"RNA45S5",304,116,409,380,84,208,356,264,135,33,46,593,80,181,62,50
"CSPP1",231,297,246,406,421,114,70,21,98,103,137,212,88,228,163,139
"CRIPAK",911,117,82,254,128,251,65,39,161,71,163,238,287,250,88,143
"SYNJ1",32,123,120,247,156,60,57,36,247,189,461,266,179,353,322,243
"SPATS2",459,211,154,370,233,256,57,43,148,41,148,257,101,175,150,141
"NSUN6",247,128,120,169,156,148,69,23,200,117,196,369,163,344,186,188
"RETN",384,3,9,19,27,1473,413,1425,34,119,65,11300,177,227,232,30
"ZNF780A",349,152,86,177,126,151,113,71,217,83,131,310,138,206,241,139
"MORN2",48,190,156,324,194,97,99,43,220,125,98,421,161,187,304,189
"SNHG9",1097,57,50,165,81,125,165,170,305,133,56,483,115,161,219,103
"IFT46",277,246,171,194,272,221,86,59,187,44,71,490,113,211,156,94
"SPIDR",193,286,207,199,326,441,28,35,111,46,133,454,130,262,131,134
"RAB12",80,190,112,331,176,113,47,40,147,98,299,208,170,345,272,239
"RABEPK",516,304,267,261,250,268,74,27,123,27,41,635,128,221,155,84
"AVPI1",277,440,204,314,314,232,72,30,196,58,65,304,104,202,128,81
"CD84",586,345,226,99,159,638,57,65,62,39,67,2006,75,248,99,42
"P4HA1",74,322,368,132,547,246,82,109,177,31,94,773,85,139,136,59
"NDUFAF7",450,189,161,244,214,166,74,62,96,79,113,379,100,213,166,116
"ACADSB",265,259,214,214,207,146,59,31,149,59,173,263,131,270,199,141
"CDC26",0,158,144,154,186,193,76,45,292,217,169,579,170,244,287,219
"PEAR1",41,74,85,484,159,294,25,24,185,272,1263,74,131,164,267,432
"RFX2",253,171,122,277,164,173,63,71,223,66,267,249,107,201,137,140
"ARL8A",225,325,233,157,246,931,55,31,75,39,83,950,68,330,107,81
"TMEM68",29,155,154,255,169,157,51,63,223,66,196,285,154,432,323,222
"SSH2",299,182,126,211,221,439,57,31,119,45,128,818,92,272,118,143
"OMA1",78,263,195,323,248,229,30,31,131,69,210,247,146,385,189,170
"PRR22",1285,192,87,742,156,176,103,58,148,68,73,224,91,122,88,135
"GEMIN6",312,168,148,368,187,168,127,47,239,34,70,415,117,186,181,122
"HYAL3",476,223,170,178,233,397,60,50,99,67,88,1848,73,111,82,81
"SLC2A14",23,35,54,122,81,54,87,110,403,197,527,334,222,389,449,375
"KIAA2026",20,176,118,237,166,141,49,43,176,226,439,258,134,314,225,241
"BBX",43,343,237,260,338,153,30,23,95,157,324,173,104,326,211,238
"TOPORS-AS1",139,85,84,146,96,121,72,73,271,110,157,664,150,334,266,199
"AHCTF1",41,320,193,598,258,169,49,17,131,72,193,199,172,304,225,190
"KNOP1",100,220,184,395,223,168,141,70,146,30,47,333,219,238,232,104
"NFKBIE",941,180,120,127,161,535,112,66,100,70,45,1360,77,141,116,51
"PMAIP1",41,128,81,138,133,114,75,34,96,907,490,119,128,484,318,214
"C1orf186",1748,1280,1442,283,900,571,17,19,26,31,20,786,69,123,17,17
"CRYZL1",39,231,190,242,209,170,75,46,193,57,120,439,159,304,247,158
"BAK1",375,174,135,128,166,416,62,41,155,77,162,513,110,146,147,133
"LINC00909",316,191,133,275,143,246,65,47,129,70,170,259,88,394,140,137
"GLTP",379,220,146,235,192,246,55,57,125,72,98,666,116,198,122,84
"ZYG11B",112,245,196,283,306,164,64,55,138,52,143,420,118,226,175,109
"PLTP",566,455,437,291,372,1233,26,18,43,55,62,202,95,359,55,62
"LOC401320",662,80,73,138,98,297,66,59,125,119,217,384,107,197,222,180
"GCC2",13,186,156,177,190,93,50,31,170,549,399,136,129,347,238,314
"PHLDA3",142,135,165,254,244,344,135,36,194,67,46,396,120,228,164,151
"CASP8",300,343,238,393,230,207,34,38,68,93,179,362,72,179,143,106
"LIMD1",105,282,200,389,248,318,48,32,111,43,118,511,129,241,188,101
"SECISBP2L",55,253,153,164,263,87,50,31,123,248,393,178,133,309,245,187
"REPS1",341,437,305,364,384,400,32,9,83,26,134,413,101,206,133,104
"LCOR",23,138,105,201,155,76,48,54,265,114,480,187,184,482,314,279
"NACC2",1111,466,193,370,225,328,70,14,83,37,48,520,96,142,86,123
"INPP4A",106,277,227,233,283,305,49,27,116,40,138,381,136,407,176,109
"SLC17A9",611,542,311,587,358,653,40,9,59,49,94,604,65,120,62,49
"SPSB2",277,77,60,131,59,178,91,130,223,92,134,734,117,360,255,132
"THBS1",1545,592,424,169,1040,2523,38,10,27,12,69,272,73,440,15,24
"EFCAB11",149,128,85,192,143,136,80,90,233,67,182,265,154,280,248,177
"SPATA5",124,159,128,177,144,103,47,67,225,77,202,272,172,306,274,206
"TRIM68",176,154,126,216,189,168,63,39,218,68,186,352,111,291,198,161
"ADAM8",827,441,305,271,285,1495,36,21,51,38,55,1203,59,82,80,41
"NOTCH2",239,479,515,338,384,374,54,31,33,24,76,903,82,196,91,64
"COBLL1",336,387,229,197,294,59,59,36,177,35,210,122,114,369,212,136
"ZNF292",210,263,190,246,227,302,37,49,117,80,156,344,101,239,123,105
"DGAT2",107,80,70,94,121,212,72,86,408,100,287,547,86,206,195,285
"IL18BP",284,83,72,182,115,541,124,46,211,67,157,198,162,246,149,186
"BCL10",12,263,159,283,232,141,42,41,197,138,278,281,130,236,282,198
"ZBTB18",45,111,81,156,100,98,69,69,237,152,348,208,180,427,316,266
"NAA35",193,346,221,271,276,175,57,22,110,81,144,247,99,252,182,124
"MPHOSPH6",32,413,279,370,302,375,36,23,128,41,109,237,152,319,211,169
"CSF1R",428,54,42,32,105,725,142,115,19,39,123,2831,156,494,313,83
"SMYD4",186,123,92,165,143,176,60,72,200,104,144,209,140,404,215,188
"AMIGO3",291,127,67,237,84,135,111,33,219,133,389,252,167,165,125,204
"ZNF789",772,139,99,295,151,198,50,57,134,93,102,297,112,257,148,109
"FAM58A",504,245,129,331,161,269,94,54,160,23,46,467,162,184,140,89
"ZNF267",429,198,96,177,147,121,71,48,204,75,185,150,137,266,211,168
"NKG7",564,57,93,35,241,5298,87,189,19,18,64,4937,71,231,69,37
"ZNF696",272,249,125,282,173,138,66,55,125,31,164,318,84,312,166,227
"GLRX2",167,256,157,387,250,221,65,22,176,57,88,369,121,215,172,130
"RNF135",777,218,181,262,216,467,63,41,89,28,62,903,80,194,106,59
"TCEAL4",709,465,324,498,365,767,81,32,71,21,29,633,52,156,50,33
"CMC1",16,290,213,406,267,312,29,16,193,51,141,361,186,309,254,180
"CEP89",309,80,92,133,114,92,106,139,294,68,130,212,179,347,173,170
"LOC100131564",278,133,150,145,214,172,43,49,134,67,190,375,115,384,167,151
"EXO5",113,107,87,201,148,176,84,87,236,41,203,390,152,245,213,187
"LOC100131257",115,58,51,154,65,78,76,107,289,291,359,288,137,184,304,303
"RRP7BP",225,92,59,149,65,116,159,710,191,75,126,306,172,195,126,115
"GID4",73,195,162,228,175,240,40,29,159,208,229,170,112,281,237,160
"ARFIP1",1,379,265,448,376,131,28,24,103,126,267,182,170,424,264,148
"ADM",151,18,59,142,72,530,81,85,179,51,441,604,149,233,302,213
"PECAM1",295,43,43,36,97,1299,106,144,59,49,150,2933,104,289,205,87
"NXT2",11,215,175,259,243,108,85,44,202,75,201,435,159,251,248,171
"SUCLA2",0,412,257,312,361,118,46,33,148,75,167,171,202,355,337,195
"BBIP1",135,143,154,251,168,167,43,34,163,166,197,139,143,251,253,196
"MAP3K8",147,151,96,140,181,237,32,34,27,367,336,339,107,161,295,347
"HDAC4",126,389,206,200,254,284,50,35,82,54,137,540,91,239,165,114
"CYB561D1",396,230,139,151,167,243,73,65,170,55,109,490,111,189,108,94
"ZSWIM7",722,212,147,264,199,401,86,70,126,29,42,561,96,155,129,57
"CRYL1",72,255,227,120,286,523,35,31,123,33,80,495,203,440,135,176
"ITGB7",333,117,79,101,98,256,90,51,114,43,124,1608,141,310,188,125
"ZSCAN26",214,224,170,263,228,188,53,35,115,182,160,280,68,215,102,156
"BZRAP1",568,158,115,380,146,427,39,27,82,35,110,2445,121,213,78,59
"RAB11FIP4",147,96,56,85,59,84,84,107,413,229,447,289,89,122,273,352
"KIF9",100,103,51,123,94,82,174,108,346,74,81,597,245,291,261,178
"DUSP3",603,313,229,121,368,1702,70,27,50,18,60,1039,83,156,107,28
"CHAC2",0,153,142,305,230,72,33,18,126,213,579,120,251,513,512,296
"RRAD",199,696,661,568,516,1785,142,7,36,258,25,164,43,29,23,89
"UPK1A-AS1",5,6,3,26,19,62,171,220,112,1930,680,653,298,237,853,1566
"ERCC6L2",200,192,132,199,168,147,56,54,178,68,173,325,121,221,188,158
"DLGAP4",1735,527,304,311,359,458,79,27,73,29,28,635,69,129,33,35
"ZNF160",453,172,139,169,174,205,59,55,176,62,151,465,90,173,133,113
"AMICA1",3076,17,33,11,101,1717,221,319,51,16,68,5265,62,217,172,32
"DIS3L",262,355,271,522,293,286,36,33,87,29,103,359,90,251,113,76
"CSRP2BP",552,171,146,252,175,211,82,55,165,22,88,471,118,169,152,107
"GABPA",68,203,164,275,225,62,39,28,191,121,273,236,154,271,220,235
"ZNF586",105,146,151,199,160,133,69,45,175,120,246,313,126,193,149,211
"GDAP2",118,181,131,181,165,156,51,46,150,86,206,271,144,288,245,162
"UVSSA",347,100,98,189,111,144,60,71,168,129,253,135,138,229,175,204
"CHCHD4",251,287,219,415,307,204,76,30,125,57,70,333,89,129,170,92
"ZMAT3",206,317,191,164,234,212,55,120,134,70,82,372,88,161,140,85
"ADAT3",457,198,100,211,126,247,194,119,173,52,69,271,104,85,132,114
"ENOX2",133,226,134,182,223,148,56,43,188,86,193,193,127,224,216,163
"TCAIM",303,282,190,196,265,249,68,36,136,38,100,379,82,199,158,111
"PAPD5",33,202,145,181,169,68,87,62,238,122,221,199,160,278,304,159
"ZNF562",127,212,152,165,213,170,58,57,188,42,146,582,107,274,152,133
"C2orf44",378,167,104,220,146,192,76,36,158,125,168,243,97,147,167,157
"OTUD1",0,118,115,102,125,213,45,41,234,297,474,216,219,347,306,250
"WDR3",212,528,376,449,467,246,56,9,94,28,96,251,120,167,116,89
"FANCF",82,256,147,309,207,157,68,23,200,47,145,343,122,295,227,148
"PRRT3",116,74,75,124,62,145,66,76,148,756,445,179,106,116,188,392
"POM121",320,302,174,285,236,213,65,32,113,60,132,216,111,208,87,140
"ALDH1B1",284,541,413,344,515,265,81,17,104,22,56,216,124,123,105,84
"ATP9B",44,222,186,227,224,276,61,34,160,62,219,270,113,290,149,172
"VRK2",20,269,158,340,243,119,26,15,115,63,421,95,264,670,283,274
"SPRYD7",52,172,146,285,166,134,74,53,137,144,125,242,147,312,221,151
"LIN9",2,183,100,332,155,61,41,28,232,106,461,144,249,581,451,271
"KLHL11",146,240,160,220,202,121,32,53,182,72,190,212,136,274,179,161
"GCSAML",743,2837,1857,1550,3454,748,25,3,11,11,11,238,68,35,18,10
"BTD",155,169,145,118,200,223,56,49,132,160,156,291,115,295,136,127
"CEP97",107,171,129,233,154,96,50,44,174,77,308,160,141,364,250,190
"XYLT2",553,103,94,156,124,404,70,156,280,19,54,570,125,213,141,71
"OSBPL11",41,195,140,221,172,109,69,44,142,132,309,206,113,219,295,217
"PIGBOS1",338,132,111,202,137,191,62,35,153,115,148,380,100,230,164,141
"PRDM15",490,119,45,196,98,132,136,88,208,45,103,598,131,173,178,147
"KDSR",130,385,248,330,276,361,58,28,103,42,97,324,84,211,144,93
"ATG4C",10,194,215,236,228,133,57,40,188,54,180,427,165,290,285,193
"TRAF3IP2",431,249,210,228,255,235,57,76,88,62,105,344,78,149,81,97
"UMAD1",112,238,172,192,183,83,52,13,109,96,266,150,164,517,333,188
"GLMN",419,179,134,291,186,127,57,40,145,29,111,508,130,230,179,117
"LINC00339",57,141,133,192,190,243,44,35,279,38,136,601,156,300,216,183
"HSPG2",89,1964,984,376,1078,322,48,3,31,96,139,64,89,227,18,83
"FAM126A",46,251,173,232,280,99,62,31,147,74,248,214,139,268,248,178
"ZNF217",11,347,269,391,315,295,7,6,52,528,622,116,96,291,175,213
"PARP11",73,202,151,182,214,121,46,54,172,101,200,245,110,314,223,157
"KIAA0556",360,185,136,297,190,215,54,19,105,129,222,154,121,178,127,156
"SPRN",1668,115,74,230,86,154,311,116,216,31,35,632,106,97,95,73
"CRYGS",342,43,39,126,62,82,83,180,405,70,169,336,161,430,210,191
"ELMO2",405,250,141,282,259,559,26,11,84,67,184,351,89,199,140,101
"MORN4",115,106,94,163,139,168,61,68,208,120,93,171,168,429,265,202
"BARD1",38,279,140,273,224,90,50,15,139,81,340,109,152,564,330,223
"GALNS",434,131,197,138,204,331,42,21,97,122,121,358,116,224,115,152
"ITPR2",610,528,263,273,281,445,51,36,46,41,94,489,46,127,73,71
"SH3TC2",116,316,300,239,271,124,46,38,147,54,132,164,138,194,183,170
"CKLF",574,218,168,219,204,297,75,57,194,24,57,309,127,146,151,66
"ALG14",139,161,148,284,188,84,75,31,231,80,136,225,172,134,273,197
"MSH3",255,257,143,267,221,190,74,53,148,46,108,193,112,218,168,97
"DPY19L2P2",81,107,59,102,111,113,72,66,199,254,267,157,135,332,255,335
"CAMK1",688,315,295,134,206,432,60,45,50,29,51,859,93,163,115,60
"WIPF1",1708,524,222,156,348,741,58,51,26,21,30,2412,35,143,66,12
"CRNDE",29,120,155,80,131,156,75,69,623,37,152,375,129,450,306,173
"TTC12",267,194,195,144,230,91,111,73,238,81,66,201,96,170,211,107
"CLIP1",435,184,127,215,168,122,32,20,113,148,208,231,103,272,202,151
"PLEKHA4",256,252,283,168,364,219,106,46,171,62,61,304,100,119,125,53
"PIAS3",501,379,253,432,324,267,28,15,99,74,106,252,74,165,92,81
"SLC25A29",1517,140,171,233,272,951,72,48,80,12,29,1460,48,235,61,29
"UBXN2A",129,196,126,201,159,96,62,55,184,76,212,207,88,227,269,214
"PRMT9",144,148,122,261,152,146,52,40,149,86,189,291,129,208,189,204
"ZNF589",1161,234,127,208,160,344,78,47,133,36,46,698,85,116,115,58
"MTMR1",83,392,212,372,321,189,42,13,126,66,214,179,111,214,163,138
"NCF2",367,57,77,50,219,2140,62,34,18,30,162,2566,109,377,161,66
"CUL7",373,258,214,205,294,351,47,31,85,65,60,514,83,155,124,94
"TRMT44",259,113,99,195,138,183,106,59,175,61,122,301,131,215,174,134
"PEMT",405,424,250,389,352,425,79,40,113,28,36,259,100,132,59,63
"CEP135",78,188,68,271,148,93,42,50,159,87,329,151,136,423,322,198
"SLC2A8",133,27,59,62,46,163,205,135,335,55,127,483,249,386,261,220
"APBB3",576,152,135,271,216,406,41,30,100,31,82,367,97,365,81,157
"AKAP11",38,296,169,221,274,108,45,20,132,90,277,150,140,361,310,170
"CYB5D1",89,211,148,261,182,130,59,27,161,125,204,134,153,196,206,204
"CTAGE5",179,256,177,273,195,252,26,18,97,79,211,247,98,358,143,149
"HHEX",421,881,535,748,811,645,35,14,38,21,20,1071,52,72,58,18
"CNN3",67,45,117,714,253,70,22,29,125,266,462,209,44,1047,203,142
"UBXN8",60,456,220,556,304,169,56,24,125,29,97,216,107,308,175,130
"ERCC6L",70,227,168,309,225,124,41,23,155,52,292,104,139,395,237,218
"TET2",112,233,142,206,233,200,27,11,88,125,255,546,113,352,153,130
"DHRS4",415,89,92,97,116,206,120,124,254,34,35,429,135,467,144,113
"ZNF652",228,281,160,247,236,290,50,22,114,38,140,305,108,316,141,89
"NUDT9",157,197,152,326,201,332,37,17,121,88,95,204,143,274,193,152
"VCAN",279,104,307,47,643,1239,64,41,16,17,190,1188,68,256,125,46
"MIR600HG",164,135,99,147,115,129,96,76,259,64,187,227,144,253,138,171
"TMEM79",243,55,58,129,93,225,113,135,238,51,167,385,134,320,150,121
"CMTM7",740,293,260,237,204,915,63,46,38,23,26,1875,57,134,70,36
"GINM1",8,212,165,223,161,181,48,50,207,73,284,165,117,488,229,208
"LATS1",51,256,145,343,195,86,23,21,126,111,341,139,137,363,273,270
"WDR19",163,211,157,260,223,263,27,13,57,323,281,81,94,196,209,227
"NXPE3",455,451,275,180,285,292,54,76,80,49,60,491,67,96,79,61
"FNBP1L",65,187,108,362,174,175,75,33,113,445,724,104,66,106,116,127
"TSTD1",487,332,299,163,251,475,73,31,54,50,54,531,80,235,58,60
"TMEM42",184,116,114,138,141,217,78,48,165,71,104,523,143,283,167,117
"VAV1",972,352,259,141,252,1138,53,39,15,12,40,3039,71,173,67,19
"QPCTL",1856,249,177,290,221,534,60,59,76,36,41,762,50,67,78,36
"KIAA1279",15,316,212,356,267,143,39,29,162,55,214,193,148,390,169,172
"RBM12B",21,211,168,260,253,126,49,32,144,91,237,232,137,395,213,151
"TPSG1",1256,1481,946,874,652,225,85,0,74,49,1,90,150,52,35,41
"HOMEZ",168,136,170,172,215,248,63,43,140,79,140,318,115,185,137,122
"MTMR9",213,170,104,163,127,137,66,49,144,108,197,262,106,198,191,160
"MS4A6A",336,39,52,34,134,754,117,84,46,30,159,3651,91,367,251,52
"TMEM185B",443,549,315,325,418,396,45,27,90,27,31,406,66,161,70,64
"SOAT1",307,236,142,223,219,266,59,38,74,39,98,571,72,336,158,68
"NUDCD1",18,339,266,362,374,182,63,16,93,57,148,309,132,206,215,142
"TOR4A",398,721,321,441,429,1000,29,15,36,27,58,827,62,117,49,32
"SIAH1",48,176,95,195,150,106,58,68,186,108,192,176,162,315,244,189
"KIAA1033",101,296,170,299,220,171,29,20,87,123,155,508,80,263,169,123
"CYB561",2170,996,360,811,548,562,64,5,50,31,9,297,74,43,38,34
"PDP2",213,233,190,251,230,191,48,77,111,176,89,204,58,118,124,125
"ETAA1",188,169,139,234,181,104,54,25,199,63,178,162,146,264,249,159
"LPXN",232,285,153,168,218,634,29,15,46,77,125,1088,76,219,118,92
"TWSG1",21,419,166,257,288,129,42,16,144,115,237,164,151,347,212,129
"OCRL",170,182,136,310,222,243,27,16,81,126,175,276,121,293,126,170
"ROCK1",78,250,182,298,229,121,43,23,155,42,188,312,136,263,201,154
"CEBPA",838,37,26,35,86,1610,98,133,30,42,114,5047,91,208,170,46
"POLG2",432,135,139,267,164,227,67,29,172,51,71,419,127,252,131,74
"IFT20",52,148,130,248,157,237,42,14,150,216,195,327,136,202,182,201
"DNLZ",488,164,93,231,168,236,139,57,128,97,25,616,104,71,85,159
"UAP1",163,540,356,390,408,279,40,18,142,34,47,369,83,166,113,60
"PCED1B",484,230,190,239,361,301,90,24,100,122,132,78,63,79,109,124
"PIAS1",169,192,111,252,159,176,52,30,114,130,245,307,83,186,140,149
"KLHL36",263,290,221,305,264,346,24,30,82,47,98,314,109,211,109,101
"ZNF557",121,138,104,179,121,134,81,89,181,77,134,355,108,214,188,154
"MOCS2",246,379,254,535,340,220,38,18,88,27,90,127,122,210,165,108
"C17orf58",186,196,139,339,223,100,42,38,264,50,141,163,125,289,182,104
"DZIP3",90,70,45,126,151,69,99,44,188,141,438,165,183,231,398,254
"LTBR",1003,297,306,310,358,1736,42,18,23,12,44,1268,45,141,67,25
"ACSF2",1336,111,176,72,128,314,71,77,166,23,58,534,133,277,98,50
"SPIN4",28,349,163,136,245,84,39,24,125,60,274,158,164,678,405,141
"ANKRD32",10,225,111,311,205,112,56,36,158,72,259,153,165,355,288,245
"GLCE",55,320,412,233,373,234,36,54,121,39,137,164,138,235,159,61
"MCEMP1",18,15,63,13,116,1787,177,212,60,49,162,2786,127,409,213,127
"RTTN",192,133,130,226,150,108,36,19,198,63,262,187,141,359,196,228
"SLC18A2",33,302,165,209,228,143,20,17,110,97,234,333,168,332,248,187
"CENPQ",0,174,150,408,207,81,40,27,202,105,292,118,160,519,313,273
"PDPK1",14,196,106,283,209,125,47,34,124,165,380,148,145,313,223,190
"BRWD3",119,200,166,188,185,95,37,31,129,124,204,207,107,339,201,166
"FAM208B",92,311,173,537,238,113,29,28,57,139,383,79,96,269,143,165
"STK36",427,202,139,346,219,131,47,27,120,53,111,211,109,260,145,118
"RAB28",12,176,161,195,177,126,62,32,172,128,233,207,121,308,282,226
"SLC35B3",12,228,167,305,231,181,46,20,164,90,240,208,128,262,244,196
"TAF2",50,332,198,415,319,95,12,20,72,127,383,63,138,343,264,202
"KIAA1109",100,247,178,250,223,191,21,17,76,89,230,108,147,462,244,167
"SGK1",72,309,311,149,467,490,52,20,54,57,142,226,113,199,141,102
"WASF1",1,170,100,324,282,87,47,24,232,81,473,131,145,395,317,260
"USP36",128,501,263,411,360,203,104,21,74,41,86,180,127,160,67,108
"C9orf89",146,333,170,286,218,731,24,24,70,71,125,601,86,173,77,82
"THRA",135,327,282,196,393,242,44,30,114,74,86,294,99,159,106,88
"PPM1M",542,223,190,92,239,646,38,51,76,21,87,1049,82,291,77,35
"ERMP1",300,295,231,161,256,269,43,26,97,26,120,413,98,418,102,58
"NCDN",371,516,363,404,386,469,26,6,65,129,93,188,70,115,46,85
"TFB1M",387,243,254,257,244,197,38,18,143,31,74,200,151,229,160,106
"ADCY3",267,224,115,270,184,139,82,39,219,37,128,156,120,247,123,116
"ZNF37A",129,246,133,317,218,202,46,26,119,70,170,228,113,233,134,128
"IMPACT",80,400,349,437,438,205,34,27,81,28,90,217,109,242,144,102
"CDCA7",95,255,142,656,247,326,39,26,90,26,80,614,62,707,138,49
"PFKFB4",523,462,660,383,791,335,27,34,73,17,50,694,63,86,41,18
"TRAPPC10",96,199,113,194,135,85,63,39,174,106,210,215,146,219,211,177
"MSI2",130,249,217,160,226,122,67,38,119,172,100,296,90,147,124,140
"KCNE3",45,57,87,63,147,479,92,63,95,57,178,1244,176,198,293,130
"FCHSD2",418,254,189,240,223,310,42,29,95,28,89,686,72,164,124,78
"SENP7",66,155,154,211,196,61,34,14,187,132,309,201,137,374,351,153
"TCEANC2",114,163,127,149,166,194,94,49,149,58,122,446,134,191,157,117
"LIMK1",798,490,240,397,316,406,29,15,44,23,66,315,83,206,85,66
"METTL18",50,116,63,220,157,134,100,91,324,39,160,375,136,180,227,160
"HIST3H2A",18,183,173,231,208,232,43,11,119,277,242,116,125,364,155,260
"B3GLCT",93,190,127,258,176,134,78,27,140,85,150,211,126,169,241,190
"TMEM237",51,205,165,300,216,102,48,45,149,47,142,212,130,356,223,175
"ZFP90",193,122,110,112,126,171,48,52,169,78,187,379,128,265,164,143
"SLC39A13",391,281,201,339,240,428,50,21,92,36,72,466,92,220,49,70
"OR2W3",0,170,146,196,156,125,29,13,108,1131,904,25,109,261,303,407
"TRMT10B",351,138,92,201,142,185,58,76,136,70,137,284,100,182,135,117
"ZNF654",0,132,106,135,151,72,51,31,194,224,406,319,158,409,316,242
"FAM149B1",94,145,144,173,166,142,65,53,149,82,216,172,121,295,145,168
"RGS6",106,37,7,121,128,164,74,76,319,225,372,182,251,237,150,345
"GK5",177,159,102,228,163,135,51,86,140,55,139,227,111,227,207,133
"NFKB1",26,867,399,337,627,515,28,8,63,29,82,282,128,250,136,68
"POMT1",1630,267,218,217,236,421,72,48,65,17,26,1119,67,105,56,37
"MGC72080",199,149,115,164,119,200,98,71,229,68,65,199,121,254,133,138
"CD69",6,327,803,1334,685,227,14,7,51,61,198,274,140,103,130,107
"B9D2",151,139,108,147,130,153,110,85,156,99,76,806,104,100,152,108
"FAM177A1",137,149,99,166,142,211,57,63,128,88,128,277,105,230,164,187
"ZSCAN22",272,139,114,150,131,128,55,44,161,125,198,180,75,314,126,182
"ETV6",830,334,170,347,248,614,26,12,53,39,72,1501,61,130,64,36
"ZNF518A",102,196,149,247,222,135,37,31,135,66,173,211,100,391,181,149
"DIEXF",258,392,214,289,286,162,68,20,107,55,71,197,100,161,124,110
"SEC31B",777,110,103,213,172,406,42,16,103,66,96,636,97,322,86,64
"BAZ2B",117,203,129,188,170,142,51,45,113,121,145,444,80,285,138,108
"FAM45A",82,232,145,265,160,259,106,43,100,29,81,366,121,383,173,78
"SMIM4",1437,153,139,224,186,243,139,39,98,38,21,651,102,92,102,58
"HOMER3",715,196,81,47,107,899,101,126,22,19,26,15544,72,147,64,23
"SPRTN",35,224,110,287,189,95,57,36,129,92,254,204,126,339,191,167
"SLC35B4",674,283,155,218,218,487,64,61,115,20,43,240,88,98,109,89
"ZNF350",178,149,90,162,121,139,55,60,198,84,169,334,102,261,158,116
"PRUNE",245,210,195,207,246,293,42,23,97,53,122,301,88,211,131,109
"CXorf40A",150,132,80,191,120,165,74,43,206,61,133,315,131,243,203,147
"REV3L",111,373,215,368,254,106,14,19,72,65,271,139,106,357,172,185
"TIPARP",109,300,103,141,151,175,23,12,66,288,294,281,151,138,198,245
"AGO1",670,259,154,214,182,227,50,64,81,17,42,1450,76,164,82,69
"MOB1A",59,539,328,412,377,288,16,5,43,101,218,163,77,274,177,109
"KIAA2018",63,172,143,156,161,119,31,22,117,224,400,161,139,228,184,226
"ST3GAL4",367,104,56,115,105,860,38,33,40,61,119,1691,114,261,116,122
"CHML",78,191,165,246,190,74,69,25,133,49,178,242,178,241,284,147
"DYNC2LI1",44,285,193,224,289,120,57,16,154,103,124,200,129,255,214,131
"ESCO1",58,239,131,242,181,159,62,17,138,96,168,388,98,221,195,142
"TRPM2",1194,40,33,31,79,1788,157,177,39,23,44,3764,88,182,147,34
"TRAF3",198,386,183,340,243,401,35,17,84,24,71,508,90,266,111,81
"IFIH1",10,126,97,205,127,183,48,24,171,144,275,252,167,306,259,260
"HEATR5B",433,277,159,418,280,196,13,12,69,97,239,141,79,141,150,145
"L2HGDH",86,206,158,185,180,110,58,68,175,70,131,244,102,207,153,157
"ZNF273",66,86,65,137,100,60,57,73,163,78,408,286,123,599,281,190
"RMI1",4,244,160,279,219,74,50,38,143,90,317,163,129,367,291,163
"WRB",40,182,172,240,256,156,42,22,115,107,177,123,155,332,254,150
"MAFG-AS1",124,62,62,99,79,83,134,151,333,44,130,407,156,221,210,216
"PPAT",70,235,162,240,226,117,51,20,155,57,257,140,128,335,188,139
"BATF",2600,435,259,228,356,832,96,80,13,9,13,1110,44,52,48,15
"TMEM223",306,194,171,337,235,253,30,25,127,44,85,293,100,172,147,108
"FLJ37453",179,98,76,167,116,200,62,79,178,80,91,443,126,243,151,122
"ASRGL1",178,182,112,195,190,341,53,50,89,37,52,1226,90,142,159,113
"PIK3CA",108,320,205,213,255,151,20,10,62,421,249,134,92,164,153,162
"RAB32",100,122,67,19,161,1611,108,214,35,21,55,8433,73,251,130,25
"TMEM134",369,162,158,155,207,311,74,48,90,107,49,501,89,163,82,65
"DOCK11",342,635,291,224,378,395,6,12,24,94,189,813,50,137,72,56
"EML2",304,400,262,281,312,482,36,7,88,25,74,239,149,247,81,68
"CCDC66",96,166,118,395,153,178,40,13,132,71,274,167,106,421,144,185
"NRIP1",145,244,154,152,183,163,28,17,99,113,210,388,107,237,154,140
"NCKAP1",124,691,346,401,361,73,39,9,83,53,179,33,143,209,193,153
"LGALS3BP",162,40,53,136,242,455,111,23,174,26,67,2228,131,325,111,107
"HLA-B",30,44,272,18,101,1742,117,33,81,34,185,4941,95,257,150,62
"CCDC127",192,153,140,213,198,293,32,13,63,267,191,248,96,117,170,153
"OTUD4",66,234,152,287,230,93,24,7,93,218,356,145,115,288,186,219
"DOCK7",17,179,136,248,195,118,47,18,122,66,281,172,255,511,193,198
"SLC35A5",28,278,167,302,239,120,44,33,127,72,241,289,86,254,170,136
"CENPBD1",274,139,99,166,156,267,65,59,163,60,122,275,64,227,147,102
"KLF11",41,344,205,115,204,248,48,37,130,54,61,72,296,517,185,173
"SUZ12P1",1221,82,51,198,86,192,60,32,191,46,82,398,125,351,170,83
"LRRC40",86,246,209,376,323,78,18,11,93,83,241,69,172,408,265,162
"PER2",183,214,108,262,149,77,72,63,154,67,137,230,101,191,137,142
"CPVL",67,21,67,158,228,772,128,86,96,15,84,2008,69,549,222,49
"TCTEX1D2",83,148,55,184,99,64,89,102,355,51,89,242,186,255,294,168
"UAP1L1",1370,501,228,239,274,795,46,34,22,8,33,1016,67,144,44,30
"TANC1",142,1509,481,987,697,163,17,3,50,80,153,24,79,71,94,138
"ZNF438",484,73,92,94,79,427,65,67,155,36,136,1046,66,174,111,122
"TATDN1",101,206,191,200,244,229,40,21,115,61,121,275,109,285,150,134
"TMEM233",68,46,133,223,102,89,24,327,20,745,141,14,502,432,48,569
"SMIM8",45,95,108,157,131,81,49,49,195,121,234,280,159,288,263,182
"RSRC1",12,222,160,308,173,80,36,14,141,158,412,136,159,227,264,247
"GPR155",147,75,104,134,147,75,67,114,293,67,123,219,113,273,234,138
"ATE1",5,285,127,260,203,92,82,57,153,102,133,331,133,214,175,159
"E2F7",0,135,90,280,152,61,19,33,187,106,771,88,204,643,344,324
"RGS2",474,406,340,87,444,222,41,13,31,82,79,1378,60,102,56,88
"MAFK",5,230,140,234,145,301,42,16,57,562,615,63,119,150,153,318
"LRIG2",494,240,150,232,189,107,102,35,158,47,95,187,80,166,120,87
"CAPS",891,96,84,135,90,293,88,78,131,77,56,786,73,180,74,67
"URB2",93,356,242,429,358,111,54,15,141,38,137,157,97,141,153,151
"SLC9A1",475,317,189,266,204,368,43,24,88,45,89,394,71,155,72,62
"SNORD104",583,72,78,176,80,120,289,78,289,39,38,590,125,145,102,77
"SSFA2",40,422,226,333,384,143,30,18,52,49,187,271,116,223,200,131
"FANCL",138,196,127,337,228,120,45,32,144,32,150,190,133,266,171,136
"STAC3",1024,153,108,203,128,466,59,68,101,25,51,618,99,118,80,59
"ZC3H6",122,42,74,124,91,118,65,105,198,107,263,196,131,367,212,157
"DNAL1",249,158,109,217,134,114,75,81,130,99,92,233,69,138,180,144
"LTC4S",733,179,79,24,51,1416,100,372,88,17,24,4662,87,112,38,27
"EFHC1",619,208,144,263,192,156,55,35,134,42,99,178,84,148,131,102
"ATR",251,338,189,346,204,204,37,3,85,39,165,163,123,183,198,156
"RUNX3",719,245,221,240,400,563,41,26,23,21,61,1746,51,75,100,34
"RARRES3",0,12,17,13,17,64,157,128,361,894,348,1467,145,307,605,444
"DDIAS",40,256,161,238,163,121,52,18,190,66,159,223,136,277,191,177
"CCDC91",97,147,113,145,182,88,57,29,104,197,255,159,96,258,205,194
"CTDSPL2",68,346,171,285,292,124,51,21,129,39,163,204,93,282,187,108
"CA5BP1",167,145,74,165,133,286,111,47,160,85,134,388,107,137,99,90
"FAM103A1",97,148,120,202,139,93,59,21,186,136,207,205,137,159,206,185
"FEZ2",260,373,195,297,274,192,51,8,123,31,57,308,101,244,188,66
"GCNT1",321,444,326,398,303,339,34,16,21,48,376,1139,37,66,49,22
"C8orf88",5,178,126,168,158,96,26,19,175,143,597,59,170,450,304,385
"TEC",162,221,214,271,202,279,53,16,50,117,65,419,56,259,133,114
"FUOM",500,76,63,69,105,203,174,179,212,23,21,1420,132,145,160,53
"TBC1D10C",2022,113,116,121,127,858,51,139,51,13,43,4205,51,92,54,12
"SCAI",171,120,119,141,153,105,69,94,172,57,105,274,109,253,159,121
"SNAPC3",22,199,159,168,213,112,32,41,136,61,214,201,150,613,179,159
"PARP6",2781,352,263,484,340,746,40,17,23,25,14,794,39,155,31,20
"STK26",71,504,244,295,456,136,19,21,59,37,191,336,89,297,119,92
"FBXO3",0,143,106,245,148,88,22,24,175,203,411,96,175,473,384,282
"ZNF419",275,88,80,184,148,143,61,68,201,45,147,380,83,236,129,122
"NMT2",468,262,241,137,208,122,80,112,123,43,59,283,63,113,90,72
"C2orf42",303,143,101,130,138,127,59,39,142,121,143,248,67,229,158,146
"MFGE8",544,858,575,390,851,2290,33,13,18,9,6,1098,36,70,28,16
"ZBTB14",155,195,138,258,176,118,54,45,127,31,148,231,97,329,156,113
"SLC9B2",154,279,176,312,194,149,46,25,102,43,159,120,97,223,170,152
"ZNF783",840,240,130,252,182,192,80,35,99,35,34,479,85,156,82,73
"SWT1",10,74,82,150,103,165,47,33,185,340,605,125,93,198,290,346
"TERF1",86,149,126,235,199,95,44,24,181,67,203,175,140,237,234,159
"TSIX",283,74,61,126,83,111,123,200,193,131,93,228,104,157,122,120
"DHX35",34,280,170,305,198,204,25,10,163,53,221,195,128,303,159,201
"GALNT11",28,456,286,428,324,282,18,2,90,70,152,139,134,338,149,138
"C11orf80",600,95,59,84,70,93,113,159,156,65,134,272,98,199,124,148
"LINC00963",166,253,174,93,233,279,54,70,70,51,153,389,59,262,64,103
"IL10RA",558,58,66,13,97,1191,41,52,24,547,227,1064,41,214,80,92
"CSAD",131,166,112,332,156,214,30,21,111,92,140,208,108,401,119,139
"KLHL17",369,93,82,259,96,172,51,57,188,47,154,199,153,181,112,145
"PRKACB",109,701,332,334,621,397,33,17,48,17,55,638,57,189,83,46
"HPS5",195,200,108,251,162,238,38,28,84,67,164,228,101,191,178,122
"CEP68",294,215,220,151,232,274,46,40,138,30,89,268,71,187,82,124
"CYTH4",2030,167,99,54,158,658,144,80,17,20,32,3266,50,121,76,23
"SEC24A",26,277,185,200,237,108,51,31,109,77,170,180,114,272,240,148
"ABCC13",11,26,153,89,57,357,33,123,41,572,759,208,42,61,891,410
"TTYH3",843,328,184,232,272,828,30,24,10,22,79,798,70,186,75,30
"ADPRM",105,86,64,124,105,171,60,56,191,126,188,274,114,274,179,153
"ZBTB2",124,360,166,324,182,125,38,17,121,67,124,178,132,177,139,154
"NICN1",491,179,143,111,155,334,98,67,96,40,38,644,87,175,84,49
"LRRC23",632,104,122,71,99,207,87,104,224,16,76,452,71,207,185,78
"MLYCD",134,250,141,139,182,277,62,44,129,36,88,281,123,230,133,91
"EXD3",871,105,89,130,115,319,75,86,122,38,45,704,99,208,66,56
"LOC642846",492,82,60,85,70,140,118,50,142,61,152,195,179,262,146,185
"RINL",518,453,440,377,470,285,35,37,73,18,49,127,77,113,63,50
"COMMD10",26,305,180,305,263,129,43,21,122,44,152,248,135,411,162,98
"DEPDC5",159,203,114,202,144,252,64,33,142,36,138,321,116,186,110,114
"IFT57",158,265,222,520,232,187,18,10,65,110,134,242,94,105,170,133
"GATA5",61,101,95,208,73,33,218,27,406,16,55,708,408,516,177,115
"SLC2A1-AS1",25,18,57,54,37,134,56,195,522,473,304,242,98,214,457,156
"HIC2",109,130,88,274,103,151,49,45,148,80,224,110,165,315,119,173
"MT1X",227,96,57,119,55,17,148,929,597,33,104,515,87,219,98,50
"PBX3",35,203,130,149,167,161,40,36,173,36,208,381,106,339,207,148
"EMC3-AS1",74,115,61,266,131,134,60,61,115,157,155,178,181,219,144,150
"C12orf73",289,85,94,180,96,104,81,53,232,66,86,275,110,278,181,107
"DHRS4L2",491,80,85,85,86,183,130,74,213,44,39,455,94,325,157,89
"HEATR6",261,332,174,286,204,267,40,22,76,29,149,218,100,229,80,87
"ATP6V0E2",703,309,277,339,219,414,34,38,112,17,37,108,91,143,84,80
"ALKBH1",6,225,160,287,200,141,67,29,139,88,175,260,108,238,166,163
"PTBP2",58,234,130,304,188,116,32,13,109,88,186,269,129,277,188,157
"INIP",50,165,126,194,163,74,45,64,184,82,168,214,130,254,200,133
"ECE2",163,241,143,169,183,262,98,46,126,56,33,706,88,125,97,73
"ZNF281",85,338,175,299,229,145,43,19,95,57,145,350,83,192,146,101
"SLC38A9",124,162,116,253,180,99,47,24,158,78,158,227,116,216,177,138
"THOC3",70,217,126,225,128,115,54,32,364,164,120,140,62,276,155,104
"SIGLEC10",174,43,58,47,98,393,38,82,177,50,282,878,115,254,119,148
"MALT1",51,349,174,231,317,117,33,33,123,55,125,152,136,210,138,174
"GSG2",0,169,103,153,165,81,40,62,205,74,427,135,157,449,261,197
"TFB2M",22,458,280,259,340,121,54,16,109,61,130,192,108,176,178,121
"TRIM14",89,235,156,100,189,421,64,34,99,34,82,1264,84,178,91,88
"EBPL",45,429,379,478,446,450,57,7,63,24,27,591,105,193,116,49
"LAMA5",481,232,172,516,157,163,58,24,138,60,66,92,113,171,71,91
"C11orf1",90,176,178,292,190,233,45,28,116,38,67,419,94,334,169,82
"MYL5",1287,104,80,138,128,249,85,57,142,62,43,517,69,149,87,60
"ENPP4",30,347,184,181,309,133,27,15,144,59,165,157,135,249,315,135
"EPC2",27,217,98,188,161,109,47,34,104,148,325,254,99,222,176,166
"ABCC10",388,235,191,294,233,286,29,8,86,42,97,190,128,221,87,115
"ZNF518B",89,242,157,266,207,123,25,36,78,80,164,177,132,275,188,99
"RNF146",36,219,178,346,216,216,40,8,86,147,146,471,79,184,135,126
"COX10",127,285,217,244,303,186,39,20,101,40,111,144,106,210,126,144
"ITGAX",1538,168,107,53,148,941,47,50,36,34,62,1108,65,171,80,36
"HCK",118,53,75,28,176,2167,53,48,37,30,110,3550,70,349,147,64
"CCDC106",446,203,176,168,181,740,66,34,89,22,27,1391,78,98,70,38
"CPA3",195,581,208,35,221,1615,7,75,25,17,39,4955,69,213,46,45
"ZNF200",84,252,140,297,207,155,33,20,175,51,174,147,93,248,162,140
"STON2",287,773,465,677,503,546,31,19,52,35,28,301,40,62,45,36
"TSPAN31",114,220,189,137,252,288,17,12,91,138,181,165,120,228,112,150
"C4orf48",2965,161,120,251,125,413,184,159,51,11,9,1323,61,41,34,23
"CD300LF",1580,22,35,10,71,1619,109,244,26,21,69,4469,74,243,131,25
"ZNF561",133,213,167,197,189,132,60,37,123,31,107,387,91,250,133,96
"PLD1",417,411,288,169,320,464,21,34,45,8,45,1086,57,328,71,27
"DUSP11",86,362,239,377,360,150,10,7,54,131,240,93,94,181,179,165
"HCG11",265,129,125,117,126,92,72,135,125,69,97,255,117,185,100,107
"LINC00294",171,130,75,177,124,184,36,101,100,85,184,215,80,172,131,185
"SLC25A25-AS1",479,148,96,441,151,126,69,55,123,46,66,368,93,101,92,87
"POGLUT1",188,448,205,278,241,294,63,23,84,27,36,531,82,126,105,63
"VPS37A",53,208,146,323,201,181,23,19,73,120,221,224,96,251,144,150
"SEPT6",780,257,111,126,162,1159,28,22,40,12,68,1501,66,260,74,36
"LY9",19,15,65,324,120,67,54,33,307,321,391,114,139,160,317,449
"UBE2W",70,151,96,140,124,184,53,33,124,93,149,613,71,225,181,147
"HIPK2",262,253,195,536,387,371,32,17,31,56,113,186,52,154,101,78
"CMTM6",70,755,306,291,371,623,9,3,27,55,137,437,65,239,101,76
"CARNS1",336,80,126,165,171,48,81,31,322,47,111,301,157,484,45,97
"RC3H2",97,137,93,113,135,108,36,37,150,177,189,181,122,204,214,192
"ZNF362",846,310,159,256,213,307,25,18,88,18,53,452,92,221,82,53
"PUS3",100,198,152,280,176,139,55,24,163,75,94,211,111,162,151,125
"ZNF140",251,205,144,271,169,162,34,26,139,37,84,313,85,291,143,83
"SPATA20",1686,400,460,275,458,489,40,27,42,7,45,133,35,188,76,19
"MAMDC4",256,122,94,187,138,224,101,67,173,27,81,212,110,234,101,89
"C5orf42",42,34,20,82,31,60,62,35,121,445,593,236,192,358,456,580
"HEATR1",94,696,416,475,514,191,14,9,50,47,153,63,86,238,93,100
"TPM3P9",175,124,133,149,113,140,89,78,167,44,91,256,94,184,136,129
"MYSM1",58,266,172,245,285,140,23,9,70,134,300,124,99,254,187,136
"SCFD2",41,374,181,261,258,174,61,36,137,38,80,248,140,168,123,80
"ARID3A",38,49,50,62,82,249,64,39,213,400,486,196,84,133,187,357
"ZNF12",10,319,170,366,198,158,37,20,124,96,176,214,83,294,136,145
"PLK3",299,173,127,242,187,324,34,21,58,66,125,318,90,132,106,130
"ZNF211",211,194,92,142,180,142,37,35,106,56,213,301,136,208,127,87
"CD4",316,126,442,108,511,1855,22,14,16,10,60,3183,72,209,73,7
"ALDH3A2",101,327,264,335,303,349,45,27,59,23,67,496,92,134,103,53
"ANKRA2",0,108,125,225,146,111,12,18,145,250,480,85,195,408,343,255
"ZNF343",226,158,127,190,164,175,71,37,159,30,86,290,94,201,136,95
"SLC25A40",64,229,134,238,212,96,36,32,109,33,241,227,99,315,185,134
"FBXO4",25,243,159,390,245,147,24,11,133,41,131,211,150,363,194,171
"GAMT",1057,328,189,152,264,473,79,114,54,17,16,891,63,73,32,17
"PGF",82,57,152,139,144,184,111,66,157,211,116,120,70,112,130,215
"IDUA",595,240,184,263,173,664,49,30,50,11,25,595,73,324,48,52
"CCDC142",158,83,78,138,95,129,80,117,142,96,138,307,112,157,97,138
"TNRC6C",75,94,54,145,81,100,78,84,290,61,156,372,103,342,168,116
"COA7",123,282,180,210,176,141,73,38,125,38,61,287,108,146,120,119
"KIF21A",105,316,227,267,227,27,68,34,165,66,133,72,133,204,137,120
"ADAMTSL4",467,84,140,133,171,1194,42,35,77,48,176,1187,35,115,43,32
"PMS1",170,183,161,278,188,149,35,20,125,30,103,211,136,258,181,102
"RDH10",98,465,182,331,265,207,38,10,86,23,111,201,105,238,141,107
"LUZP1",304,219,153,178,216,220,58,35,121,25,70,618,88,165,85,46
"PCBD1",269,472,374,424,373,491,28,13,62,10,30,349,65,155,117,42
"LRRC28",71,59,62,68,88,182,96,94,204,60,127,450,137,278,208,138
"PODNL1",100,133,111,59,87,82,102,70,227,70,168,236,223,163,111,174
"RALGPS2",31,119,119,193,200,124,35,29,200,124,226,267,94,205,177,144
"HSBP1L1",565,86,159,256,175,218,28,25,113,35,47,373,130,358,95,76
"CREM",120,282,130,181,281,165,38,15,82,93,159,183,100,172,118,151
"MPP5",65,222,152,177,189,104,62,26,131,58,161,256,90,191,177,145
"LINC01530",202,63,51,107,82,164,87,47,297,123,118,209,89,158,228,180
"MTFMT",306,172,114,233,159,147,52,51,121,50,115,156,96,137,136,105
"HSPBAP1",620,131,101,268,128,275,40,8,98,159,91,513,48,110,102,102
"ABCB9",328,155,115,152,122,184,117,97,132,28,57,257,64,213,108,85
"MIR17HG",191,80,77,90,135,47,90,171,330,39,99,259,112,155,220,130
"SLC25A45",419,60,113,182,142,209,54,62,119,197,121,245,50,100,93,102
"HOMER2",89,656,410,282,159,159,42,18,72,67,94,161,67,147,135,94
"LINC00174",638,116,112,331,170,182,49,9,103,81,142,175,94,190,62,125
"ZNF260",218,134,101,193,189,114,44,39,150,51,121,236,85,243,146,127
"SLC25A14",321,134,92,227,133,118,64,38,169,48,88,213,111,132,175,129
"RAB37",600,255,134,66,162,1350,33,121,28,8,41,5418,36,181,28,19
"ZBTB24",429,244,150,207,182,144,63,27,150,20,61,394,119,129,104,69
"TUBD1",135,153,110,243,142,97,52,34,146,68,115,227,119,204,155,135
"CASZ1",35,66,33,109,85,86,47,57,257,112,287,151,207,439,231,334
"MSANTD4",46,235,147,227,176,178,47,20,122,70,105,284,88,223,169,155
"ADO",136,334,197,292,256,216,47,30,76,26,64,338,76,214,117,68
"PMS2P1",147,161,111,125,166,160,59,39,170,67,101,215,103,192,152,119
"APOBEC3D",427,87,74,129,119,105,75,103,193,64,100,303,68,145,131,106
"GABPB2",100,94,77,159,112,83,70,50,196,104,158,101,151,267,193,185
"RSF1",40,163,119,268,179,130,51,26,118,91,192,183,122,241,151,134
"CEBPD",253,122,264,129,407,3230,13,44,17,22,58,3253,28,124,53,23
"ZNF26",412,208,126,317,212,127,32,27,128,28,99,299,95,192,126,60
"LOC100129034",272,116,60,105,118,558,44,16,80,94,157,582,106,128,113,131
"ZNF33B",298,163,122,258,225,239,45,43,106,39,86,308,60,173,115,65
"HDAC11",131,37,36,54,59,133,182,93,327,50,130,406,168,284,190,149
"SLC6A6",370,942,401,632,673,490,21,4,12,105,58,265,34,69,28,38
"RPL23AP7",124,132,87,224,87,135,64,28,165,77,125,303,113,248,158,114
"FAM102B",89,532,316,255,372,192,23,12,78,32,144,227,62,202,133,74
"DDX60",11,85,92,111,97,49,28,25,169,169,495,88,186,503,480,352
"POLR1B",115,353,278,424,304,226,58,13,66,39,67,151,101,128,113,92
"TUSC1",29,136,115,245,188,244,67,44,181,38,80,335,182,226,112,92
"TOB1",28,299,154,208,227,97,26,19,49,168,360,53,137,354,242,132
"BCAM",0,3,22,251,20,32,75,68,989,153,1025,182,354,233,310,580
"POLB",63,124,123,204,166,224,38,35,175,32,62,453,128,304,169,122
"PTPRC",101,991,440,510,772,506,17,14,15,27,67,429,39,158,57,26
"RNF111",58,269,149,142,174,108,50,27,107,102,163,316,85,228,137,109
"TMEM38B",133,169,118,225,188,109,50,18,134,32,141,201,106,279,200,151
"MEGF8",905,265,180,250,213,343,53,30,84,6,37,549,97,126,58,40
"SP4",20,135,133,95,167,50,46,45,120,136,316,124,132,413,239,204
"SIRPA",1106,45,53,23,141,1828,54,57,15,29,91,1794,68,244,139,49
"IQSEC3",473,187,223,243,354,73,23,31,353,22,85,242,83,169,42,94
"CARD16",449,49,26,66,64,377,78,68,127,118,98,1117,54,178,150,104
"H3F3AP4",43,181,133,256,117,142,31,14,117,189,220,33,107,248,287,302
"SLC45A4",171,38,45,164,82,224,51,74,196,45,216,406,89,241,139,181
"MTL5",280,324,344,267,372,207,35,37,49,28,31,512,50,272,73,33
"TUBE1",76,139,91,227,145,100,46,40,103,58,212,121,98,603,150,163
"SPATA5L1",33,202,167,271,207,161,39,21,106,73,125,259,102,205,181,136
"ZNF45",138,148,107,184,166,128,41,28,170,47,182,226,94,225,149,131
"NT5DC1",23,353,284,327,306,181,24,20,75,30,117,149,147,405,147,91
"PARG",1,208,165,189,206,120,65,28,159,79,164,253,136,211,198,137
"NOL4L",351,227,76,282,156,234,43,17,92,27,85,446,100,257,89,93
"CISD1",62,280,204,255,226,155,114,33,173,26,38,385,125,81,148,75
"DNAJB4",19,73,100,206,138,83,29,25,98,397,507,80,115,224,298,256
"PIP5K1A",32,308,198,365,249,275,28,10,72,71,176,199,100,233,100,117
"CXCL8",72,43,409,493,690,726,57,5,21,50,55,199,148,180,192,54
"SASH3",653,38,55,11,95,1121,102,125,26,20,78,3428,75,261,137,39
"AGO4",354,234,156,214,208,293,12,45,62,25,64,682,74,215,94,72
"SH3BGRL2",41,26,40,85,71,111,72,147,13,309,411,409,64,219,634,290
"ZSCAN32",220,227,172,304,185,164,14,12,68,80,226,119,89,235,122,143
"RECQL",68,221,111,157,162,87,39,18,164,67,265,114,119,311,185,176
"TYW5",190,159,114,196,157,107,52,22,119,51,124,309,98,223,131,138
"NDUFAF6",76,332,138,346,236,194,49,23,124,24,73,288,105,148,135,108
"NMNAT1",362,108,97,125,117,176,43,79,166,57,76,352,75,191,115,92
"SHQ1",35,348,226,453,310,139,30,12,117,38,121,194,121,155,157,111
"LPPR3",535,100,159,56,119,1189,131,132,102,16,15,2671,65,86,30,18
"LINC00997",210,201,128,239,185,136,33,27,78,46,141,173,85,253,162,119
"ALPL",40,63,292,127,246,57,110,73,329,70,77,272,157,145,99,89
"PREX1",324,220,308,140,242,1048,32,33,12,13,74,1103,45,206,91,25
"KCTD7",207,248,75,98,133,149,38,40,134,64,232,95,96,347,133,119
"TK2",408,260,228,148,262,355,44,34,75,9,67,391,56,272,60,59
"PIGM",116,135,120,245,155,124,25,82,208,54,92,454,51,226,132,85
"MTX3",101,195,152,226,203,83,46,35,117,60,112,180,101,233,173,109
"NAMPT",62,500,346,335,489,697,16,2,34,73,137,129,61,133,98,106
"CENPI",267,83,70,111,106,44,49,40,219,68,247,78,138,312,233,231
"FAAP24",126,110,88,78,135,107,88,76,203,51,137,254,125,214,122,121
"WDR92",262,173,166,180,193,129,62,58,104,46,81,174,92,154,99,98
"KCTD3",127,321,210,372,321,109,28,21,65,30,118,154,95,279,161,74
"CARD9",1101,217,162,246,220,851,72,43,23,7,21,1554,57,92,54,15
"IFT43",224,163,164,208,140,181,44,43,127,47,47,217,88,218,160,93
"NAP1L5",54,122,125,232,117,92,36,39,209,61,171,144,127,302,193,162
"AKR1C1",8,255,218,334,277,119,121,69,42,25,203,105,199,262,72,100
"BRICD5",192,49,53,138,82,230,159,65,210,54,83,397,130,128,148,94
"PLEK",214,65,70,65,115,2719,32,33,45,17,97,2847,66,487,84,34
"STX11",0,208,111,82,136,261,32,32,67,110,260,287,117,358,218,269
"RASSF2",1097,115,83,45,218,1480,49,34,11,16,57,2058,51,200,123,30
"DNASE1L1",40,211,180,212,221,307,20,17,115,50,217,138,144,265,96,142
"FAM57A",320,388,220,239,214,172,59,14,126,25,45,123,102,166,88,116
"SBDSP1",0,216,128,336,189,128,39,17,102,157,227,176,118,210,184,192
"ATP11A",38,479,288,346,356,196,33,9,75,50,88,90,111,220,155,107
"PLEKHG2",1467,179,72,168,135,455,43,61,77,42,51,618,65,72,53,46
"MOK",321,95,89,260,111,120,82,34,99,168,102,164,64,106,151,137
"GMDS",93,294,214,201,232,397,57,16,73,34,36,379,133,173,122,62
"RNF208",385,94,95,95,81,217,129,104,151,48,39,286,140,191,72,74
"RRAGB",129,140,107,215,141,124,38,23,114,110,123,268,103,139,171,155
"SYTL1",728,91,91,153,178,1405,53,110,58,11,17,5082,34,187,21,9
"XRCC4",1,226,165,280,229,120,43,21,151,55,168,156,129,290,200,178
"APITD1",128,110,88,228,94,84,66,62,212,41,78,217,126,230,211,124
"PIK3C2A",112,185,143,234,197,95,31,33,92,58,190,172,78,228,171,124
"EAF2",182,64,67,190,98,280,34,35,149,65,117,836,82,84,198,137
"PTAFR",287,31,47,39,103,1275,68,81,56,44,68,2369,66,192,122,73
"CXCR4",825,31,32,19,79,2056,46,171,30,18,61,9302,55,282,60,29
"PGGT1B",84,227,139,233,160,75,51,36,138,48,82,317,105,228,176,86
"SMG1P7",482,68,40,171,62,123,73,57,183,98,124,166,92,252,128,121
"NME6",531,148,132,205,137,262,45,48,114,34,71,353,51,130,82,82
"ENPP3",858,3444,1664,1224,1807,370,9,0,13,17,8,85,74,28,6,18
"SCAND2P",133,110,70,192,105,147,31,31,161,99,214,238,69,252,129,169
"APPBP2",46,259,172,253,219,183,29,15,48,170,166,217,83,140,155,117
"TRAM2",349,701,283,453,402,197,28,18,58,25,61,167,46,105,73,54
"IFT88",182,138,106,210,153,101,47,16,155,55,157,174,134,137,186,145
"PALB2",50,299,182,343,273,167,37,19,100,35,107,158,110,182,131,124
"LDHD",252,222,280,117,370,133,42,26,296,30,62,351,73,110,50,71
"TTI2",41,170,146,213,193,216,28,15,108,76,181,207,111,203,152,153
"NUDT14",799,104,88,66,122,411,119,148,51,19,28,693,81,153,103,38
"NME7",26,346,250,320,255,180,32,6,97,46,98,170,116,262,164,134
"TLE4",61,51,37,96,69,185,65,40,132,53,210,1124,78,473,243,134
"HIP1R",520,237,127,406,210,198,39,32,117,42,50,153,73,161,73,53
"BPNT1",93,269,202,246,289,195,29,36,108,34,73,258,102,117,113,92
"TPSD1",23,19,2052,852,4468,953,31,1,23,40,5,4057,256,96,0,0
"SMIM13",65,171,113,215,141,110,50,45,127,58,115,237,111,170,182,130
"LIN7B",211,70,161,135,126,328,46,50,188,30,101,160,94,240,137,86
"HIBCH",37,314,187,347,318,147,69,11,142,42,59,343,111,109,162,69
"ZC3H12A",303,309,183,238,230,700,10,7,58,65,163,72,104,100,88,124
"BOLA3-AS1",185,112,118,141,119,134,76,96,127,22,88,412,77,276,116,69
"ZNF48",763,300,182,181,169,233,84,32,85,16,30,471,75,142,50,41
"DHX58",502,133,132,145,154,199,45,25,169,23,64,248,118,266,58,111
"POLK",36,159,107,278,211,84,23,15,120,91,217,103,121,313,237,215
"TICAM1",157,214,163,193,259,348,13,8,54,94,150,167,137,144,112,122
"HCFC2",106,108,53,159,98,66,49,37,123,97,266,162,107,261,271,178
"RAB27B",237,507,173,206,288,317,22,5,58,28,89,315,59,282,118,59
"CERK",1555,275,115,166,152,534,45,59,15,14,31,2047,43,98,59,21
"CYP2R1",906,181,98,133,146,233,52,31,136,21,48,290,95,194,100,57
"CNEP1R1",77,158,99,187,159,102,27,28,114,78,237,155,98,264,199,143
"DPY19L3",194,319,173,324,254,151,44,33,76,20,60,397,71,192,77,59
"NQO1",776,341,165,329,245,251,67,52,37,24,18,255,60,104,111,27
"SLC20A2",269,226,121,187,187,180,46,14,78,87,71,303,83,137,109,100
"BBS12",23,84,107,169,104,186,18,13,76,681,641,123,46,179,257,223
"LRRC8B",227,396,201,194,281,114,43,45,71,32,85,233,54,145,98,69
"C4orf32",35,320,186,274,312,128,32,21,58,86,155,159,66,355,156,63
"ZNF714",609,102,95,100,123,82,90,84,138,43,85,472,65,122,96,79
"UPP1",819,18,30,18,90,844,194,235,22,19,52,2934,78,239,111,36
"PCSK1N",98,51,37,67,209,207,34,51,32,1807,219,82,175,14,315,282
"LOC646762",462,481,213,350,328,107,29,30,53,24,47,272,76,204,54,45
"SLC35A1",155,236,152,226,208,250,11,15,81,55,84,364,89,240,127,94
"C18orf54",81,93,69,120,65,57,58,77,211,74,209,149,123,335,221,155
"ZNF341",254,117,94,172,120,176,56,44,134,42,87,261,96,191,123,94
"TP73",465,105,184,97,162,61,81,33,153,40,102,220,103,121,111,137
"ZC3H8",178,226,127,257,184,203,35,9,93,103,96,133,95,174,108,127
"TMEM246",313,525,393,403,509,262,38,9,74,27,47,109,33,148,49,68
"COG8",21,257,186,207,215,195,33,24,121,44,137,153,127,234,131,138
"RN7SK",632,21,232,115,35,304,104,120,129,133,32,344,55,222,79,44
"RNF216P1",195,245,186,270,210,231,41,17,83,33,80,280,93,122,81,94
"TRUB1",7,180,110,177,209,44,59,38,132,46,231,141,144,342,317,151
"RBAK",177,240,165,305,211,112,15,16,95,46,106,177,115,214,145,109
"CARD6",150,164,104,137,198,167,30,25,34,507,232,417,30,58,148,94
"NEIL2",90,147,161,131,198,121,58,35,186,124,113,195,81,67,92,168
"LAPTM4B",187,278,151,202,386,1333,47,9,46,9,37,727,92,162,43,47
"CECR5",117,358,251,51,282,1130,44,42,17,14,47,2442,66,138,71,20
"FAM76A",123,110,96,125,98,73,77,57,183,51,101,262,107,189,180,142
"ASGR2",1217,22,71,40,231,1116,84,154,36,26,75,875,42,196,66,20
"GALK2",57,311,244,263,253,191,30,9,71,104,120,176,61,157,138,105
"TRIM35",315,256,173,256,244,211,21,18,61,23,111,198,88,183,106,88
"GPT2",378,132,47,120,58,686,84,146,120,21,77,386,57,415,28,42
"REEP6",661,238,154,79,165,181,93,49,198,15,29,240,95,149,92,40
"RPPH1",561,24,220,72,31,94,227,216,122,125,28,337,95,130,96,61
"CMTM3",651,187,108,118,177,1004,72,44,19,22,38,1555,46,145,61,12
"KIF1B",352,152,110,117,118,196,58,62,82,28,77,505,67,134,127,77
"MTRF1",109,183,141,361,174,146,27,11,99,82,194,146,82,153,161,101
"ICAM2",37,452,353,319,537,504,41,5,42,64,47,307,83,96,73,53
"HLA-DRB1",200,117,156,54,125,3117,55,92,10,23,165,1476,26,60,216,6
"INPP5F",25,140,90,253,136,140,39,44,157,35,196,237,91,265,156,155
"ATHL1",2791,242,142,155,82,665,32,38,64,40,17,692,28,150,36,29
"WDR5B",294,122,103,209,115,139,32,29,110,62,139,171,69,258,133,106
"SOCS3",142,269,174,140,273,765,13,7,21,39,163,262,97,209,99,108
"RBM4B",100,154,118,241,168,216,35,41,131,35,83,265,84,169,144,95
"TMEM254",81,154,159,147,163,211,40,22,117,50,119,226,78,263,133,114
"NLN",268,447,240,201,302,225,45,47,49,56,44,307,44,77,67,37
"FLNB",577,371,351,183,302,496,44,21,39,13,23,595,67,180,29,17
"S100A13",2941,214,169,198,326,158,103,29,114,28,18,663,38,48,28,13
"PEX13",35,168,120,274,160,105,31,44,125,53,117,283,90,269,148,114
"C2orf48",335,38,27,174,59,86,103,157,217,47,235,175,84,285,59,132
"ABHD16B",447,93,67,253,110,200,62,39,100,31,66,369,103,172,92,84
"MOCS3",270,174,128,214,188,132,55,56,105,36,88,174,61,166,84,84
"SACS",45,450,242,363,344,106,17,19,75,38,107,82,114,292,136,93
"MBLAC1",184,82,51,110,50,62,128,135,210,48,89,317,129,149,141,132
"ANKS1A",289,181,125,109,168,186,33,31,77,51,157,287,74,153,90,97
"PPAPDC1B",330,198,124,215,181,245,35,22,65,92,89,180,66,131,77,90
"LRRC8C",132,598,340,343,447,115,18,9,71,45,96,203,77,66,91,77
"SLC22A5",3,34,37,125,76,132,71,47,275,68,269,289,183,419,264,208
"GTF3C4",194,201,148,122,184,108,43,26,102,72,102,166,100,124,129,132
"C11orf54",188,130,130,184,141,236,24,19,70,120,150,272,52,144,150,101
"CCNG2",31,434,214,303,309,158,8,4,33,231,372,229,37,87,169,135
"CBX2",93,207,194,204,238,121,44,23,118,28,105,245,102,173,139,72
"MS4A3",199,28,31,25,82,1316,37,160,18,38,86,6736,75,296,129,36
"JAM3",131,84,47,186,75,93,66,36,227,50,154,188,161,139,194,195
"LPCAT4",339,249,241,313,311,393,37,18,52,16,25,335,67,186,61,53
"UBE2V1",82,71,66,118,64,76,52,48,188,187,213,159,99,194,181,201
"FBXL4",50,118,83,99,120,125,31,31,82,283,392,168,85,135,211,143
"TCP11L1",125,71,54,87,98,83,58,100,170,79,145,234,103,167,183,172
"PEX7",68,149,152,226,162,105,42,32,129,50,125,144,122,190,171,108
"PGM3",153,223,202,242,225,195,21,12,86,29,100,217,66,181,146,139
"TMEM106B",0,298,187,238,300,98,30,26,86,72,144,138,97,328,185,142
"LTN1",9,263,154,325,226,94,15,10,102,83,267,97,123,306,212,163
"ATP11C",67,234,125,180,197,73,33,15,111,44,208,148,134,270,162,135
"HAVCR2",586,292,182,66,242,432,53,31,33,25,53,595,70,103,70,38
"RRAGD",601,361,263,111,192,785,20,44,27,10,38,1003,31,143,61,33
"BRCC3",166,241,144,243,213,129,40,21,106,18,87,275,105,158,106,103
"RBM45",179,185,120,215,164,140,71,17,123,35,85,213,102,130,111,120
"ANKRD18B",47,92,89,244,161,41,58,65,172,66,92,162,131,243,186,157
"APIP",0,321,182,326,284,200,10,9,99,50,171,177,114,345,198,138
"PKD2",139,233,136,295,184,141,16,23,52,30,164,197,82,352,126,105
"QSER1",84,381,201,276,245,119,32,13,65,31,94,263,95,249,103,87
"NSUN3",40,71,67,92,80,103,36,11,83,1057,490,86,76,94,355,360
"LRP11",25,199,115,231,198,136,41,21,111,38,150,94,154,335,209,122
"LOC151174",81,22,22,91,74,197,104,123,191,131,170,106,88,545,125,167
"ZNF358",1329,89,78,65,79,678,91,156,85,12,16,2199,58,80,48,21
"RPL23AP53",39,135,126,170,128,108,35,47,144,47,149,226,99,309,150,129
"SPAG16",19,133,128,138,143,91,51,29,179,72,144,153,116,302,206,160
"LINC00641",44,131,105,135,117,58,40,54,160,96,282,119,119,161,199,150
"STIM2",269,217,142,286,196,125,40,13,90,34,105,165,103,161,110,85
"BAG2",33,362,241,445,363,112,23,2,73,62,121,106,126,175,181,109
"ZFP1",299,156,112,145,137,60,36,22,195,42,149,146,101,150,199,116
"KIFC3",701,595,235,514,561,738,50,7,20,12,16,258,61,63,51,17
"C20orf96",300,207,142,308,197,315,43,19,102,19,39,281,92,163,78,55
"NHLRC3",551,150,117,173,161,209,31,19,94,14,66,423,82,233,129,62
"MCTP2",398,352,192,223,276,422,15,7,72,15,52,336,91,161,85,51
"LGMN",445,73,13,24,39,573,115,51,28,50,126,767,139,389,226,65
"FGR",637,17,34,30,140,1251,30,84,12,30,100,4010,80,341,98,33
"CTSF",193,123,203,24,209,398,53,30,67,148,38,1101,59,169,44,65
"TEP1",397,258,125,231,181,242,36,26,59,52,56,501,50,106,60,66
"C12orf45",1138,170,121,258,176,178,79,24,90,13,20,383,83,137,67,51
"GANC",119,173,128,167,176,179,35,22,116,47,120,358,66,172,97,104
"MIRLET7BHG",272,43,46,79,51,125,76,131,227,170,73,430,64,195,86,90
"KCTD13",263,195,135,371,187,318,20,7,68,67,97,198,77,214,59,78
"RAD51D",201,143,94,129,142,132,66,58,144,24,63,302,109,158,128,79
"SLC25A51",47,159,102,150,170,109,32,35,115,86,142,167,112,212,168,136
"MTERF1",35,202,152,332,203,142,35,17,97,57,127,193,93,193,132,115
"UBASH3B",477,650,150,180,304,305,31,13,46,9,79,706,49,119,53,32
"AGAP6",125,107,80,377,100,143,34,10,91,189,232,78,73,207,134,166
"MREG",106,380,188,233,284,90,37,49,75,39,67,131,64,172,96,108
"GSTM4",536,430,458,353,313,345,49,35,83,9,7,355,57,61,52,10
"TBC1D10A",78,254,191,172,178,218,30,15,86,39,91,485,77,137,102,117
"FAM219A",39,112,86,203,110,236,21,24,108,103,289,109,109,248,139,178
"FTO",199,317,192,211,223,201,38,35,69,27,76,137,74,165,72,82
"MBTD1",24,272,165,211,254,119,21,10,44,160,186,165,103,248,154,110
"SHB",187,131,111,120,161,336,41,24,120,41,68,372,58,139,210,69
"RCSD1",281,593,349,221,357,396,21,37,14,7,41,2073,30,128,28,18
"SNTB2",158,150,88,142,92,91,30,66,135,43,122,193,84,231,173,136
"HELZ2",81,131,124,167,145,129,25,32,128,99,186,126,96,211,94,151
"MC1R",2662,172,111,433,120,208,58,45,68,52,50,129,33,77,35,47
"MMP2",236,55,55,7,101,751,68,53,25,59,134,859,140,250,156,74
"LLGL1",66,241,162,124,232,198,34,13,89,55,149,95,116,225,113,147
"EPCAM",40,669,299,534,550,249,52,16,99,27,31,55,34,239,138,30
"KRT18",558,213,174,302,233,213,63,17,44,308,28,359,35,17,32,78
"CABLES1",454,165,90,160,232,370,50,38,39,71,35,338,58,215,50,43
"ZSCAN16",186,235,156,328,239,131,35,4,84,173,92,164,58,121,94,71
"GNB1L",188,78,94,137,100,218,100,55,116,25,54,328,88,243,85,111
"DALRD3",90,272,215,151,290,221,25,13,76,52,77,187,73,303,91,86
"N6AMT1",160,96,63,147,92,123,45,76,145,36,66,153,126,388,155,118
"C4orf46",43,129,78,241,119,203,38,18,119,45,181,263,112,217,136,144
"KRCC1",62,172,126,230,203,143,19,7,54,133,223,183,97,196,141,134
"RRAS",589,191,187,163,227,502,37,33,64,29,35,771,41,63,65,24
"TTC9C",62,125,145,207,194,208,29,17,92,71,146,251,82,207,114,94
"FRS2",27,140,91,162,109,74,38,40,116,121,233,137,112,180,197,177
"SATB1",46,197,149,193,236,163,12,12,30,337,322,162,55,114,163,127
"SCARNA17",21,37,30,70,45,56,267,152,192,202,90,251,228,157,186,169
"GPALPP1",28,199,103,239,197,105,34,21,120,50,134,127,141,216,174,162
"LPIN1",325,357,144,363,222,391,32,25,36,32,47,371,42,125,51,47
"ADARB1",769,347,183,194,250,430,30,19,79,12,39,529,50,150,40,15
"STK38L",20,208,141,204,182,123,16,8,72,170,223,336,83,176,152,139
"SLC35A3",84,206,121,231,187,122,32,45,88,39,128,180,84,213,105,90
"IL11RA",656,171,146,130,108,257,35,36,99,34,43,845,55,147,31,57
"DTD2",76,263,163,227,172,118,45,36,99,30,64,184,105,206,127,82
"MAP7D3",306,315,225,225,213,234,50,32,72,20,32,337,53,133,57,47
"TMEM234",104,107,80,84,121,145,89,41,150,64,67,481,99,127,126,105
"UHRF1BP1L",32,350,176,193,228,138,21,2,78,148,212,160,54,191,137,154
"LRRN2",0,7,5,92,7,66,59,149,333,309,853,225,172,480,285,450
"CSTA",543,25,27,24,64,2184,67,100,13,25,76,3452,58,246,101,44
"PRDM10",134,133,90,180,107,68,26,17,130,72,273,158,98,163,202,155
"DND1",39,102,80,241,98,125,46,29,186,80,183,163,138,158,115,149
"SPIN1",59,362,177,356,295,165,21,5,56,36,146,255,80,184,111,87
"ANXA2R",399,46,44,113,53,116,68,74,104,73,63,385,153,164,134,122
"TYW1",100,168,114,195,155,119,60,17,104,52,135,154,101,165,139,104
"KIAA1656",218,66,49,161,62,77,101,104,233,54,104,258,82,167,71,118
"TP53TG1",562,130,117,80,111,220,83,54,104,16,26,604,94,110,98,59
"STARD8",873,297,121,271,278,275,25,11,42,38,115,78,60,121,77,58
"ANKRD16",337,155,143,175,155,105,74,61,125,31,42,234,79,173,66,49
"KAT6B",51,158,117,163,143,81,60,27,84,142,193,237,62,179,101,110
"AMT",218,96,118,84,161,280,77,68,110,16,42,301,82,336,108,40
"ERC1",165,228,165,226,227,235,44,21,62,30,57,228,75,175,70,89
"FAM92A1",78,145,125,226,131,90,26,34,107,41,100,357,89,205,153,125
"TRAPPC2B",126,62,64,128,86,94,70,44,146,79,115,216,116,195,195,115
"FAM214A",7,175,123,244,157,138,16,5,48,326,394,82,82,216,187,273
"SLC9A6",10,238,146,256,161,135,34,22,134,40,129,266,91,174,212,103
"SPAG4",234,96,241,63,268,84,93,66,191,30,46,134,102,109,82,102
"GPAM",9,165,132,167,143,73,67,31,164,36,101,246,134,225,207,148
"JMJD7",547,52,30,96,61,127,137,148,239,29,29,400,146,140,116,52
"MIR451A",0,23,52,38,22,433,139,90,291,294,259,82,69,410,130,308
"ZNF500",118,126,90,132,177,141,44,37,112,61,141,235,62,182,95,115
"NFKBIZ",51,144,198,128,150,203,15,26,82,71,259,134,80,227,159,106
"KLHL8",83,204,146,193,164,139,41,42,95,31,95,210,102,195,118,64
"METTL2B",54,155,138,117,162,80,82,46,126,44,106,132,117,174,142,124
"LPP",378,211,163,132,185,143,38,86,107,40,53,271,39,91,93,45
"ICAM5",40,425,445,323,512,431,15,13,42,27,112,56,84,235,47,67
"APBB1IP",215,100,114,224,272,951,26,30,15,20,88,1223,36,171,71,31
"FAM200B",95,94,71,162,111,165,34,26,124,54,121,391,67,209,173,140
"LYPLA1",0,635,327,205,557,87,27,14,63,32,74,185,121,279,134,89
"C16orf70",0,210,136,259,231,244,15,11,75,92,265,155,110,196,137,168
"RNASEK",17,167,110,130,130,385,32,20,102,149,133,224,90,149,120,117
"INPP5A",682,154,78,102,99,270,44,48,59,59,39,1257,44,111,57,48
"LRTOMT",126,88,60,123,97,85,86,103,195,48,80,190,95,137,143,121
"CD276",1087,505,237,127,405,349,48,18,19,15,20,442,56,84,59,17
"CLYBL",318,147,107,96,150,109,59,43,143,32,68,199,78,233,106,65
"JAK3",3755,172,91,49,114,996,47,91,37,9,16,3976,15,59,24,18
"SPTBN2",53,96,88,75,124,96,127,119,187,38,95,504,73,505,35,47
"MAST4",338,263,146,195,280,242,38,17,82,66,100,85,47,63,83,81
"RASD1",44,298,199,264,280,159,49,17,28,276,95,95,53,129,75,90
"RHOBTB2",204,228,125,210,159,130,37,15,94,58,93,158,117,110,93,96
"ANKIB1",13,281,199,262,262,117,21,18,83,70,189,123,81,230,135,95
"DFFB",118,182,115,197,176,145,52,107,85,31,82,197,56,113,95,80
"ZNF107",55,181,123,200,146,74,34,34,119,35,168,450,76,182,121,85
"CHCHD6",205,183,131,108,114,214,104,74,135,19,16,409,90,109,90,58
"SPATA13",38,332,212,291,351,98,27,15,41,128,138,186,57,148,83,83
"ETV5",318,232,102,87,159,288,53,32,61,33,84,307,56,131,110,57
"FAM63A",172,183,165,85,189,294,36,29,81,106,63,279,56,135,56,78
"ESF1",58,258,177,424,262,74,56,17,58,45,93,77,97,186,138,101
"CD300A",981,259,197,58,188,1115,26,18,6,14,24,1318,62,145,88,18
"PRRG4",145,291,147,123,192,42,54,76,59,39,135,111,68,148,132,108
"TIGD1",393,113,108,249,112,172,29,18,85,45,104,154,97,201,98,84
"ZNF232",179,83,90,121,109,124,100,78,127,18,49,226,136,119,158,114
"ELAC1",125,146,108,177,129,118,61,48,129,31,70,308,85,115,143,77
"TCTN2",242,213,119,143,123,103,64,28,92,36,80,181,90,152,115,88
"ITGAM",398,54,59,11,68,742,92,210,21,19,88,2009,36,324,79,35
"BMP1",1170,264,159,239,214,301,36,11,45,27,31,381,64,74,42,53
"TMEM128",34,164,158,272,212,119,35,15,97,42,141,128,81,301,135,123
"DENND3",697,109,57,62,117,1081,26,114,24,17,54,2314,47,135,43,25
"LOC101929147",81,77,78,99,97,103,76,114,188,40,98,303,59,196,136,101
"ADAP1",634,93,39,96,118,572,79,83,22,30,43,1683,59,117,64,24
"MBIP",59,194,131,299,170,105,20,9,99,64,135,62,135,215,196,163
"RSC1A1",0,67,74,173,109,125,25,10,119,408,505,81,109,236,187,276
"RALGAPA2",240,137,117,144,179,379,28,32,58,45,109,482,48,98,73,60
"FAM24B",471,75,71,199,79,101,51,48,145,39,89,71,103,305,117,90
"SCML2",30,132,106,184,162,104,47,19,95,49,120,141,111,405,184,131
"ZNF530",156,72,76,109,102,87,70,109,175,21,115,223,89,242,106,90
"GRAMD1A",285,344,338,268,363,962,24,15,27,15,25,498,42,139,27,20
"ACBD5",23,165,115,141,135,94,35,29,98,59,148,202,114,257,194,131
"ITLN1",121,231,203,88,123,575,30,7,20,373,115,167,31,42,183,142
"SLC35C1",326,260,132,229,227,344,25,30,62,42,49,239,64,71,77,47
"C9orf64",60,180,163,217,203,78,14,35,91,32,164,76,100,350,142,145
"KBTBD6",141,100,46,120,79,66,83,119,182,38,71,308,82,220,146,78
"B4GALT4",80,121,74,135,82,181,46,23,84,111,123,234,84,218,164,100
"WDR60",169,196,226,208,204,102,62,19,54,48,80,104,93,138,105,80
"CPQ",2,445,353,126,313,311,28,8,56,27,107,232,100,376,97,69
"TMPRSS5",15,4,12,33,20,30,170,237,340,400,192,170,123,350,410,316
"DPH1",11,399,247,211,325,215,12,2,50,191,172,63,118,177,77,151
"IL16",100,22,25,56,62,463,27,39,129,115,161,1185,131,241,95,103
"FZD3",484,278,164,247,216,111,51,40,79,22,51,101,60,96,80,64
"MICALL1",581,233,201,207,184,351,41,15,73,14,45,259,45,222,52,28
"TMEM135",32,231,254,166,267,172,37,22,85,41,113,175,76,135,157,59
"BBS5",71,140,102,204,122,164,52,28,108,98,95,161,83,152,101,93
"ITM2C",49,407,231,243,346,1449,11,17,23,20,28,1823,64,79,42,29
"SYNJ2",351,403,151,272,286,78,29,5,89,49,59,228,66,110,70,75
"CMAHP",16,88,82,221,139,99,20,14,116,60,266,205,127,335,235,158
"ABCA5",97,115,91,204,141,136,21,24,97,42,133,181,77,331,208,88
"VPRBP",18,296,193,252,228,119,42,19,60,51,193,73,127,173,88,116
"ENO3",1719,236,168,270,179,278,60,25,54,23,15,305,57,77,35,21
"THAP1",34,139,94,153,168,71,38,22,106,66,146,165,100,274,211,138
"NDRG3",287,280,204,139,217,225,27,14,92,20,47,489,75,70,85,64
"TRAF3IP2-AS1",137,70,60,151,93,139,43,47,133,50,68,321,80,277,132,118
"ZNF329",62,71,98,101,111,130,59,74,94,44,152,385,70,175,139,98
"ZNF385A",570,97,99,148,169,708,37,36,17,65,61,798,36,107,50,28
"UBL7-AS1",173,88,74,85,98,124,42,61,140,63,125,213,99,129,110,122
"ARHGEF19",87,70,59,115,109,85,87,60,224,26,85,387,93,395,92,73
"ZDHHC13",124,152,118,226,154,122,16,13,76,50,181,151,99,174,146,133
"ESR2",96,40,26,79,24,278,51,54,58,350,186,297,57,232,177,203
"TMEM87B",152,208,131,221,229,134,33,8,92,32,99,223,63,144,110,121
"TLE1",127,527,577,178,384,157,18,22,156,9,19,268,35,249,26,71
"TMEM184C",150,251,188,168,214,139,18,20,80,55,101,169,65,138,89,94
"RNPC3",158,113,81,171,112,104,49,18,111,67,121,171,94,152,134,131
"ATXN1",104,100,63,246,82,232,24,56,148,144,118,204,54,88,93,101
"LINC01023",450,147,89,112,110,100,88,113,130,29,35,225,90,119,53,60
"BOD1",143,124,107,149,137,313,34,10,45,122,88,402,64,98,115,107
"ZNF302",106,146,98,114,157,161,27,81,100,30,86,378,64,215,98,67
"RAB11FIP2",0,118,111,179,120,115,35,12,125,88,230,178,122,239,216,193
"ULK2",324,182,112,108,153,91,39,66,77,29,53,124,93,234,111,85
"TTYH2",634,799,478,277,488,267,17,10,16,59,58,186,19,93,9,28
"FAHD2B",268,186,121,102,161,145,121,41,142,19,20,203,96,174,61,66
"N4BP2L1",77,133,176,173,228,339,23,11,57,30,68,605,67,338,59,76
"SMAD5",58,276,160,276,241,141,43,24,84,46,51,247,51,189,91,61
"OGFRL1",212,96,74,155,75,150,30,44,73,41,132,328,95,166,117,107
"MAP3K1",73,197,140,199,170,132,23,22,67,38,89,483,71,200,119,79
"CYP4V2",414,196,137,163,115,150,42,56,56,30,37,494,90,161,40,40
"SPTAN1",649,233,157,41,165,919,39,30,25,31,30,1151,48,89,37,33
"DKFZP586I1420",157,125,87,98,108,137,26,11,92,45,163,309,112,189,132,162
"ZNF202",952,265,127,325,192,176,56,15,70,15,33,201,56,103,50,55
"TMEM161B",11,222,132,284,214,78,22,6,104,62,179,104,121,273,197,154
"ADI1",65,310,170,167,285,127,35,20,97,37,75,167,67,196,98,76
"ZGLP1",491,44,39,129,77,115,133,52,159,70,38,490,89,144,96,41
"INSIG2",54,153,116,139,150,160,26,19,103,46,139,205,86,230,149,112
"ZNF512B",98,484,276,388,263,329,46,7,55,12,36,234,59,188,48,46
"PSMC3IP",8,139,116,275,115,117,32,6,141,63,199,119,178,342,118,161
"SEC61A2",232,93,87,176,82,137,28,22,108,48,98,187,93,274,115,122
"TRIM22",307,98,133,100,104,228,35,22,70,51,90,419,51,143,83,118
"CCDC134",100,34,24,47,35,85,119,196,321,46,99,265,99,210,210,151
"KLHL6",411,242,214,160,208,332,26,28,42,33,34,531,46,113,41,37
"SLC23A2",257,227,96,272,140,252,38,16,41,36,78,345,66,130,80,56
"C19orf81",298,56,60,69,64,179,116,97,322,36,24,287,158,147,36,90
"RAD52",190,83,73,269,111,105,36,31,96,47,141,171,57,200,96,162
"HOXB3",431,181,141,362,196,214,28,14,68,37,54,191,52,135,69,53
"SPOPL",64,228,125,136,133,97,31,23,91,43,109,249,82,234,126,119
"CBFB",230,771,278,540,521,305,26,8,7,46,34,349,19,90,39,27
"DOCK2",59,583,357,142,374,1314,14,4,9,19,66,700,62,162,46,26
"FCHO1",350,447,284,317,392,571,19,13,31,16,15,724,36,99,31,17
"EHBP1",43,178,143,213,210,122,33,23,95,37,119,88,102,305,110,97
"CEP72",15,114,76,186,98,130,49,20,131,49,175,154,97,315,176,173
"GTF2IP20",105,26,58,176,85,118,47,34,176,96,141,130,103,243,153,141
"ERVK13-1",126,124,79,132,89,110,39,33,100,126,103,183,76,181,107,111
"STX3",855,365,197,142,218,759,28,23,18,35,19,961,28,68,34,12
"RNF13",26,285,113,252,201,240,23,6,56,61,129,279,83,150,123,107
"ADAMTS3",168,424,195,422,255,32,15,12,77,46,148,85,59,121,119,95
"RTN2",352,249,167,124,246,481,24,10,68,85,39,524,53,45,60,28
"RWDD4",142,169,108,263,148,108,35,8,107,37,87,187,108,153,124,112
"SEMA4C",76,411,292,250,226,365,48,13,79,6,52,196,29,395,77,28
"STAG3L4",63,152,119,159,106,100,37,17,161,66,132,146,100,184,131,108
"MAPKBP1",274,140,81,160,106,161,37,32,122,53,105,149,76,110,78,103
"PLEKHO1",982,27,24,31,46,985,88,86,38,18,50,3844,52,150,111,22
"C8orf76",198,97,66,126,85,112,58,57,128,42,62,326,94,118,149,82
"IMMP1L",45,127,73,130,110,90,38,24,177,42,85,194,189,224,174,139
"TNFAIP8L2",810,98,76,145,140,663,30,43,28,12,27,1886,39,126,84,20
"AEBP2",91,265,167,210,251,92,58,12,41,69,73,155,83,163,124,58
"LINC00998",2,285,208,383,382,241,22,6,78,32,99,156,78,201,120,111
"ZBTB34",83,184,79,105,109,213,23,16,72,97,125,365,77,172,135,88
"RCBTB2",96,192,146,160,191,274,57,24,29,22,55,595,59,143,127,51
"STAU2",84,270,150,226,193,116,29,16,73,30,99,288,70,182,93,75
"PAQR6",624,87,68,248,96,143,45,26,59,126,98,228,54,93,40,99
"TAF1B",74,235,192,259,217,57,29,6,82,46,137,65,100,185,188,125
"TRIB2",253,424,358,269,465,113,48,6,80,11,33,122,60,166,53,44
"CTH",31,53,72,167,72,92,44,57,93,48,310,94,79,1023,93,148
"STARD10",572,113,128,53,148,301,50,58,78,63,33,620,57,39,60,46
"LOC283788",187,129,74,136,137,44,15,33,51,140,96,425,103,264,73,108
"KDM1B",82,211,146,110,166,107,38,33,86,32,63,580,85,152,101,61
"AHDC1",288,138,101,226,135,149,38,19,112,38,121,215,61,75,88,83
"ST7L",188,78,81,121,101,131,47,31,151,22,124,274,72,188,127,103
"MORN1",162,71,76,100,65,56,75,156,202,42,68,154,97,249,90,83
"RCHY1",49,258,173,220,231,150,22,24,55,46,91,226,68,134,117,84
"GNPDA2",84,202,119,231,194,91,34,22,68,30,120,120,93,213,127,100
"RHPN1",397,31,52,87,45,210,72,70,149,24,86,548,144,91,106,73
"TRNT1",98,202,157,279,187,124,21,18,74,34,64,212,74,168,138,90
"ANGEL1",81,250,130,144,207,181,33,28,87,18,58,308,87,178,98,70
"HOXB4",242,218,175,346,253,194,24,13,51,27,57,119,96,124,73,71
"MSRA",309,182,98,123,130,397,41,24,67,10,42,747,57,152,92,41
"ANKMY1",316,66,43,78,67,126,86,106,130,33,87,643,29,274,47,93
"PAIP2B",5,64,98,77,103,79,45,59,201,124,147,121,143,273,169,146
"PFKFB3",109,226,128,145,190,438,28,20,28,49,91,557,44,126,62,60
"NRBP2",308,152,111,184,133,200,13,10,58,49,177,45,83,380,104,96
"NHLRC2",66,178,114,166,159,54,29,34,96,43,138,152,98,233,135,99
"TFAP4",141,307,229,446,270,284,37,12,44,25,41,243,53,144,45,35
"TMEM192",83,320,231,258,223,147,33,38,65,39,49,174,34,124,96,65
"C1RL",442,178,165,202,220,446,29,27,56,11,51,604,37,107,57,17
"FAM212B",372,89,78,96,106,185,46,48,101,24,53,600,91,89,117,54
"NEK4",39,182,112,230,157,54,32,13,63,71,209,43,120,291,210,148
"OSBPL7",826,149,141,264,177,439,41,13,48,12,26,524,63,97,49,29
"RAB34",408,44,44,52,66,744,53,62,81,106,21,3244,138,77,30,10
"SSH1",271,235,109,201,189,327,26,19,63,25,58,367,81,95,56,45
"SCYL3",184,95,85,156,117,122,27,28,108,55,161,149,57,174,133,107
"SLC45A3",523,177,139,92,110,679,10,28,21,18,46,2683,60,135,35,29
"ZNF564",142,120,57,70,68,125,48,45,154,31,93,660,78,127,140,99
"RP9",114,117,85,130,115,122,73,48,99,30,53,292,109,165,111,74
"FAM109A",1126,189,68,130,139,258,68,14,52,93,43,332,56,45,53,40
"LPAR5",961,1123,497,623,686,329,19,5,31,18,40,76,15,35,13,20
"MCM9",12,221,99,220,201,87,38,14,130,47,115,177,95,182,172,125
"KLHL15",0,155,117,143,177,84,27,22,122,94,189,215,92,223,169,124
"MARCO",22,23,21,10,73,992,449,293,121,24,61,324,195,113,74,125
"CAMK2G",109,192,119,212,168,321,21,12,58,23,61,540,91,145,81,74
"SRD5A1",100,280,190,178,262,115,51,18,89,30,53,167,72,146,77,67
"ZNF845",58,93,70,132,105,86,42,33,182,44,202,159,84,202,122,150
"BMF",180,99,49,115,85,465,31,16,65,114,89,592,66,110,70,94
"FANCM",135,126,73,225,107,90,22,29,121,30,160,100,76,258,166,124
"CAB39L",210,165,88,105,133,150,48,44,57,41,98,139,81,161,89,91
"ARHGAP26",351,130,55,62,79,217,43,55,61,24,64,671,61,195,105,73
"FUT8",43,483,244,266,369,245,20,10,50,25,73,81,74,166,93,80
"SLC25A35",343,104,84,157,97,163,24,22,144,30,118,138,83,236,80,86
"MEX3C",6,341,201,202,216,108,20,14,71,50,160,191,72,253,123,92
"XXYLT1",151,344,207,280,223,240,17,9,56,10,69,323,58,220,65,48
"C11orf98",44,99,69,124,85,131,91,42,191,55,79,249,91,100,136,119
"APOLD1",412,44,37,67,34,107,72,208,150,82,132,135,94,114,86,85
"TRMT13",39,172,118,212,176,110,28,8,98,45,128,139,85,293,139,130
"MSS51",136,129,104,102,62,81,37,51,146,79,145,153,69,101,136,116
"ARHGAP5",63,206,135,211,164,69,27,20,83,30,213,57,98,247,139,123
"YES1",86,444,243,321,269,140,15,13,38,103,163,144,22,83,66,69
"MAP1A",1111,324,174,146,186,238,35,11,34,57,30,311,94,35,43,29
"NUDT8",187,74,46,120,75,149,95,172,186,16,45,226,73,115,112,84
"MYPOP",333,129,94,199,128,275,30,20,92,23,87,230,67,138,79,57
"RABEP2",1044,213,132,209,158,416,58,36,29,16,13,998,41,51,32,19
"UPRT",81,236,214,203,258,103,34,12,58,33,88,155,103,140,98,80
"DNAAF2",63,197,150,256,164,106,24,40,75,34,83,142,105,138,142,70
"BAG4",30,198,151,209,200,103,32,8,68,58,159,140,74,231,160,96
"LSM12",182,168,137,206,171,79,32,22,87,49,127,114,68,121,107,82
"FAM35A",411,368,166,229,237,137,62,22,60,18,27,313,71,62,64,23
"DUSP28",32,60,64,129,59,121,77,52,179,59,99,185,126,242,160,100
"HDHD1",205,355,144,167,206,236,45,8,87,18,83,195,48,105,71,67
"FLJ10038",731,151,87,215,154,244,32,19,63,35,28,460,74,85,68,36
"N6AMT2",205,68,57,78,67,102,63,46,107,73,55,251,163,115,153,120
"ARHGAP25",1249,517,418,283,572,825,9,12,9,3,19,827,21,64,17,5
"LINC01604",120,64,54,106,85,132,74,63,161,41,61,269,81,142,152,105
"PRKCI",194,244,182,186,208,144,19,14,65,56,108,213,45,111,83,57
"RPL21P28",632,27,36,72,42,97,156,224,315,26,20,549,39,131,106,62
"DENND5A",145,250,192,84,159,414,15,12,22,104,65,514,58,127,68,58
"RNASE6",598,33,62,22,147,925,60,60,16,22,54,994,68,172,111,34
"INTS2",2,235,128,178,211,70,23,28,89,61,174,133,82,255,165,127
"SLC25A32",104,254,151,265,245,68,25,15,64,56,91,173,66,93,118,97
"TRIM45",304,45,56,91,59,96,44,41,171,34,172,111,119,278,107,128
"C2CD2",462,127,80,130,102,112,49,38,88,71,64,184,49,127,106,56
"FNDC3A",34,298,157,266,244,105,16,6,79,28,129,204,60,290,133,93
"AREG",810,279,335,37,483,2204,11,5,15,11,24,990,24,98,54,14
"DNAJC24",71,206,125,308,184,80,38,30,92,25,96,152,64,153,116,80
"DDX31",298,204,168,257,222,150,61,22,79,19,28,224,66,84,81,36
"ZNF701",56,72,80,112,103,112,47,39,150,34,196,182,66,283,127,111
"FBXL12",193,339,212,369,308,375,1,5,26,31,76,186,68,142,65,69
"TTC25",194,27,29,133,27,25,61,72,441,113,373,98,54,148,122,226
"PIK3CD",1033,56,40,65,80,835,43,71,44,15,51,2738,36,98,51,19
"FAM217B",94,200,122,172,181,124,47,44,108,23,34,341,70,117,98,62
"ZNF579",1513,181,174,212,197,479,57,26,44,13,14,499,42,66,17,15
"HLCS",194,204,111,184,126,187,24,31,103,21,42,181,66,220,105,66
"IL1RL1",2029,1405,727,301,696,441,11,2,4,2,3,631,31,53,4,9
"FBXO21",39,255,186,218,245,83,20,11,86,36,143,64,94,203,125,135
"PRKXP1",136,128,107,470,104,64,35,14,95,74,84,153,43,167,197,69
"WDR54",724,193,266,117,278,244,62,140,93,9,31,399,21,33,16,12
"EIF3J-AS1",246,142,87,185,148,144,26,36,88,60,71,172,66,139,82,53
"FAM175A",3,170,123,153,189,79,39,52,97,44,144,107,84,331,97,143
"MPPE1",55,115,86,122,103,115,44,41,126,40,90,108,125,201,150,124
"BAIAP2",547,377,276,152,171,150,55,28,49,11,22,841,51,54,24,29
"NIPA1",113,290,135,197,191,171,22,7,85,15,73,186,76,284,116,65
"SSH3",435,287,223,291,280,529,14,3,34,15,44,256,68,117,39,36
"OSGIN1",342,32,40,91,48,194,51,39,44,382,138,228,47,60,108,191
"GPR89A",483,39,26,114,37,45,103,73,174,73,80,240,88,101,138,129
"CR1",21,43,29,50,35,329,26,29,149,158,425,360,64,205,188,181
"PAFAH2",420,86,89,132,91,238,30,38,75,21,76,484,56,108,83,72
"CCPG1",33,116,61,164,132,135,23,19,96,58,159,259,96,241,155,98
"SETD6",374,216,127,391,147,117,51,22,77,23,26,147,67,123,80,46
"ABL2",268,212,138,134,151,232,54,60,71,27,34,321,39,92,51,39
"TTLL11",17,113,74,92,85,97,68,43,175,33,105,300,111,169,153,139
"HEATR5A",167,125,78,151,118,104,44,52,73,20,64,287,84,238,104,64
"TMEM216",137,306,208,272,276,280,23,14,62,20,43,427,34,106,52,43
"C15orf61",138,136,108,202,110,238,30,30,48,88,55,198,64,95,128,71
"MFI2",2088,448,276,337,335,218,26,19,24,6,7,475,28,52,29,16
"LOC285074",162,43,47,59,55,98,34,42,156,166,164,180,83,159,147,137
"ZNRF2",60,217,141,148,167,125,26,4,95,40,141,253,76,177,120,89
"PCNX",604,105,47,94,82,418,29,33,34,31,67,1001,46,146,73,48
"PDCL3",16,237,128,308,164,192,47,8,89,23,40,479,107,85,159,92
"ME3",205,145,69,159,138,186,62,16,114,39,50,273,67,212,79,36
"DUSP7",83,257,170,251,195,231,26,9,82,18,79,250,76,127,78,59
"GOLGA2P5",661,93,83,208,97,136,54,20,156,13,73,128,63,211,69,60
"ST14",262,25,24,14,95,340,121,86,25,33,74,744,130,222,198,55
"MIEF2",174,90,72,75,89,157,45,43,134,46,74,205,66,170,114,109
"UBXN7",99,89,59,106,77,75,64,61,86,166,123,217,55,116,103,99
"C3AR1",266,248,169,67,361,1143,42,31,9,1,33,1046,42,82,79,13
"PUS7",140,476,248,457,323,104,29,14,72,22,37,136,59,88,68,34
"RAB3D",528,94,59,50,115,603,35,97,41,17,35,2824,32,105,41,22
"LIPT1",66,127,74,135,113,92,16,26,93,101,204,120,67,186,127,168
"AHI1",612,143,87,109,104,97,42,32,85,27,44,205,95,145,93,67
"ZNF620",9,43,44,109,70,91,58,43,212,60,155,230,116,358,174,150
"MAPK7",61,140,120,273,184,207,15,8,60,44,247,66,97,219,73,125
"ZNF189",217,202,148,222,182,193,17,5,54,51,78,318,33,145,93,67
"PHACTR2",85,525,270,292,448,106,29,11,53,23,41,148,47,135,73,49
"PDPR",127,392,251,252,248,122,22,29,79,20,59,99,50,104,27,136
"GGT1",390,347,351,135,365,379,16,6,25,48,36,225,54,53,38,48
"AKR1E2",62,53,46,88,98,92,18,59,87,78,146,284,79,278,157,182
"MIR6723",52,31,321,324,31,26,4,8,139,57,121,343,74,264,1109,132
"CTIF",234,114,70,138,139,269,48,47,40,59,77,402,46,84,43,67
"LRRC37BP1",153,75,75,137,106,135,36,20,85,47,98,231,80,181,152,94
"RNF139-AS1",119,44,32,46,50,66,39,49,173,134,313,93,80,233,188,187
"SKIL",138,148,51,93,78,83,26,15,68,120,123,349,93,128,176,111
"PROSER2",409,362,192,210,239,197,44,18,67,31,32,149,43,81,26,44
"ATG10",216,130,107,161,87,103,33,46,91,23,72,171,84,172,105,76
"MARK4",163,135,142,129,178,355,23,17,56,52,64,349,53,122,60,57
"SOCS5",33,198,116,119,157,65,29,10,93,119,137,226,65,119,182,112
"KIAA1211",66,192,146,141,186,90,86,51,87,17,117,67,61,280,78,48
"MTSS1L",234,312,137,374,193,127,24,4,37,44,66,88,110,128,60,86
"GAS7",417,251,107,93,262,485,35,31,15,17,22,573,46,126,75,23
"FGFR3",420,56,27,65,44,27,145,115,300,5,76,127,129,302,154,94
"SCRN3",37,192,124,268,170,84,27,7,85,41,133,128,96,184,143,113
"FLJ20021",281,46,63,76,67,93,94,56,84,126,75,455,45,79,101,77
"IKZF3",653,107,51,56,111,101,64,98,123,53,60,234,51,84,69,46
"EOGT",46,293,136,219,164,117,11,8,47,227,108,104,56,117,128,118
"ADRBK2",515,155,123,117,145,391,26,52,26,27,37,848,28,106,41,29
"PRKRA",148,221,154,249,176,164,18,18,76,30,49,254,57,166,75,49
"CACNA1I",104,38,120,41,71,24,48,33,850,58,130,143,148,96,184,115
"ZNF174",140,169,149,172,164,200,24,21,75,28,54,188,67,179,96,56
"TSNARE1",346,193,114,196,164,315,19,12,60,43,44,275,51,123,47,59
"PDIA5",295,446,248,426,312,696,20,6,31,11,20,258,50,77,28,25
"TMEM8B",164,54,69,77,89,128,47,27,195,43,67,112,122,313,137,85
"ZNF184",11,141,99,137,117,67,37,16,102,44,212,223,91,221,158,153
"SCAMP1-AS1",173,134,123,138,131,218,39,10,99,35,53,200,88,89,107,96
"PXN-AS1",70,66,66,79,74,88,86,114,233,17,61,281,123,157,110,72
"HK2",244,148,103,155,251,538,38,20,21,14,56,1170,42,98,52,18
"SCNN1D",674,117,130,203,115,158,74,71,88,10,25,256,57,100,32,32
"DGKH",35,75,44,83,30,57,79,144,210,99,71,187,78,150,132,214
"PSPH",128,177,144,155,221,238,38,24,67,33,36,137,49,191,81,63
"ZBTB3",145,81,84,105,63,89,48,99,163,46,69,175,45,236,106,69
"DNAJB14",53,253,143,152,215,86,25,10,66,45,94,165,98,221,117,71
"TIMM23B",79,98,67,137,85,52,29,34,85,117,218,89,98,130,147,158
"WDFY2",654,188,166,138,175,225,18,24,51,11,51,525,45,114,42,37
"SYNE3",21,90,44,69,43,101,80,18,171,131,176,107,180,267,108,166
"TTC26",84,173,143,209,157,79,36,12,95,62,125,85,80,104,121,89
"RPS14P3",144,45,60,87,44,79,68,88,185,48,47,294,93,186,151,79
"MEMO1",45,344,204,329,273,118,7,9,35,27,81,130,129,234,87,77
"KDM8",323,107,51,151,66,82,45,29,151,49,77,255,73,119,114,61
"ZNF761",66,166,112,220,124,104,40,39,89,36,93,124,86,138,86,73
"ERCC6",216,101,73,107,81,108,31,22,92,127,128,259,40,102,105,91
"IL6R",188,70,43,65,85,613,35,51,54,37,65,1504,38,155,70,35
"LINC00847",53,114,139,119,159,330,20,14,128,31,53,422,65,273,71,56
"MARVELD1",630,491,280,260,247,579,10,12,35,10,17,555,27,66,38,10
"PHLPP1",93,105,65,116,79,156,33,29,122,29,109,230,75,257,114,89
"ITGAL",865,68,30,21,32,608,42,98,42,28,48,3243,37,183,33,36
"SDHAF3",65,211,140,327,237,95,12,8,57,34,94,77,120,193,138,98
"FDX1",106,288,160,311,227,172,45,15,36,14,29,506,58,104,80,35
"YPEL2",0,123,113,121,148,127,12,2,49,584,342,193,49,82,227,192
"ABHD17B",25,237,137,154,175,140,20,18,59,62,114,238,66,163,110,71
"KLHL20",52,161,94,207,167,48,29,20,85,56,193,99,85,170,91,127
"HIST2H2AC",238,25,45,102,39,46,85,108,173,100,88,117,88,84,175,124
"AMZ2P1",257,82,93,101,91,157,50,43,99,22,48,335,59,129,109,68
"KDM5D",7,1,679,1604,790,0,1,2,3,0,1,5,724,1950,1131,1677
"C5AR1",221,107,74,41,164,831,36,16,13,20,58,1202,62,163,113,31
"PARTICL",125,51,45,152,50,85,42,38,168,45,83,210,123,164,147,129
"RCN3",1133,7,13,36,39,254,159,80,152,8,37,748,81,297,160,35
"TARSL2",241,210,165,181,183,123,21,22,61,25,46,209,48,146,81,64
"TMEM147-AS1",196,113,66,214,108,198,25,22,81,42,55,222,79,164,81,71
"IRF5",1172,59,72,57,51,897,49,34,18,22,55,497,65,146,76,27
"BTN2A1",233,156,85,247,157,206,21,10,53,58,98,220,59,91,62,69
"PLXNC1",124,442,227,198,347,489,12,17,16,31,51,268,22,111,67,29
"ACSBG1",10,45,42,249,192,213,46,42,101,38,58,228,99,445,128,59
"METTL15",64,86,114,140,146,119,30,33,129,39,85,135,87,174,110,86
"LLGL2",670,220,128,271,186,200,44,8,92,28,21,152,60,108,31,33
"IFIT5",63,102,48,137,52,140,17,16,62,250,227,116,55,200,150,159
"EHD4",339,221,104,118,162,267,58,18,40,16,37,430,48,55,86,57
"FAM133B",52,122,59,178,103,37,73,30,133,49,115,172,79,146,145,101
"CSGALNACT2",14,162,58,170,133,127,19,23,46,67,191,141,87,220,217,116
"TRIM23",0,72,54,113,59,45,38,39,95,282,296,132,61,222,262,177
"ARID3B",117,77,72,150,92,139,30,21,86,80,203,120,68,113,98,119
"VPS9D1-AS1",244,162,121,233,145,96,113,44,103,13,17,126,87,129,46,45
"FAM65B",287,156,121,111,234,225,37,52,39,58,35,220,30,63,85,42
"MGLL",159,24,9,87,137,674,40,39,61,16,116,468,64,357,142,66
"LOC100049716",114,66,54,150,147,115,31,31,149,63,120,199,61,119,120,63
"EMP2",462,162,142,189,138,144,39,66,81,42,39,306,39,29,29,39
"FAM102A",426,227,70,164,134,226,24,10,45,31,42,244,68,154,63,71
"PDE4A",902,511,241,191,276,361,48,8,24,8,13,445,44,41,23,14
"PTER",49,210,136,243,167,149,29,21,58,22,88,105,65,182,113,85
"ZFAT",27,94,82,123,103,122,27,9,61,75,1910,122,65,118,75,105
"CECR1",267,28,44,11,109,1134,62,67,28,28,76,1535,47,175,90,21
"SUFU",266,137,111,134,135,200,29,17,59,25,102,271,74,107,73,40
"SCAMP1",303,175,134,110,175,107,23,35,56,35,59,303,54,108,59,52
"WDSUB1",87,149,143,226,168,189,6,11,44,38,141,138,83,219,101,73
"TTC33",0,141,111,111,170,63,19,8,97,109,215,134,90,235,219,160
"NFE2L3",105,375,171,196,230,175,8,7,46,48,73,155,56,181,72,59
"IKZF4",154,128,79,207,118,141,25,14,63,35,119,104,59,210,111,107
"ATXN7L2",221,180,142,217,169,115,24,9,75,66,73,133,69,79,72,61
"C19orf57",23,31,24,94,41,46,85,64,295,44,134,233,170,224,187,154
"SMYD3",251,275,159,126,229,234,23,16,51,19,19,1067,49,99,42,24
"GUCA1B",76,27,24,116,57,156,55,39,162,101,96,181,101,282,106,105
"GK",79,141,87,147,170,281,31,17,73,55,94,139,44,124,96,81
"STK32C",359,183,113,137,92,389,67,51,39,16,22,321,51,63,77,28
"CYFIP1",183,165,70,113,157,405,35,27,13,18,52,512,47,269,97,28
"N4BP2",52,166,104,166,228,55,26,23,62,33,122,97,97,271,106,92
"RRM2B",10,248,163,177,238,155,19,9,36,98,74,202,63,128,157,88
"RPGR",58,105,74,205,104,83,65,18,57,170,143,92,74,89,85,115
"CGRRF1",17,98,99,146,117,81,27,12,86,136,157,126,88,147,140,171
"WDR44",19,199,120,187,154,61,27,9,84,85,175,97,88,124,152,113
"AP2A2",330,45,38,80,36,91,99,25,241,114,124,183,51,103,58,114
"TMEM143",283,72,93,131,96,125,19,36,121,27,134,106,81,150,70,89
"DENND1B",52,180,105,123,102,78,24,7,79,24,118,403,82,221,151,111
"MS4A2",219,1068,238,27,231,317,12,24,26,19,22,2876,36,42,18,29
"LOC113230",141,29,41,50,54,95,51,76,179,42,77,229,130,245,115,103
"NIFK-AS1",137,83,77,128,92,106,37,26,110,41,72,232,83,160,93,87
"CBLB",192,196,115,140,150,165,11,9,43,100,180,65,52,174,71,71
"CBWD1",415,166,122,94,137,95,67,26,90,15,54,220,71,50,97,48
"GLB1L",223,62,86,123,87,118,37,35,80,41,72,404,61,138,75,66
"FASTKD3",1,208,114,335,186,96,28,21,103,31,98,138,71,148,135,115
"ZRANB3",35,114,86,141,144,100,38,31,111,40,80,148,91,193,121,79
"SLC38A1",212,583,339,649,341,481,15,8,9,7,41,361,22,84,27,7
"CPM",549,262,94,48,122,379,33,33,55,32,51,354,34,61,55,33
"GPD1L",161,448,249,377,277,173,21,8,34,15,43,183,51,96,46,36
"VWA8",34,297,195,294,197,65,16,7,42,16,109,113,65,292,79,206
"NRBF2",0,187,114,166,143,146,47,18,78,73,121,196,68,123,115,88
"NCK1",5,241,176,242,241,131,14,9,40,93,144,103,77,172,91,96
"CA3",0,13,11,15,6,45,77,72,357,196,484,194,155,264,528,309
"PLEKHA3",0,145,114,137,115,49,32,18,83,105,190,103,103,149,202,169
"POGK",345,382,188,302,248,369,11,4,31,15,29,415,46,89,44,24
"IFT140",150,219,144,216,187,165,30,23,46,54,69,98,62,105,31,63
"MLKL",1253,182,131,142,217,488,23,23,35,9,14,549,31,74,26,27
"GPATCH2",121,120,101,173,122,62,55,20,90,36,75,210,59,143,96,79
"BCKDHB",38,278,234,202,236,100,17,39,60,31,71,127,67,157,55,56
"MAGIX",149,31,47,49,30,60,133,171,177,35,44,332,95,266,92,63
"NEK3",403,220,137,239,187,164,24,7,55,16,24,169,61,160,75,55
"STARD5",5,21,24,74,46,75,34,47,295,61,200,172,170,297,203,320
"COQ10A",498,149,87,223,118,132,39,18,64,20,33,266,60,106,78,45
"MANSC1",11,327,196,218,273,109,18,6,107,38,114,91,71,103,128,91
"GLCCI1",18,162,116,148,133,51,21,13,88,63,200,169,77,198,149,102
"RAVER2",129,50,46,214,93,245,23,42,88,18,81,371,54,470,63,43
"MED31",51,91,94,191,95,102,21,21,80,62,117,91,89,160,167,135
"SLC25A33",32,144,109,201,138,121,42,16,97,41,51,256,94,104,114,80
"C21orf91",70,159,100,123,127,98,30,10,75,57,89,231,66,148,110,111
"TBC1D2B",126,90,60,82,97,282,35,62,92,16,53,981,72,155,58,24
"GPR153",1460,1263,509,398,711,220,10,6,13,6,8,183,52,10,7,15
"HIST2H2BE",19,55,124,55,126,367,29,10,55,147,92,448,56,275,74,92
"ERAP2",680,104,13,90,26,101,80,180,48,20,96,249,60,185,138,30
"ZBTB6",13,153,81,118,109,75,37,18,144,72,112,182,66,191,140,116
"LINC00476",213,34,48,72,60,110,54,155,185,47,52,297,56,91,101,67
"PDE3B",25,274,165,130,116,80,21,19,74,21,144,176,75,267,145,59
"DDX58",177,87,49,63,53,83,44,30,108,118,92,374,51,107,86,126
"LRRC2",40,81,44,91,77,58,21,59,98,470,343,96,43,46,142,150
"ZNF320",85,51,44,29,109,156,41,56,140,51,92,277,47,171,193,105
"PDCD2L",82,228,125,331,218,127,42,8,79,19,40,91,113,105,82,73
"FAM172A",12,182,127,133,148,96,24,22,70,52,126,152,71,195,110,121
"ZNF793",269,34,37,67,30,70,77,263,166,57,60,298,57,73,100,79
"SEMA6C",224,44,34,193,63,123,53,25,192,47,69,105,122,158,93,75
"PARP16",52,157,142,138,176,149,30,25,68,21,65,155,63,204,112,68
"ADAT1",102,81,43,81,53,65,51,93,130,97,205,138,57,78,105,85
"GATSL3",185,122,117,103,136,130,25,38,96,23,49,384,71,121,67,40
"TRAF3IP1",97,174,137,205,119,63,68,25,79,31,54,109,88,110,85,68
"CCDC15",0,71,82,61,58,57,35,32,313,47,124,64,123,611,250,169
"KCNK6",908,177,130,113,142,197,42,40,45,35,11,532,25,53,33,34
"BRCA2",8,167,117,218,139,55,19,27,78,35,285,45,85,303,133,113
"LOC101927765",379,25,40,90,34,117,59,56,104,86,53,160,86,112,166,98
"BTBD3",11,203,150,163,250,93,23,14,74,26,64,233,77,179,124,110
"FOXO1",3,136,140,98,227,293,36,21,74,133,34,180,32,200,132,69
"KLHL26",113,120,87,158,113,121,19,19,106,33,99,134,64,187,83,108
"FNBP1",568,94,43,73,111,643,29,37,25,21,44,1831,33,110,45,16
"GBP2",361,129,94,62,195,456,40,14,19,150,42,559,20,59,41,37
"DUSP6",301,106,59,79,82,379,18,27,22,12,153,697,54,162,97,36
"LGR4",0,33,73,98,32,35,45,30,199,60,405,105,128,377,247,195
"MFSD8",127,178,98,239,154,113,23,14,60,49,72,145,50,159,80,65
"RGS19",79,75,82,66,125,1172,29,26,16,13,67,1299,61,160,89,25
"PGBD1",551,195,157,204,154,123,39,8,40,19,34,184,53,141,59,42
"LINC00094",222,250,149,146,195,125,20,43,70,21,45,112,48,102,55,61
"LOC100652768",165,47,38,112,58,72,67,54,156,84,73,111,79,202,91,74
"MMACHC",123,116,129,130,168,73,62,50,109,13,40,171,70,119,83,58
"DPP8",81,135,70,95,121,49,39,24,120,63,111,125,90,106,119,108
"EPS8",58,621,280,148,409,46,13,3,23,46,140,35,102,96,130,85
"ABHD14A",698,146,128,151,149,237,36,25,47,13,16,315,58,96,46,30
"UBE2D4",459,157,99,161,121,133,47,31,55,21,21,287,54,87,61,48
"RPAP2",34,134,101,185,129,107,15,13,84,38,100,226,86,159,129,107
"SLC35D2",259,318,243,157,330,464,18,8,45,18,19,261,35,122,29,21
"THRB",101,111,153,189,183,82,42,17,52,13,66,81,109,245,130,59
"EPAS1",123,1351,537,173,521,313,16,2,12,19,28,96,44,111,34,19
"ECM1",1080,425,154,306,236,413,26,17,12,27,16,85,30,71,25,21
"ZCCHC14",299,347,183,233,258,203,14,8,33,29,55,57,57,107,59,45
"RGS3",96,50,81,48,86,215,43,30,87,95,171,191,40,177,86,64
"ECHDC2",877,324,214,188,76,191,36,4,50,13,16,140,76,108,58,42
"SIPA1L1",191,180,134,213,160,303,15,16,64,17,55,160,55,111,69,47
"DNASE1",148,44,26,67,38,96,49,41,134,438,104,173,58,77,128,87
"EIF2AK2",55,195,120,286,142,54,22,22,91,27,81,141,71,125,103,96
"KBTBD3",51,53,57,69,71,80,29,30,158,135,116,221,81,124,140,123
"EVI5",105,157,69,84,100,45,38,49,86,41,62,249,69,147,141,75
"SIAE",384,301,179,158,161,171,28,9,43,13,57,114,52,118,52,58
"SLC27A1",1112,119,94,78,104,318,50,67,32,11,24,941,28,65,34,16
"ZNF431",22,81,84,113,114,92,34,32,102,32,144,254,73,221,122,80
"ANAPC10",0,123,124,282,142,93,23,15,64,44,129,121,94,182,163,141
"HS6ST1",521,427,224,287,318,414,8,5,17,15,20,672,33,62,17,18
"USP30",60,127,107,148,136,160,18,14,94,39,99,129,71,160,118,78
"FKBP14",171,97,77,130,96,131,32,72,78,41,59,181,76,85,71,56
"GATS",188,75,50,107,60,90,44,17,44,309,151,132,55,58,84,154
"CCZ1",149,85,94,168,80,60,30,22,82,35,109,171,83,185,81,96
"UGGT2",518,210,116,267,138,162,24,13,56,17,51,33,59,135,80,62
"CERS6",123,137,109,114,132,180,15,14,52,28,66,606,62,131,103,48
"LOC101927021",157,109,65,141,130,69,41,52,118,26,73,231,63,59,87,79
"WASL",10,139,79,104,102,105,32,13,93,69,179,119,102,178,147,116
"GALM",213,133,116,102,136,129,50,33,55,33,38,507,52,140,48,21
"ITM2A",28,321,203,308,424,173,6,14,17,17,92,444,46,78,107,39
"PCYOX1",192,271,163,109,177,171,35,42,42,22,39,186,34,103,62,37
"CSRNP2",166,198,107,198,162,117,22,12,58,48,96,181,42,115,51,61
"SGPL1",84,97,66,45,84,263,36,200,109,30,21,549,40,130,107,28
"DDX59",91,148,88,249,139,145,14,2,64,76,166,120,64,153,62,92
"GAB2",395,324,137,152,239,526,24,13,10,20,17,496,35,176,17,17
"HYAL2",31,240,155,191,202,211,11,15,50,32,68,276,63,104,82,71
"LYRM5",8,143,142,222,171,43,12,8,69,80,186,87,78,240,168,132
"DCAF17",14,184,114,191,183,79,36,12,96,31,107,129,77,198,111,79
"ZNF776",85,195,132,225,183,87,2,6,54,66,280,47,67,213,72,101
"ZNF691",519,76,84,150,92,242,46,25,61,17,31,458,41,100,61,43
"CEP83",149,153,112,199,149,78,25,9,74,28,91,125,77,155,93,68
"IDI2",206,100,65,123,84,127,75,26,88,31,28,258,81,99,79,75
"SRR",117,119,94,117,113,94,33,23,129,33,68,133,68,144,95,83
"ARMT1",15,214,154,170,243,72,23,6,47,57,102,89,94,151,168,104
"LIF",1695,492,229,387,218,535,5,4,15,3,10,322,75,76,10,9
"ZSCAN9",311,294,117,267,176,160,33,6,44,23,35,310,38,151,29,33
"PRIMPOL",33,156,99,180,217,108,16,11,76,41,173,55,79,204,112,93
"FAM171A1",288,176,77,239,279,243,17,10,43,6,28,384,57,105,77,53
"USP54",169,146,93,217,137,90,28,29,48,49,126,81,49,124,56,70
"GPR89B",442,21,26,82,33,44,69,64,169,70,85,233,80,99,108,120
"SPICE1",0,122,103,190,146,54,40,25,91,41,142,126,118,147,138,115
"FDXACB1",108,116,91,172,122,62,46,27,112,36,79,111,76,86,101,79
"SDC3",1108,827,375,195,427,106,27,16,12,3,9,160,26,122,20,13
"GAS8",124,166,104,195,121,110,21,6,85,56,85,76,54,168,97,93
"HERC5",113,116,72,109,85,117,38,17,68,21,74,545,41,177,132,69
"LOC100507373",234,16,18,38,43,116,66,66,161,54,121,411,81,166,81,97
"ZNF559",199,116,135,120,44,170,16,19,68,27,78,278,62,197,87,64
"MRPS31P5",148,110,64,122,104,84,27,31,100,38,76,148,62,166,94,88
"LPCAT2",83,395,270,84,238,359,12,21,20,12,43,731,45,82,63,21
"PTPRF",1,22,50,137,45,228,54,31,46,642,457,50,36,54,178,255
"HSCB",427,81,75,121,101,138,60,56,54,9,35,700,39,68,64,47
"TBC1D2",205,78,86,99,105,597,37,17,45,5,77,516,45,190,39,53
"FAM72D",25,18,13,94,40,14,96,63,249,67,161,159,135,411,223,139
"EVI2B",148,191,142,66,190,482,25,29,12,11,58,1094,42,153,32,16
"PEX11G",110,59,63,86,67,91,120,85,175,31,46,118,94,105,83,58
"BBS1",94,174,159,224,206,149,9,2,42,59,115,87,50,188,71,93
"TTN",226,75,126,168,119,152,11,20,0,20,112,638,60,117,90,109
"CLSTN3",295,227,99,426,238,295,18,5,53,10,43,387,69,65,14,35
"YAE1D1",141,102,75,221,105,94,28,11,86,34,77,153,66,152,102,89
"NPHP4",20,168,92,178,151,104,18,18,74,29,134,178,73,137,102,120
"SMIM3",39,127,77,26,108,888,19,29,38,19,72,1790,57,327,39,23
"LRMP",213,124,80,49,142,242,7,9,40,53,113,546,38,165,82,71
"RAD54B",40,107,84,194,105,80,21,16,110,18,99,85,132,219,175,110
"NUFIP1",57,183,124,213,141,96,52,14,82,29,52,154,86,87,120,43
"PHLDB3",589,223,208,137,221,210,14,21,73,48,8,181,61,114,14,14
"ZNF182",135,125,66,199,110,92,23,11,88,56,74,189,64,152,73,81
"LMBR1",45,293,162,199,241,175,16,9,33,20,86,195,58,151,78,52
"GATA2-AS1",104,154,108,141,174,145,27,31,64,31,52,135,100,82,58,65
"DNAJC25",102,110,77,183,87,98,31,11,91,45,80,152,78,142,120,75
"ALG10B",42,77,65,93,122,59,30,18,119,59,123,132,78,257,137,106
"ZNF510",266,88,76,122,94,82,28,34,82,47,83,126,62,113,91,66
"C5orf63",382,88,69,100,90,94,30,25,1,97,99,123,90,142,109,85
"C14orf79",204,75,76,139,67,91,46,41,131,31,55,180,66,90,75,82
"C1orf233",1058,236,77,74,128,424,47,55,20,12,13,1152,25,58,18,11
"ZCCHC4",34,132,78,180,89,65,20,39,97,46,109,133,71,149,122,101
"PRKCA",142,456,257,84,309,141,12,24,59,16,35,163,50,78,74,34
"SCARNA9",171,44,36,39,61,39,69,52,154,46,89,231,129,147,127,84
"SLC25A4",53,185,184,140,146,119,16,18,65,32,96,86,89,133,88,74
"HTRA1",271,25,21,20,88,153,138,37,35,41,53,225,133,130,282,91
"SLC36A4",85,150,71,143,137,197,26,25,45,26,99,597,44,44,97,55
"DYRK2",99,344,96,117,136,120,29,14,63,21,72,245,74,85,61,71
"MTRR",0,293,116,312,204,105,23,12,60,18,90,176,84,155,114,88
"PYROXD2",136,64,82,81,52,450,20,8,44,197,135,95,47,138,70,123
"RNF170",405,170,108,69,156,149,25,23,63,9,41,241,44,194,64,50
"ZNF765",99,135,74,167,107,60,30,21,77,38,141,72,79,146,99,95
"FAM198B",40,293,272,33,103,115,26,12,64,14,107,216,80,276,123,47
"C9orf72",111,115,87,131,178,137,7,8,58,47,94,278,66,163,109,63
"ASIC3",315,54,27,146,47,116,50,39,110,92,93,86,78,100,55,94
"CYP27A1",97,6,8,3,19,1427,70,84,17,30,70,2935,157,360,134,46
"CMC4",647,106,77,155,92,158,25,18,80,22,26,285,48,107,95,37
"CCDC112",53,362,188,325,252,76,10,4,54,17,69,62,61,312,92,68
"HK3",44,8,16,6,34,720,86,72,29,52,116,1053,131,336,132,67
"CTDSPL",402,49,34,98,64,419,29,74,54,17,106,192,48,145,81,37
"HIP1",129,94,46,36,128,475,31,29,63,35,130,262,43,124,59,70
"HENMT1",44,78,61,56,73,129,45,54,87,25,60,415,107,144,121,80
"MACC1",56,49,42,114,72,108,31,46,67,165,264,137,42,85,115,94
"IRF2BPL",67,673,288,259,375,341,13,2,28,34,35,204,20,89,35,33
"RWDD2B",555,169,146,228,215,153,38,8,33,13,31,180,56,71,71,26
"KRT1",326,152,20,7,6,179,32,34,77,724,293,177,21,19,95,272
"DYNLT3",91,111,131,206,114,75,16,10,29,221,73,145,44,89,103,111
"B3GNT7",46,22,22,40,42,88,39,34,393,59,335,144,39,158,97,489
"SPNS3",976,10,10,8,65,2736,31,274,42,23,36,1998,38,86,28,15
"DDX3Y",0,0,862,1048,1034,0,0,0,0,1,1,0,789,1661,1121,894
"LINC01004",119,70,34,165,56,103,38,45,79,90,79,95,50,161,118,96
"AGAP2",456,159,119,129,176,294,37,31,27,15,23,497,33,56,47,20
"NARS2",83,258,182,240,236,128,17,2,43,24,54,150,63,138,66,75
"LOC100506990",81,72,41,59,54,90,61,77,128,55,101,227,51,200,83,52
"SNAPC1",81,102,70,124,113,110,29,34,64,60,71,210,42,161,98,62
"ACSM3",19,131,175,102,112,419,11,3,19,805,82,342,27,119,45,48
"TTC5",51,164,96,144,188,152,25,6,56,32,64,203,82,144,82,90
"FPR1",20,27,137,9,256,3141,33,31,14,15,65,1622,15,161,141,39
"XPA",263,166,117,168,122,154,33,25,54,12,23,240,66,102,62,46
"PLEKHM1P",21,43,30,95,47,107,61,29,95,166,111,239,84,125,127,137
"SNORA67",45,78,84,149,115,109,49,14,111,48,52,125,111,134,94,94
"ZKSCAN3",176,131,148,127,169,59,24,24,68,28,63,170,56,119,78,56
"MKL2",0,108,73,83,95,54,46,21,116,49,161,142,116,160,199,130
"SESTD1",22,134,78,117,93,124,13,14,74,42,172,187,95,165,115,112
"ANO6",48,263,151,163,235,258,24,26,43,11,56,215,48,121,57,33
"OPLAH",53,73,78,92,64,317,48,43,60,35,56,325,46,310,47,49
"ZC3H10",98,81,62,79,84,199,26,32,61,87,79,270,38,133,74,78
"KLHL28",74,177,85,102,117,44,21,12,82,112,137,103,48,126,115,102
"POLR3B",165,271,147,275,176,160,18,17,44,20,43,157,48,80,61,36
"PAPSS1",30,409,241,271,291,434,11,6,24,18,32,313,44,110,57,28
"TAMM41",366,77,72,114,54,110,62,26,119,19,38,158,58,122,105,61
"PCGF6",52,181,107,249,122,37,20,13,69,29,93,68,96,170,146,113
"PDSS1",35,317,192,385,230,204,20,6,27,15,39,170,65,87,81,66
"LINC01278",117,157,106,201,157,198,31,12,54,37,58,120,46,106,64,56
"POLR3G",154,204,135,202,152,39,24,8,73,42,63,90,62,130,83,81
"TGFBR2",7,293,187,180,269,404,17,19,10,12,49,508,42,123,87,45
"PIGF",0,120,92,92,171,118,26,11,79,47,122,161,119,167,154,105
"XAF1",359,76,67,52,58,96,34,35,100,25,81,319,48,198,83,44
"ANTXR2",128,386,282,193,584,388,17,13,11,12,26,664,20,68,18,10
"KRBOX4",238,87,58,151,93,128,32,32,56,28,65,179,52,143,80,61
"TNFAIP2",820,25,32,54,64,1045,40,30,9,8,46,2096,39,194,44,26
"SOCS1",182,547,302,194,367,1824,5,4,24,14,31,149,21,35,14,37
"NSUN5P1",350,92,66,163,88,250,67,18,89,20,23,390,36,111,45,29
"AP1S2",80,249,91,85,165,311,22,17,14,16,59,706,43,136,81,36
"ZNF738",87,57,59,93,48,98,57,50,71,116,93,236,25,110,114,80
"ZSCAN5A",138,84,64,179,77,59,43,10,99,83,113,157,58,53,86,124
"GDPD1",177,132,102,224,157,86,50,63,82,23,26,107,43,117,61,24
"MAPRE3",282,226,207,77,173,229,32,28,23,37,18,103,52,196,43,18
"DUSP2",47,231,511,457,679,159,36,4,22,9,20,235,71,36,36,29
"CROCC",163,86,105,161,64,215,24,19,36,34,146,191,60,129,42,61
"KDELC2",7,275,166,203,173,160,17,14,78,18,111,114,63,136,79,69
"RASGRP2",471,24,13,19,42,1072,44,107,25,8,45,6117,37,208,29,16
"PITPNA-AS1",12,100,108,102,114,120,29,19,85,63,78,122,76,214,116,92
"ST8SIA6",90,240,152,111,159,124,24,16,52,25,76,95,93,92,63,64
"GTSF1",6,98,147,286,107,274,18,9,26,65,82,270,88,175,134,28
"TMLHE",20,107,101,87,98,93,16,14,86,64,114,176,77,168,147,116
"HHLA3",233,67,63,105,95,104,40,10,120,45,65,140,80,133,63,81
"CCDC176",62,51,58,126,72,70,20,7,11,457,332,55,45,97,171,289
"KIAA1841",48,80,61,113,61,80,30,31,123,38,123,122,81,179,116,98
"FAM73A",146,60,55,83,80,49,63,61,103,56,58,220,55,98,100,61
"SNX24",11,87,83,131,90,80,27,35,89,33,125,100,76,372,117,87
"SULT1A1",522,102,154,158,163,399,48,37,23,2,31,356,23,149,12,18
"ALCAM",646,60,35,24,67,492,61,44,13,22,46,1701,40,73,65,24
"ZNF79",115,58,39,116,67,84,50,40,102,59,116,121,66,146,64,82
"TMEM5",41,242,157,205,196,153,16,12,56,22,43,145,49,138,97,61
"KRT19",1959,1350,842,311,723,88,31,3,31,8,3,0,66,13,3,9
"E2F6",120,157,109,149,154,135,18,9,51,28,67,136,61,140,81,75
"C11orf96",67,319,390,251,803,198,18,8,93,21,35,13,96,17,19,60
"CYP4F12",286,247,86,173,90,52,35,7,49,220,188,26,25,21,59,139
"ZNF678",113,55,40,42,71,69,50,62,104,23,75,190,92,196,119,103
"YJEFN3",378,36,44,137,43,92,112,51,119,50,32,255,50,65,58,56
"SNX21",138,42,27,52,40,157,38,59,105,57,75,511,72,121,76,67
"GBP4",345,76,26,73,49,54,37,16,97,128,140,217,45,93,88,94
"YPEL1",180,40,34,41,54,92,35,57,115,52,53,255,68,243,97,92
"SDR39U1",58,90,78,146,113,203,21,16,41,50,121,66,95,134,77,107
"LOC100506302",211,76,52,95,47,84,46,41,102,62,43,191,70,97,80,69
"KIAA1875",97,66,54,103,34,100,54,35,86,134,108,136,66,60,71,103
"QTRTD1",193,232,133,215,182,142,36,21,50,15,30,142,53,65,53,30
"FER",237,510,222,197,233,148,13,6,36,11,49,102,38,71,47,50
"PKI55",211,118,64,107,156,93,44,30,64,36,51,144,45,109,57,59
"SPRED2",65,436,259,466,381,142,7,4,31,32,102,18,40,89,42,57
"SLC4A8",325,69,56,68,61,53,47,89,91,46,33,234,50,89,89,64
"LOC102724699",153,54,68,111,68,86,40,37,92,60,69,198,64,94,62,73
"LRP8",316,413,184,444,233,330,20,4,5,13,37,124,24,94,40,21
"RYR3",1320,717,431,242,321,238,17,3,14,9,11,30,27,106,13,19
"ZNF846",113,53,33,41,66,64,25,52,176,29,102,183,105,220,179,52
"FAM220A",67,130,128,169,151,108,22,10,61,23,70,187,73,135,59,80
"FKBP11",796,171,156,242,157,197,31,10,41,14,21,219,46,30,30,33
"KCTD6",7,99,103,201,119,54,18,10,86,40,160,117,103,166,142,117
"PPP3CB-AS1",252,78,63,102,101,66,29,47,58,54,90,166,48,96,60,63
"TPT1-AS1",247,59,60,78,91,98,37,39,107,32,79,202,48,119,52,65
"RFX3",11,55,47,87,60,56,26,10,74,276,249,149,62,182,133,171
"PADI2",1012,17,27,7,58,816,39,97,21,13,41,2346,36,106,87,15
"TGIF2",433,94,99,92,144,386,34,18,34,21,20,1332,20,74,38,13
"SLC15A3",106,11,13,5,35,850,97,111,15,28,71,1286,102,214,148,29
"MAP3K14",324,77,76,92,70,117,33,32,78,18,49,319,45,154,68,43
"PPP1R26",706,449,206,335,274,319,27,9,16,8,13,128,34,51,18,11
"NEDD4",76,222,129,142,161,94,20,14,62,15,87,62,81,246,69,48
"PSTPIP1",782,21,18,11,41,565,114,213,22,4,20,4679,36,112,63,4
"FITM1",94,17,15,78,27,29,78,52,161,197,180,135,93,66,143,148
"FAM229B",292,86,82,81,92,66,34,28,106,51,25,236,71,86,56,70
"RAB23",76,112,91,131,110,52,22,22,79,20,147,43,85,202,136,88
"URB1-AS1",293,51,52,136,71,89,24,27,115,52,51,125,71,105,98,70
"NREP",88,172,125,140,206,162,23,15,40,12,69,458,45,128,44,28
"MAGEF1",874,297,161,337,239,246,22,9,18,6,17,463,26,38,24,9
"CFP",706,21,38,51,60,613,40,119,14,6,28,2431,44,158,40,5
"KLHL2",0,113,68,102,81,125,27,32,88,49,77,298,74,169,176,62
"WWOX",127,128,94,136,112,100,54,45,96,15,31,114,62,77,75,58
"ALDH2",11,10,21,25,33,763,32,62,34,23,248,846,100,284,150,84
"STXBP1",74,131,88,160,125,267,21,12,60,39,130,106,36,145,27,88
"LOC389906",1018,114,31,122,54,116,57,24,113,18,35,263,35,84,53,41
"AHR",95,167,91,121,161,184,14,29,20,38,71,155,44,102,98,60
"TCN2",115,87,68,32,131,666,35,56,29,8,25,1009,57,148,57,17
"CEP290",78,119,96,239,123,101,17,7,73,29,71,103,70,165,88,86
"MNDA",5,33,40,27,118,1309,26,29,14,24,87,2562,47,255,138,29
"AK4",99,270,431,231,521,280,26,10,56,29,17,118,48,25,9,20
"AKNA",626,62,55,60,84,874,27,36,14,8,35,1237,32,125,37,15
"SCRN1",53,121,159,199,174,456,5,7,44,17,111,400,40,139,39,32
"SLC25A19",52,164,138,191,153,214,16,4,43,30,52,163,75,124,85,59
"ZNF252P",60,110,68,63,103,124,31,23,115,31,57,272,72,186,78,46
"TMEM107",155,124,119,99,86,261,14,27,96,24,42,208,37,74,91,50
"HERC3",0,158,97,144,142,65,16,10,82,39,189,104,82,222,137,98
"MYEF2",30,113,91,153,84,111,13,35,68,38,133,92,70,294,62,64
"AMIGO2",132,284,152,206,331,149,23,3,37,54,35,39,59,37,66,80
"ATP8B2",84,354,243,568,218,146,12,12,15,65,82,84,31,23,45,30
"C11orf84",289,221,112,154,181,320,9,8,36,20,37,236,70,38,63,34
"FNIP2",22,172,103,87,115,96,48,44,81,26,175,28,61,126,77,85
"PAQR3",0,191,112,169,191,55,17,16,55,46,147,47,77,234,145,97
"C1orf74",282,95,89,131,103,105,31,21,83,21,40,190,55,114,79,36
"MCEE",95,93,91,170,100,89,18,13,56,42,78,98,79,170,90,90
"TMEM81",81,33,36,62,52,97,50,22,127,92,82,150,88,173,105,105
"DPEP2",391,177,200,83,199,329,25,33,27,8,9,608,31,115,19,10
"BPI",45,1,12,1,45,1197,19,100,23,38,71,3464,87,424,218,31
"ZNF619",224,77,64,50,66,70,44,43,90,25,95,152,63,180,60,65
"DUSP5",220,139,71,177,200,227,21,7,11,355,88,33,41,21,31,114
"PET117",114,38,46,104,59,49,61,42,179,25,48,148,98,128,125,90
"IMPA1",14,224,116,174,149,62,19,11,51,45,96,222,52,139,102,70
"ZNF542P",147,62,68,97,86,140,40,51,43,14,54,416,50,157,82,36
"RNASE3",173,3,14,10,32,1757,14,189,24,42,58,6302,49,116,79,15
"ZNF275",216,233,100,204,169,155,18,11,52,17,41,125,44,110,52,46
"ARMC9",129,83,65,75,99,66,39,64,125,21,46,200,45,94,97,74
"FAR2",39,300,155,245,199,190,14,10,44,8,61,306,41,102,46,51
"ZNF407",82,144,85,155,121,107,19,17,61,33,90,139,47,127,85,62
"ANKRD42",144,118,63,135,103,66,26,23,58,51,61,81,79,110,106,76
"TLR2",85,51,69,29,135,888,43,28,11,9,55,1013,39,143,111,30
"SMARCD3",369,36,47,75,87,931,17,38,19,35,50,636,32,110,34,36
"PELI3",305,76,43,50,54,155,37,42,98,26,37,155,84,96,91,83
"TNIK",603,303,179,142,240,300,29,8,25,7,15,655,23,52,18,9
"APC2",51,57,40,48,59,110,67,48,160,49,94,108,86,167,61,86
"FKTN",132,153,99,142,160,85,22,35,72,16,42,172,56,107,73,37
"SLC39A10",10,426,269,137,350,160,15,6,31,32,66,115,59,112,66,38
"TLN2",57,67,47,61,62,71,154,23,155,41,118,82,32,113,76,191
"NOTCH1",385,48,32,51,77,421,35,38,23,20,52,1092,38,105,75,23
"PCED1B-AS1",143,193,114,85,171,181,38,17,38,82,62,103,37,39,57,40
"PTPRH",3,12,49,58,36,122,57,20,88,356,393,49,47,122,178,249
"GPLD1",75,41,32,81,52,25,36,58,39,288,347,78,40,61,100,235
"ZNF566",62,144,93,211,137,52,30,38,64,30,80,115,38,144,57,60
"C5orf28",32,144,78,177,112,35,31,16,65,33,100,115,75,335,85,60
"TRIQK",59,141,133,129,160,104,15,9,54,23,74,274,58,154,89,45
"PIGL",177,66,77,185,84,79,20,8,79,40,85,64,90,158,90,92
"GAL",91,202,90,607,286,70,45,4,60,220,19,93,94,8,38,18
"LRG1",75,131,134,34,155,196,42,92,54,16,21,1733,18,96,25,18
"SLC15A4",0,211,140,251,204,222,10,8,55,15,83,227,47,148,79,83
"LOC100289361",80,18,21,69,39,46,71,57,189,62,73,128,97,157,181,109
"MITF",66,237,175,88,250,135,22,11,33,15,60,180,58,130,71,39
"TMEM180",413,125,87,104,83,259,35,20,43,18,33,390,39,71,51,23
"PDE4DIP",60,312,177,112,150,179,7,2,12,127,65,112,55,178,47,63
"SNHG25",632,41,45,131,61,96,137,45,120,23,22,191,69,42,39,38
"BPHL",138,156,114,109,133,149,36,24,46,12,26,145,66,137,74,42
"HIST1H2AC",36,70,68,63,86,172,43,29,51,323,132,50,40,85,65,80
"ADORA2B",42,523,295,503,352,175,18,7,25,13,24,55,57,83,37,32
"TMEM241",145,100,71,130,118,84,21,14,48,119,105,81,63,79,47,85
"RBM43",81,161,114,151,125,38,24,25,41,55,106,69,44,106,83,94
"LRP3",205,57,56,67,76,1398,41,63,15,7,29,966,28,84,50,18
"ZNF333",68,111,84,141,114,102,10,24,55,39,108,229,46,119,74,68
"IL13RA1",123,48,33,24,98,467,50,43,20,20,53,1235,33,163,101,29
"PPBP",206,24,20,58,33,3323,51,47,124,3,92,49,31,839,28,24
"METAP1D",390,95,82,125,89,62,60,17,90,12,26,207,76,74,74,49
"ICAM1",503,148,85,28,95,873,29,41,22,10,17,1629,22,73,27,7
"KHK",100,271,176,72,149,120,61,37,66,13,12,189,65,72,50,26
"HMGA2",84,91,49,151,89,37,24,16,91,32,115,198,77,109,111,95
"CCSER2",116,107,74,78,85,128,36,58,61,33,65,262,33,53,65,68
"ENTPD7",115,184,133,116,127,123,11,15,32,60,58,292,39,61,64,59
"ELL3",245,71,62,104,66,86,42,20,83,41,41,242,36,78,103,82
"ZBTB39",54,169,94,179,117,106,8,8,67,21,148,61,74,159,72,129
"ZNF234",195,104,68,114,86,66,28,34,95,32,73,125,45,108,54,72
"TTC7B",86,263,157,263,288,309,5,8,24,17,26,160,56,104,39,48
"LINC01481",111,57,44,82,37,107,34,7,75,118,88,141,91,124,109,118
"PITPNM1",130,186,95,87,121,580,24,28,14,9,21,925,55,97,29,18
"HPSE",47,104,59,66,209,359,46,24,36,206,34,104,31,97,34,61
"ZNF618",190,103,82,108,105,80,29,25,81,12,35,277,54,136,84,46
"IKBKE",718,158,102,69,128,426,28,30,24,15,10,1063,19,45,32,10
"FAM216A",167,357,308,458,342,193,11,4,14,13,15,140,39,62,33,33
"SLC35D1",82,199,134,137,223,97,16,11,24,11,45,394,43,133,98,45
"PLS1",1,106,73,192,144,33,20,12,98,36,194,26,90,226,175,184
"PROSER3",30,114,73,161,96,60,32,29,100,38,167,49,61,137,72,84
"ZNF138",54,75,89,132,105,69,31,16,97,23,79,166,62,204,89,64
"WDYHV1",13,133,101,91,114,117,37,43,116,17,34,227,68,127,97,53
"MAP3K6",806,133,117,124,131,338,31,26,30,9,20,195,24,51,39,32
"NPFF",774,21,20,63,34,62,83,71,147,55,35,334,52,59,74,50
"TMEM198B",28,249,207,235,271,272,15,8,25,30,73,88,48,113,24,50
"CYFIP2",681,163,123,74,108,517,13,26,18,10,17,812,37,64,21,16
"CCDC17",304,33,22,127,38,78,29,17,71,208,170,77,41,90,76,130
"TRIM7",230,228,188,117,179,149,37,23,52,10,16,110,48,76,52,25
"VDR",620,175,52,194,126,201,23,27,29,16,28,292,26,103,23,27
"HIST1H2BH",295,23,63,115,56,35,51,44,131,51,79,110,36,55,163,83
"NPIPB3",19,71,34,251,69,65,16,7,121,100,339,62,57,167,85,136
"STK3",10,99,59,131,107,111,32,21,87,19,92,151,75,163,162,72
"NUDT7",31,94,97,150,108,50,18,15,123,34,121,75,88,97,138,97
"RFTN1",468,241,206,99,252,440,16,8,28,6,17,270,37,60,26,19
"ZNF549",187,118,67,134,89,100,22,34,83,15,87,155,38,167,56,32
"GPR180",0,138,97,120,134,74,27,17,64,28,109,116,78,185,143,97
"DHRS4-AS1",83,169,107,179,177,114,14,16,48,34,78,72,53,128,49,59
"IPP",22,82,77,70,65,27,43,47,123,50,84,69,117,111,150,126
"PPM1H",690,782,513,569,797,111,2,1,13,0,14,323,3,62,5,17
"TGDS",0,217,148,284,188,132,7,6,44,38,91,118,51,179,111,69
"C6orf226",144,64,62,121,79,108,27,28,63,41,56,167,74,77,74,83
"LOC171391",1272,54,42,71,56,141,50,54,78,14,29,148,38,140,51,34
"SLC5A3",107,242,126,99,188,80,28,8,39,16,23,390,63,189,63,25
"LACTB2",0,145,110,184,183,69,13,9,65,29,105,49,92,253,153,120
"ZBTB8A",261,54,43,80,48,54,48,89,101,55,57,225,46,67,52,59
"MLH3",292,164,172,143,155,183,29,9,33,23,18,120,41,99,53,37
"BDH2",159,126,127,131,157,183,21,12,70,17,46,212,25,88,75,37
"APOBEC2",0,10,32,60,46,58,48,34,127,216,501,43,66,135,153,300
"SLA",464,79,73,60,83,781,32,23,3,4,29,1722,14,194,57,8
"CD27-AS1",5,101,131,115,222,143,23,24,80,33,65,157,70,129,47,72
"FAM105A",267,88,44,34,85,281,34,44,21,16,57,1056,35,87,62,29
"ZNF710",89,185,111,145,103,278,13,8,30,19,66,231,57,153,47,44
"MORC2-AS1",315,78,59,122,71,109,16,16,53,107,58,134,62,64,55,77
"CTSK",87,54,75,178,59,196,10,6,72,44,176,110,82,137,82,67
"ZNF180",16,135,91,162,114,56,18,12,106,29,87,105,78,150,113,112
"SNAPC5",2,97,89,167,97,92,31,11,110,43,91,129,81,122,99,113
"ZNF155",147,86,21,108,83,95,55,30,129,11,80,89,68,149,67,94
"ABCA2",1051,239,108,99,116,355,24,20,27,4,15,598,41,57,14,7
"PAX8-AS1",216,146,89,399,287,345,27,15,114,26,34,15,5,99,74,9
"ABCD1",435,67,66,62,77,288,48,48,20,13,28,634,53,80,39,22
"FUT4",138,136,65,72,104,527,17,21,15,19,44,1853,28,127,28,15
"SMURF1",131,215,115,202,124,196,17,9,35,31,64,125,36,116,29,52
"GKAP1",34,57,45,95,49,83,30,39,115,41,71,159,79,182,136,85
"IGFBP7",86,444,198,44,232,1259,3,7,8,11,49,880,31,73,28,14
"EHD2",1393,571,295,378,757,322,20,8,16,3,6,94,16,5,4,7
"POU2F2",105,34,29,54,56,190,28,22,53,117,127,493,58,77,41,100
"MEX3D",5,310,188,234,195,70,8,8,39,38,169,28,83,118,64,109
"AK7",0,10,24,65,48,31,42,42,151,135,430,45,119,227,220,174
"SLC25A12",99,181,119,175,145,152,24,20,51,14,44,157,35,92,64,40
"PABPC1L",1335,101,91,244,138,306,30,7,26,18,14,157,25,89,30,22
"NDST1",241,294,95,90,154,612,15,12,11,10,35,650,35,72,27,16
"NXF3",300,23,37,27,58,219,16,13,52,41,55,626,115,164,50,120
"B4GAT1",340,101,104,105,118,166,16,17,52,11,30,175,59,102,69,51
"PELI1",26,203,94,73,142,90,11,13,34,62,128,123,70,177,77,72
"C7orf25",147,123,99,226,119,149,11,13,41,16,62,129,59,93,55,82
"ZNF75D",85,92,71,134,93,134,14,7,58,55,111,143,50,125,84,74
"CLEC5A",151,51,33,15,91,576,33,33,7,26,80,576,63,102,158,36
"RIC8B",18,95,79,120,128,92,30,16,69,25,119,147,65,122,96,94
"RGL4",14,41,36,54,61,445,10,52,30,35,171,1671,33,147,47,84
"CAMKMT",10,110,93,140,86,72,24,22,62,43,96,133,76,147,127,74
"FSTL3",444,54,62,44,70,319,35,65,38,9,22,647,41,124,40,26
"MAFB",48,57,70,15,150,473,69,28,13,15,50,535,40,238,139,25
"TBCK",94,245,191,193,206,145,6,16,34,17,51,72,46,180,40,40
"CH17-340M24.3",870,39,29,37,33,140,76,63,78,14,11,1036,49,54,80,37
"CERKL",17,109,111,113,129,89,12,15,63,22,164,94,49,280,96,92
"ZNF841",102,60,66,115,88,101,16,29,81,22,94,134,52,181,75,77
"COG6",21,248,190,194,231,91,8,11,31,24,89,62,55,94,78,120
"NUDT12",187,143,50,167,174,51,18,11,118,20,64,113,58,102,106,35
"ZNF248",310,74,56,124,90,175,26,21,81,7,29,269,61,146,47,41
"HARBI1",14,51,49,54,62,79,43,22,89,140,189,86,53,115,139,127
"NEMP2",91,53,44,63,77,92,22,42,84,84,99,158,52,78,78,95
"PEX1",95,201,138,221,166,105,8,1,37,27,96,73,47,170,80,56
"LDLRAD4",83,64,35,111,98,169,28,13,89,8,74,200,52,262,101,73
"DMC1",98,54,58,102,64,36,34,51,160,27,83,80,63,118,108,87
"PRICKLE3",167,152,125,214,137,177,31,12,46,15,37,167,49,66,29,40
"ZNF641",287,142,77,60,132,202,29,8,37,46,53,279,21,45,68,58
"IPPK",25,163,103,192,102,96,6,7,60,49,130,61,92,110,93,103
"SYCE2",32,30,26,73,32,66,73,50,157,34,74,252,95,215,103,76
"BLZF1",13,113,79,153,125,63,32,29,62,49,123,61,68,125,80,76
"CEP55",120,226,121,206,130,167,5,3,26,31,102,132,40,85,79,54
"C1orf228",1750,48,32,26,58,806,31,116,12,12,11,2537,24,73,11,6
"MOB3B",116,388,226,116,478,125,22,0,43,6,46,28,99,134,28,40
"ZNF773",28,84,78,102,95,86,37,13,88,33,95,149,68,167,74,77
"RNF144A-AS1",222,140,77,132,145,110,21,28,39,45,81,34,57,19,72,94
"ZDHHC9",96,253,191,178,204,333,23,14,22,8,25,153,42,78,34,33
"SLC24A1",67,74,68,144,78,80,18,13,64,87,156,98,62,94,53,103
"XRCC2",169,85,57,123,93,48,37,50,93,27,61,96,50,107,75,45
"SNORA70",27,82,97,132,103,111,38,11,100,19,42,134,105,126,90,84
"C5",128,38,22,105,17,111,12,22,93,278,215,121,37,61,97,162
"ASTE1",46,114,82,109,86,107,18,27,73,30,73,116,52,115,97,91
"LAMB3",265,232,114,119,145,191,45,12,23,44,34,46,37,55,73,27
"ITGB4",213,1128,564,542,723,132,16,7,11,28,4,31,30,23,1,12
"DCAF4",292,240,165,197,208,201,27,9,57,7,9,205,27,72,32,22
"CACNA1H",785,1008,416,665,314,69,33,0,17,6,1,110,63,9,5,10
"APTR",157,51,59,100,71,114,22,7,61,150,72,104,52,92,90,87
"LIPE",76,56,59,93,80,98,27,38,54,39,118,119,73,138,68,62
"THAP8",242,66,72,59,95,107,30,34,81,34,40,171,33,123,77,48
"CD109",104,478,248,79,401,176,22,16,14,19,22,235,42,41,40,13
"FNDC3B",148,244,86,74,112,232,22,6,9,30,28,1101,36,120,43,26
"RUFY3",370,174,100,146,122,170,13,8,29,49,34,274,19,74,56,29
"DGUOK-AS1",49,34,20,95,63,55,53,37,189,38,64,156,90,164,106,90
"ZNF527",126,36,59,81,68,65,43,110,112,36,53,143,47,95,66,54
"TMCO4",384,177,131,119,140,130,26,7,39,7,37,111,57,159,36,35
"ZNF569",86,76,53,85,90,46,30,30,79,25,98,126,59,160,121,68
"RGS14",332,212,137,202,192,424,7,9,10,9,12,658,41,61,13,30
"TMEM74B",122,20,38,45,28,15,55,61,204,58,102,133,140,237,60,74
"FBXO43",145,34,27,82,40,76,18,16,124,43,140,87,81,286,146,78
"SEPT1",232,28,38,57,43,239,43,97,112,17,31,284,56,90,48,53
"LIMA1",45,144,127,155,146,100,12,4,38,44,94,99,64,101,71,102
"FOSL2",83,174,122,55,165,192,30,10,32,35,35,1008,38,43,33,34
"OLFML2B",348,64,71,18,173,387,54,18,25,99,42,154,36,63,51,21
"TMEM158",183,34,20,124,28,46,69,21,16,240,7,64,146,83,210,321
"WDR35",31,175,126,153,169,102,39,9,68,20,63,105,41,108,66,59
"HTATSF1P2",130,132,69,110,55,100,31,60,46,40,61,153,27,59,76,61
"N4BP2L2-IT2",99,47,43,78,58,76,16,23,84,85,131,125,76,115,85,86
"BAIAP2-AS1",308,113,72,50,76,137,20,50,73,23,11,916,39,73,41,24
"CLEC12A",353,23,30,8,46,1186,19,60,6,12,50,3933,40,195,35,17
"ZNF585A",0,72,78,105,108,109,31,17,106,53,92,212,56,133,103,66
"PKIA",46,152,103,157,153,58,21,21,50,15,55,115,63,148,99,58
"EVA1B",462,58,37,42,48,639,72,162,11,8,8,3391,21,43,29,3
"RASA2",53,255,121,117,147,84,9,11,41,19,75,101,64,191,98,44
"ADGRE2",348,853,466,269,575,230,14,6,11,7,7,312,14,13,8,3
"IPO5P1",120,61,73,85,86,133,34,41,79,25,49,272,33,69,61,62
"TMEM53",128,87,63,60,72,162,37,36,81,27,45,264,40,77,62,51
"CD40",12,43,45,150,113,199,42,19,113,27,71,91,62,103,137,98
"TMEM116",38,48,56,77,67,51,29,28,124,31,81,77,77,220,192,98
"AHRR",553,54,27,119,82,349,25,13,21,23,60,316,46,61,67,48
"ASXL2",53,126,60,80,89,43,46,30,67,52,137,75,56,99,71,74
"ICK",31,180,108,121,82,34,21,29,84,32,113,156,39,142,77,53
"NR1D2",0,82,53,41,44,39,29,22,114,82,179,153,109,316,130,81
"PLCG2",269,141,114,91,119,494,17,10,13,15,27,741,22,111,42,13
"IGSF3",4,64,36,153,87,75,37,28,152,34,131,36,88,268,82,104
"UGDH",132,207,106,94,134,120,9,13,19,225,57,140,31,41,67,37
"CCDC150",443,63,26,133,54,78,37,20,102,18,59,91,60,108,94,71
"NABP1",231,217,114,127,127,265,27,11,16,13,41,476,16,101,27,22
"CSNK2B",1059,0,0,125,66,203,186,126,326,1,0,448,0,224,382,0
"CTSW",863,111,59,63,73,1122,19,40,27,6,4,691,26,89,14,17
"LINC01003",31,155,82,141,117,83,12,17,46,53,95,62,85,98,86,90
"PAQR7",514,73,62,73,86,227,34,26,35,14,23,875,24,67,34,34
"SPATA9",25,88,40,107,46,33,22,26,80,55,166,75,74,178,126,174
"ZNF440",24,149,79,107,117,97,17,9,69,29,118,220,51,125,82,64
"THAP6",22,77,52,98,87,67,23,42,89,47,94,150,46,173,83,78
"AXL",330,487,133,212,505,13,41,32,41,16,16,78,31,24,42,19
"SEPP1",27,12,20,8,27,49,43,31,198,463,207,156,41,77,380,136
"GAS6",324,195,217,22,63,692,36,16,23,5,16,181,32,153,70,18
"HIST1H2BD",131,64,80,61,79,217,19,15,41,230,68,101,21,102,55,64
"ST8SIA4",183,64,48,98,70,147,41,44,46,35,50,548,24,73,55,24
"DNMT3A",458,155,102,104,117,187,19,16,49,9,15,392,39,80,34,23
"ZNF552",85,109,68,91,97,66,23,24,75,30,74,111,56,96,92,80
"RASIP1",191,182,46,109,133,27,86,63,72,13,33,30,59,191,59,28
"FABP5",109,124,115,364,148,159,20,7,16,12,31,627,45,83,54,16
"MAPK13",141,32,33,54,57,144,36,38,52,65,86,145,64,135,68,71
"ZNF304",76,172,117,156,114,107,5,7,51,34,141,53,60,85,72,88
"KIAA1328",26,58,60,69,81,84,35,21,97,34,97,143,64,241,89,69
"TANC2",184,175,92,156,164,154,21,17,45,17,56,159,28,50,54,31
"ARHGEF9",377,113,86,101,118,197,11,9,61,9,46,183,52,105,61,32
"DNAH1",283,36,21,104,66,170,31,20,60,33,60,373,38,154,45,59
"PODXL2",223,71,64,115,68,193,47,35,50,18,18,439,48,81,40,25
"PEX10",21,224,162,159,211,135,15,1,25,41,84,81,54,181,49,62
"SNORA33",53,26,28,83,62,33,80,26,149,85,62,172,61,82,155,99
"RPL7L1",46,176,121,105,123,69,20,11,59,58,86,110,42,110,59,58
"ITGB5",101,44,40,93,92,266,31,17,12,65,56,217,37,195,99,51
"CTBP1-AS2",83,160,98,147,116,86,16,10,70,10,54,118,47,134,99,73
"RAB44",801,32,30,27,48,903,15,45,23,6,26,2507,42,154,17,16
"AGPAT4-IT1",16,5,13,19,9,3,53,103,491,508,205,206,71,37,261,218
"RAB11B-AS1",166,35,43,59,66,70,32,32,112,44,37,253,49,142,100,62
"LAMC1",504,557,357,91,358,337,19,13,10,6,19,78,22,23,28,10
"BCL3",312,291,119,107,160,983,14,5,11,14,30,522,12,46,20,16
"SLC10A4",2,450,602,667,6,184,82,22,82,11,50,58,39,153,3,26
"TMEM102",303,125,82,128,132,237,46,44,42,14,16,277,31,21,34,22
"C21orf33",828,37,35,60,58,74,93,65,66,39,24,293,39,50,38,33
"CTBS",5,178,146,113,153,147,19,13,28,51,63,254,46,138,57,42
"ZNF44",120,65,41,74,47,139,17,32,83,15,68,543,43,140,75,54
"CLEC2D",225,79,50,208,90,154,26,16,53,18,36,275,22,174,31,53
"MAP7",6,71,55,88,98,73,29,80,88,9,100,282,35,579,82,22
"OTUD6B",0,165,74,124,130,56,29,13,63,37,75,109,100,146,141,69
"RPL32P3",52,80,48,138,74,98,30,29,80,56,67,114,48,90,57,93
"TMEM206",96,103,76,162,112,210,30,14,44,16,33,658,49,52,53,20
"ROCK2",33,113,72,105,81,28,29,75,74,46,169,57,45,145,61,54
"ZMYM1",65,72,75,126,108,33,23,30,67,28,75,124,52,190,77,78
"TCF4",220,138,114,86,134,107,40,21,44,13,25,284,46,46,65,26
"NEIL1",179,70,68,181,69,119,20,19,85,41,44,90,52,93,52,60
"TTC39A",42,17,24,51,33,21,34,38,56,293,371,32,64,84,233,264
"IL1R2",2600,74,543,44,971,1688,7,1,1,2,19,63,22,4,91,2
"MRPS24",1,93,84,94,90,104,48,29,90,22,36,213,89,150,90,64
"SH2D2A",1209,324,196,153,493,207,67,5,17,5,2,171,27,19,5,6
"EPSTI1",0,32,29,86,131,131,26,9,167,33,319,190,28,163,210,76
"FAM107B",40,79,16,35,101,637,23,28,15,17,67,2125,35,212,54,25
"DPY19L4",164,113,76,121,125,83,26,48,50,19,32,241,26,92,51,36
"LRRC27",405,89,46,77,67,109,42,44,58,28,28,302,37,51,38,44
"ERCC8",27,124,92,198,120,60,25,9,56,31,53,100,76,115,97,83
"BISPR",153,80,83,87,76,111,20,20,67,34,35,176,53,106,72,53
"ZKSCAN4",116,120,71,123,108,116,22,10,50,21,58,237,35,156,54,43
"ZNF558",148,142,147,115,132,121,10,2,44,20,82,122,50,135,66,39
"SLC35F5",41,148,102,143,122,79,10,5,32,64,93,90,41,161,95,80
"RPLP0P2",177,25,15,27,21,27,47,242,303,14,14,385,77,330,139,27
"NT5DC3",186,161,133,100,89,110,38,43,68,14,18,222,30,65,27,33
"ESRG",0,38,37,53,36,25,64,32,135,354,168,54,98,46,104,264
"SAMD10",994,223,124,240,164,216,26,9,24,9,4,237,31,55,14,9
"C3",124,7,3,5,15,164,101,43,64,75,176,352,72,75,387,97
"ACYP2",96,52,40,113,62,96,31,50,71,35,38,139,81,87,94,58
"F13A1",352,131,167,63,437,1971,9,1,6,2,26,606,8,78,38,5
"C10orf10",30,19,33,5,24,198,20,32,17,1944,674,71,34,8,163,226
"BRI3BP",197,121,77,182,66,110,41,21,68,15,19,236,30,39,68,62
"CCDC138",6,101,141,292,138,38,36,29,69,13,40,124,45,204,97,45
"EIF2AK3",0,176,93,124,162,70,13,5,54,30,124,125,63,141,127,103
"TMEM161B-AS1",646,33,38,72,49,117,33,24,103,38,40,191,32,118,58,41
"ABI3",297,14,10,7,27,291,84,69,20,25,40,1258,55,166,126,37
"C7orf55",98,49,49,89,69,80,29,26,92,39,53,145,62,104,98,68
"DOPEY2",145,108,41,84,43,153,34,18,59,32,63,233,42,122,44,58
"USP40",474,241,167,220,236,199,19,7,11,5,16,251,27,80,23,10
"SH3BP5-AS1",249,51,44,193,49,133,12,14,47,87,65,186,34,87,48,69
"CLOCK",70,133,105,132,89,69,19,18,54,20,57,101,64,166,73,48
"CASP1",113,14,32,14,71,602,34,58,14,26,41,1463,39,111,106,35
"PIK3R5",203,34,38,20,88,752,35,15,11,9,71,609,38,167,93,35
"ERBB2",154,46,58,76,73,86,31,39,101,29,58,99,60,139,52,51
"DLEU2",126,36,22,101,51,48,18,22,91,54,139,131,40,164,144,96
"TBC1D4",302,913,474,202,399,152,12,5,18,5,10,46,30,43,18,14
"AMY2B",191,46,48,102,49,146,17,9,76,53,67,156,46,156,65,67
"ZNF92",1,112,52,163,86,26,26,18,86,31,116,125,85,201,112,96
"LDOC1L",72,223,112,72,166,191,26,17,21,14,36,226,40,115,36,44
"PAX9",45,34,49,41,39,15,66,84,99,53,171,56,135,152,103,55
"CARS",13,28,15,62,30,49,55,55,153,81,131,122,67,262,99,104
"LMLN",94,122,90,175,123,68,18,7,61,38,50,72,55,103,74,70
"SNORD47",61,138,73,237,123,76,35,8,69,20,31,173,62,64,72,54
"HERC2",68,120,62,167,113,121,20,12,64,27,65,81,62,132,39,68
"NBR2",311,40,32,105,30,121,18,46,88,21,116,149,39,190,38,50
"ERCC4",19,95,64,122,81,51,21,24,83,38,100,101,64,129,112,74
"IL17RE",105,71,55,130,64,113,68,50,97,10,17,117,71,66,82,44
"C22orf34",58,97,74,93,103,185,32,23,66,26,28,225,19,137,57,60
"TMEM55A",129,220,91,163,136,111,4,10,30,11,48,181,35,213,59,43
"PSMG3-AS1",89,35,61,65,41,114,38,31,62,44,72,158,50,133,90,66
"HABP4",538,120,99,70,71,158,22,13,58,15,60,54,43,95,63,31
"PECR",15,120,99,135,148,90,21,19,61,8,58,87,75,158,103,70
"NMB",64,125,90,76,77,195,42,32,67,29,23,507,33,40,42,29
"LDLRAD3",327,473,205,394,368,164,10,5,22,9,17,114,25,24,15,17
"MTA3",173,176,115,192,147,139,18,3,49,17,32,162,47,61,53,29
"CITED4",205,32,21,22,29,455,40,135,48,18,16,1895,43,80,52,15
"SLC39A6",76,233,127,126,129,155,25,7,35,16,28,338,50,66,55,21
"FAM120C",389,106,81,107,86,70,30,25,71,8,23,219,58,69,45,34
"TVP23B",0,117,73,204,85,42,17,1,43,186,167,47,66,118,115,149
"CD274",33,166,104,128,143,229,14,7,22,117,117,69,12,47,84,73
"SGTB",44,93,76,91,89,118,18,27,37,165,76,105,45,63,66,40
"C2orf74",127,81,39,70,133,84,33,4,60,40,54,175,99,111,58,58
"C5orf66",40,86,62,172,75,46,44,11,82,14,169,69,59,187,38,107
"RHBDF1",52,49,34,184,46,64,9,10,42,475,190,44,65,51,45,218
"CARD8-AS1",74,121,79,100,101,125,23,41,29,58,58,217,35,38,54,35
"DLG4",201,170,106,207,159,427,18,7,21,10,20,226,37,68,28,18
"TMEM44-AS1",483,59,52,95,44,74,61,25,57,28,25,193,41,72,38,74
"SPRED1",107,299,202,119,210,61,24,30,18,21,31,66,36,70,50,32
"NR4A2",26,84,146,90,283,39,11,4,44,54,89,51,118,94,133,74
"RARG",178,173,81,119,185,184,15,13,38,21,38,127,34,91,40,27
"SEPT7P2",301,79,46,94,49,105,18,14,81,17,53,97,77,134,66,66
"KCTD15",318,226,108,150,129,329,13,20,8,3,17,283,24,136,31,15
"ZNF32",134,78,57,71,61,169,24,29,55,12,11,684,49,117,62,45
"PEX12",37,109,96,116,77,89,21,7,75,50,70,84,53,185,73,53
"AGAP1",147,239,517,101,805,16,23,7,156,20,30,21,102,15,35,4
"RUFY2",9,149,87,95,121,55,23,29,52,32,78,95,55,137,93,72
"CEP128",31,146,75,132,95,54,25,10,76,22,86,94,62,131,72,83
"POLI",140,92,73,117,112,96,17,9,71,18,68,139,45,121,56,51
"ICA1L",152,95,56,101,60,42,52,80,68,38,44,124,25,62,53,51
"C5orf34",54,65,26,133,58,36,12,17,71,39,114,115,77,294,126,79
"PINK1-AS",218,90,86,120,77,72,37,24,52,22,42,221,40,54,38,46
"GPR160",8,83,99,103,133,122,12,10,24,37,146,1084,26,111,48,44
"KCNQ4",45,47,56,71,40,52,48,27,200,83,123,24,82,91,55,90
"CD244",700,415,183,40,118,462,2,13,9,24,27,512,13,39,12,15
"FAM212A",647,49,50,141,69,407,26,30,37,4,14,1567,25,63,13,6
"C19orf12",553,190,102,172,134,179,21,19,25,8,18,203,24,42,33,18
"SLC17A5",9,155,76,66,135,276,13,14,48,43,81,275,36,72,60,55
"ATP8B4",218,106,63,30,65,601,25,27,7,10,30,2053,26,92,39,7
"ATP5EP2",1,11,6,24,16,12,118,191,274,103,72,293,92,180,205,88
"RP2",26,160,90,139,123,94,10,16,31,29,108,92,54,92,107,56
"IFI16",148,74,54,46,130,723,13,17,10,13,41,732,32,106,62,18
"SGK494",214,62,47,125,71,69,21,30,56,41,48,118,55,82,65,53
"PPAPDC2",58,120,89,153,100,113,19,13,47,20,45,135,44,155,48,64
"LINC00467",293,63,75,61,79,47,37,28,99,29,41,59,78,67,60,59
"AMOTL1",293,126,140,237,178,110,18,5,48,9,28,316,35,49,37,11
"MNS1",74,124,97,185,131,61,21,10,47,7,55,57,70,149,103,56
"CCDC78",1374,125,110,231,112,192,39,8,33,11,7,68,37,70,20,12
"HACD4",257,87,73,160,143,280,12,11,8,17,22,331,37,113,67,17
"TSEN2",63,188,135,269,173,118,17,10,44,13,29,73,49,82,60,37
"SWSAP1",125,90,45,77,61,131,40,37,57,20,34,388,45,67,48,37
"PSTK",49,75,50,110,86,55,48,40,93,27,51,117,37,119,63,65
"FAM228B",139,59,49,55,61,120,25,27,72,42,43,290,42,109,56,44
"SLC16A7",75,147,99,119,123,38,10,28,40,22,61,125,72,111,64,49
"FBXO6",115,41,50,57,62,288,40,17,58,20,26,528,46,99,69,36
"TAF4B",0,295,237,255,250,94,7,2,29,31,59,46,57,138,69,66
"KCTD12",3,35,38,16,88,205,59,35,11,18,69,746,54,294,241,41
"FANCB",20,80,63,121,54,39,20,16,101,19,80,90,85,170,145,122
"CCR2",94,20,37,11,106,608,21,30,13,20,68,1454,30,133,82,35
"ZNF134",0,123,104,93,115,88,19,27,77,20,98,203,54,141,58,47
"TSPAN6",848,240,92,273,139,63,22,14,26,16,29,38,36,35,27,39
"CCDC68",8,90,53,104,75,21,20,13,129,62,299,11,87,96,143,144
"BCL9L",117,165,77,118,163,224,16,22,37,26,50,131,33,43,32,32
"C5orf56",51,22,15,35,35,61,26,26,127,97,112,210,73,190,101,109
"HOOK2",138,103,93,82,103,228,16,12,51,16,33,479,37,74,34,29
"UNC5CL",178,40,46,97,59,48,13,14,100,61,84,71,69,152,69,81
"SORD",39,59,70,184,310,270,20,6,39,54,35,199,33,101,36,27
"HSD17B1",373,124,90,138,132,248,27,23,35,4,10,314,34,38,27,23
"ZDHHC8",227,117,62,216,107,405,7,8,16,9,27,307,32,129,38,31
"AUH",10,122,98,116,122,96,6,2,43,93,134,42,58,196,94,83
"PARP15",358,159,83,200,128,65,19,31,37,17,37,99,27,83,23,29
"BRAF",185,52,44,74,67,64,21,17,51,65,129,62,43,113,76,80
"GIN1",40,56,59,117,67,52,20,4,67,51,106,123,61,182,120,84
"ZNF205",291,43,70,91,109,174,32,19,45,9,28,159,121,94,15,47
"FCGR3A",3,9,31,10,71,155,106,52,44,29,83,569,82,210,134,61
"ULK4",121,82,109,66,85,55,49,21,84,24,36,91,61,53,72,65
"FAT2",210,11,15,58,22,64,38,52,155,44,99,63,91,141,88,98
"TNFRSF12A",275,521,232,358,263,246,12,0,12,12,10,114,26,28,27,12
"FAM179B",16,100,63,113,88,36,44,9,65,65,81,111,43,117,125,73
"FAM200A",109,86,102,146,112,68,24,6,51,36,64,158,29,111,59,40
"CDKN2B",13,66,78,91,62,74,19,10,64,89,130,81,51,133,102,103
"TMEM177",202,167,170,218,138,118,19,9,42,6,19,134,54,63,43,19
"TMEM44",983,141,81,243,127,204,9,3,27,9,13,366,27,71,11,29
"PAGE2B",10,9,13,40,9,40,82,62,156,122,147,109,108,121,176,161
"OSBPL1A",172,237,178,155,216,224,24,14,6,10,14,311,22,59,25,13
"EXOC3-AS1",109,46,43,91,58,61,28,22,96,38,50,149,93,72,66,79
"PDXDC2P",44,114,65,124,77,150,41,10,70,44,90,89,21,154,56,27
"ZNF34",248,65,53,72,81,104,30,27,64,18,36,174,46,110,42,44
"OBSCN",459,178,109,86,185,93,29,9,35,68,45,155,19,20,7,34
"WWC2",35,207,80,174,147,50,13,15,42,12,84,41,62,198,56,78
"LFNG",595,61,27,24,51,560,42,49,15,5,17,1525,29,87,44,6
"CACNA2D4",124,47,59,105,85,96,18,24,97,41,87,114,38,75,46,52
"PHLDA1",146,215,172,82,195,99,33,15,10,15,27,72,46,82,58,32
"FAM117B",59,146,105,132,148,60,19,25,49,28,47,153,28,110,58,25
"LINC00926",659,33,11,42,23,242,16,18,42,39,58,1570,43,92,32,36
"BBS2",243,285,190,132,190,167,11,7,14,8,13,56,53,92,47,37
"LOC100506100",20,56,46,88,36,53,26,36,161,56,72,135,62,45,151,102
"RNFT1",12,147,103,136,176,92,4,5,41,37,143,65,57,110,95,78
"IMMP2L",45,94,83,124,142,106,26,8,63,22,36,64,58,170,82,53
"C3orf33",145,73,52,79,66,71,24,14,73,22,27,187,45,123,131,64
"S100P",37,2,3,5,21,2023,37,185,17,102,24,6629,25,92,69,17
"SMIM10L1",288,71,67,81,93,86,23,18,143,56,84,1,114,0,122,38
"POLR2J4",354,65,41,119,94,83,26,10,50,31,76,103,55,72,36,54
"LOC729867",39,16,28,102,25,109,42,15,62,361,205,31,55,45,96,145
"SERPINE1",270,292,212,259,404,366,37,8,15,15,5,43,17,26,7,17
"SLC7A8",108,36,33,64,33,169,36,6,719,142,14,151,67,86,33,24
"TBC1D14",78,385,148,108,222,110,16,14,24,22,65,45,35,67,26,38
"GUSBP4",117,69,60,180,93,37,22,5,58,19,81,108,76,144,59,73
"TMEM159",179,172,110,77,117,188,28,31,27,16,19,424,21,53,21,19
"VILL",444,81,61,114,113,317,27,21,29,7,14,335,33,63,39,11
"C8orf58",361,88,57,82,80,138,20,16,51,24,28,230,36,67,49,36
"LINC-PINT",30,56,61,50,56,304,11,22,21,335,90,120,33,47,79,70
"YBX2",41,31,46,119,75,84,38,20,79,64,46,30,41,520,71,57
"LBHD1",238,108,99,174,94,119,23,8,57,32,20,118,46,54,32,39
"EP400NL",262,67,50,136,68,58,33,11,73,17,27,278,79,60,60,37
"ZNF669",79,36,30,35,44,41,62,79,125,42,67,128,66,106,61,63
"NAT1",0,134,88,204,122,51,15,6,54,65,151,57,53,65,104,105
"ARL9",15,14,30,54,25,19,131,85,267,41,59,100,88,80,124,135
"SYNPO2L",50,39,82,112,48,32,18,24,15,415,104,39,55,39,121,145
"DOCK9",23,254,209,191,188,27,23,17,72,8,75,8,46,123,86,39
"MSL3P1",25,60,40,74,66,58,25,32,114,29,69,123,87,217,71,51
"LOC644656",100,28,38,56,27,124,27,46,108,38,45,94,82,99,116,70
"MSRB3",345,336,155,59,74,277,14,27,15,8,15,902,10,47,18,11
"FSD1L",37,130,89,116,128,37,19,12,45,17,81,58,58,114,108,106
"HPDL",130,175,164,302,183,123,16,9,43,7,16,60,61,38,54,31
"LOC284023",164,61,60,67,51,78,27,47,61,27,47,128,58,89,52,49
"PLXDC2",44,24,29,16,51,405,28,46,28,26,86,536,56,170,95,32
"FOXD2-AS1",172,17,24,75,39,113,16,47,115,25,75,121,72,129,73,68
"POLM",274,97,116,190,115,233,11,5,19,39,34,248,18,65,22,29
"DUS4L",37,141,108,205,159,71,16,11,42,14,48,73,64,127,61,47
"ZNF771",106,121,100,114,94,113,44,20,64,21,19,188,56,35,37,27
"SDHAP1",166,43,21,86,59,89,35,18,135,16,47,182,81,108,52,56
"LIN52",131,93,45,60,69,40,3,72,68,94,95,46,26,162,74,53
"SYNJ2BP",158,155,62,79,133,126,33,38,34,19,19,230,14,53,42,49
"FCGR2B",103,69,68,10,78,767,11,20,40,26,61,354,24,153,36,39
"SAMD8",135,128,117,145,124,82,23,20,31,41,27,164,26,61,43,24
"ZNF16",60,100,74,75,102,103,20,13,65,12,58,148,51,132,62,63
"ARNTL2",127,200,102,167,137,130,28,34,27,22,20,89,39,47,20,30
"TMEM263",41,189,196,93,197,98,13,11,39,14,20,239,62,65,60,29
"ARL15",56,274,108,130,163,41,7,9,32,33,153,28,46,92,64,58
"PAPLN",324,84,82,64,58,87,26,18,52,30,54,83,51,58,46,59
"LRRC29",171,25,49,55,50,110,44,44,106,47,25,134,44,84,67,45
"CHPF",784,313,91,95,145,413,24,15,34,5,8,143,15,39,17,9
"LINC01011",13,22,23,52,32,72,85,110,114,41,41,189,70,103,116,71
"MSTO1",367,100,69,114,60,85,40,19,71,11,29,92,40,54,53,46
"AMHR2",328,370,317,263,319,213,21,7,21,5,9,52,12,42,15,10
"USP45",9,157,95,164,126,41,2,8,57,38,127,42,56,223,100,82
"EXT1",281,215,151,60,148,106,13,10,38,11,25,160,34,84,31,35
"CKMT2-AS1",46,68,61,132,60,77,24,31,74,27,47,146,44,129,69,48
"ZBTB42",191,76,43,50,46,83,29,23,96,13,39,197,40,105,77,72
"AKAP7",0,26,32,70,51,41,36,25,26,78,296,256,52,214,95,113
"WBP5",19,120,106,229,204,376,17,7,41,20,43,98,34,75,56,21
"RAC3",164,69,54,89,58,280,42,20,60,10,22,324,49,75,32,24
"EID2B",146,52,44,103,54,71,11,14,79,39,53,78,65,138,92,82
"ZNF525",46,39,49,56,45,107,23,15,66,31,119,166,37,153,117,93
"TIGD7",49,67,75,130,100,88,11,11,66,26,58,184,36,159,70,56
"ABHD3",0,71,41,69,73,74,11,9,76,37,145,75,96,151,277,115
"TMTC3",61,73,38,128,67,35,23,12,90,23,84,93,64,155,98,80
"LPPR2",196,73,43,47,71,325,19,17,31,11,27,1071,40,98,27,27
"NAP1L4",2,61,72,80,56,66,24,14,63,67,122,68,84,150,108,94
"BCORL1",172,191,95,79,126,136,19,21,36,15,30,223,20,60,36,32
"LATS2",75,288,126,190,198,117,3,0,18,22,81,100,40,56,50,60
"ASPH",6,206,123,155,178,158,17,9,21,21,32,175,38,102,80,41
"MPEG1",460,20,15,2,34,701,52,59,11,11,49,1230,24,164,65,15
"HPD",46,11,61,48,51,139,17,45,78,195,45,85,57,65,78,101
"HERC2P2",16,25,65,202,74,84,11,1,24,207,297,39,45,247,113,43
"TMEM106A",196,48,37,33,52,127,39,49,41,34,60,263,31,84,45,44
"SDPR",139,708,248,281,273,187,17,7,9,1,5,158,15,93,12,8
"DGKG",152,104,58,125,104,146,34,11,12,28,56,634,11,30,29,56
"PKD1P6",300,40,28,86,47,60,16,17,108,38,69,104,42,246,40,52
"ZNF785",113,34,51,67,54,57,36,49,65,39,46,104,46,185,66,40
"PEX3",17,214,144,233,180,76,12,4,51,26,44,92,41,84,73,36
"NOP14-AS1",48,63,53,72,72,79,22,14,61,41,59,150,47,153,78,70
"ZFP41",303,103,70,81,93,110,40,13,55,11,16,132,43,101,46,29
"GSTCD",28,123,99,99,142,47,20,21,35,14,102,54,55,121,104,53
"LIG4",47,104,67,174,117,52,11,8,38,34,72,65,57,128,83,81
"NRAV",51,80,74,76,93,83,44,8,60,46,48,128,45,62,104,44
"CHKB",839,20,13,35,18,80,89,104,133,13,14,231,51,81,55,38
"ZNF516",225,136,74,53,103,309,19,15,18,10,16,454,27,119,39,16
"EXTL2",65,292,184,283,218,131,8,4,20,6,26,168,54,59,43,15
"LOC102724279",3051,600,252,83,138,46,19,0,17,8,1,1334,0,14,2,24
"PLXNB3",409,346,215,409,283,215,18,5,20,6,7,42,30,23,8,13
"ACOT2",153,220,116,139,184,141,7,9,32,19,20,81,43,135,30,20
"PKD1L3",0,32,44,72,74,41,18,17,93,108,199,46,90,123,143,109
"OSGEPL1",29,110,73,147,115,79,15,7,49,15,55,110,79,134,89,53
"ZSCAN12",92,112,83,109,68,69,19,19,30,33,92,67,50,79,52,63
"TASP1",4,171,107,155,118,56,20,8,61,22,94,50,51,132,88,64
"WDR27",77,98,88,89,109,155,14,24,40,10,50,87,55,111,61,38
"LYSMD1",205,43,41,65,49,95,25,26,42,33,44,127,55,127,76,52
"NAF1",1,178,145,226,175,92,15,0,30,29,88,48,58,102,76,77
"ZNF416",41,78,69,66,79,96,20,20,103,16,83,149,39,154,46,48
"DAB2",485,32,23,22,85,487,18,20,17,12,44,209,35,189,97,28
"IER5L",232,31,37,19,87,414,67,28,7,12,21,728,89,67,64,8
"SIGLEC6",602,754,366,71,258,387,10,0,15,3,3,169,40,21,3,6
"LOC374443",219,54,34,52,65,129,21,18,55,25,38,154,40,118,79,63
"ALPK1",365,99,66,108,106,356,15,27,10,12,16,590,22,81,15,8
"ZNF25",27,104,79,86,113,72,9,8,46,19,77,153,62,175,81,65
"MAP3K10",43,98,96,166,110,223,17,11,38,32,35,81,55,73,25,65
"KCTD18",21,134,97,130,149,112,5,2,36,28,122,45,57,128,80,82
"PANX1",295,157,84,89,103,123,22,5,55,9,35,98,40,55,57,37
"MGAT4A",102,110,25,18,42,283,23,36,32,16,53,678,22,133,97,21
"LRCH1",136,166,128,175,138,133,6,4,18,13,45,126,36,94,47,40
"CD33",336,60,66,22,107,688,13,14,12,5,38,901,26,105,32,13
"ARMCX5",1,138,89,154,149,72,17,5,52,43,80,64,54,125,69,75
"STAG3L5P-PVRIG2P-PILRB",8,133,89,228,127,167,14,3,27,37,126,29,68,144,34,59
"JRKL",60,131,83,128,116,76,18,10,33,24,75,82,38,123,55,47
"GADD45G",102,15,29,63,19,48,107,63,105,8,54,373,101,46,85,53
"RIBC2",38,20,44,93,29,56,18,25,131,38,93,149,77,182,78,71
"ADAM17",33,173,88,158,147,91,4,12,15,46,123,85,32,77,59,56
"EXD2",33,251,169,192,225,126,9,6,27,13,32,124,37,84,46,27
"SMYD2",46,289,171,309,221,181,22,5,19,8,17,123,37,34,40,23
"CTXN1",106,116,65,186,83,37,37,24,59,33,30,84,75,9,77,51
"TSHZ1",32,171,73,139,127,94,3,6,34,24,121,110,29,132,67,71
"GADD45B",86,46,58,46,61,819,22,10,15,68,33,659,25,57,32,30
"ZNF136",0,96,65,121,70,54,22,14,55,40,117,86,38,158,111,97
"FCER1A",98,210,51,15,242,778,11,10,14,13,39,666,14,84,53,8
"ZNF430",52,97,48,70,63,63,25,13,67,21,74,142,42,142,110,51
"PLCD4",266,57,31,109,34,42,51,32,93,22,43,138,54,69,34,55
"FANK1",174,43,47,66,51,48,17,2,30,400,97,43,37,51,109,116
"RSG1",49,33,44,18,43,57,47,94,149,13,30,111,71,291,57,70
"MT1E",134,42,36,44,21,0,35,126,730,13,68,209,46,225,49,8
"USP28",101,137,103,101,148,61,12,15,46,14,39,108,40,84,64,43
"PRSS53",216,54,58,104,73,102,20,13,58,23,54,54,43,126,59,47
"CDC42EP3",432,213,95,221,175,308,8,5,3,9,23,206,32,56,21,6
"INVS",245,87,67,72,150,102,15,17,35,21,25,130,49,80,46,34
"CCR7",145,81,45,68,47,31,41,32,86,26,102,62,44,51,76,63
"PLCD3",246,156,77,212,155,81,16,9,46,17,31,111,27,26,47,33
"TES",80,54,32,128,86,117,35,17,13,17,98,191,24,422,22,40
"HOOK1",19,13,13,49,44,35,65,28,81,15,110,236,52,221,298,106
"TLCD1",105,58,43,108,67,48,42,24,105,25,49,67,33,98,64,66
"ZNF468",2,132,96,78,117,73,14,15,29,23,115,66,55,153,88,97
"PPP4R2",36,153,115,146,108,35,13,5,30,75,162,61,31,68,45,72
"TMEM170B",87,65,57,43,76,284,27,38,29,13,37,793,23,69,47,15
"CXorf57",18,158,169,112,99,40,8,10,29,31,89,33,66,140,82,88
"CYB5RL",173,102,57,91,87,52,27,18,58,18,33,98,57,78,64,41
"GIPR",399,159,127,92,149,168,19,28,32,19,12,117,15,41,15,22
"TTC8",69,207,129,269,183,91,13,8,21,14,39,78,33,75,41,31
"ARHGAP10",243,77,55,68,55,170,35,24,41,6,28,228,28,78,50,42
"KRTCAP3",161,38,27,77,43,62,31,21,100,48,79,49,46,83,90,71
"SRFBP1",55,118,85,207,116,35,12,28,48,19,67,64,44,106,48,42
"GTF2I",178,142,54,42,67,20,50,101,70,10,57,179,23,51,46,30
"INTS6-AS1",51,26,31,78,26,29,19,23,97,85,76,106,77,125,119,112
"F8A1",67,75,12,114,77,62,24,16,86,33,53,111,19,159,108,104
"NFIL3",32,154,91,37,96,317,21,4,10,15,35,870,51,68,51,35
"LACE1",117,90,92,106,99,54,30,9,82,11,32,112,45,131,51,32
"LOC100128361",80,50,51,104,57,74,23,19,94,19,50,91,50,70,86,92
"APH1B",250,268,191,140,230,237,12,6,9,12,13,240,15,40,21,9
"LRRC37B",48,103,72,138,91,83,2,8,42,54,108,103,44,94,41,76
"ACTR3B",119,126,93,126,71,90,39,12,48,13,26,92,49,68,76,22
"CATSPER1",1263,150,128,133,167,180,32,22,11,6,4,353,15,16,10,1
"CD3EAP",49,117,94,132,109,58,29,35,52,22,29,83,38,49,47,59
"HSD17B7",200,121,80,130,119,232,12,10,32,26,29,146,29,33,38,26
"DBP",146,90,65,64,76,256,17,8,36,67,11,744,21,56,27,21
"NUBPL",65,157,89,85,128,69,21,13,50,20,26,102,56,97,52,37
"UCP3",115,36,32,104,39,67,30,14,69,110,120,85,30,55,52,77
"SERPINB9",149,173,153,284,285,111,11,20,10,5,26,114,19,63,38,9
"ZBED5-AS1",96,52,62,116,80,78,20,11,86,19,42,130,42,117,56,53
"TMEM229B",73,9,10,32,30,61,45,28,106,47,103,210,76,155,108,82
"NBPF14",14,104,79,77,87,131,15,6,42,26,65,150,52,165,53,75
"FARP2",69,95,66,116,86,54,33,9,72,21,55,67,58,125,37,54
"CCT6P1",150,53,35,97,25,47,20,7,143,11,85,120,46,143,71,124
"ZNF780B",116,80,61,70,84,96,21,34,63,16,32,140,27,133,52,30
"SNORD68",240,39,55,80,56,49,49,19,85,33,21,153,49,54,57,45
"GNRH1",77,37,24,68,47,73,13,30,75,42,106,113,62,125,61,73
"SMIM24",193,10,9,25,27,162,19,75,78,55,104,1151,28,38,38,45
"ARMCX6",5,186,132,109,161,143,11,8,42,12,44,115,61,130,53,36
"ITPRIPL2",218,112,62,73,90,192,26,31,16,14,14,326,34,64,34,16
"LOC100506127",289,52,32,73,55,50,40,56,53,37,34,122,33,49,60,40
"GGT7",301,232,204,116,217,200,14,2,23,16,10,96,39,27,21,18
"DUSP10",0,192,96,110,136,177,11,12,42,20,57,302,57,36,49,39
"ZNF10",140,80,44,98,69,68,25,17,72,13,36,154,37,137,55,39
"TMEM238",64,75,72,61,86,181,61,63,78,14,18,94,45,52,31,22
"EXOG",436,128,79,189,87,114,15,15,37,12,25,126,41,34,17,29
"ZKSCAN2",96,107,60,94,82,104,30,31,79,16,22,209,23,45,43,39
"PLSCR4",0,78,55,88,84,12,4,9,47,73,357,28,68,344,105,132
"RAB29",72,156,113,78,152,173,21,27,30,14,29,230,19,53,41,13
"TIGD2",76,109,74,120,95,86,18,4,48,21,44,142,27,186,51,40
"PPP1R13L",13,58,55,78,107,99,19,13,76,68,130,85,21,111,45,83
"BTN3A1",249,107,108,118,111,147,6,8,33,25,42,129,31,62,30,27
"SLFN14",0,24,41,60,31,25,29,20,84,194,422,45,51,77,83,196
"ZNF720",38,66,57,71,59,65,3,21,49,42,136,54,57,149,90,100
"HP",292,6,29,10,71,984,39,47,16,13,9,1084,25,33,89,42
"PIGB",40,202,107,218,146,102,9,7,21,15,61,81,30,82,47,54
"CD9",0,81,58,64,219,667,8,7,3,11,72,397,60,200,131,5
"CD1D",23,15,36,77,50,68,34,27,5,22,37,1271,59,198,101,77
"PLAGL1",52,528,317,307,344,110,3,0,23,6,37,82,26,49,31,12
"GEMIN8P4",10,28,42,70,42,62,19,4,74,115,130,87,90,123,110,120
"IL12RB1",130,20,21,40,33,78,37,38,62,89,72,362,40,47,56,50
"IFI44",16,38,17,116,60,93,20,15,88,31,72,482,34,143,124,34
"C19orf44",328,46,62,93,51,85,48,16,36,19,32,281,24,61,37,39
"C9orf85",15,95,88,109,87,83,26,20,48,34,59,102,31,87,61,54
"ZNF254",129,103,68,122,103,52,7,10,58,21,63,161,26,112,69,27
"C12orf60",15,25,42,120,59,67,28,4,84,51,161,59,54,132,114,92
"PRSS21",79,175,33,98,171,204,17,20,41,2,0,2725,52,29,16,11
"NOCT",110,57,53,70,68,71,21,58,68,21,45,184,31,56,42,45
"SLC37A1",17,79,72,141,97,387,14,5,52,28,46,77,78,113,40,25
"DENND1C",1326,44,26,19,56,665,22,24,4,8,27,794,25,83,23,10
"ZNF124",46,104,53,107,49,73,28,42,33,43,51,164,28,63,51,44
"SLCO4A1",361,363,277,423,400,213,3,4,6,4,8,151,16,9,17,3
"ZNF829",54,55,53,83,74,45,33,34,80,29,64,89,22,116,64,57
"LINC00504",74,31,24,62,38,26,37,56,126,38,55,330,41,72,57,56
"HPS3",0,313,203,158,230,122,2,8,16,6,120,34,51,97,64,52
"SNX16",22,59,68,106,61,34,13,5,25,189,175,69,31,66,107,118
"MTBP",35,118,64,221,97,45,7,9,46,16,104,25,55,165,71,78
"FHIT",230,56,50,58,65,165,30,22,38,20,24,169,31,139,27,33
"SIX5",66,121,84,88,87,163,21,16,58,9,24,76,52,126,43,31
"C11orf72",66,61,40,71,28,92,31,20,104,24,40,248,45,111,52,43
"EID3",0,46,34,112,56,40,17,10,129,37,143,17,93,279,139,96
"ATXN7L1",136,120,69,99,116,104,18,13,41,38,36,98,28,42,40,38
"LINC01138",349,77,39,40,79,148,12,25,42,15,29,322,33,87,32,28
"DHRS12",98,34,38,71,49,86,41,22,58,30,46,180,48,109,41,51
"SEMA4A",378,28,24,13,44,942,21,28,8,12,37,1972,15,63,36,20
"SH3TC1",587,38,35,25,84,434,60,25,4,9,12,834,17,77,36,10
"TMC7",46,28,31,101,38,17,18,38,60,91,197,59,45,97,75,105
"DTWD2",96,100,64,112,79,66,15,50,49,16,36,147,22,61,51,44
"HILPDA",83,110,96,113,91,129,37,10,39,16,25,96,47,65,39,32
"PAM",125,397,317,171,399,224,8,1,15,7,19,117,12,34,16,10
"FBN1",97,745,328,147,145,59,8,9,25,6,38,159,9,55,14,17
"DNAJC27",56,86,50,75,68,68,13,9,58,46,82,74,35,98,84,80
"PLA2G7",472,18,27,10,75,1164,15,7,8,22,34,134,70,185,68,29
"CBX8",94,72,80,101,102,67,21,11,53,8,27,152,61,111,52,41
"TUBB3",399,500,203,133,226,213,25,2,8,21,13,33,16,18,15,12
"PACRGL",24,110,92,106,98,46,15,6,48,15,93,130,71,114,49,51
"RHOQ",65,116,66,115,112,205,7,7,12,13,65,296,37,96,38,31
"PCSK4",262,41,57,45,67,159,37,48,82,3,15,111,40,190,36,11
"SLC7A7",100,18,18,13,37,348,48,35,14,17,55,531,36,186,89,35
"RETSAT",300,251,122,120,239,276,15,3,9,9,15,163,15,39,17,18
"COL23A1",71,7,2,9,21,266,100,138,29,14,50,4658,30,126,35,16
"VASH1",718,75,45,32,89,118,42,26,23,13,66,195,25,33,44,7
"P2RY2",390,26,12,20,29,845,19,52,25,11,32,2794,16,40,21,20
"XRRA1",103,87,85,22,43,42,35,113,33,48,77,75,18,57,113,19
"ZDHHC21",105,155,95,104,132,66,13,12,38,3,12,272,48,103,47,27
"ZNF772",66,37,71,85,45,42,23,39,64,18,63,180,38,197,37,39
"LRP6",81,125,117,139,128,56,13,5,27,13,58,101,41,69,59,48
"GPHN",54,202,104,110,168,127,12,4,29,8,36,71,53,129,36,36
"ZNF550",238,63,53,73,75,71,19,18,46,17,49,140,26,89,53,42
"ZNF585B",67,43,50,68,61,48,16,19,57,48,135,184,30,104,60,34
"SLC19A2",0,184,124,167,183,74,10,9,42,15,63,73,43,149,55,35
"C19orf38",131,9,26,15,54,604,19,46,23,13,23,3111,29,78,42,19
"LOC100507487",104,36,65,76,56,62,9,11,86,36,81,41,54,119,92,67
"NFAM1",123,6,20,7,35,729,33,70,16,14,47,1776,28,108,42,23
"MAPK12",619,102,17,71,51,494,37,23,11,3,8,1302,16,53,22,5
"ZNF19",228,26,24,51,34,61,29,9,40,171,97,66,27,92,75,78
"NEK6",168,73,22,29,98,440,32,25,5,20,16,741,28,61,51,15
"SFT2D2",21,48,36,35,34,55,42,57,112,20,40,150,54,101,107,74
"SLPI",62,0,2,4,12,352,39,351,32,22,19,2373,47,113,163,24
"TRAF5",778,419,211,124,235,79,18,10,6,6,6,58,10,54,19,11
"CDKL1",75,36,34,73,63,60,16,17,51,129,101,58,36,67,77,65
"ZNF383",128,60,32,72,53,42,28,17,93,36,61,157,34,62,56,52
"ZNF563",24,19,19,34,17,63,42,26,194,38,97,183,45,167,116,68
"SLC29A2",763,201,199,294,193,473,18,5,10,1,9,125,6,13,3,6
"WDFY3",0,210,149,139,107,100,16,7,47,20,49,91,36,111,46,43
"PIGP",0,107,105,145,185,115,11,9,34,7,61,105,56,164,61,39
"PDE8A",90,78,61,147,69,101,11,14,50,23,71,70,35,64,45,58
"SERPINF1",132,21,35,31,80,384,40,9,38,17,54,161,41,60,107,34
"LINC01569",438,96,103,117,133,106,19,15,50,7,13,47,21,86,23,32
"HSPA7",240,21,79,57,71,191,38,10,28,14,43,158,33,66,42,54
"ZSWIM3",78,94,46,85,81,139,26,13,68,27,35,183,16,105,42,22
"IL1RAP",91,478,227,114,504,142,7,2,5,10,16,126,16,75,19,12
"MS4A7",217,31,33,29,81,648,19,23,20,9,30,311,20,78,92,23
"LONRF2",10,76,22,202,97,53,29,56,46,16,142,116,119,47,25,23
"C16orf86",94,58,49,31,62,138,32,48,113,21,16,190,38,58,36,34
"LINC01160",405,71,55,94,87,65,19,13,34,36,38,91,36,50,26,42
"PLVAP",39,29,11,59,37,30,61,26,107,125,133,145,31,36,77,83
"RASGEF1B",0,50,34,37,43,145,14,9,21,392,194,50,55,48,114,122
"PI4KAP1",61,30,55,181,40,45,28,4,35,19,242,37,205,142,20,58
"PLEKHM3",34,67,40,72,52,56,10,11,27,225,164,59,21,71,73,109
"ZNF433",114,49,42,50,44,77,21,23,86,22,45,168,35,106,61,49
"EFNB1",50,37,27,47,43,70,46,31,126,12,58,210,45,82,76,52
"LOC103611081",85,46,47,94,49,91,14,11,65,25,85,92,41,141,56,49
"SMCO4",48,87,57,47,59,298,23,19,25,11,22,552,40,52,57,33
"ZNF547",79,43,33,97,49,115,26,11,64,26,58,95,37,158,68,40
"DPF3",0,33,41,94,32,7,25,30,229,107,109,52,62,113,80,109
"CORO2A",117,29,30,27,36,249,41,43,48,21,47,454,38,47,43,25
"RBMS2",116,42,38,49,64,136,24,53,45,23,29,302,37,42,41,36
"RBM47",375,130,51,50,98,133,36,24,8,8,17,448,24,53,37,7
"FAAH",397,21,17,45,14,77,65,46,107,12,26,416,21,190,28,29
"SLC25A34",226,48,34,107,52,39,29,52,47,49,72,54,31,52,45,29
"KIAA0040",161,63,86,45,53,185,15,24,40,13,14,337,79,61,16,32
"SPARC",89,393,107,36,92,1237,3,2,5,3,21,506,23,101,32,6
"C9orf3",71,57,64,80,86,51,24,19,45,21,45,114,50,68,76,47
"ZCCHC24",105,55,42,29,53,56,52,32,87,9,25,218,52,152,73,16
"ACVR1B",237,351,132,142,189,250,5,5,14,13,16,182,12,31,8,20
"ITGB1BP2",339,14,24,80,33,32,27,32,115,24,65,79,49,74,89,51
"ZNF674-AS1",23,58,34,84,51,63,17,30,68,40,56,66,66,95,86,74
"STAR",124,58,68,46,72,114,22,28,54,35,50,150,26,25,45,42
"IGFL2",326,762,428,73,384,15,53,0,32,5,0,1,127,21,9,16
"CKAP4",177,74,34,10,49,995,12,33,11,22,22,907,19,66,35,14
"NPHP3",50,138,96,125,111,70,10,12,31,30,65,61,22,82,58,42
"TRAPPC12",0,215,108,84,142,151,5,6,27,26,82,26,61,129,56,68
"TMOD2",67,15,24,89,39,114,15,17,46,30,130,105,40,209,80,61
"FLJ45513",137,13,10,52,11,32,36,31,159,79,62,127,64,107,79,78
"FAM69B",521,42,19,81,34,415,34,23,28,9,8,764,25,50,36,9
"TVP23C",258,44,39,83,58,104,30,45,42,37,29,105,20,50,38,33
"ZNF417",95,60,40,97,54,36,17,34,61,27,93,89,24,99,63,44
"ARHGAP12",44,167,139,155,128,29,7,5,29,23,49,150,30,81,43,55
"SLC43A2",69,19,28,51,43,94,31,33,50,200,60,103,35,40,51,61
"MATK",570,28,11,17,19,498,44,53,13,10,6,2379,42,64,28,7
"PCSK6",62,64,80,139,310,180,11,8,15,29,143,65,28,40,18,25
"PSEN2",435,220,85,120,126,149,14,7,12,5,7,277,27,49,20,13
"ZNF708",35,121,73,119,71,59,17,26,50,20,49,176,21,76,58,28
"UNC119",128,160,109,101,90,385,10,8,11,10,11,504,24,53,26,9
"PHYHD1",97,59,74,79,52,48,28,31,35,88,59,42,37,36,32,73
"MYH3",253,21,19,114,27,71,43,10,64,71,53,93,41,78,36,64
"ZNF862",221,82,70,82,84,153,12,14,25,7,36,102,38,111,35,31
"TRMT10A",96,75,57,69,79,44,17,13,53,18,50,92,50,106,68,51
"FOXO3B",26,9,12,95,79,51,13,17,28,81,223,26,114,157,54,200
"RNF125",138,110,41,59,44,88,23,57,42,21,35,277,28,36,31,27
"TRPV1",347,38,28,102,49,82,28,24,62,32,31,98,29,89,22,44
"MT1G",82,14,7,24,27,0,124,748,593,16,178,51,16,178,16,16
"NOTCH2NL",164,54,32,23,40,62,35,59,45,25,19,275,51,69,38,59
"CCDC163P",65,63,33,57,35,55,22,19,100,26,75,102,57,72,67,69
"KLF13",0,80,79,100,106,50,1,3,16,50,435,9,73,156,59,204
"LINC01366",39,137,181,152,202,83,13,9,22,33,37,29,37,49,35,39
"MBD5",0,174,100,71,115,69,14,7,24,84,85,43,32,117,58,70
"LOC100287015",51,81,71,106,81,77,15,29,43,14,39,77,42,62,47,79
"MLLT4",24,216,131,206,536,53,15,0,6,0,153,36,9,47,21,256
"ARL13B",3,160,75,202,103,30,8,5,37,59,115,34,44,106,62,76
"DLGAP1-AS1",294,44,79,60,71,130,22,14,25,53,39,114,23,50,26,35
"ZNF713",74,56,41,53,47,36,31,49,71,29,50,96,30,121,66,41
"APLF",61,61,47,53,66,67,16,10,61,43,70,145,46,93,45,54
"DDX11L2",55,44,21,30,25,70,75,50,2,62,137,217,97,57,55,26
"NR4A1",46,132,152,60,227,156,8,7,32,11,9,135,130,51,23,32
"CNNM4",39,85,55,82,88,118,6,4,35,36,109,87,40,122,47,61
"UBL3",0,74,57,61,78,94,18,6,33,67,86,196,41,85,93,62
"PDE1B",698,38,25,53,62,180,23,19,23,12,27,554,19,81,25,16
"IRAK2",24,57,49,60,135,114,8,8,46,132,118,56,14,42,34,185
"TRIM52",22,114,44,158,57,58,31,21,30,26,99,24,60,104,35,65
"CCDC154",341,22,28,55,37,217,35,19,37,45,39,156,30,62,38,27
"PARP3",128,119,97,105,156,121,14,3,45,14,29,74,27,79,27,38
"KIF21B",240,37,34,106,48,604,10,7,24,14,49,493,18,134,13,12
"PPFIA3",161,74,74,105,102,145,35,27,54,13,14,95,28,42,26,17
"S100B",269,24,32,8,90,663,74,9,20,8,27,570,31,29,76,13
"RIN1",746,41,21,58,44,198,49,43,13,9,13,1270,22,23,17,10
"SOCS6",37,207,78,108,98,47,7,5,31,23,33,97,41,148,91,39
"C1QTNF6",228,46,53,49,63,79,35,22,102,21,41,132,19,89,26,22
"ZNRF3",106,166,91,161,142,35,16,12,44,26,19,61,43,52,40,24
"XKR8",142,109,76,112,101,168,17,8,20,19,16,234,30,42,36,23
"C7orf60",48,93,59,70,70,78,12,11,37,80,64,96,33,56,61,48
"ZFYVE16",229,91,61,95,94,156,16,5,18,23,18,214,25,67,48,22
"MEF2C",464,93,74,103,106,252,17,10,16,5,24,311,10,50,30,6
"CDH24",389,125,71,176,72,157,7,5,24,17,16,117,40,37,36,24
"RHOH",131,203,115,206,176,370,6,3,11,2,15,355,25,33,12,13
"NFYC-AS1",178,45,20,84,39,84,28,22,80,25,41,53,53,85,57,52
"RAPGEFL1",294,70,42,104,52,114,29,13,45,32,45,105,20,32,29,39
"SERPINI1",0,50,32,76,95,59,14,2,32,143,209,68,39,89,109,111
"BCDIN3D",143,96,85,130,79,86,10,12,39,16,26,136,26,66,47,34
"DNMT3B",84,272,175,375,297,227,2,0,17,11,13,98,18,35,16,21
"KCTD17",348,217,163,44,80,141,26,13,14,17,10,234,17,33,23,9
"PIK3CG",105,164,117,81,178,236,1,10,14,13,28,327,13,62,36,12
"COX20",72,98,61,140,54,42,18,7,35,23,52,63,63,81,57,71
"ZP3",42,51,45,19,49,64,17,205,274,1,33,211,64,12,31,85
"F2RL3",556,117,51,157,95,320,27,16,21,6,14,182,14,26,9,9
"KCND1",163,38,29,155,34,111,25,13,45,40,72,63,31,79,41,43
"ZNF627",33,134,90,144,105,65,10,7,22,32,86,94,27,94,38,37
"UNC13B",137,94,62,65,85,136,38,7,80,8,39,74,16,68,48,35
"ZNF17",11,78,54,113,63,45,12,10,55,27,105,75,38,149,98,63
"EHHADH",61,60,66,73,108,36,20,9,57,22,49,129,45,80,63,52
"CCDC107",26,44,34,76,46,114,35,23,67,22,42,118,83,64,51,58
"SORL1",1,13,14,8,40,315,28,48,7,22,98,2477,45,200,73,31
"ZNF319",62,108,81,118,105,141,5,5,21,28,47,64,41,87,46,51
"C10orf11",195,104,62,20,63,375,26,38,11,5,13,1189,13,57,20,7
"ACACB",379,93,92,62,83,101,12,19,41,8,27,189,32,48,26,12
"SKAP1",130,36,27,39,92,142,27,23,64,21,49,55,34,108,54,41
"CDCP1",338,159,56,114,83,87,19,24,41,10,14,148,35,24,16,22
"SLC37A3",69,91,80,140,54,44,17,5,55,46,87,33,29,55,64,61
"LRRC25",116,16,20,8,29,565,34,45,17,20,17,1471,23,107,46,29
"UTY",28,6,136,188,175,6,6,11,13,9,2,13,177,519,255,224
"SMAD9",53,39,22,50,58,45,19,30,69,16,55,150,65,215,73,38
"ZNF546",49,33,32,72,54,62,25,35,63,24,58,132,36,121,67,40
"CDK8",0,248,169,206,184,58,2,1,15,48,156,6,34,104,39,69
"INPP1",230,145,75,200,141,221,4,9,9,12,17,301,23,48,11,11
"LOC100289230",34,29,21,61,26,91,24,58,54,51,53,90,58,96,77,60
"MPZL3",248,72,71,49,115,161,16,28,25,23,29,188,13,39,25,21
"CTSE",13,63,94,83,82,8,46,23,190,6,170,21,129,95,19,34
"AP1S3",113,87,40,78,49,31,27,47,56,42,37,153,20,50,30,46
"ZNF554",279,35,42,82,56,82,27,32,56,15,36,115,24,55,42,35
"YTHDF3-AS1",252,22,23,38,22,37,63,54,97,20,26,112,73,60,47,58
"TIGD6",123,77,62,100,97,63,13,8,42,21,38,78,32,64,61,58
"LOC729737",54,33,9,121,53,43,7,3,109,35,260,11,102,286,33,114
"MXRA7",61,68,27,54,82,112,21,31,51,30,42,128,25,73,54,39
"NCKAP5L",206,173,88,94,137,332,16,3,8,8,17,315,13,58,17,10
"MMP9",599,87,18,11,33,2867,91,43,12,4,9,83,17,27,44,7
"WDR47",56,118,66,102,93,63,11,9,22,21,68,76,41,72,73,43
"ADCY10P1",72,20,14,69,30,37,13,6,100,113,92,69,58,154,95,84
"TCEA2",68,36,37,46,52,294,29,20,36,18,16,688,41,69,27,23
"HTR7P1",63,33,22,80,30,91,4,21,57,39,121,62,47,102,104,85
"SNORD22",0,81,59,230,104,51,6,4,42,19,109,34,66,179,71,84
"STARD7-AS1",262,65,36,66,71,74,36,23,40,12,14,252,30,71,30,24
"ZC4H2",100,119,67,66,82,85,12,9,65,16,45,103,43,61,25,44
"LHX4-AS1",250,77,52,144,56,154,14,2,41,13,26,105,38,127,36,16
"PAQR8",100,56,60,38,55,124,8,26,79,12,48,102,34,100,59,38
"ZNF236",17,112,60,117,94,40,9,11,43,27,61,76,43,102,83,54
"TTC39C",228,90,20,85,60,170,29,34,20,15,22,332,16,65,30,11
"LOC100507424",248,20,30,85,32,36,40,19,73,18,44,128,42,91,59,46
"GALNT7",76,169,100,172,127,84,5,6,26,13,42,175,18,95,36,12
"DUSP19",15,54,60,38,70,13,36,63,64,36,42,101,59,68,77,59
"MOSPD2",32,93,43,35,69,87,17,18,49,23,76,174,40,110,39,38
"MS4A4A",156,38,51,20,131,741,18,5,9,7,44,235,28,120,52,12
"LOC100132352",102,71,48,68,62,104,15,4,52,22,43,100,38,82,59,59
"C12orf76",52,67,58,68,75,148,14,9,36,25,38,232,31,107,51,20
"LRP5L",251,53,41,140,81,178,8,3,23,4,28,270,34,69,37,50
"PRKD3",95,32,24,41,40,129,23,14,67,15,57,389,28,51,86,51
"CNTNAP1",112,46,50,126,94,64,23,33,39,28,36,46,32,50,32,53
"AIM1",116,55,15,43,153,245,15,23,39,7,53,355,22,56,39,22
"BMS1P20",108,73,44,68,44,47,39,8,82,11,46,80,66,82,36,61
"RASSF4",528,8,13,10,27,506,24,41,6,17,32,1629,15,76,67,13
"ST3GAL4-AS1",103,10,5,15,13,113,37,51,34,31,66,229,83,177,73,82
"SNX25",34,119,72,118,86,46,14,1,44,31,64,15,46,117,94,64
"MCTP1",123,74,49,60,78,173,14,10,46,9,29,185,38,52,46,38
"HEATR3",27,152,99,149,111,72,13,6,45,9,39,60,43,94,55,31
"C19orf35",84,10,22,23,40,143,30,28,98,106,45,149,61,53,37,37
"ALOX12",114,53,52,79,52,115,11,19,24,68,57,41,27,96,35,52
"DAND5",147,11,22,60,29,32,48,60,88,46,36,141,32,71,52,53
"ARSD",203,75,30,22,35,423,26,46,19,9,19,847,10,65,22,16
"SEC24D",6,308,168,160,263,222,0,0,4,28,62,68,20,74,31,36
"HEXIM2",129,21,33,36,26,141,38,36,54,46,26,193,27,74,45,42
"GFI1",529,82,33,18,76,584,10,6,8,6,22,2366,8,70,10,10
"BTN2A2",410,206,150,273,233,154,8,6,15,13,3,70,15,14,14,11
"ZNF35",213,116,47,101,65,75,35,21,26,7,25,186,20,57,21,31
"BCL2L15",99,20,12,52,29,30,45,83,89,32,44,185,39,69,52,55
"KIAA1614",10,11,13,33,15,21,63,90,130,152,130,91,52,41,70,94
"GRHL1",0,71,43,77,56,15,18,14,82,43,125,34,69,143,81,109
"ATP8B3",18,104,138,124,112,55,11,8,52,8,77,62,33,159,35,32
"DHX36",0,216,117,131,128,46,17,6,15,35,130,26,32,77,48,58
"KCTD11",131,141,105,91,106,123,23,2,23,29,20,69,29,55,25,30
"ZNF250",35,76,41,67,49,73,17,25,57,31,56,107,35,116,38,44
"SMAD3",204,286,192,56,77,74,20,5,10,6,21,414,14,118,8,7
"MARCKS",7,31,21,15,42,293,40,52,10,12,19,2004,36,161,83,16
"RMDN2",63,77,42,128,73,45,13,5,37,20,61,93,58,77,63,61
"LOC101929567",198,30,42,63,57,30,20,40,63,68,47,112,25,31,35,48
"EMB",102,65,26,33,48,297,3,24,14,15,54,1471,15,93,58,7
"NEK8",125,88,52,110,79,59,22,21,53,30,29,67,26,51,37,27
"RMRP",258,7,187,70,23,54,54,49,38,22,8,189,19,114,28,25
"PITPNC1",61,149,120,77,132,167,10,21,4,8,18,276,15,58,36,28
"HIF1A",23,248,116,108,175,64,10,6,14,17,200,19,25,88,22,36
"FAM71F2",171,26,21,62,30,38,35,59,63,45,44,130,39,46,47,39
"SLC46A3",28,55,55,105,80,115,24,0,52,12,60,123,19,112,93,62
"ZNF256",83,85,77,157,133,76,8,9,45,9,60,88,20,103,29,26
"RIPK3",460,82,43,36,65,230,19,16,13,14,25,446,16,56,19,11
"MGAT5",282,68,46,32,41,353,22,23,8,4,16,1113,25,64,17,10
"ZNF28",37,110,65,76,90,56,6,20,31,19,86,78,27,104,70,39
"TDRD7",50,164,114,137,138,111,10,6,12,14,28,191,22,67,23,31
"RAD51B",2,84,58,101,105,73,15,8,63,14,68,62,66,104,78,49
"ZNF675",74,60,47,119,65,36,15,14,112,12,38,187,27,77,61,31
"ASH1L-AS1",81,40,25,60,39,57,15,23,68,55,56,69,59,59,65,65
"ZSCAN18",181,12,26,38,32,349,19,23,43,17,44,835,6,136,44,12
"INO80B",248,14,38,49,34,74,34,45,52,58,29,114,26,51,47,36
"ITGAV",43,213,84,76,124,73,13,14,11,8,35,334,32,50,39,22
"F2R",30,142,101,93,125,276,19,17,22,47,17,92,26,40,14,14
"MZF1-AS1",119,24,24,53,37,54,39,46,55,37,47,64,49,76,57,45
"THNSL1",127,97,92,136,114,78,22,12,31,10,20,70,34,54,30,27
"CEACAM8",23,3,5,9,14,228,31,81,29,17,46,4248,35,194,94,18
"SPR",335,136,69,149,135,130,32,6,25,3,8,47,33,41,43,11
"SLC7A5P2",94,16,15,38,23,34,33,152,125,52,27,76,41,58,81,56
"CLEC7A",89,35,30,22,60,255,22,28,26,14,40,428,25,81,48,28
"MIR5047",0,117,94,95,115,119,2,1,17,56,200,11,51,141,37,83
"LINC01447",3,14,18,16,16,51,16,12,48,197,257,67,46,186,136,203
"CD48",19,46,26,12,85,1945,15,20,11,7,27,1389,15,147,26,13
"GAREML",56,60,85,64,113,47,13,25,60,30,55,62,40,59,26,41
"FRS3",95,65,40,89,66,109,12,9,51,13,22,123,35,99,73,43
"PIK3R6",1224,220,81,7,69,570,3,15,7,3,16,451,17,49,6,5
"EPB41L2",104,147,281,138,126,122,18,4,11,7,52,98,9,22,7,57
"GSTM2",196,270,346,75,202,172,4,1,21,1,9,210,12,59,16,6
"SLC31A2",62,46,20,36,56,280,8,10,19,85,46,373,31,74,56,25
"EEA1",1,136,51,83,73,49,14,5,50,13,65,121,58,180,98,39
"ZNF614",8,107,87,96,119,46,12,3,45,19,81,63,50,142,54,44
"WBSCR27",58,102,30,39,29,73,10,15,9,197,13,58,87,86,77,95
"ITPR1",25,193,71,85,110,150,14,8,7,41,50,182,16,54,34,25
"ZNF2",51,48,46,50,53,57,42,18,79,16,26,215,29,97,47,42
"GABPB1-AS1",79,116,73,131,76,73,17,13,37,44,21,110,24,37,36,23
"CD24",22,4,17,12,17,1515,14,79,34,23,46,954,26,94,61,20
"ABHD15",127,99,49,64,64,211,21,20,32,11,22,238,14,52,30,22
"APPL1",63,70,56,42,50,148,31,32,23,11,25,671,29,55,29,12
"ITGA7",316,46,43,28,69,484,22,5,46,8,30,124,29,35,46,29
"ZCWPW1",179,28,22,45,31,42,48,30,91,26,29,168,47,71,36,40
"FRRS1",39,74,49,55,70,39,15,25,49,23,145,45,31,123,40,49
"ZNF837",112,61,53,76,59,41,28,32,61,15,29,77,42,52,52,34
"ZNF324B",131,73,50,79,74,55,27,14,63,12,47,95,23,75,34,32
"TSTD3",79,35,40,53,43,42,33,34,70,24,34,86,42,80,60,54
"ZNF8",48,48,50,70,56,53,16,15,59,37,52,77,38,116,43,58
"LINC01355",72,103,29,165,47,84,9,13,70,12,24,156,16,201,33,38
"SFMBT2",75,41,12,43,51,55,23,36,206,13,60,117,55,42,58,45
"TCAF1",68,69,42,97,63,59,31,25,66,7,40,39,41,67,67,44
"IRAK1BP1",16,93,88,82,100,39,10,25,53,9,61,97,39,69,64,46
"NPDC1",769,31,20,32,35,822,41,47,3,3,4,660,21,40,23,6
"TCEAL3",128,112,76,86,75,213,20,1,33,18,10,207,38,28,29,27
"UBA6-AS1",368,152,64,116,130,103,15,8,21,4,13,170,21,35,29,14
"MIR144",0,5,39,23,23,370,35,32,107,120,79,30,27,133,48,97
"GPR161",40,22,20,48,38,30,53,36,88,33,60,100,45,87,85,54
"UBE2D1",1,128,91,109,106,101,19,6,24,15,37,181,35,89,65,29
"ENAH",57,25,21,59,20,21,31,127,86,46,71,122,31,40,46,75
"PLEKHA5",87,63,61,104,83,38,27,37,36,10,35,133,24,37,47,40
"TRMT11",38,121,93,255,114,115,2,3,32,21,41,28,26,108,47,38
"SYBU",0,8,2,28,17,20,22,10,44,75,246,144,115,339,140,302
"ZNF230",22,56,46,100,55,72,9,5,53,31,91,103,44,98,67,55
"NEO1",232,472,130,149,310,88,15,4,9,2,19,9,27,91,6,8
"CBL",83,149,57,76,91,199,10,13,15,8,34,228,27,63,33,14
"TMEM236",11,14,28,53,36,214,24,37,40,109,105,89,28,47,65,49
"IL27RA",36,202,120,116,185,157,7,6,18,6,15,259,29,58,15,23
"CCND1",687,82,59,141,245,65,21,6,26,14,10,59,27,30,18,15
"LINC00570",7,7,4,38,12,15,70,28,281,201,202,22,43,57,116,173
"GNB5",196,25,35,31,33,137,36,96,40,29,32,148,20,45,16,38
"MAN1A2",88,98,70,62,57,62,26,9,33,14,25,128,43,90,46,33
"DET1",57,91,65,73,141,72,12,4,30,11,49,84,40,133,43,37
"EPS8L1",658,87,50,94,63,113,34,16,26,12,4,186,26,16,22,16
"MBTPS2",4,137,86,67,113,65,15,11,35,13,30,120,47,145,59,33
"KCNN3",241,78,85,191,59,74,9,13,23,12,8,79,33,58,58,30
"LOC101927069",254,65,28,61,36,40,20,26,21,91,80,46,23,27,60,48
"ADGRL1",245,54,26,30,52,147,33,29,34,6,15,1009,21,34,13,32
"DICER1-AS1",308,21,24,37,34,62,33,27,70,11,20,301,31,105,50,28
"IFIT2",71,30,34,48,39,116,5,2,45,188,139,37,25,68,66,90
"LOXL3",73,40,15,81,26,164,25,20,66,20,44,256,18,83,40,47
"CROT",134,143,97,96,100,80,7,4,18,10,20,130,36,56,49,34
"ATP2A1-AS1",211,21,28,45,21,35,54,36,113,17,30,68,70,78,60,30
"SRC",61,166,86,127,193,346,17,7,6,8,14,170,10,68,18,12
"ARHGEF11",133,217,87,153,123,253,19,4,5,4,15,148,16,50,17,15
"PTPRCAP",542,30,15,50,35,473,28,50,21,8,10,1166,25,21,10,2
"PIGZ",421,63,39,65,34,71,30,16,86,7,11,372,27,54,14,20
"TM6SF1",33,153,95,103,173,157,7,4,3,15,22,247,34,65,50,14
"ZNF165",164,62,54,77,77,342,12,7,26,40,35,71,12,34,24,47
"KANSL1L",0,68,59,100,77,89,10,4,38,43,122,88,28,115,57,60
"LOC153684",112,26,22,58,22,48,22,32,74,23,49,90,44,155,60,47
"CDH6",12,7,58,82,43,49,6,29,197,43,62,78,37,99,152,39
"AGO3",84,98,87,81,86,80,14,7,38,22,30,129,29,47,56,17
"PDE6B",237,41,54,39,75,134,28,17,34,15,24,192,17,52,36,25
"FAM213A",478,393,195,76,119,324,11,11,7,4,9,73,8,16,10,5
"CD93",119,23,25,3,64,397,42,41,2,7,31,820,22,131,44,14
"MPP6",15,99,45,84,108,60,18,15,29,33,47,76,25,50,82,67
"MAP4K1",320,36,25,63,59,383,19,23,18,14,13,468,20,37,31,8
"CDC14A",11,160,79,78,88,51,8,6,29,20,77,97,29,141,58,41
"TWF1",8,123,57,165,106,18,8,4,37,38,100,38,39,73,90,74
"ZSCAN21",52,39,41,75,59,38,13,10,56,34,82,53,50,81,79,64
"LOC101930452",194,20,9,70,25,40,46,11,164,16,65,39,68,86,83,46
"OVCA2",9,73,65,67,81,83,12,4,42,65,64,31,60,68,61,75
"CROCCP3",104,38,23,57,35,44,21,27,29,37,90,93,35,100,43,60
"C9orf41",30,79,67,84,88,24,23,17,62,22,59,33,49,48,43,79
"RPP25",221,52,37,80,60,231,33,14,28,11,16,131,27,50,31,20
"FLI1",134,44,29,20,54,567,11,18,12,7,26,1530,12,75,38,11
"TBC1D32",10,57,44,86,70,25,11,10,37,40,120,53,52,135,78,71
"EMC6",0,82,51,99,68,88,20,7,34,43,58,58,58,71,59,71
"CFAP44",146,67,76,128,62,40,30,12,63,10,36,54,36,61,23,30
"RAB40B",107,99,63,28,45,32,6,19,80,21,41,80,40,131,48,45
"FAM3C",18,261,142,218,211,44,20,1,25,9,21,42,34,55,39,32
"FLJ44635",52,35,30,49,44,43,103,7,20,79,111,25,133,7,28,133
"ABCB5",31,14,20,49,32,74,30,27,31,139,204,28,31,61,57,87
"SPTBN4",40,49,75,95,74,33,37,12,41,50,26,120,69,25,27,45
"FAM95C",221,31,29,73,28,124,19,14,49,13,41,251,38,61,21,40
"RASSF3",124,121,90,149,116,166,5,6,8,6,18,485,17,51,25,8
"PPIEL",309,40,34,80,40,70,22,39,62,26,25,48,26,69,29,25
"HACE1",0,80,52,75,64,42,7,6,57,29,128,56,57,115,94,73
"TLR4",133,25,29,19,79,501,15,9,9,9,29,855,26,93,46,15
"TNFSF10",199,214,89,28,116,342,4,11,11,8,18,458,11,35,12,13
"USP46",130,144,88,129,89,59,7,6,39,16,25,99,31,24,40,34
"PRKAR2A-AS1",132,42,26,46,30,43,27,69,60,28,40,122,31,31,57,39
"P2RX5-TAX1BP3",130,46,22,56,20,35,31,62,74,26,35,95,33,53,60,43
"GPR35",324,4,4,11,13,166,70,77,21,10,23,1163,39,105,42,20
"FAM63B",43,11,15,29,26,21,71,75,87,45,40,87,65,79,71,72
"CRYBA4",491,121,295,241,573,48,18,2,15,19,5,11,11,8,8,13
"MINA",55,217,121,205,182,104,16,0,17,4,18,67,26,55,38,18
"ZNF790",18,37,20,49,53,31,34,62,107,30,43,93,38,75,91,34
"BIN1",448,70,99,35,119,155,19,16,6,10,11,229,14,43,36,7
"PCCA",33,168,113,73,161,126,12,2,29,6,29,85,53,73,27,23
"CCDC186",0,43,39,53,44,40,5,11,44,149,224,39,40,71,95,111
"OBSL1",552,31,17,52,39,541,23,14,64,8,8,333,24,33,17,14
"MYO5A",161,135,39,26,55,136,17,17,16,7,26,262,29,92,37,19
"ZNF577",171,32,35,58,45,113,16,15,29,9,56,93,35,176,44,28
"DGKE",89,112,68,106,88,108,15,12,31,10,22,85,26,63,36,23
"ZBTB38",11,259,103,82,147,26,14,10,38,11,36,44,39,97,55,34
"LINC00894",107,26,35,33,25,34,30,18,99,76,61,57,39,101,41,41
"LINC00910",94,37,37,36,37,40,25,58,58,45,39,82,25,63,45,48
"DHFRL1",29,67,81,98,74,66,15,12,45,32,39,56,32,73,45,41
"RASL11A",13,208,300,106,281,46,13,0,14,43,28,63,28,27,30,27
"FCRLB",68,145,88,73,84,58,8,8,41,8,8,78,53,84,43,64
"ADM2",72,21,12,46,29,170,30,35,64,29,42,42,18,579,24,34
"GCSH",2,117,93,133,101,86,30,7,48,14,14,95,34,81,41,37
"ANKHD1-EIF4EBP3",40,26,31,50,30,51,20,19,79,40,67,97,75,57,61,55
"MAGEH1",49,123,93,95,94,105,15,5,35,7,21,64,37,84,58,23
"ADORA3",301,15,16,16,36,186,47,19,15,11,19,672,27,91,72,17
"APAF1",81,85,77,58,73,73,17,15,18,12,80,83,26,69,36,31
"ZMYM6NB",0,182,137,167,165,213,2,3,10,7,40,123,25,98,39,27
"CFAP58-AS1",23,12,22,32,34,47,18,25,103,52,67,91,51,126,71,97
"LINC01547",60,39,34,59,61,44,46,34,111,16,21,93,39,57,46,29
"ZFP14",74,43,30,56,50,70,20,52,48,24,34,173,22,63,46,25
"JPX",29,65,28,54,43,73,19,63,77,24,45,116,34,65,34,27
"TPD52",18,251,217,264,178,60,3,14,1,10,56,98,9,36,42,16
"ZFP64",68,165,122,98,141,99,15,5,24,11,15,118,24,38,34,17
"BACE1",180,37,26,59,43,190,21,12,22,16,38,169,38,74,28,31
"ZNF74",169,85,74,133,77,119,8,6,33,7,13,147,35,74,20,20
"NUDT13",162,71,30,128,73,51,15,4,49,16,36,66,43,82,44,29
"SPIRE1",295,153,85,66,53,164,11,13,3,22,11,272,16,41,18,11
"EXPH5",92,17,21,36,16,31,49,140,91,36,37,97,34,55,42,44
"FGL2",43,29,11,20,30,140,44,39,30,12,45,1004,18,85,77,20
"DEGS2",95,93,69,52,167,75,45,13,29,7,10,202,34,61,19,7
"PM20D2",19,37,28,55,61,93,11,26,39,32,48,164,40,109,69,32
"SPATA7",25,49,55,55,91,70,21,12,61,15,32,98,39,110,53,39
"HEPACAM2",0,1,5,19,14,59,24,8,69,405,685,25,28,86,166,217
"ZNF605",53,68,48,89,97,89,19,5,39,11,37,187,32,102,26,23
"LOC101927374",59,19,22,32,30,26,24,47,105,62,45,214,38,58,54,39
"PNPLA7",358,54,66,39,54,196,13,12,27,19,20,309,23,63,3,14
"CRYZ",22,669,232,530,332,44,3,1,2,14,2,100,29,53,7,8
"ANKRD24",157,60,50,57,73,70,24,36,42,18,19,83,34,73,13,21
"ZNF213-AS1",61,47,33,76,49,73,15,11,52,40,62,109,32,64,38,40
"C4orf29",134,76,62,80,91,25,11,4,51,19,75,33,44,50,50,48
"RPP40",16,149,108,164,113,61,14,4,24,19,28,113,31,47,45,26
"RGS9",1,4,5,31,14,9,43,51,202,87,168,104,95,50,92,151
"NUDT16P1",11,135,55,120,149,49,5,10,47,25,58,20,32,67,66,57
"RASGRP4",180,21,26,12,66,512,16,46,24,6,20,953,11,58,26,11
"APLNR",37,1,13,7,36,22,134,36,59,4,154,74,246,287,124,9
"ZNF296",187,95,73,110,66,99,21,12,19,12,18,109,45,36,18,14
"TNFRSF21",39,69,50,53,84,82,21,11,18,9,44,124,48,87,74,29
"DUSP16",79,128,78,43,79,112,19,10,40,9,31,98,21,66,28,31
"ST3GAL6",462,50,26,19,41,236,17,19,18,6,15,693,16,82,42,6
"UBTD1",59,50,36,28,53,263,31,14,14,36,21,347,36,46,31,22
"EPB41L3",156,28,39,15,96,305,28,18,8,5,44,255,20,77,61,13
"TRDMT1",16,101,69,91,83,45,9,10,55,25,42,83,31,78,57,42
"LCORL",21,84,40,66,58,35,5,12,63,28,79,88,45,108,68,42
"KCNMB3",135,38,33,52,45,69,14,11,43,58,38,100,39,57,50,35
"LOC100128164",2,11,11,30,13,55,14,23,47,308,236,49,24,80,126,198
"FAHD2CP",247,86,52,78,82,85,27,7,42,4,6,111,40,94,24,14
"SPIN2B",34,39,32,39,137,51,8,34,51,10,13,88,38,334,35,77
"ZBTB11-AS1",86,45,49,57,48,69,15,28,49,33,36,91,29,45,37,44
"RFFL",0,34,21,24,27,36,26,19,44,222,211,56,35,64,67,112
"CARF",35,59,37,70,46,41,13,44,50,25,42,101,35,98,54,28
"TTC23",112,11,18,42,33,101,39,31,39,23,45,141,31,114,43,40
"LINC01272",95,6,9,7,21,367,56,73,22,14,40,527,33,101,49,15
"LOC730202",171,19,21,63,23,30,50,59,97,18,18,99,57,52,40,33
"EPN3",93,76,102,96,90,44,51,25,45,3,14,71,39,36,18,22
"ALG11",5,48,30,64,46,45,16,9,62,41,85,52,53,79,102,95
"SLFNL1-AS1",197,27,18,49,33,34,49,56,65,27,27,102,29,46,48,29
"CXorf23",19,99,60,111,96,70,13,7,24,27,39,79,31,84,34,50
"TFEB",68,16,13,12,20,174,52,58,36,11,26,1090,35,74,52,13
"GRTP1",14,52,63,78,64,83,12,24,53,39,40,52,29,87,40,44
"NLRC3",194,30,22,25,29,101,38,37,49,27,20,233,32,46,34,25
"VMAC",112,29,34,41,42,47,30,59,53,26,21,158,22,71,36,32
"SECTM1",119,24,63,8,80,215,36,22,15,10,17,510,27,36,41,25
"SRPK2",0,225,135,162,176,94,11,9,15,10,27,73,21,111,29,16
"TLDC1",109,108,84,55,94,92,15,18,28,18,23,96,30,37,21,16
"GPR183",105,74,31,18,61,318,13,11,7,26,24,552,25,28,64,15
"IDNK",145,72,45,86,63,69,16,11,33,8,27,183,26,56,32,30
"ZIK1",58,60,70,54,64,77,6,15,48,6,69,113,26,123,51,21
"FAM20C",9,0,0,2,0,51,121,143,19,19,48,2598,53,289,135,33
"ABCC1",208,73,61,86,55,62,15,8,24,13,16,340,25,48,29,18
"S1PR2",327,16,13,22,20,95,52,57,39,22,28,217,22,36,53,34
"GSPT2",7,121,84,87,121,117,14,10,24,8,21,134,31,86,35,35
"SGK223",104,604,275,195,262,164,2,1,3,6,11,49,12,17,12,8
"ZHX1-C8orf76",109,13,12,26,21,31,49,48,107,31,33,140,40,87,58,47
"SLC10A7",54,133,58,84,93,77,18,2,18,12,40,116,24,70,44,33
"TULP4",39,143,72,82,71,104,27,12,13,18,9,164,27,56,28,27
"TRMT61B",36,113,98,114,115,62,1,2,23,10,51,31,56,77,61,56
"SNX10",37,133,116,82,135,173,6,2,3,8,39,173,27,64,42,16
"TNFSF13",26,77,55,46,74,331,15,16,28,15,32,72,30,88,24,29
"STPG1",0,59,54,58,78,82,11,19,59,11,87,74,40,118,40,54
"ZNF137P",68,21,23,57,39,64,24,14,44,16,53,189,23,158,75,32
"NPPA",111,31,22,86,36,99,24,3,23,111,73,89,20,15,42,88
"CERCAM",189,175,145,4,152,441,10,18,4,6,8,386,10,27,15,6
"CEP19",59,66,49,89,83,59,14,6,36,14,37,98,51,56,43,40
"SYNE2",18,53,28,44,18,108,5,10,39,72,94,56,28,116,92,97
"DDX52",109,30,17,47,30,44,23,50,32,65,70,42,32,57,40,60
"NPIPB5",0,77,79,413,95,74,6,0,27,50,153,7,33,80,16,59
"CD83",76,85,44,58,60,129,20,10,12,10,23,296,25,53,52,24
"PLAU",66,36,18,12,62,709,14,9,8,7,36,1149,25,95,32,16
"FAM72C",17,12,0,30,13,11,79,75,106,5,111,125,94,93,133,119
"C10orf128",466,183,56,6,37,738,5,16,4,4,14,959,9,51,12,0
"ITPR3",227,95,53,362,95,102,11,0,26,11,55,23,27,34,25,10
"ZSWIM6",4,100,58,75,72,60,9,4,38,16,85,143,29,103,68,39
"C16orf54",53,158,101,115,97,174,3,4,9,6,19,472,23,58,16,11
"PDCD4-AS1",55,55,35,51,57,88,19,35,35,9,14,273,29,93,35,25
"ZNF449",283,36,33,71,46,65,15,10,26,15,50,89,21,91,46,36
"ZNF529-AS1",166,34,30,49,56,73,12,20,48,40,31,131,26,52,34,29
"PDE6A",162,55,42,43,51,26,27,43,35,30,42,82,22,47,25,35
"TAPT1-AS1",77,29,24,24,38,35,43,53,63,15,19,114,64,100,63,24
"FAM184B",77,42,28,67,58,81,16,6,39,31,57,81,25,70,46,60
"KCNAB3",502,47,34,211,50,61,16,3,42,14,43,31,32,30,29,33
"LOC155060",789,40,38,52,64,75,30,10,26,5,13,258,18,56,27,11
"ZNF600",319,71,45,54,38,81,20,6,56,9,14,147,30,68,32,20
"LOC440311",102,25,28,38,36,165,47,29,61,12,8,144,49,44,26,41
"CASP7",0,79,55,83,70,71,8,2,44,30,85,70,35,143,93,30
"NPW",81,56,39,35,32,191,38,33,29,4,5,3217,16,23,9,8
"SOGA1",385,82,75,47,37,113,5,10,18,6,31,339,20,47,21,20
"SCNM1",20,35,26,82,56,64,20,7,46,47,51,47,52,100,48,71
"FAM227A",53,40,30,58,43,32,30,77,46,19,37,103,28,43,44,45
"STMN3",266,315,81,179,132,147,3,2,9,4,5,298,7,24,13,10
"EMX2OS",104,21,23,42,25,21,39,58,90,36,31,111,29,65,53,31
"SNORD36A",40,51,52,127,68,56,14,3,34,22,46,53,53,70,49,50
"PRR7",41,118,78,99,104,151,15,7,30,41,18,95,21,25,12,25
"ID2-AS1",0,19,12,20,20,31,31,34,68,214,81,80,39,70,122,89
"NAPSB",137,0,3,0,9,52,73,73,26,15,49,1493,54,182,114,6
"TNNI3",490,47,69,52,43,138,54,23,31,13,11,43,20,34,16,12
"C9orf91",291,71,57,68,47,145,12,19,20,13,18,153,17,55,14,16
"GGACT",22,92,88,75,100,103,10,9,34,10,32,86,40,89,24,28
"PCSK9",314,677,1058,310,441,353,0,0,0,0,2,0,0,0,0,0
"DSTNP2",78,72,43,59,62,72,11,14,30,40,21,141,28,51,35,33
"MANEA",0,101,85,98,130,59,8,1,16,16,89,34,45,121,61,60
"ADM5",256,88,57,200,89,72,22,7,30,7,22,92,31,19,16,8
"SUPT3H",138,142,118,111,116,105,16,1,25,1,17,95,26,56,12,17
"TXLNGY",5,1,252,534,335,0,1,0,0,0,1,0,200,437,254,192
"ZNF749",18,83,80,73,61,64,17,23,41,10,23,142,51,42,29,36
"NRIR",11,32,54,162,48,32,21,1,19,207,172,16,16,21,82,104
"B3GNT8",12,25,16,16,17,147,17,59,14,120,40,1185,23,62,34,23
"ALKBH8",0,113,71,183,91,35,15,5,42,17,35,90,38,81,55,32
"CTRL",248,26,20,44,16,40,24,6,70,47,38,106,46,64,45,56
"REM2",29,20,14,93,14,77,18,24,70,99,81,47,39,67,41,59
"MFI2-AS1",233,50,35,76,50,74,14,14,42,6,21,83,49,98,30,18
"MPP7",17,22,8,28,30,104,26,20,51,23,66,189,42,161,86,42
"IL1R1",12,29,33,50,81,276,9,10,11,102,119,52,14,27,57,83
"NETO2",93,27,33,24,58,114,26,14,40,14,36,223,33,47,48,33
"RUNX2",197,404,161,62,179,131,0,5,5,3,4,490,12,21,9,5
"ACBD7",79,49,51,44,66,33,34,18,57,16,33,77,23,93,32,34
"KIF3A",36,100,73,106,64,33,18,25,27,25,33,57,31,68,33,19
"SH2D3C",239,56,85,61,58,328,9,5,5,6,20,547,10,95,8,4
"HLA-DQB1",431,79,97,8,17,1110,0,25,1,2,54,148,19,9,96,9
"DUSP18",166,33,26,19,25,20,11,36,80,56,63,57,30,58,55,65
"NOXA1",190,30,25,26,56,220,33,27,29,6,14,394,36,69,14,5
"BCL2A1",90,10,15,4,36,550,25,23,3,7,20,1108,40,120,62,16
"SLC25A21-AS1",12,31,19,82,43,22,16,14,85,25,35,38,50,225,99,93
"CA5B",68,59,28,58,60,33,18,27,49,19,50,118,27,62,38,30
"AMH",441,77,28,234,53,156,35,0,17,17,30,46,24,14,19,16
"FZD6",0,156,79,160,151,44,5,5,17,11,53,66,31,97,49,46
"TGFB1I1",32,29,42,34,32,71,19,17,56,41,92,26,53,94,51,42
"SLC2A6",650,79,59,35,50,348,8,19,11,3,5,826,17,20,4,2
"HTRA3",168,80,27,20,23,641,5,19,4,16,8,842,21,156,13,3
"C1orf21",281,75,80,63,35,193,12,14,15,1,24,184,20,50,34,6
"CEBPE",83,3,1,3,9,1176,23,143,20,7,12,4498,22,68,32,7
"FAM132A",155,17,15,53,17,41,37,52,77,23,27,86,41,85,26,46
"LOC101927267",21,6,12,23,12,18,44,36,141,34,65,99,75,81,134,85
"LINC00265",174,70,43,135,73,97,12,15,24,12,41,121,18,32,10,20
"PRORSD1P",220,59,57,91,73,39,10,13,41,11,20,63,26,67,41,25
"MASP2",63,32,24,50,20,50,13,5,72,29,80,77,65,68,69,68
"RABL2B",63,88,65,97,80,89,9,2,35,15,37,97,24,54,30,37
"NAAA",223,83,67,55,65,210,14,0,8,14,23,238,16,47,18,22
"FAM64A",0,54,56,13,30,75,17,8,16,64,24,43,163,202,56,115
"PSMD6-AS2",133,35,18,37,17,56,10,8,60,97,71,50,48,25,91,62
"RGS20",475,323,187,150,198,55,8,3,17,6,11,10,16,23,9,5
"ETV2",148,32,15,41,29,38,37,40,55,28,24,111,35,57,29,48
"TRIM16",117,45,47,51,80,296,22,18,23,7,14,140,16,68,14,20
"ADAP2",124,7,7,5,22,89,72,57,14,14,29,415,40,150,75,25
"ENTPD5",5,54,41,62,55,53,16,10,17,96,103,32,36,74,44,75
"ZMYND10",176,44,32,30,29,27,33,46,65,17,27,105,27,35,47,37
"IFFO2",418,180,118,154,62,100,9,5,10,2,7,189,15,34,15,3
"EPM2A",52,87,56,90,82,75,9,12,28,15,18,108,40,48,44,24
"CPED1",0,146,150,52,177,112,18,15,4,42,38,37,15,67,8,53
"FAN1",163,36,34,70,28,63,12,4,67,15,19,132,41,102,48,38
"CARD11",162,180,63,375,321,150,10,0,7,6,2,71,39,5,5,15
"ELK3",0,166,143,145,148,123,4,2,10,14,27,203,19,55,38,19
"CFL2",4,115,45,100,90,36,12,4,38,22,45,40,53,66,86,57
"NT5C3B",183,64,59,58,62,441,24,17,27,3,11,138,30,24,15,1
"SAP30L-AS1",47,25,22,46,46,29,31,45,33,40,46,102,27,66,57,43
"GUSBP1",153,56,40,80,60,59,17,15,45,12,19,74,37,57,28,27
"ARIH2OS",92,23,22,46,34,54,13,26,40,43,43,78,35,75,46,61
"PGM1",0,74,79,6,150,669,7,19,8,7,31,792,27,43,30,10
"TSNAXIP1",159,13,7,21,11,22,35,14,83,111,112,39,26,52,116,82
"ANKRD36BP2",36,116,94,50,105,30,4,3,47,36,91,0,29,147,33,42
"LOC100130744",50,71,51,62,62,28,19,26,35,18,91,76,15,57,32,31
"TREM2",12,0,0,0,0,15,110,93,26,26,63,635,121,283,267,35
"SLCO3A1",180,52,38,53,57,433,8,5,5,2,13,795,22,65,15,13
"SPINT1",181,110,48,17,62,134,18,13,5,7,21,695,16,24,46,8
"ATP6AP1L",37,16,24,32,32,54,31,27,79,19,32,130,83,118,40,26
"CCDC24",309,51,42,63,40,74,24,8,30,25,39,59,24,24,30,32
"THAP9",46,65,34,65,42,28,14,11,48,26,49,52,41,108,53,46
"STAP1",218,196,116,163,212,91,6,2,2,4,9,374,19,9,3,6
"CD160",112,9,12,25,19,19,38,18,93,44,49,93,53,60,81,84
"C16orf87",0,78,64,105,90,48,8,4,31,19,43,51,47,94,92,54
"MTCL1",109,51,25,29,53,56,18,20,28,6,41,69,42,180,30,48
"PDK2",11,34,51,26,56,162,8,12,25,21,36,530,33,108,42,20
"KIF16B",1,167,116,101,126,48,11,12,27,17,36,18,31,89,38,31
"PTPRE",15,139,99,79,138,281,6,6,5,10,26,264,11,47,26,13
"USP13",58,78,73,80,61,101,17,16,25,9,17,122,23,52,40,16
"LINC00656",0,1,11,5,13,129,24,23,51,149,241,24,48,134,104,135
"ACRC",136,32,20,59,36,59,15,8,28,139,46,77,22,36,42,43
"LINC00921",68,27,20,39,36,60,22,24,44,45,42,213,26,56,34,30
"NUPR1",218,13,22,2,49,718,79,47,11,20,21,39,21,36,60,13
"C5AR2",52,389,206,121,336,55,4,5,4,61,17,52,8,6,5,14
"FBXO48",49,11,10,25,19,34,33,36,93,53,56,78,37,109,56,66
"SH3YL1",13,108,68,122,83,81,8,4,24,18,42,96,28,58,42,30
"ZFP69",7,87,64,112,70,39,9,9,49,12,38,93,39,88,54,31
"MAP1LC3B2",26,18,23,47,20,51,16,16,58,130,73,40,37,49,86,69
"FBXW8",1,104,94,60,92,96,20,15,31,36,26,70,29,58,21,24
"DOCK5",475,87,42,101,74,107,18,5,9,6,8,313,19,35,12,7
"CXCL16",57,21,30,15,52,353,18,28,10,36,41,154,24,67,29,28
"H1FX-AS1",469,52,26,74,41,57,16,20,47,25,23,65,25,43,30,6
"JDP2",24,29,36,30,97,801,11,10,2,4,21,735,19,129,22,13
"ZNF568",50,36,36,48,44,40,18,13,62,33,62,66,24,65,62,39
"ASB3",0,24,25,61,39,33,21,11,58,68,85,102,44,96,75,43
"LOC439994",11,77,28,85,41,44,13,7,37,65,96,26,49,39,50,77
"ANKRD26",76,63,47,108,87,31,16,8,40,5,37,47,40,58,57,33
"RRN3P3",250,59,25,38,50,28,26,56,44,26,15,121,16,31,26,24
"MAML3",24,70,49,50,64,129,11,13,26,61,44,150,21,25,34,19
"TXK",182,20,17,30,22,33,27,5,4,132,80,57,9,23,160,209
"NLRP12",75,12,19,8,19,189,29,59,43,12,16,720,19,95,47,17
"FBXL8",203,37,20,34,44,68,15,38,65,18,22,101,43,27,40,22
"ZNF117",59,34,36,63,48,26,10,22,39,24,82,190,19,86,35,26
"ZNF595",47,59,34,124,53,75,7,12,30,17,63,174,18,67,27,23
"TEF",145,90,66,105,65,49,19,7,34,12,27,145,18,32,26,9
"NHLRC1",0,60,41,75,66,57,19,8,66,7,30,58,57,100,82,60
"FAM72B",0,28,40,84,47,26,14,11,38,24,176,21,52,117,74,91
"CRB1",0,4,20,35,8,13,17,29,92,82,279,40,58,92,126,123
"KIAA1919",19,89,50,89,75,27,21,30,32,14,32,90,23,50,38,40
"MESDC1",188,118,50,80,75,269,9,6,5,5,13,283,11,77,13,4
"GLUD1P3",0,60,62,87,61,56,6,8,32,62,82,42,46,61,34,64
"HIST1H3H",15,24,71,42,39,198,18,10,14,125,61,41,18,46,37,59
"CAPN3",144,17,11,17,17,140,21,46,29,22,28,1723,8,84,14,16
"MAP9",99,31,41,92,53,15,24,12,42,5,33,86,47,88,50,44
"ARHGAP31",156,88,45,51,84,230,10,6,15,8,49,89,18,30,33,15
"CFAP70",194,35,29,52,33,62,14,8,35,43,28,90,27,68,42,35
"NRARP",29,104,84,64,41,126,3,8,13,157,34,98,30,20,28,18
"ZBTB49",46,103,35,97,69,65,22,5,28,17,41,45,29,69,31,36
"ARHGAP22",306,7,11,111,43,210,44,7,33,5,15,517,23,24,38,10
"PTCD2",0,94,68,88,97,40,13,10,38,18,31,55,44,92,49,40
"LINC00342",162,63,50,76,56,106,10,4,30,9,21,118,23,94,27,19
"ZNF578",194,26,20,54,19,35,36,41,59,17,25,144,19,56,37,31
"ZNF670",0,80,51,94,76,38,13,12,53,11,59,64,41,97,42,43
"TCAP",509,66,57,42,42,42,25,19,45,13,16,87,21,31,21,13
"NNT-AS1",139,27,28,37,30,22,24,55,58,16,46,142,20,46,48,28
"ZNF81",58,25,24,52,44,41,30,20,69,17,45,79,46,47,47,42
"RHOV",0,6,7,21,4,2,179,98,611,19,51,163,61,58,50,59
"AK9",63,42,37,71,59,40,18,20,37,22,45,68,19,39,59,46
"TCTN1",172,135,81,79,104,76,4,6,22,8,18,60,14,74,30,18
"ZNF436",12,113,73,77,77,68,4,2,22,43,69,73,23,73,44,30
"HOXB-AS1",344,49,69,84,60,98,17,6,11,22,14,73,22,49,13,24
"ALMS1-IT1",11,11,12,19,23,12,32,26,71,45,130,29,85,130,121,93
"ZBTB16",117,37,67,32,75,210,8,5,14,88,14,140,22,5,22,61
"STK32B",72,152,173,29,93,198,20,8,18,14,5,77,5,68,23,12
"SMPD3",136,12,21,57,19,45,32,18,80,14,30,91,54,81,44,38
"ARNTL",0,77,69,53,48,72,6,4,44,9,98,72,50,80,65,65
"PDF",2,139,93,139,96,109,15,3,18,11,24,55,46,47,38,29
"ZNF597",85,88,38,59,58,52,12,5,37,23,30,60,24,62,50,43
"ARGFX",93,16,14,29,13,28,47,128,84,31,33,123,29,50,31,27
"GNB3",53,41,19,63,23,34,17,4,69,28,110,30,55,86,50,65
"DNAAF3",160,20,32,47,15,62,25,22,46,44,42,43,52,51,17,46
"ZCCHC11",29,153,96,174,135,127,3,0,10,8,36,87,18,50,24,24
"PQLC3",100,131,68,80,107,94,8,8,22,3,19,97,16,51,37,14
"ARRDC3-AS1",28,25,22,32,18,48,24,24,75,37,45,105,33,101,50,54
"KDELR3",95,84,45,114,73,15,9,5,43,68,48,17,22,18,50,55
"CCZ1B",0,65,15,123,58,87,3,9,42,36,45,29,49,103,94,66
"HIVEP1",3,107,65,93,94,62,6,4,18,19,60,32,38,110,52,46
"PUS7L",0,85,67,52,105,46,17,9,52,11,28,112,48,87,46,24
"LOC101926963",462,158,97,75,183,140,6,4,10,2,5,160,10,18,9,7
"LOC100130691",152,51,18,56,31,52,14,17,50,10,23,108,37,103,37,30
"NCK1-AS1",58,30,60,36,57,62,26,2,48,17,28,144,30,41,54,56
"ADPRH",787,183,118,46,104,146,5,3,9,3,8,111,15,8,18,10
"LOC643072",21,42,31,68,61,87,8,8,21,66,39,158,34,33,53,38
"BMS1P5",50,20,20,64,20,30,29,28,46,68,43,72,33,65,43,48
"LINC01521",185,30,30,73,32,56,24,18,25,35,20,133,26,41,33,21
"PTPN22",110,276,118,136,242,112,3,0,2,5,12,119,17,43,9,5
"SLC29A3",32,64,35,41,69,129,12,13,14,33,24,254,40,47,30,14
"SNORD35B",149,28,17,61,31,39,13,10,69,50,27,71,43,26,65,51
"TBC1D16",595,34,32,50,68,169,28,11,17,3,10,164,20,52,16,6
"DOCK10",89,167,103,32,51,162,8,4,2,2,39,244,17,55,43,10
"BASP1",79,21,9,2,32,638,20,26,10,9,30,1402,15,74,41,10
"C7orf13",22,29,29,97,32,74,13,17,35,21,20,108,51,113,47,41
"LPAR2",855,20,11,14,26,214,26,26,7,6,3,1656,12,48,25,6
"PIK3C2B",139,31,27,37,29,62,38,21,42,20,21,247,18,35,42,20
"MMP19",704,46,45,30,111,297,23,2,3,6,13,66,22,37,27,12
"DTNB",106,54,30,78,54,136,27,11,24,8,16,206,32,35,15,18
"PUS10",67,65,59,72,60,22,9,13,37,13,42,91,30,63,50,25
"NPIPA1",771,11,13,50,0,41,43,32,89,78,0,143,45,1,32,56
"TRIB1",124,27,101,24,162,117,18,9,16,1,19,302,30,24,46,6
"PTGS2",135,114,268,52,299,140,2,1,4,4,16,77,22,33,11,12
"PARD6A",134,76,51,61,65,81,14,18,48,3,4,102,25,30,39,30
"SNX18",37,66,35,41,59,88,20,10,14,12,20,711,25,62,43,7
"KLHL5",78,75,34,56,65,195,16,20,10,3,21,245,11,65,42,7
"DPYD",9,33,39,25,78,132,7,8,30,24,72,107,31,87,70,42
"CCL28",237,96,59,79,86,55,11,21,19,14,22,54,16,22,27,13
"TPTEP1",23,63,91,121,178,137,5,6,7,7,66,60,14,54,16,44
"BAIAP2L2",55,12,31,78,49,77,12,27,46,43,73,29,17,60,45,36
"ZNF528",70,30,46,23,38,60,26,29,57,16,50,92,22,60,33,26
"TRIM29",815,577,902,22,473,33,12,3,10,1,1,12,5,3,1,1
"ACVR2B",21,49,22,44,43,60,21,29,59,15,49,106,33,79,29,33
"C2orf76",0,90,52,136,58,82,12,1,21,19,52,91,27,67,65,43
"PCDH1",0,2,7,18,19,6,38,79,268,15,145,34,62,113,134,104
"NMU",26,2,16,3,0,4,143,20,487,6,39,418,39,539,56,23
"STK39",238,222,129,123,95,117,10,8,2,0,5,124,7,37,13,6
"GPR65",112,151,52,14,117,282,10,7,10,5,18,271,10,63,21,6
"SHISA4",14,33,26,34,39,33,46,13,77,34,60,77,29,67,54,44
"ZHX2",142,50,13,24,29,76,11,4,67,34,53,170,32,64,31,30
"CD209",133,14,16,14,20,108,38,41,47,66,44,45,27,15,39,66
"RAB39B",52,32,38,64,50,55,17,7,47,55,44,47,25,59,34,41
"RAB33B",138,52,22,32,51,44,27,20,31,29,31,88,20,61,34,25
"BMS1P4",71,34,19,56,24,23,19,26,44,71,63,60,20,39,53,52
"EEPD1",250,15,9,12,25,158,23,28,6,5,34,458,27,123,47,20
