"GeneSymbol","HU1","HU3","HU5","HU7","HU9","HU11","HU13","HU15","HU17","HU19","HU23","HU25","HU27","HU29","HU31","HU33","HU37","HU39","HU41","HU43","HU45","HU47","HU49"
"FKBP8",238034,340514,866328,1274290,570385,565302,308769,1206865,713586,784352,513303,1052589,742692,530564,994338,1147671,1033442,396916,908842,879703,810906,942230,517497
"ALAS2",382438,374183,410392,804336,194260,752141,464465,1197753,861026,717747,583388,625840,1023797,623374,619935,1043795,1119960,193424,726928,1142865,633112,901279,593209
"SLC25A39",161918,159130,485625,760822,427566,392841,196831,681131,321078,567252,258791,436462,639332,335399,585836,788286,675233,254909,661595,463697,432028,468511,310795
"SLC25A37",163096,235411,380700,519487,493003,295345,266236,715520,379609,546665,330726,465287,547432,213726,417386,580875,558992,260207,594192,326924,458731,328798,345491
"HBB",196393,306751,61239,95607,110310,213855,43347,101210,20202,82302,46785,75690,1418004,91213,443877,157046,1507990,237979,258930,226225,312576,188322,306473
"ADIPOR1",78526,123083,241682,334590,181401,207095,130954,408005,182619,244155,200272,295599,318398,164826,246246,351612,324618,135773,386259,337456,222697,240497,165112
"FBXO7",53423,102263,308293,372671,278761,131526,92351,356945,160861,376933,179215,205949,322169,159782,270214,440226,169821,197017,397891,201935,246405,212908,158588
"YBX3",54074,62831,207926,395331,167987,214153,88563,424978,177832,267025,133100,282002,261214,150636,220546,366189,317407,133600,340097,376797,172173,198656,116331
"FTL",63693,111075,216140,263494,183211,185522,97087,389789,363482,225544,146233,263873,230992,157923,169144,296855,243605,118354,234774,251231,206712,279532,190417
"UBB",234504,52909,160218,260147,176872,143585,97705,252146,249908,308462,459176,143371,200132,86731,201530,160754,278634,90600,184806,240384,214583,204262,123271
"SLC4A1",55982,55491,202656,372021,96288,142496,41612,357257,169035,203052,232165,195030,189659,112316,216044,386047,186841,112415,374762,230740,126198,250153,76818
"TRIM58",39955,59952,179535,270256,94219,136648,55870,188000,100400,156745,129599,126191,308093,124992,260823,258333,196715,121058,341109,298289,119036,192670,77515
"DMTN",40870,45436,214952,290503,128882,106299,51460,221589,104188,182155,123480,144651,192716,100507,239833,276885,156062,91379,252695,138701,148422,178524,81877
"NCOA4",89394,76709,82755,199379,71105,119282,75409,134196,137472,174597,201786,138512,218819,93629,183193,182546,181810,59844,268471,326511,143031,208501,83225
"UBA52",49494,71412,120916,229281,147791,127879,62265,316015,167368,113212,139753,238822,190780,100666,142731,167495,206491,69230,168028,175307,175859,102650,122459
"RNF10",38422,57864,130283,174808,75047,93812,63606,162934,116044,153044,145113,173048,160853,94789,182488,200002,164674,73366,214469,178210,118313,164598,98436
"MT-RNR2",66666,88354,302552,131109,87441,46474,39151,195615,85427,219160,63388,120612,121125,66969,145943,316945,235479,108464,84897,175391,48783,50061,75631
"BSG",41260,45094,118341,234393,80496,118462,58082,193022,42770,170038,88908,125319,215052,90556,154971,226425,113736,88481,224465,123851,104201,110630,78596
"R3HDM4",41324,57781,113991,156906,75462,108267,70998,146241,82733,144041,102110,137766,190255,104289,159661,125695,132251,65067,199952,132257,126819,113895,93678
"BCL2L1",39628,50466,99190,174724,56429,103151,57669,120994,75466,145322,95111,87383,166685,106355,149212,171930,156052,86263,208238,165832,126793,117980,94502
"RBM38",30002,26440,136432,239000,100647,83000,36404,114922,79279,134382,108976,138435,177685,43964,111909,238652,116440,132634,284314,74732,71192,134220,40701
"OAZ1",51667,54050,104562,176047,90994,96747,63327,108176,109553,155406,71565,107341,132145,80003,124557,134125,136798,70500,176877,153264,91648,87563,132303
"GYPC",28646,46489,137231,169141,134454,84314,48115,240952,32244,116918,28183,95423,123353,52709,123318,206035,173789,65978,155735,78543,144830,73136,59108
"DCAF12",36390,52795,81312,123702,47509,95565,75505,101684,58388,97772,75579,145262,150949,60518,110713,133132,119879,60760,209091,184468,75793,101145,65582
"FAM210B",39780,55951,83182,189627,71775,70081,50351,135916,80782,92564,53096,72061,131884,86618,121124,147940,137625,46650,166164,115908,115879,108908,63052
"GSPT1",16314,66208,102148,226517,65757,64617,18545,93541,56988,114933,80755,62561,150200,57716,125184,163458,112786,65442,196043,159514,62108,109627,62934
"STRADB",30565,40462,94671,149546,72771,75175,48160,153930,62403,135363,65281,82381,132243,71088,103460,152793,129036,59591,174529,85053,88529,113222,64895
"GNAS",26295,27593,87733,154699,49931,72633,55623,206471,83669,84367,80848,95305,85851,76755,121462,131131,136036,61234,126658,131500,108433,98945,63914
"MKRN1",20785,50391,72077,138455,55943,67879,45762,93328,65799,108024,61059,125008,129711,57402,67812,171658,85249,58636,190756,164740,77891,123194,109500
"GUK1",47262,30931,101761,157949,80064,102449,29320,157358,52063,106292,26744,116663,145373,49369,91379,206839,94959,42733,144724,48629,76812,95055,61206
"HBM",102363,25764,82098,107180,92535,84915,29725,146305,166598,138344,82835,98250,63573,38512,77301,121572,141782,23156,78834,86582,84897,132227,51465
"PHOSPHO1",25529,25221,98339,194826,79427,23119,55472,133359,75698,87510,27311,67565,128342,74439,128301,206349,104829,56153,146433,37572,60854,103684,71039
"BNIP3L",62348,52288,62367,131369,47385,62264,48532,73871,78158,115366,122651,59526,95768,69351,110964,101852,108004,28712,138988,127504,86279,111249,59649
"SNCA",57630,35493,90485,129554,43976,54225,49712,97375,48060,91676,39581,77583,92121,64647,66645,129069,134005,52384,111309,139897,73000,95762,48543
"SELENBP1",37109,34149,67249,134266,40431,70138,33059,89245,43579,91564,28990,41108,106620,60928,109766,131692,115362,43239,121592,122914,73363,109965,54178
"UBXN6",14126,34600,98654,124771,81193,60327,24973,126169,34204,80690,28653,91092,97313,46415,103312,154031,82947,47983,113886,50720,73440,72101,46507
"IFI27",367436,10339,2856,23625,7072,15640,80794,42665,470841,7579,32120,16093,17327,92808,14359,12649,9947,3255,4594,26422,40952,358822,29561
"RIOK3",26769,47961,41453,90431,21814,71133,36088,59077,53519,76319,91807,74041,114236,52336,107338,96042,85951,30977,130307,126461,46304,69921,62634
"MARCHF8",16592,23022,70383,106810,50346,48504,22338,68705,46300,71078,72263,56614,89892,43814,105784,144233,52734,48180,154693,122596,49783,91929,24227
"MXI1",16308,31332,46721,115120,57634,55012,26027,106814,65516,63882,39235,81482,91255,41619,74415,87727,81169,39237,104117,113187,56170,91126,35024
"YBX1",10392,29902,90933,149362,55473,38411,11852,186095,39852,82014,14446,94088,85742,38669,30887,130222,68727,48368,84521,54779,52145,54552,45308
"LINC02972",2370,17902,77845,44736,15594,12306,17336,149556,177670,22884,107001,43677,70021,37925,122385,171679,76495,13781,66886,38757,42816,58329,29635
"C9orf78",16302,49780,53472,103919,28895,54556,21155,95372,48456,28000,33301,54508,110498,27768,69024,96299,75363,28789,98685,127675,50402,41267,49314
"BPGM",54993,37312,21390,82608,21174,60508,56087,50096,35917,62625,48506,38575,75625,49673,69303,76966,71229,16268,104782,90695,47538,82200,34402
"YPEL3",19564,17955,52229,85811,33320,45841,22004,73303,50355,55736,32180,55403,77138,32830,67666,84198,64360,31301,83117,43430,44389,55095,33515
"TENT5C",10875,31006,27761,67918,20353,33435,12680,57786,43578,63752,90948,81386,57422,23626,53012,47113,66832,28504,94628,101939,27625,40680,57328
"BAG1",5368,18354,77151,83202,69730,14593,14702,71193,15217,86275,16119,63155,69323,16956,60352,91252,50736,32441,80099,29415,47824,28896,28978
"B2M",177029,33467,56552,9232,54665,12585,21109,56702,30200,37954,7588,56124,14873,16243,41780,58500,14864,105634,23890,15126,18371,166606,34242
"MPP1",19994,17019,40270,71893,23299,39487,25286,53208,36161,56997,48750,39333,68720,38556,63703,62174,52103,20961,67847,65461,51514,59429,32997
"EPB41",11769,26320,31148,54793,31894,32800,22558,49992,37180,45787,66398,40745,62694,40295,62406,53016,32967,22606,89644,98182,47576,69047,23320
"BAG6",12322,12951,38991,102449,48051,26821,13093,73351,52652,38131,68218,42286,63040,23453,45822,85261,45317,23541,40898,36353,55457,52799,19053
"ASCC2",9751,19097,56401,117142,25126,27361,20284,71878,22604,50915,15919,35058,43897,32860,49047,94352,37014,32210,70666,52944,65912,40782,28720
"GLRX5",18376,21547,33121,68831,31801,40548,14685,56853,40111,48336,50073,50873,81406,18747,59284,50392,58758,27635,74564,59653,34121,55763,23092
"RNF11",11923,25786,35648,92336,36605,33645,17047,54308,28016,47953,32639,49155,66512,19954,60515,61252,46256,24123,90166,85434,37644,36374,21163
"RPS12",68106,24784,47115,48504,54654,44557,19631,109770,33229,43279,23965,78625,66509,20050,23865,43509,54139,14650,43092,24780,52159,40105,26294
"CDC34",18869,18029,49624,87757,43033,41217,21062,61185,19902,40282,14859,59702,60495,23607,60303,65290,54776,31279,64728,32754,34834,54130,31606
"KRT1",18343,7641,34664,53885,21386,28598,31313,44103,28398,31256,32941,38605,58608,56041,32113,59886,70911,28219,68352,73765,51574,60725,34241
"BLVRB",31185,18554,43753,70591,37730,43413,17653,88888,20308,72817,28142,39545,50448,26766,43793,47511,59232,27656,54855,29650,37428,34016,30266
"MBNL3",6025,30477,31592,76610,28799,23715,9390,58588,17831,53815,20304,57995,68075,19073,45252,75182,48045,25969,74208,83046,36930,35712,24097
"TMCC2",17429,11695,26417,42219,33392,27463,15258,44193,53162,42832,123815,75110,46114,17548,39305,46810,26621,15810,60617,82944,17596,53734,11033
"CTSB",11546,11669,51485,88218,51521,23445,12229,71920,12888,52306,35542,31615,52881,24338,39032,60208,42105,35335,71403,43339,49679,34997,22775
"PCGF5",10442,18170,44673,50979,14956,23637,18421,51964,55606,38032,71600,37862,49470,31278,54855,56703,29559,18446,60670,37571,28198,69401,37179
"CA1",30353,19775,25808,45304,13891,23121,18499,52279,23863,51331,50527,9496,48708,59385,56384,51879,84277,16436,66203,78241,23987,27504,13557
"MT-RNR1",28229,40037,59074,24619,16867,14271,22105,37688,25255,61136,16144,38762,54586,41425,45500,87764,86146,23994,37288,64154,22964,26133,16204
"MAP2K3",14412,16190,34597,42386,29524,32516,35751,39890,29548,32879,25239,37951,56020,21678,54283,43848,54633,28263,67054,77082,34186,34793,28191
"PIM1",11750,9852,41827,55833,46093,26505,13328,51747,34514,36463,65268,44175,50420,19528,45092,40658,42020,25712,60389,42569,36415,47111,14495
"GPX1",31560,9711,32071,85516,38716,34818,12761,83622,27277,43208,16465,17325,38667,20600,18003,26537,108083,5257,42737,56477,21406,30109,21006
"LGALS3",39018,20980,29361,48575,26709,37186,24409,56493,16338,62162,9467,33311,62046,35323,32035,43997,53682,13191,54584,28449,17917,30436,33157
"RPL21",23265,28248,37570,45035,44385,23232,15007,96099,36305,35446,36476,50425,44241,13709,22428,44105,27532,15095,33735,36373,34927,27530,26674
"AHSP",78619,18200,30238,38932,27622,24991,18381,28820,27839,47084,15065,21129,36596,27085,36511,38961,73156,11004,45238,32823,24171,43644,23055
"TPT1",20731,21214,38532,41953,27921,34757,6961,114547,16121,34243,13308,52398,52082,18621,27240,41919,49256,13610,40962,33263,26658,12002,19946
"OSBP2",12353,11848,29201,59712,37052,25111,11213,32630,12966,37762,16174,18078,46545,41497,59053,42035,25585,22325,87521,38623,30171,41833,17912
"OPTN",5879,13538,28777,55430,25626,25437,10327,41865,27207,39504,31325,28341,60012,20397,36561,65716,30573,24970,48645,18032,30252,52311,30098
"FECH",12654,15114,19047,38172,20130,22465,17621,29327,13592,35875,27194,29722,52987,39700,48901,31818,51679,13161,68476,71384,32436,38718,13148
"TESC",7596,10599,31700,53039,38810,16922,12475,55930,21423,39583,15658,14911,49027,20988,38525,38630,36047,15072,51096,15574,31264,24524,18108
"TNS1",5413,8670,33017,56572,19763,29350,7379,34421,29686,30890,37207,25735,34131,15192,29377,41622,24004,21506,54886,45126,20652,32974,14864
"GLUL",6899,14354,30968,49888,28783,24191,10993,38067,12889,33941,23020,25688,35781,14584,37878,51409,33975,33654,59771,25993,21202,16816,17547
"SLC6A8",7303,6983,34957,59190,16469,20971,10222,41031,16004,28540,7153,28078,24589,17863,38362,53882,31529,17870,56083,33499,21203,33428,12805
"HAGH",13282,10705,24776,88680,19456,14897,11238,31105,14441,28839,6669,21028,37849,22425,39816,39477,27832,16058,41354,16416,32703,31105,18791
"TFDP1",8508,8585,23343,45294,14967,12948,9119,59145,21192,21596,7211,28782,39931,13904,40750,45190,45718,8940,48214,38291,17381,38139,8943
"EIF2AK1",10240,9590,21942,41009,14556,22106,12818,41947,15581,28962,29309,26060,27350,16224,33664,43712,37369,16804,58537,33383,19710,29859,14058
"GPX1P1",1019,12736,33280,1685,32113,1241,14864,87480,485,43766,18800,209,67521,764,81117,40351,690,35777,49386,487,36825,39589,497
"ATP5F1E",22341,20853,19055,58354,22633,18166,9947,43630,17001,32521,7676,33121,21740,16092,26445,37314,41116,11847,30640,24509,29037,30835,21369
"FURIN",8955,7032,28942,50882,20272,18588,9533,32099,21837,20770,16458,23682,29632,18397,43290,54274,29581,15223,52537,21453,22937,37822,11259
"PPM1A",5386,16297,37597,36310,25506,20089,13049,40315,19929,21601,31273,33799,43940,10551,23223,32633,29175,17684,33926,26508,30105,21643,21178
"SNX3",26940,14396,15390,42975,14610,22185,14592,34223,18870,29096,16412,19402,35221,23805,27438,37110,43441,11293,39106,36966,26918,24349,16869
"HDGF",6356,10987,26444,48925,21206,15066,9129,48896,16890,17509,4886,28780,46415,19257,37423,48065,37241,12962,40031,25963,19516,31229,12864
"FAM117A",7380,9218,27180,43618,21260,14801,10274,40534,25089,21562,31863,20566,37589,15989,32345,43591,29638,13652,44445,25383,21590,36317,11914
"CCNI",4751,13009,22257,41259,17654,20888,6372,40956,14957,28618,14608,35401,44633,11901,31625,48522,37382,16250,42907,27108,24530,17200,22245
"EEF2",2379,6663,33790,35983,32426,15975,4560,47739,27468,19228,34727,16053,24234,20272,41676,40527,33330,12784,33934,43761,24742,16056,13535
"NPRL3",11937,9425,29368,45051,16516,23488,7929,40529,26876,19286,30856,28432,31628,11101,33360,44809,20239,14351,24159,21249,26694,33413,25163
"RPS11",27566,12646,31368,30440,25770,25392,11275,51590,15310,27693,12846,52037,32305,15227,20745,23976,26934,9839,21224,26754,28842,26346,12771
"WASF2",4410,7819,27920,44558,14988,15944,9485,35379,24310,25826,23427,28020,33218,15099,38996,44557,26204,17786,35808,25619,22830,30681,12204
"MARF1",5833,8409,27185,26319,16843,14975,7510,34132,35980,22230,34523,26968,34950,15688,24473,31056,21902,14357,38762,33122,30431,40525,12572
"CNPPD1",7604,11933,16914,42773,18619,26768,9013,25901,18937,19729,32223,15645,42973,11847,39025,24816,36718,16528,37709,35594,25114,17409,20865
"RANBP10",5474,7740,18152,53358,14785,17020,6424,31393,12404,26754,14950,20697,40305,19322,36632,46877,21187,15141,54865,25853,22258,29705,8540
"SESN3",2454,28744,15354,31157,22222,19358,12404,28694,13346,24125,12057,33208,55927,8947,26433,31603,23623,18987,36978,47511,17190,16683,11595
"PSMF1",3443,7078,24570,47316,18114,14138,7290,35336,9065,34131,8508,35250,38980,15233,21295,63564,17670,19971,39093,20355,16986,19735,18561
"LRP10",6649,7558,27072,35333,19640,20343,9137,39495,11760,18614,19379,15519,20684,11172,41460,56709,26667,20353,42527,25437,19195,17737,11663
"MICAL2",4337,8430,22734,46894,17149,12236,6516,25069,17300,21264,12174,26634,31512,14154,22968,46000,21901,17115,54327,44282,19809,19721,9586
"MT-CO1",13560,27404,43239,26184,7708,7878,12705,8709,7560,58922,8248,5531,22922,18929,26283,66470,54701,15095,18513,41578,8174,5272,13333
"PIP4K2A",3616,14494,21925,36195,14787,16369,6443,47010,21240,27342,25053,39922,27265,8443,19544,27609,20806,19161,38232,25877,10128,32853,14559
"LYL1",6251,7316,30206,25189,39764,21787,14231,34747,13247,27590,19351,17855,26504,11929,35516,28275,25664,19017,36783,17639,24557,17523,15124
"CREG1",9336,10409,18590,26855,10707,18195,14710,23925,17064,26255,40770,11962,43208,18223,24685,36483,26213,9976,30072,20653,16753,29634,17395
"ZER1",5663,8759,21654,48416,17061,16387,6220,30791,14782,22224,11009,22715,33211,13018,29379,42349,26527,12080,37342,19137,17872,30719,9883
"IGF2BP2",3902,7701,14038,34082,10762,14604,6177,29133,15255,21288,13281,21874,26523,16113,36889,41129,23595,10613,50079,48946,11288,26739,10591
"ACTB",3136,14126,49048,10612,45051,9827,4580,37390,7268,39127,6563,22949,11045,6859,34065,36353,15648,55961,30322,9865,15044,13612,14851
"RUNDC3A",6059,15922,14389,27932,18709,22893,17434,38638,17122,15938,36382,20207,32488,11805,30704,23862,18682,9406,35441,15668,22076,27490,11254
"NFE2",9218,7495,28155,31587,19312,23051,8804,32194,17112,24787,21355,18739,24114,15343,25209,37372,19531,18302,32044,13543,18352,27180,15158
"KAT2B",3542,7981,19955,40509,24752,13427,6125,28834,14633,18123,22570,17096,26249,18515,34531,38442,38069,14445,28646,34288,13037,14539,7766
"WNK1",4939,8430,17855,30151,10396,17244,8463,28916,25548,15936,35520,27878,24602,8195,25459,29876,19010,10020,40424,35724,13825,31167,10328
"GABARAPL2",39619,11075,9832,31045,7939,16851,15233,18524,21174,23739,16050,10240,25266,17812,25931,21711,31441,5147,28906,32380,22438,25547,14239
"SLC2A1",9344,4987,13576,18588,14132,14442,6746,31750,24624,19244,79398,28975,22422,7062,17671,18272,17587,8065,31697,30847,7656,19482,5347
"HLA-C",9999,8671,49682,5057,28554,5456,8935,34228,2523,25772,510,34553,3555,3819,23754,49780,8279,96345,11061,2056,9098,13160,15552
"GMPR",10035,8523,12245,21205,12072,20048,13013,20527,11685,18546,14272,17265,33596,17141,33270,21342,27864,10742,27517,39800,17925,22057,15293
"ABTB1",8446,9611,28195,33665,21658,7911,6712,23364,30255,26546,12681,18937,16973,8002,22034,33533,19847,17051,29045,22865,15526,20340,12321
"GFUS",15033,14916,10093,40542,11298,22176,4790,22577,10635,16800,2733,33397,36147,24748,17953,17828,23104,3324,21968,17298,25231,36170,14943
"CCNDBP1",17723,16124,13623,28588,9694,14401,9185,14866,16892,24105,19190,17739,28334,9550,27314,21181,29841,8788,25133,29564,18210,26477,14157
"ANK1",5428,5903,19129,35507,11105,12280,4578,22852,18507,18486,18166,15954,25154,11246,31517,24296,15470,8935,37608,33232,15868,34866,10641
"WBP2",8748,7405,14757,35489,14194,16280,9442,22624,14429,22297,14413,17077,32064,15737,25548,30759,17509,12865,30472,22190,13467,22802,15211
"BTF3",8043,11796,16086,28904,14678,18232,7697,35545,13662,23072,19390,21702,22882,10748,21056,27492,25727,5757,22466,22956,19288,18134,16850
"FBXO9",8556,5904,23784,36007,19663,12447,9540,18943,5283,20005,13332,4862,22177,21277,30287,35525,15472,21932,38843,11972,19099,13880,16067
"PABPC1",6642,4478,9092,26136,6946,14355,7347,22514,16547,8853,39150,25411,26806,10148,21698,20591,16870,7436,45690,44729,10845,18128,3681
"HEMGN",14479,7683,18323,30262,10693,9735,13695,24618,15386,24228,13326,14240,12840,16602,13530,21016,23714,9714,23879,35154,20280,21076,9956
"AP2M1",6493,7478,18629,34597,12482,12211,6115,24502,13186,20107,7483,16152,19987,16530,24719,35176,22999,10254,29365,18601,17038,17242,12773
"PNPLA2",6907,5832,11986,24636,10407,16973,8335,22648,24302,12914,20177,14114,31580,10505,24862,21695,17919,7556,27705,28520,14894,17761,15641
"EIF1",9693,10785,9986,20212,12750,17464,8131,32798,20778,19890,14927,25952,40047,9193,11187,22185,18246,8264,19863,17006,19049,13474,15116
"EPB42",4013,4501,19259,28468,12075,17776,7596,21762,8058,19590,14357,15708,24136,15255,21354,31428,16192,10350,30161,17713,11927,27361,10970
"MYL4",5926,7614,17506,35953,13413,22251,9244,34505,12284,16697,6113,14505,24980,12650,12419,26582,24224,8589,22009,14458,16580,15139,15836
"S100A9",4582,23850,34824,3681,33895,7802,5838,30201,756,33825,195,21950,3329,2139,27373,26742,15259,54606,23540,4488,7854,6192,15978
"MAF1",7488,6033,14546,31004,16093,13680,8411,21341,9975,16724,7355,17875,19382,12280,22893,25971,19346,7730,33671,17629,13784,10803,8454
"SIAH2",6221,8833,10811,22013,13817,15625,8765,22618,8578,11795,6443,23716,29872,15162,17969,10984,15480,9837,32082,22404,15009,23498,8428
"GRINA",4159,4727,18158,35305,15559,13476,5598,35758,7956,16721,3396,18548,25621,10700,13157,31290,15783,12269,19469,11194,7099,17753,8777
"UBE2O",6341,4642,10598,22779,5040,8727,4329,7611,16733,11340,18985,11130,15814,8287,25288,20836,14384,6707,30961,47410,12975,26008,8890
"FTH1",5257,11529,11347,14611,12327,10173,5372,46308,17313,12317,10610,20593,10868,8086,14046,22006,28462,17196,13300,17938,14050,12173,9657
"TNIP1",2283,5547,20226,27116,15946,10402,4468,22944,8506,17676,8052,15815,20888,9097,20932,36300,13152,11909,21189,7769,15209,15027,10299
"HLA-B",4953,9465,41804,3081,24200,4385,4231,25359,2527,16697,945,23920,2654,2615,16592,28136,4802,66628,12183,1887,4694,21440,14067
"RXRA",2780,4360,18886,28488,14942,8336,4112,28902,9260,21057,5855,16254,15796,8546,17829,25273,14578,11693,25428,11371,16486,19025,7973
"TMOD1",6650,5160,11571,16504,7296,10845,8092,17165,16602,16995,16197,12952,23850,13841,17274,20267,14815,5266,19034,22953,11390,26940,10844
"WDR26",3368,6958,9948,19188,7294,11974,7968,18065,9688,12596,30095,14989,17300,7636,19730,19520,15657,10209,36535,20677,8585,11439,8728
"HBQ1",15412,6639,12372,22209,15125,14334,8886,8884,14748,13351,9221,19082,15294,7747,14523,15243,22439,8044,13733,27928,12428,14077,7389
"CHPT1",6374,5812,7169,22597,11528,12769,5150,27678,13866,13388,5296,14462,20371,8588,10805,26313,18376,12088,20402,13186,11402,15808,12798
"UBE2H",4638,5692,6612,15986,6981,8305,6401,17971,13160,11356,29765,24592,22301,5556,13158,12698,10020,5880,27805,37063,6100,17622,6075
"PRDX6",5508,6651,12823,25867,12437,8290,6072,24302,10380,18286,4215,10951,26509,14061,6848,11033,16307,7943,21407,25661,7848,18263,12759
"FOXO3",3298,9159,10943,22848,7018,11275,4147,19233,6972,12559,9588,23192,16047,5467,17131,16151,16514,10973,28416,33407,8789,10657,9870
"TPGS2",3375,3715,13099,27689,8648,7866,6547,18928,5145,16921,6940,7945,13651,14632,22149,22833,23153,9558,22873,20046,13265,11804,7700
"MXD4",7175,5707,12158,23401,15952,9230,6139,14214,12057,13857,7781,14667,15849,8289,19525,24684,16112,5812,23613,13868,14390,14081,9752
"XPO7",4794,2530,9401,15436,7060,7432,2677,13341,24996,11230,67707,10855,10502,6059,11875,14932,8932,6635,21956,17043,7502,21984,3353
"ANKH",5268,4375,10746,34457,13221,8787,6834,23095,14413,18411,4503,11967,12444,7246,11257,14505,22340,5208,25679,18640,11787,13879,6475
"NATD1",4849,1963,14971,11622,10658,6103,6258,16869,17105,12769,66924,11335,16853,6451,15349,19536,8155,5747,20418,8645,5991,12397,4278
"USP12",2544,5908,10087,24504,11353,6930,3754,17705,10356,14476,16124,17314,33216,5961,14626,16912,10741,8853,27178,17156,8383,13997,6739
"FOXO4",3823,6233,15552,25746,10384,6784,3303,14764,17479,11949,16814,7915,14788,10409,20766,18976,13128,6968,20791,14380,12817,23034,7569
"MYL6",14729,9644,11707,23349,9674,11672,7828,11537,12421,17883,8826,9303,14365,8631,16370,19914,22922,8497,13775,11452,10727,12728,13473
"CSDE1",2986,7266,8665,23100,7369,7512,3585,12965,9136,13117,18820,9921,19453,8309,23264,15413,16353,6739,22483,22109,15322,17253,5654
"TSPAN5",2651,5506,11002,22588,9225,11921,3384,25793,5614,17215,9782,21517,19291,5586,11802,20567,11504,12954,22186,9189,9423,10231,5042
"RGS10",8321,6086,11346,22161,12683,10635,6085,22014,6558,18569,3972,11594,19298,8592,12108,16748,17443,8802,19556,8196,9749,13279,9360
"TRIP12",1941,6181,10512,19038,10696,6026,3789,14958,14783,10005,17744,11778,14762,7860,17371,22009,14053,8868,18128,15805,13822,12962,7690
"WDTC1",4024,3493,14431,25162,9321,7693,3758,14172,15616,13250,11273,12000,13892,6999,19251,23312,15909,5754,18490,10570,14304,13178,4815
"IFIT1B",27467,7736,4175,10121,4078,13978,8179,9763,13708,9388,17921,10367,7900,9736,13130,11922,10910,3612,17895,23484,6483,27444,10882
"TERF2IP",8617,6552,4900,16000,4025,9707,6444,7532,15344,11742,17666,11783,17335,8753,18181,15099,13015,2812,18950,24992,11067,24653,5098
"HK1",3876,4385,6759,24454,4236,10570,3113,9985,5020,13662,3904,8718,18039,21881,19520,15846,12646,4547,26716,15717,12409,18576,7696
"HLA-E",1642,6888,27838,2158,24246,3575,2966,26090,1689,13691,641,21378,3302,1680,12106,26373,4761,48465,10357,3253,5894,11326,11083
"RETREG2",3752,4135,8171,18238,12133,13891,4243,16110,10246,8235,18884,7244,15276,4698,23083,17214,12750,8648,22932,12057,13818,5444,8901
"POLR1D",4817,5088,8596,19545,9014,9713,4684,15329,7502,16524,6169,16869,19404,6312,12261,15795,13404,8498,26461,18561,9117,10062,6234
"TRAK2",2470,2966,7646,15987,5647,6678,2790,16584,18339,12410,38426,12030,15018,4126,12930,16478,10285,4132,29660,13017,4944,12871,3506
"UBE2D3",6582,7497,10007,15196,11856,8845,4562,17428,7453,16450,12964,13685,16596,6448,13919,16829,12581,11411,17007,11254,10820,10740,7922
"RPLP2",6917,3652,14363,16305,10020,11722,3233,37212,9901,9433,5978,22649,15752,7742,7430,12485,16606,5090,14566,10813,10467,6744,8012
"FAXDC2",2438,2888,9754,20348,7826,6013,2523,23139,5213,14193,16517,12187,20729,8373,14425,23956,4516,10813,31943,4074,7311,10358,5036
"CARM1",2865,3187,18218,20275,10560,7081,3371,22828,5288,13467,2348,5998,19730,7927,19365,25352,11405,11051,18299,4225,10381,15859,5411
"GPX4",6698,5815,8326,16760,15320,8266,5935,22087,4643,18645,2384,8484,31197,14747,14897,4035,18305,2462,16177,8171,6696,13287,9494
"RILP",3318,4733,27327,16499,8780,7988,5046,17504,8387,10139,7828,11193,17723,7050,14573,15055,12738,6911,13510,5161,13141,14543,8972
"NFIX",2209,2134,10462,23151,8668,7591,2685,19401,6494,15184,14611,12867,21200,8023,13146,15172,9891,6795,21562,7553,8262,13919,5248
"FIS1",10677,7788,10859,16147,10160,9580,6384,10768,10030,12510,8113,11489,11593,7202,15374,13357,16475,4585,15597,12237,11276,11964,9085
"NAMPT",672,16302,16772,1638,20863,2215,2887,17704,291,18145,136,22189,1731,1136,10151,21084,3214,66685,7539,763,3166,1339,15434
"ST13",2263,7147,9388,17358,6377,8410,3452,16510,11005,10254,21140,12317,13811,6805,11626,17145,10751,3702,11793,19246,9941,11287,8724
"HLA-A",10198,6780,18636,6375,16339,4862,8131,19387,6763,11090,5052,16933,5761,3960,12106,18020,7747,25730,10807,5520,3548,12970,11285
"CDKN2D",4702,5418,5180,11461,12108,6387,4507,10151,13406,8203,7493,9145,13869,6806,17909,12006,9019,7383,13348,37386,13815,10121,5854
"UCP2",6027,2802,9342,28218,8709,8352,4015,6561,6966,18236,2655,5130,18633,15829,10112,13628,15485,3460,18618,7879,11041,16315,6758
"TALDO1",4709,4987,10790,16794,8245,9408,4904,12242,4847,15223,4609,12304,11835,8348,13866,18145,14425,9786,14180,11304,12051,11410,9425
"ELOB",9402,6229,8448,18148,8608,9074,4737,10339,7217,13392,7473,11047,13221,8770,11280,16007,15793,5213,16278,11197,11901,9868,9255
"RPL12",2320,3372,16837,11691,12572,7131,1505,29888,6068,16851,6708,13106,13396,7558,8220,11681,17626,5795,14116,5743,14214,9726,5366
"SERF2",7694,3670,10838,19559,11234,7001,4476,16138,11265,13452,5875,12278,9419,6862,14962,9814,24849,4447,13473,10554,9855,6797,6751
"EMC3",8654,6373,9763,14537,8696,9733,4819,22741,7504,14727,9089,10744,16265,7755,7873,13152,11974,5971,13288,8736,8407,12683,6939
"CAT",5968,5295,6521,18249,6730,9213,7484,11587,6538,14550,6777,11475,15195,7010,13327,12801,13501,5430,20049,16616,6184,10151,7369
"ARHGEF12",1829,3667,8613,16398,6559,5867,3098,10255,10236,8690,23896,8058,11343,5588,17306,15968,8139,6872,22744,15658,7351,14626,4963
"SEC14L1",2226,6035,10419,17106,9502,7973,4989,17044,6451,11025,10317,15113,13483,5585,11603,15720,9117,13027,15267,9035,10635,10085,5770
"ADD1",2696,3481,10535,21435,8069,6170,4084,13652,6755,10837,5105,7362,11156,7056,16762,20990,14265,7550,18802,14886,9453,11580,4727
"CASC3",1540,2094,15476,16559,4998,6691,1255,18224,19303,7572,17379,9560,4816,8023,10034,18385,12746,8797,10961,8099,12591,16279,5987
"SLC38A5",1388,719,13612,19346,8941,8386,611,36954,4987,8400,2665,15825,14572,6387,3024,25674,13227,8828,16018,5563,5506,7000,5646
"SLC14A1",3680,4323,11371,22447,13213,5611,4355,14696,11962,6912,8272,6065,14246,4628,20404,25232,5731,5906,8356,11487,7700,9067,6252
"TXNIP",1220,4332,20123,2301,19936,2718,1454,24612,4876,8131,11748,17537,5063,1205,12969,19937,4926,32549,11833,6681,4935,3251,6125
"DNAJB2",1764,3539,14796,22024,8027,7163,2087,19067,6650,12814,5783,10282,17304,5572,11004,14224,10661,9806,15704,4636,9373,10560,5469
"TAL1",3215,4693,11595,13885,9006,8465,3591,17996,10489,10472,15458,10787,11928,4546,12350,11873,12052,7036,13097,7152,8125,14929,5306
"ST6GALNAC4",3532,2969,10574,19647,8090,10457,3650,16992,4189,13698,1403,11498,17649,8409,10137,16140,12437,5596,13433,5724,7029,19567,4815
"RPLP1",5041,2934,11086,11143,10141,9364,1964,32960,7778,9896,4919,17790,14947,7166,5465,13456,14874,4387,13444,9630,8105,5255,5537
"TUBB2A",4217,13668,18108,13770,6686,11813,9575,16612,7159,459,5097,9221,7902,12335,503,5176,468,246,596,32867,21423,17184,10852
"RPL41",7431,8948,10762,10398,12018,8558,3210,16456,12190,8771,15697,13714,11486,4714,8735,13807,12866,2849,9848,7413,10643,8374,6715
"ITM2B",2862,7020,18334,4468,16403,4826,3123,21448,3199,11192,4455,14719,7113,3004,11732,19813,6310,28219,9288,5669,5609,7373,8663
"ODC1",3385,2604,12446,20917,8826,8789,1863,11609,8533,14236,7268,11310,12353,3468,10941,13117,12190,5814,20015,8904,8850,14168,2750
"MED25",1878,2406,10191,19993,8597,5195,3179,16474,5002,10932,7902,13169,13406,5726,14515,17226,10588,7469,17958,11901,6776,8234,5531
"ISCA1",16585,5324,5116,10686,5377,10406,6958,8441,5388,11663,8122,4949,10903,6075,11740,15640,15600,3216,19433,11208,9049,11106,8904
"EIF4EBP2",1870,3696,11960,19226,8031,7142,2856,14943,10608,11671,5341,11793,9576,5829,10777,18044,14024,8829,12047,9805,8502,9353,5447
"ANKRD9",5454,2701,7616,15318,8976,9228,2819,12512,10652,8428,10299,12599,12115,3525,12150,19319,10302,4635,16812,8933,6875,13212,4562
"ATOSB",2427,3646,13483,18243,8854,8770,3569,11306,4407,10861,7586,8745,10032,5096,16985,14446,6761,8716,23339,8926,6911,10113,4300
"CSF3R",286,9585,28903,3041,19583,1788,2140,18024,187,11738,94,13691,1672,934,11880,29068,2597,35168,9189,891,3362,1159,12025
"SOD2",896,7131,14758,4227,21921,3330,2671,17597,2067,12431,2288,15120,4143,1445,15141,16417,4396,36527,11291,3016,3933,3762,10239
"SEC62",3979,5713,4123,13884,3246,6253,3258,12290,7610,7580,9978,18226,13146,4088,10118,8129,12784,2944,17382,25693,4480,13565,3050
"ELOF1",1986,4315,8876,20166,12218,7829,3663,13139,3696,14163,3423,12387,14258,5393,9453,11088,8586,5143,15720,6903,7491,11363,9576
"RPL13",4433,3297,9691,11220,9143,8952,2464,19249,15249,8251,13346,10377,8208,6120,8571,14900,12949,4489,9005,7810,10746,5742,5361
"BIRC2",4440,8949,4521,6859,7874,9326,8323,15745,14201,5224,15489,13361,12647,2890,7514,8971,13645,3124,7381,16825,6580,10013,4329
"MARK3",2556,5256,9407,13288,9795,6023,7192,15131,5254,11711,5585,13962,13244,3859,9004,14395,7183,9378,12418,5904,9465,12484,5675
"STMP1",5609,5737,7810,13311,3946,9219,3250,14459,8759,9455,5357,7064,11782,9061,10180,12856,13625,3210,8980,9458,8956,18429,6630
"UBALD2",3205,3766,9522,15377,9038,7668,3893,13271,5476,8702,7487,11250,13092,4482,13450,15576,8990,8156,17416,6625,6748,6905,5270
"TCP11L2",6646,10822,7177,13380,6072,6019,3223,11367,6690,10683,20290,6315,18935,6574,9164,8269,7248,5802,14097,5372,6894,10301,3955
"ARF1",3897,4294,7175,13479,6084,7577,4178,9372,5790,10229,6096,8479,14761,5480,14852,12270,9025,7045,17424,12253,9210,11135,4931
"DPM2",3062,2950,13970,16964,6859,7782,4498,9065,4083,12450,3049,9556,15878,7862,8194,16088,7339,5322,13597,5480,11006,12193,6713
"XK",4017,3512,6616,16005,4303,5772,3532,7710,7606,8605,5653,3931,8800,9490,9555,14897,16107,3815,16318,13026,4738,22986,6859
"EEF1A1",1189,6649,13725,6817,11973,5201,1516,16456,8443,12474,6540,6218,6266,3980,16033,15912,11948,11812,9184,18895,4039,3133,4800
"RAP1GAP",10652,1233,2189,20621,7629,2391,2053,8793,5085,762,4618,900,24876,17731,4644,18840,9131,160,26557,2400,3487,20690,7717
"METTL9",20561,9214,3849,9941,5890,8468,2242,7136,5624,5451,1282,8727,16205,6822,8222,3962,10573,1606,24679,6768,10578,19207,4752
"SPTB",1958,2309,9528,21632,4334,4066,1667,12489,5564,8229,4735,8688,9272,5007,15810,18060,8024,3815,20787,10478,6170,13263,4581
"PNRC1",1261,2556,7542,13983,7612,4752,1806,15669,3660,11422,10059,10355,12853,1796,11851,12078,4166,9631,21588,23850,3579,3398,3764
"SLC1A5",3292,4090,7664,14491,5343,10517,2888,13235,4418,8999,11155,7384,12540,4579,14336,13684,9484,7246,14981,11620,5016,6446,4195
"EIF1B",4056,4603,6149,12258,5581,6835,3583,14202,9829,10291,12969,5057,20521,5884,8029,10215,8112,3770,10118,7352,10134,10540,7182
"ANP32B",2014,3842,8822,16195,3557,7196,3098,13712,4397,10639,3949,11333,14564,4982,10882,9453,13229,11180,14409,10239,4730,10136,4563
"ISCU",7464,4632,6878,15956,5788,5235,3571,7178,7876,8840,10855,3987,10731,5619,14698,10490,9044,5373,11870,7270,15014,12482,4460
"AP2A1",1659,3049,8329,19146,8034,5426,2205,17540,2795,8842,1813,10149,10206,4518,10514,17948,11623,5119,17292,9874,7816,7299,3596
"RNF123",1936,2526,10897,17687,6421,6093,2467,11049,3389,8860,2562,6861,10603,7254,12599,16777,10249,5267,14534,10886,8556,11118,5040
"OAZ2",3418,2970,8289,12391,6547,5569,4114,10996,7194,9506,15769,4994,12055,5718,11821,14804,7172,8091,11547,8208,7950,6922,6052
"SLC7A5",4312,2266,5795,13915,6821,9635,1964,14255,7135,7389,12845,9109,10839,3008,10796,8904,6178,4293,21334,12376,3631,11395,2425
"ZMAT2",3280,4824,8304,12686,5674,6416,4191,5985,11973,7395,8688,8423,7648,4973,9679,11847,8095,4458,10735,16361,11344,12049,4921
"LPIN2",3427,3085,5613,8164,6306,4676,2640,9749,11182,8837,19594,11868,11134,3404,8713,7527,5722,4675,19183,11987,3908,13576,2091
"SRGN",860,12014,13262,1195,15057,2943,1968,13476,464,14442,225,14299,1917,1396,8466,14886,5582,38787,6880,2210,3510,1691,10206
"RPS2",1744,2830,9042,9942,7746,5925,1730,18430,5726,8212,5476,9681,8538,6714,9245,12048,17534,4073,9886,9055,9353,6608,3432
"PIGC",1988,8815,4460,18668,12115,3404,3603,5373,3545,12919,4060,15963,5483,6757,6736,12701,10430,6423,11605,5331,9325,5895,4303
"CLN8-AS1",2742,5810,7606,17618,12370,3408,3416,19152,9271,7633,5147,6526,7019,6425,6197,10151,6238,5018,5897,2937,7941,15851,4501
"S100A8",1949,14821,15696,1772,13829,3796,2521,12802,313,14018,71,9197,1542,894,12354,11465,7698,23843,12290,2984,4461,2779,7532
"NUCB1",1732,4142,6962,15646,4953,9420,1141,8582,3657,8941,4592,14424,17048,5786,9682,9398,7562,4632,9658,6970,8626,9426,4550
"GNA12",1079,1392,9522,14129,7108,2509,2632,3986,4772,14828,3602,8023,8906,5729,4327,17597,3351,5617,23844,15184,3379,11234,3735
"RAD23A",3310,3048,5826,15057,5275,5926,4715,11953,4509,10334,5515,10999,11443,5979,11601,8628,8698,2724,12415,9637,7446,7497,3718
"YOD1",1818,8943,4554,9701,5422,7372,1804,7755,7324,7103,14933,12720,10081,2363,7944,6831,11375,5053,12897,13852,4372,5833,5754
"FCGR3B",695,5191,24545,2197,23188,2436,2223,20633,240,6121,141,12281,2153,562,7277,11561,3423,26589,6340,1134,2455,3286,7777
"SH3GLB2",2809,2312,7690,12672,5613,6730,2133,6388,9274,6046,7440,4984,8566,6431,14646,13237,6884,4766,19680,4703,5522,9716,4074
"RPS15",6008,2657,9338,8844,7776,6164,2912,13877,11498,8445,6435,9425,7663,5374,6045,9367,9391,3656,9700,6062,8541,6426,4765
"UBAP1",2923,3346,5875,6810,6489,5364,4093,10180,8229,7839,14646,9096,10557,2848,8418,10335,6153,4900,14783,11346,3270,8976,3397
"TFE3",2130,2968,6962,11109,5864,4320,3006,8995,8149,5269,5481,7527,10299,5381,15175,10845,7724,4308,12241,8039,8403,9239,2989
"SELENOK",12971,5138,8754,12313,5515,6698,3446,11069,4658,6724,2849,8495,9737,3691,5783,6022,12970,4459,8960,5889,5249,8316,5246
"PSAP",1647,4930,15966,3991,14553,3093,2436,10701,4346,7691,5212,6111,4109,1735,12385,14129,5655,16003,8964,7076,6290,2979,4899
"ARRB2",1020,5945,10733,9638,8546,4277,2526,10773,3945,7576,2056,12096,6270,1252,10190,13864,6591,11267,13262,4635,4796,5465,5715
"ST3GAL1",1807,3015,8403,10614,5827,3749,3751,7926,7440,10027,6659,6919,4647,4659,11610,12259,5614,7233,6816,11787,9145,6470,5801
"MAP1LC3B",8037,3306,4772,11776,4635,5282,4487,6285,8394,7952,8015,5809,6070,4388,10255,9988,8831,3341,11505,9307,5682,8682,5008
"USP15",5521,5500,5260,7002,4820,5182,3655,7825,4511,9236,7102,7948,10800,3299,7767,8459,8056,6482,11221,12538,5025,10054,3907
"STK11",2530,1879,5377,13499,5834,4023,2245,9296,5640,6408,6076,9686,10595,4253,11593,9658,6773,2936,18301,5139,4813,11800,2700
"STOM",3460,4112,4685,7486,4138,5119,2056,14206,7431,7070,13506,12608,11285,2685,7087,4803,4800,2982,12335,11934,4444,8876,3498
"AKT2",2069,2098,6930,13436,8026,3499,1636,6844,8152,7454,10710,2791,6683,4328,13213,13091,6228,4029,11523,3781,9276,8303,2909
"RNF187",3307,1961,8844,11153,5050,4474,3493,7358,3808,9344,2553,5003,5719,2963,8138,16540,8839,2669,16549,8200,8510,7864,3329
"DYNLL1",10486,3166,2898,7249,4232,6493,5486,7763,13293,6008,9790,5048,10090,3637,8803,3904,9252,2254,10685,9713,5699,6850,2640
"UBE2B",7660,3909,3542,10647,3310,5081,3404,8231,5075,4039,5995,9124,9958,2972,10020,6362,10955,3198,11536,15174,4454,7941,2337
"MAP2K2",2346,2669,6466,9437,6594,6688,2895,12043,3528,7200,2092,6024,10482,5235,12286,12831,7970,4010,12331,4883,6821,4108,5109
"AP2B1",2149,2554,5144,14815,4498,5067,2877,7197,5829,8089,5898,4248,6997,3558,9027,9517,9324,3814,13166,10363,5914,9489,4051
"SH3BGRL3",1132,2082,7223,20311,7359,1919,2181,4701,1711,9747,2797,6458,8918,4477,12195,8386,5140,7134,16344,4531,6097,4110,6535
"TMSB4X",943,5731,16058,1593,12764,3286,1672,14239,1320,10375,646,10991,2680,936,8722,12010,5828,18178,6234,3948,3172,4088,5354
"EIF5",3125,2457,5123,7263,4256,4695,4417,7328,5470,8317,10997,7591,9354,3576,5800,9597,4466,6762,15072,8577,3809,8020,4079
"NUDT4",2720,2967,3771,5376,3603,5256,3644,8782,5020,5061,13071,14852,8790,2354,7051,7710,6484,3776,11570,17001,2778,4789,2185
"E2F2",2096,2027,5163,7190,4563,3968,1798,8829,8255,7474,19687,8173,7788,4005,6023,8572,4076,2873,10890,6428,4506,10990,2997
"PDZK1IP1",915,1989,18823,8159,9404,5116,589,13704,1736,12032,6837,2052,9104,3780,9385,8059,6747,6456,8757,2822,6080,2503,2592
"YY1AP1",1377,2292,7636,10849,8046,4504,2563,9447,5949,6210,8653,4272,7420,5008,8932,10293,5798,4254,8835,5742,7646,7846,3489
"GUCD1",877,2192,5758,12045,4854,3886,1093,9805,4715,7958,5046,9354,10061,2614,6170,10827,7989,3746,17138,5990,3121,8006,2970
"SMIM1",1284,3282,1861,22908,6571,9544,7057,3116,6386,7976,666,9992,12891,3993,1316,3088,3401,2666,8962,3231,14575,9928,916
"SMOX",3162,1782,5577,6493,4655,7168,2875,4813,10734,9724,3978,5695,7878,8584,9483,10044,4903,3282,13672,5896,3733,4950,4904
"MARCHF2",2175,2522,5835,15478,6124,2859,2350,7207,4000,10044,3280,6079,8432,3411,6844,12523,7295,3169,12596,4162,6431,6982,2894
"GRK6",1834,3231,7358,10839,7584,5219,1930,7463,3947,5052,1991,5993,6235,3588,12763,11904,7487,4691,10809,6469,5824,5854,3669
"PPP6R1",1892,2305,7937,14932,6014,3963,2084,7594,3484,5644,1748,6007,6204,3322,9842,11680,6026,5537,10527,9116,5414,6852,2422
"PPDPF",1312,769,7374,21510,4418,2446,2565,17511,2951,8170,3347,5415,7967,5273,4123,4201,7292,3544,10082,5479,5641,5222,3553
"KLF1",2733,2306,6601,8647,6322,6638,2727,11566,3066,7647,4224,8653,6689,2768,8390,9677,4757,4520,11468,6832,3895,6445,3581
"PSME4",2150,3906,4000,8700,2810,5187,1755,6042,7732,5335,14052,5653,7555,4006,6875,7608,6533,3035,9741,9210,5032,8372,4221
"PINK1",1614,2120,6616,11698,5029,4271,2383,9060,4409,6718,4387,4554,7962,3571,10697,10698,7018,3647,10992,6564,6549,5594,3295
"CTSS",246,5139,15308,769,14569,1832,1501,12669,318,7615,141,8388,1727,406,8772,15680,2375,26676,5930,717,2536,1067,4821
"LCP1",217,6421,14891,847,15126,1776,1396,12316,505,9055,212,8456,1368,749,7797,13565,2426,25098,6126,852,2620,1104,5284
"PRDX5",5116,4666,5244,6693,5598,3720,3122,10950,4139,9137,2264,14176,7847,2795,6319,8612,6856,1290,6283,4758,4465,8989,4905
"RALBP1",1222,2904,6183,11037,3702,4842,1796,8867,6308,5408,5868,6709,6892,3314,7929,13586,7497,4192,8940,6227,5328,6206,2652
"RMND5A",1891,3760,3854,7103,3643,5536,3657,7183,5327,4705,4433,7371,7799,3688,6670,6967,7095,3827,12195,14436,4804,6267,3958
"FUNDC2",8494,3901,6071,7727,6017,6821,3307,8595,6001,7432,3954,5872,6555,3047,5789,5910,8887,3461,7671,6366,5370,3653,5199
"HPS1",3708,1918,4369,8791,3566,5783,3589,6373,4862,4796,2959,6397,9393,6026,5220,6174,13789,2286,11579,7654,8205,4641,3833
"ACP1",4911,2689,3769,12342,2291,4678,3003,8136,2705,8148,2588,4052,10933,7130,6736,8699,6695,3092,11214,4278,6475,6023,4369
"RPS14",10349,3259,4389,7420,4952,4020,1749,15080,4985,5911,4829,8044,6243,3311,4985,9213,9911,2196,5165,6428,4534,3399,4378
"POLL",1187,2369,9184,11086,5059,4391,2839,7574,2682,6561,3477,4674,7616,3953,8933,13056,6485,5327,10185,3046,5887,4308,4425
"OR2W3",947,2909,8607,9152,4741,4864,1434,7122,1011,6138,1129,7455,8984,3069,8999,6696,10975,5375,9673,11707,6367,3892,1898
"NUTM2A-AS1",880,2651,3097,16530,9655,3993,1764,16183,4208,5291,10518,3462,17755,1230,4225,5078,1239,3264,5612,2853,10120,2837,619
"SLC66A2",2217,2650,8047,12457,4352,4091,1471,12839,92,5680,4344,2448,14551,4244,11062,7530,398,7100,8808,9040,182,4822,4316
"PRDX2",3589,1655,3578,13674,2646,5232,2643,4594,2242,8367,2395,2704,9470,7305,8053,10766,8583,2657,9081,3844,7027,5935,5617
"ALDH5A1",1260,2130,4177,9883,4328,2473,1331,8355,9410,5390,7176,4679,10099,4129,4970,9494,6135,3480,6301,8294,3985,9576,3795
"EIF1AY",5402,7147,18,16843,2914,19,3555,36,12916,12229,14,5460,0,12,11290,14880,0,0,15489,16116,6360,11,0
"RPL8",2222,1688,8046,4824,7089,4338,1049,18679,5388,5160,5852,7350,7253,3814,4079,8577,9515,2471,5184,5744,4196,3827,3940
"TAGLN2",293,3958,11015,1155,4724,2818,1303,11096,527,12498,263,11421,2627,665,8769,10720,3954,24071,5974,1980,1966,2305,5090
"BRD4",1036,1722,6019,11115,4809,3983,1916,8202,3459,5025,5287,5184,8410,3477,7512,12581,5064,4571,11064,5115,4491,6089,3028
"ZFAND5",1989,2750,4204,4596,5367,4807,3528,7177,4703,5123,16537,9099,8026,2810,6088,4752,4346,3437,10189,8708,3069,4519,3239
"RPL32",4395,2446,7483,7230,5148,5238,1214,19383,5252,6354,3578,7124,7512,3723,3823,6360,8057,2605,6092,3743,4638,4310,2984
"RNF182",603,67,1138,72,246,2788,102,1053,75,23014,295,56,2511,105,2698,307,25700,10435,166,48281,19,8084,733
"MNDA",336,4051,15037,1352,16334,1098,1338,15433,126,5249,68,6269,1479,290,8599,14654,2332,17747,5341,934,3877,1371,4181
"USP32",1066,2348,5549,9965,6056,2657,2676,9583,3320,5289,3930,4238,7548,2676,6559,9003,5359,6584,8583,9252,4726,7018,3269
"RPL4",536,1975,8375,9118,9158,3193,606,15596,5779,4741,7429,4316,5514,4390,5804,10565,6171,2772,6584,3643,4742,3548,2540
"DAZAP2",1697,3535,7339,4263,6476,3367,1865,9096,4957,6225,7021,6127,6728,3507,6199,10473,4269,10343,7410,2591,3704,6114,3759
"MCL1",334,6667,14302,1206,13064,1370,962,10484,669,4281,1098,8422,1112,636,7386,12413,2076,24722,6963,926,2220,1003,4151
"INPP5K",1950,3227,3937,12484,4565,3216,2449,4518,4528,6723,4115,5216,7969,3336,9682,6144,5654,3093,9071,4929,7740,7561,3796
"UBC",1036,5147,7859,2613,7434,2625,1461,8736,5933,4835,14655,6773,2122,1739,5361,9290,3592,9932,5903,8270,2475,3728,3206
"HMBS",5624,2320,3974,5408,3460,4369,3252,5970,6469,8267,10979,4968,5910,3655,5730,6759,6963,2324,6204,5344,3825,9078,3106
"MKNK2",1430,2063,6232,6742,5118,3213,1015,11023,5608,5317,7745,6536,4484,1981,8542,7532,5178,7036,9921,5483,2262,6948,2124
"NSUN3",4077,2983,3937,6203,3245,5768,1659,6626,6020,4574,12974,5085,7423,2132,6617,5909,6497,2734,8026,6897,3647,8375,1744
"H3-3A",1947,4853,9979,2257,9018,2223,2058,10564,2561,7642,1546,8621,3015,1096,7510,9306,3055,17808,5083,2230,2706,3234,4457
"SHARPIN",1196,2427,10499,13005,10616,3294,1522,10123,2650,6241,642,7556,4765,2527,3985,10835,4400,3923,6753,3387,4741,4030,2713
"PNP",5008,2792,2627,5210,2277,4080,3293,4938,5534,6791,10986,6427,5329,2491,4604,5829,6603,1843,6740,13009,3281,7970,2992
"ATP5F1B",2434,3469,3335,8385,2639,4593,2676,3153,2208,5858,1912,3359,8412,4001,10430,7422,7145,2563,9088,11530,6224,5356,3969
"MAN2A2",1517,1756,8256,10312,4909,2998,2039,7259,2964,6029,2311,3597,5344,3069,8626,11847,4382,3869,10685,5556,5733,4564,2528
"RNF14",2744,2816,3273,7141,3435,2800,2288,4819,4265,9625,7517,6035,7506,3226,6044,6628,5940,2245,11914,7648,3686,5066,2805
"ACP5",1896,1921,3206,4354,5110,3707,4311,10360,2147,6612,2718,1944,10535,3785,4970,4065,4189,3389,21896,2686,3428,8494,2496
"MCOLN1",1478,2149,4495,8342,3141,5100,1110,6810,1877,4800,3061,7925,9711,3283,7983,10374,5247,2784,9216,5837,3191,5137,4766
"PTK2B",1061,1651,6038,7716,2429,3926,1992,7020,3061,5427,2543,7020,7771,3067,6895,9321,4650,4721,13274,6461,3873,4011,2975
"UBL7",1922,1592,4906,9156,4345,4210,2086,6748,3336,6174,3067,3436,6179,4297,6912,7688,6438,3359,11800,3889,4759,5402,4059
"ZBTB44",1989,3055,5302,7342,6584,4005,1842,7900,5197,4813,4734,5228,4778,2877,5754,8949,5334,2768,7641,4845,5762,5734,2411
"DUSP1",164,3154,22945,1801,19442,969,340,11256,412,2218,787,5317,1473,208,8057,12258,3088,5300,10047,1140,1635,666,1534
"RGS2",412,2859,16850,1616,14855,2058,998,9693,142,5837,30,6146,1180,359,5597,14067,3710,12778,7256,793,1413,1124,4042
"GID4",1060,2632,3777,8680,4000,2951,1082,6634,3634,5680,2945,6292,5718,2670,6633,9872,6746,2548,10255,8725,6142,3286,1799
"VCF1",1996,1919,4374,8058,5759,3489,3657,5693,4167,6359,3348,2863,6929,2856,6780,5920,4787,2904,7533,6959,6482,7244,2657
"CDIPT",1702,2177,4999,7874,4321,4402,2148,6716,4459,5195,2085,4926,7183,2559,8275,7126,5321,2903,9384,4948,4235,5528,2854
"KDM7A-DT",2392,1641,4626,9843,3658,3221,1560,8052,5018,6305,4578,4741,4897,3329,6005,5295,8403,2365,8091,5579,4727,5966,839
"SH3BGRL",4421,2686,3658,9177,2828,3122,2678,6091,3856,7885,1933,3097,5649,3975,3715,7059,6038,3714,6653,4858,3032,10133,4239
"DCAF6",1156,2649,4349,7853,3309,3377,2759,7643,4959,6132,4201,5558,5122,3132,4586,8299,4929,3824,6807,5802,5251,5379,3064
"TOP1",1609,1558,3372,5202,2639,3187,1087,5737,6431,3784,13605,6924,6518,2712,4417,5771,2957,2448,9004,8612,2307,8539,1695
"CPEB4",1837,1813,3616,4807,3292,2806,1644,4689,5016,3715,16448,5712,5409,2907,5051,5098,3868,3051,9186,10004,2068,5995,1896
"CISD2",5814,3600,2279,8508,2271,4666,2822,4547,2898,6075,3241,4628,7812,5391,5953,4289,6778,1804,7448,5830,4274,4589,3995
"PPP2R5B",987,2231,4196,7792,4832,7213,2173,8042,1955,2350,1356,6013,8806,3644,7127,10746,3662,4346,12555,2022,2002,2114,3346
"TFRC",1837,1011,2956,4040,1634,3421,881,11663,6279,3523,21286,8087,5904,1640,3092,4468,2934,1279,7469,5894,1359,7159,1169
"TCF3",1659,1350,4414,10706,3851,2970,1869,9201,3383,3588,1722,5240,7777,2197,7549,7097,6259,1751,9659,3325,5154,5481,1689
"PITHD1",1178,1734,2392,7002,3897,1821,1148,7947,1510,6908,3805,10588,9993,2326,3425,6096,3888,2839,11430,5860,1997,6830,2886
"GNB2",1182,2457,5080,5379,5115,2867,1559,8205,2665,4738,1450,7674,4958,2474,7458,8847,4637,6142,7438,6478,3765,3090,3080
"HDLBP",565,1559,5021,10834,4505,2280,970,8991,2180,4906,1548,4578,5398,3425,6317,10463,5677,2652,9495,4496,4826,3014,2109
"RPL7",739,2256,6928,7354,5930,2991,797,13843,4584,4329,7885,3404,4949,2574,3639,6677,5771,2862,4554,3348,3760,3630,2887
"AP2S1",3344,1561,3314,8455,3874,3516,2366,6602,4202,5770,1704,3512,5293,4266,5990,6203,5669,2743,8255,5125,5417,4210,4093
"RPIA",1023,1705,3288,10941,3630,2116,1331,4866,1824,3969,947,4819,8566,2230,6949,9954,6457,2436,9603,6068,3463,6198,3099
"RPL31",1905,2109,5993,5851,4027,4778,980,15639,3683,4986,4672,5090,4953,3558,3184,5691,7759,2425,4866,2983,3888,2957,3333
"RPL18A",4938,1431,5715,4854,5837,3577,1264,12098,6317,4101,6964,5205,4963,2852,3136,6028,5314,2291,4745,2711,4509,4131,2085
"PLCL2",1003,2215,3396,4759,1738,2337,2126,5747,5699,3750,13564,3050,6986,3244,5392,5813,3798,2933,8413,5398,3627,6433,2938
"RPL35A",3532,2385,4499,5276,4796,3875,1356,13888,4693,4160,4899,6777,4846,1928,2822,5414,6909,1774,4024,5855,3432,3292,2888
"ARL4A",3570,1773,1645,3874,1350,2513,1775,3999,5493,5500,16604,5409,5894,3053,4264,4738,3849,1660,7085,7670,1799,6428,2645
"PTP4A2",1269,3639,3674,5149,3915,1921,1607,5139,1757,5656,1869,4598,3888,2553,4445,4647,19366,4400,5327,5648,4593,3099,2752
"SRSF8",3325,2687,3116,6523,2930,3116,2313,4669,5048,5202,3238,3511,9047,3469,4299,5489,4561,2528,6895,6853,3608,6295,2141
"GHITM",5406,3436,2652,6802,1593,3695,2807,4249,2433,5193,3501,2910,5320,1358,5639,6494,7017,2236,7861,6313,5105,5393,3322
"GDE1",1730,2283,3878,5047,3445,3273,1735,6900,3550,4134,7028,2866,7120,2064,6950,7343,4186,3030,5752,5846,5845,4128,2353
"SELL",337,4094,11926,987,8346,1572,1522,9172,499,5039,229,6673,991,595,6127,8632,1454,16906,3635,576,4158,1573,4938
"PCSK1N",691,553,22278,5674,4197,1969,1072,8915,2568,6030,905,2842,5501,1866,10782,2055,3232,3132,7500,1584,2086,3032,1257
"IQSEC1",4422,1660,6823,7049,4791,2342,1801,6009,3290,4909,1447,3619,6469,2383,5002,9480,3916,4396,6333,2926,2664,3463,4371
"FOS",106,1164,29949,1445,15209,574,199,5545,219,746,404,1175,2047,67,12270,7713,3704,2159,10289,1918,1110,1012,399
"H3-3B",299,2998,8733,995,10973,1396,782,9487,427,5539,559,8627,969,570,5934,9470,2244,17104,5792,720,1485,734,3496
"TANGO2",1429,1510,5098,8080,4488,2718,1635,7471,2520,6414,2133,4378,5700,2433,5217,6700,4505,3314,7168,2916,4487,5333,2162
"NPL",1160,1857,4734,5655,2972,3713,1587,5984,2817,6540,4642,2255,6681,2492,5705,6113,5063,3354,8636,3908,3950,3419,2921
"HSP90AA1",667,2293,1767,905,1152,812,433,2169,20898,1644,36874,2959,1291,746,1744,2674,1543,2036,1393,6961,1637,2591,901
"HECTD4",1093,1028,4111,5838,2812,2203,1018,3542,4815,3027,10291,2673,3603,2769,6652,6953,3447,2368,8493,7334,3053,6617,2104
"GATA1",1488,1917,5269,7976,4327,3241,1500,7142,2306,5862,2611,6444,5072,2230,4640,5887,4882,2953,5128,3746,4054,4445,2510
"DDB1",1005,1623,2940,8792,1988,2914,750,3283,3628,4805,8165,3398,4690,2814,5451,7693,4036,1870,7263,7376,3695,4307,2415
"WAC",1477,2346,5411,6247,3656,3118,1367,7145,3615,3049,4508,5519,5626,1860,5091,6533,4857,4291,5357,4095,3270,4753,1705
"RPS24",1235,2653,5470,5055,3841,3892,840,11526,3362,4123,5066,4136,4156,3077,4143,5896,6610,2069,4592,3573,3294,3065,2912
"WIPI2",1722,1822,3200,6339,3901,3936,1047,4780,4304,3455,5004,3268,5607,2234,6218,5599,4937,3159,5888,6674,3745,5900,1704
"FGFR1OP2",3033,2589,2677,5864,3934,3371,3132,5072,1653,5990,3510,3731,4480,3862,3971,5563,5903,3026,7900,3809,4731,3449,3150
"CXCR2",165,1120,11869,966,9709,1165,846,11088,101,3771,32,4669,1371,153,8341,12616,1802,14122,4307,524,1582,742,2749
"MAPK1",1353,2151,4098,5247,3312,3592,1821,5681,2615,4578,4694,4082,5709,1962,6096,5977,3862,4150,6990,5905,3725,3827,2381
"TMBIM6",2835,1528,5335,2598,5110,2279,1925,5750,4979,4842,4890,3310,2799,2413,5952,6382,3820,8025,5112,4825,2626,3614,2147
"CDK12",785,1500,3992,6153,2644,3141,1519,6310,4854,3034,6644,2771,4732,2216,4826,9165,3859,2673,5141,6563,4183,4481,1884
"MTPN",843,1893,4841,7473,3773,2045,1206,5755,2350,4302,3988,2951,5434,2971,5496,6657,4344,4608,5738,6007,3889,3550,2447
"UBALD1",1751,1195,3042,6318,3080,3764,1764,4438,4354,4543,9021,5030,5291,2683,4644,5402,3894,2394,6531,3263,2448,5100,2333
"PTPRC",144,3590,9267,609,7204,1153,1056,8092,490,4365,170,4750,1015,474,7963,10508,1216,18710,3519,452,1847,850,4507
"MRFAP1",874,2635,3042,4929,2816,3371,1088,3298,5382,4737,5689,3803,6860,2852,4601,4803,3860,2340,7907,4062,5012,4998,2904
"DCAF11",1464,1480,3529,5978,3531,2788,1357,5928,3477,4353,4301,6228,6100,2529,4470,6658,2956,2238,6256,3546,2813,7177,2203
"RPL13A",2081,2223,4924,3643,6191,2788,979,8773,5475,4438,4587,5393,2971,1885,4080,5914,5573,2721,4431,4505,3133,2248,1909
"ESPN",3088,167,18361,2008,2449,3496,4199,3381,14223,4954,562,4732,1150,1708,7768,3690,3722,3927,2228,269,2229,857,1686
"ITGB2",181,3365,12941,626,10244,1210,920,6274,376,4743,142,4224,1074,608,6858,10132,1648,14384,4260,574,1997,866,3102
"KLF3",1060,1555,3376,4739,3208,2459,1408,5387,4210,3886,9415,4453,4757,2044,4396,5054,2888,3325,7653,4198,2497,5947,2645
"RGCC",2051,1560,2771,7806,3968,3709,1672,5141,1581,2717,2894,4849,7739,2134,5445,3702,4492,1751,10387,5781,3181,3216,1893
"AGO2",818,1313,3996,9738,4679,2326,1338,5783,2301,3194,1745,3979,4141,2105,5344,7223,4127,2598,7750,5836,3822,3860,1885
"HSP90AB1",829,1371,2076,2425,1191,1281,862,2198,12777,1556,30220,2911,1597,1628,2942,3686,2265,791,2260,7301,2330,3156,1374
"GYPB",2492,1325,3195,10060,2324,4496,1622,4791,2958,4221,4482,1156,1756,2568,9198,5426,4595,1901,5240,7292,2536,3814,1507
"RPL19",1742,1461,4802,5238,3915,2576,903,11416,4997,4533,3646,4096,4319,2762,3556,5495,5219,2320,4480,2758,3453,2949,1965
"DCUN1D1",1622,2754,3504,7207,3308,3367,1502,6330,2264,4827,2800,4287,5356,2496,3715,4742,5148,3130,6090,3525,3458,4140,2939
"KANK2",1027,1319,1683,6277,2055,2589,501,5555,4561,3282,7346,2102,6028,2022,6095,3283,1625,1860,10024,9751,1632,6096,1334
"EPN1",1487,1245,3126,7463,3102,2339,1277,7152,2797,4076,1339,3409,3446,2495,7846,7007,5321,2338,6763,3609,4466,4112,1694
"ASAP1",648,1348,3378,5027,1972,2217,1616,4801,3229,3252,2846,4565,8495,2150,3427,5257,3796,2929,6020,8707,2543,5376,4167
"CUL4A",1270,2078,3535,5792,2498,2149,1312,4400,2531,3401,2216,4802,7032,3361,4418,5860,5708,1711,5045,6481,4230,4765,2852
"TMEM63B",808,1110,3248,6611,3935,2371,1245,8204,2659,3880,3719,4555,5160,1617,4874,7352,3292,2703,7449,3632,2769,4100,1916
"SERPINA1",210,3569,8881,756,8361,1379,997,6610,178,6661,56,4175,989,328,6994,7506,1589,18434,4069,477,1648,728,2454
"NAPA",2119,1369,3450,5940,3210,1970,2545,3293,4053,4306,2705,1838,4190,3759,6206,5229,3449,2358,7000,4915,4589,5338,3159
"CLK3",1085,1562,4441,6557,3142,2537,1104,4855,2176,5000,3208,4219,4411,2618,5138,6778,3824,3307,6730,5105,2985,3927,2212
"PLVAP",1299,1012,3113,7555,4151,2508,1606,5850,951,3417,2348,1451,5411,3152,4463,8178,1785,6419,6696,3750,2773,5356,2900
"PTMS",1003,757,7224,6887,3206,3479,1004,10752,3993,4034,1049,3408,5115,2231,3953,5158,5750,1780,5058,2487,2379,4214,1109
"FPR1",239,3092,8546,700,9085,1141,769,9012,96,6502,51,6795,1138,329,6533,6688,1663,13953,3482,377,1832,813,3169
"TMBIM1",1528,2048,5091,4504,2509,2068,1645,5722,1968,3214,1610,2857,6116,3478,6769,5486,7360,1963,5338,5669,2149,3989,1560
"HNRNPK",1834,2453,3678,2808,3593,2200,1302,3911,3586,3978,5091,3546,3299,2028,5034,5068,3818,4818,4829,7214,2319,5176,2199
"MYO1F",115,3402,11021,1021,8636,932,810,8043,152,3905,56,4743,738,277,5277,10077,1375,13473,3689,413,1506,531,3579
"IFIT3",4434,466,1883,713,3014,604,934,5630,5214,837,4285,2258,580,1826,4261,6310,850,6296,597,1131,3332,24819,3435
"TAX1BP1",2204,3060,1813,5006,1745,2810,2188,2979,3244,3051,4093,3148,3975,1712,6011,3720,4788,1540,6353,9369,3493,5507,1804
"MFSD2B",1046,996,4062,6053,3072,2702,1219,5666,2737,3794,3788,1910,4841,3175,5396,6885,4931,2385,5977,2388,3442,4293,2123
"CYB5R3",1072,1555,3159,8571,3200,3403,1172,8649,2732,3549,1351,3435,4390,2478,4431,5476,3181,2651,5462,2934,3585,4471,1870
"RPS9",2604,2718,4546,3604,6803,1875,1177,8204,3055,7151,839,4676,2965,1625,4012,3804,4030,5462,4552,2113,2701,1816,1953
"AIDA",1405,2436,2445,6261,2508,2356,1400,5634,4110,2867,2286,3550,5730,2916,3097,5333,3538,1491,4655,4481,4268,6966,1925
"BCL2L13",867,1494,2523,6873,2096,2721,1287,5783,2853,4080,4716,3209,6031,2734,4650,4357,4344,1600,7008,3414,4003,3481,1421
"TMEM183A",2579,1656,3158,6862,3380,2828,1574,5012,2019,4839,1524,2719,4656,2351,4537,5848,5617,2820,5399,3045,3529,3543,2035
"PA2G4",1465,1947,2958,5318,1553,3921,1584,5823,2903,4074,3197,2878,4214,2309,5693,5362,5554,1174,4619,3869,3738,4272,2333
"PPP1R9B",730,1441,5609,5254,4234,1411,1199,6191,2296,4248,956,5368,5251,1192,5576,6373,2849,2842,3976,3588,3017,5422,1498
"RPL29",3834,1036,4821,4326,3510,2656,1038,10313,4926,3391,3765,2994,3392,2758,2834,5083,4381,1918,3362,1724,2563,3988,1887
"BMP2K",680,1246,3905,6258,2061,2198,1644,3953,4465,4451,5557,1667,4806,2461,3730,4104,3437,2383,6510,2282,4220,6001,2008
"JUNB",275,1953,12814,1384,9127,863,684,5927,291,2877,994,3336,1065,477,8023,7107,2693,8198,6651,1081,1154,621,1548
"UBAC1",1214,1223,3674,7669,2950,2673,773,3594,3357,4806,2533,2345,4763,3085,3453,3492,4057,1634,5779,2678,5229,7190,898
"PTEN",591,2600,4239,3988,3940,2916,1088,6462,2138,3807,2108,4539,3171,1451,4341,6143,3482,5849,5164,2817,3366,1783,3062
"RBX1",11510,2456,1928,3552,1748,2706,2150,3030,5077,3680,5012,2593,3779,2105,3040,2760,4203,1273,3479,3399,2595,4740,2011
"MFN2",1180,1084,3918,7439,3151,2191,435,6233,4345,2454,2203,2176,4579,972,5887,5992,2376,2641,8587,5733,1055,2844,1034
"YPEL5",2199,2571,2664,2797,3021,2060,1893,4439,3107,4539,6996,3946,4439,1624,3267,4058,2623,4688,5575,3843,2120,2879,2283
"PSME1",13933,1105,1720,2185,2358,2030,1956,2207,4921,2262,1156,2370,2117,4006,2834,2843,1802,2612,2011,2208,2863,12646,3298
"LYZ",213,4283,13098,221,10044,1151,743,4405,276,4634,119,1377,1200,185,6896,4375,3694,9818,4324,2291,1255,940,1829
"LAPTM5",176,2744,7301,554,7131,1046,863,7148,382,6049,236,5056,937,447,4532,8447,1353,14035,3226,441,1243,673,3163
"SSBP3",1007,1337,3442,5214,2413,2281,1757,5017,2914,4086,1516,5103,3836,2123,2222,5627,3699,3244,7278,4087,2691,4206,1701
"LITAF",123,2726,7257,570,7764,868,804,7041,179,5277,67,5608,806,416,5987,6964,1132,14469,2918,412,1061,533,3357
"CYSTM1",1854,1467,2684,5822,1929,2589,2446,6514,1846,4947,1752,2830,3530,1644,3651,2910,6009,1825,6619,2349,2987,3919,3761
"MSN",116,2386,7880,570,8150,1095,756,6420,396,3891,201,4247,1042,478,4883,8788,1297,12961,3886,736,1296,906,2624
"TUBB4B",1678,1817,2866,2966,3079,3858,1678,4374,4723,3339,3990,3516,4136,2211,3024,2885,3622,2379,4341,5674,2490,4146,2027
"ECSIT",1040,1344,3154,4100,3861,2750,1915,5271,2983,3279,2964,2547,3914,2072,5334,4502,3272,1607,5742,4009,3541,3133,2391
"SAT1",668,3208,5066,1333,5190,936,715,4894,1647,4274,2727,5381,1056,1329,3855,7885,1588,9818,3189,1212,1866,1729,5019
"COPS3",2204,1541,3621,4378,2298,1882,2489,3258,1957,2956,5542,2110,3176,4780,5080,2673,5051,1836,5687,4020,3471,2200,2099
"FZR1",1155,1622,3559,5303,3364,2801,1483,4317,1151,3577,1938,4025,4922,1668,4726,5789,3479,2795,5610,4026,2372,2713,1910
"COTL1",139,2846,7750,658,6805,1023,708,5643,368,5207,163,5619,836,347,5011,6903,1631,13676,3329,555,1308,638,3028
"VPS28",1020,1007,3696,3821,4371,2735,1194,4343,1973,5329,2336,3687,4301,1643,3536,5352,6089,2071,3497,2256,3056,2858,3655
"MBP",878,1731,4468,4086,3401,1827,992,3603,1892,3595,763,3426,5369,1333,3883,6506,2443,5050,6221,3798,2381,2882,3238
"SORL1",82,2488,10422,770,8024,764,511,5299,104,3199,34,3592,1109,308,6532,9599,890,10907,3825,555,1222,504,2950
"SHISA5",3276,1171,2138,2206,2509,1067,981,3949,6608,2250,1991,2516,1466,3141,3704,4796,1040,5567,1858,1476,2237,15475,2136
"LINC00570",1921,1431,5472,6233,2847,1961,695,5454,1966,4721,1120,3003,5952,2378,3662,6257,2817,1467,5421,1353,2114,3409,1893
"RPS6",1995,1392,5242,4220,3808,1818,433,10450,3481,3193,3400,2493,2691,2197,2843,5456,4859,2375,3211,1766,1970,1796,1821
"RAB11B",833,819,3449,7319,2320,2341,1298,3909,1767,3866,1487,2753,4859,2366,5211,5314,3907,2376,5182,2695,3101,2726,2452
"C6orf62",1830,1921,2113,2828,2376,2140,1087,3250,2549,4870,3751,3280,3767,1831,4212,4574,3202,3325,6719,3158,1800,4585,2750
"SECISBP2",579,1698,3213,6386,2361,2031,982,4170,2596,3352,2809,2183,4233,1856,3868,4510,4166,2343,5251,3108,3576,4405,1893
"PCBP2",672,1229,3056,5382,2477,1940,748,5746,2766,3274,2321,5552,5559,1517,2981,4937,4279,2276,4339,2698,2881,2599,2189
"RPL38",1105,1225,4016,4247,3311,3141,415,11307,2890,2937,2123,5108,4902,1522,2014,3548,3681,1248,3029,2033,2683,2854,1825
"STAT6",396,1787,8317,4112,4621,2007,1055,4334,1420,3546,1910,2433,1856,1950,3961,6512,2241,5754,3525,941,2751,3002,2696
"GET3",2660,794,2501,4035,3174,1927,1632,3900,1879,2561,1655,1604,3012,3476,5565,4176,6679,1319,5945,3815,3744,3093,1828
"GNAI2",208,2498,7561,832,7067,1046,767,6184,502,4139,251,4927,1476,540,4429,6178,1588,10790,3651,669,1360,1364,2568
"SPI1",179,2481,7959,796,6498,1006,942,6129,156,5052,48,5193,770,194,4804,6194,1482,12112,3458,310,1289,522,2975
"ARHGDIB",140,2872,6957,433,5910,1269,676,6514,435,5199,178,4946,825,428,4812,6781,1898,11187,3359,997,1380,923,2358
"YIPF6",4187,2030,1974,3963,1685,2139,1499,3464,2831,3876,5068,1857,3645,2351,3546,4466,2693,1248,6301,3126,2598,3231,1883
"SMAP2",593,1977,6183,1619,5133,1534,723,6125,695,2625,249,5631,1966,1222,4288,5387,1993,8453,3993,2038,2034,2633,2528
"SLC44A2",843,1672,4466,3576,4631,1679,1041,5791,1348,3068,652,3167,2617,1275,5387,7010,2819,5006,4579,2487,2208,2130,2157
"BCAM",297,311,1598,11268,2821,1057,469,7657,448,3154,791,2666,2978,667,2909,10886,4294,2271,6383,3151,1279,1371,747
"RPL28",2427,1252,3890,2924,3039,2990,1271,7572,3886,2660,2421,5689,2738,1840,2232,3824,3699,2473,3061,1648,2286,2730,2871
"CTDSP2",483,933,4024,4324,3801,1071,910,4566,1294,3509,1513,2522,2692,1994,4613,9017,2779,4210,7074,2590,1968,1602,1411
"DAP",1178,1592,1652,2930,2102,2007,1407,3873,1140,6315,807,4992,7028,1752,3233,3329,4511,1641,4058,3712,3865,4141,1504
"GABARAPL1",615,1572,2646,3971,1944,1910,471,4270,5135,2827,8727,3759,3502,960,2742,3047,2076,2976,4181,3146,1229,5368,1563
"JUND",757,1221,2545,4024,3471,4073,1992,4768,1720,3175,2187,6483,3456,877,3778,4320,3824,3775,4818,2377,937,2164,1442
"CORO1A",162,2335,8592,860,7275,906,619,5963,588,4549,170,4018,657,375,4234,6734,1559,9193,3735,464,1567,570,2279
"PAPOLA",566,1417,2841,3373,1896,1481,876,4293,4969,2485,9250,2919,3000,1437,3478,4522,2441,2389,5068,2214,1958,3101,1398
"FLOT2",912,1834,4575,4390,3308,2019,1887,4360,910,3458,644,2337,2644,1507,5582,4826,3763,4921,4716,2308,2606,2125,1571
"ISG15",9466,348,284,1332,1399,749,1029,2837,9184,955,4484,2325,944,2532,1698,2502,480,2113,286,1457,2541,15049,3016
"UBQLN1",907,1800,2383,5005,2063,2049,1068,3659,1876,2848,1931,3516,4137,1636,4034,3604,3509,2364,5749,6562,2176,2523,1342
"USP7",863,1280,2461,3762,2020,1738,1007,3926,2469,2597,4901,5889,3189,1274,3573,4075,2269,2389,5427,3908,1728,4368,1275
"TRIM10",1394,928,3149,4532,1876,1953,822,5754,2483,3448,3407,3916,4968,1986,2513,4046,2122,1966,4113,1896,1960,5860,1227
"JAZF1",1100,1426,3597,5838,1623,3657,1080,3900,1628,3030,920,2223,5026,1714,3078,2699,6273,1486,4393,3867,2685,3519,1341
"MT-CO3",1699,4826,6493,2826,1841,931,1545,1947,931,7244,650,1035,2711,1686,2695,6453,6482,4219,2411,4175,888,635,1744
"TMEM59",4796,2207,2163,3093,2082,2692,1561,3519,1766,3982,4281,2827,3987,1489,3575,3432,3340,2460,4051,2898,2034,2296,1460
"RAB6A",874,1533,1813,5625,765,1317,1177,4415,2158,3803,1693,2601,2704,2130,3271,5622,3624,2310,5841,4587,2002,2982,2878
"SDCBP",595,2493,5724,1015,6053,1498,886,5196,861,3043,1914,3626,1465,545,4171,5882,1902,8425,3197,2142,1553,1337,2168
"CHASERR",847,1803,3540,4085,4753,1300,958,3944,1843,3121,2859,3838,4586,1621,3721,4548,2462,2487,3884,1872,3184,2333,2071
"TSG101",2970,1516,1664,3632,1637,2505,2169,2631,2239,3189,3234,2024,3861,1902,4221,3328,4509,1466,4612,4351,2916,3424,1491
"DCK",2454,1556,1252,5683,1850,1269,1478,1894,2185,1790,1471,5261,4083,1111,5245,1645,6302,775,5351,7306,1491,2812,1049
"VSIR",91,2445,7103,503,5815,646,523,5759,157,4270,56,5198,1079,338,3750,5828,1011,12507,2710,314,1254,408,3418
"FHDC1",1143,349,1697,1713,1327,1457,759,2914,5473,1547,16436,3410,2738,1042,3567,2322,1856,648,5684,4381,917,3388,356
"BTG2",223,1011,7928,1023,9490,815,217,5232,1553,1112,5411,2303,983,367,3350,8679,2095,4600,5317,1531,486,726,617
"PCTP",1139,1098,1818,5562,1283,1999,2066,2307,936,4634,1804,2291,5042,3119,3437,3784,5527,1004,2865,6460,1420,3674,1743
"OST4",4040,1320,1908,5113,2201,1893,807,4301,2854,2964,1235,3135,2782,1785,3157,3581,6676,916,3062,3120,2386,4310,1309
"CIZ1",506,630,2474,7367,2528,1379,823,6627,2152,2679,584,1400,2880,2446,3735,5910,3569,1567,5405,1964,3157,3910,1072
"TNFAIP2",101,1593,6493,810,5158,352,616,5391,80,3868,48,5143,423,365,2961,8317,610,14602,2369,288,665,301,4176
"MRC2",671,1210,5873,5843,2119,2379,1084,3596,1023,2530,574,1268,4023,2018,6011,5002,3645,3030,5899,1165,2148,1978,1577
"GTF3A",1446,1138,3779,4539,3053,1568,1224,6442,2098,4888,1558,2954,2992,1659,2147,3277,5253,1846,3062,2225,3412,2045,1541
"RPS8",3005,1350,3395,3319,2584,3017,783,6336,4370,2758,2752,2910,2736,2057,2835,2946,5001,1347,2290,2002,2713,1707,1864
"UBL5",4439,1338,1745,4183,1651,2140,2292,2183,2021,3265,2320,2125,1767,2743,3764,3000,5340,1449,4422,4302,2448,2739,2191
"SLC40A1",2920,1410,1782,1745,1519,2183,1802,4354,4673,1978,5983,3390,3289,1487,2378,2641,3077,875,2899,6975,1606,3592,988
"B4GALT3",956,1090,1855,3249,3042,3289,1934,3727,1971,2460,3265,4126,5097,961,3620,4020,3086,1301,5770,4077,1640,1996,927
"MAP2K7",719,894,3349,5866,2407,2129,580,4069,1905,2927,2280,1832,2714,1987,5024,4493,3256,2304,5760,2852,2079,2158,1418
"RPS18",4576,1517,3424,3014,2923,2035,865,5396,4142,3840,2660,3103,2204,1184,2774,2856,3665,1339,3326,2104,1876,2674,1423
"ATF4",1003,1525,2438,1838,2183,2240,1133,3383,4660,2573,8053,2975,2718,910,2735,3893,2418,2341,5902,2050,1923,1492,1714
"MAP4K4",489,1099,3222,5318,1796,1197,841,5382,2287,2787,594,2511,2687,1321,3044,7247,2451,3714,4902,2576,1595,2736,2110
"NEDD4L",460,557,2941,4027,1901,1153,993,5466,1370,3449,2452,2839,5167,1733,3525,4649,3158,1827,5122,2116,2944,3035,987
"C5AR1",105,2551,5170,302,6158,912,630,5245,80,4633,28,4694,576,343,2695,6737,1153,12602,3011,315,727,424,2619
"POC1B",2769,1162,1148,3596,1494,1829,2158,2437,1143,2826,2345,1915,4144,2292,4337,3561,4009,1473,6045,3798,3189,1600,2224
"SMIM24",3884,615,4018,1649,1946,2165,1788,9133,1646,3964,1650,1684,4200,1393,2532,4507,1826,1019,2978,1952,1095,4249,1507
"LYN",115,1776,6102,326,6426,717,659,5476,158,3051,80,3825,769,256,4155,6415,1080,12123,2460,389,1269,514,3216
"DDX3X",633,1442,4126,1759,3321,1314,527,4401,1211,2619,6469,3036,2500,946,3192,5066,1572,5917,3630,2608,1028,2179,1782
"AGPAT3",954,1025,2988,5104,2408,1651,872,3679,2217,3204,899,2555,2534,1623,5423,3760,2663,1526,5298,3164,3057,3587,711
"ADGRE5",137,1995,4918,534,3020,926,676,5064,143,4072,63,5817,761,359,5165,5702,795,12924,2975,327,1091,698,2529
"MTURN",1250,1653,2700,5598,1928,1588,829,3202,4292,3625,3669,3276,2805,1446,2139,3522,2779,1119,3700,1670,3028,3465,1114
"MYH9",105,2555,7251,614,5337,1014,676,4589,460,2952,206,2445,870,360,4060,7235,1242,8485,3385,1307,1266,1606,2172
"SLFN14",752,542,1808,2881,1344,1612,400,4262,4570,2341,9087,3717,3691,1156,1468,3150,1681,1055,4747,4066,1192,3935,690
"CALCOCO1",1330,797,2942,2607,1688,1286,695,2305,3504,2275,11200,1833,2127,1683,3433,3648,1938,2286,4478,2268,1250,3212,1046
"NRDC",586,1739,2733,4739,3165,1505,690,3983,1404,2786,1097,3063,3213,1750,3108,4255,2863,2541,3381,2648,3004,3346,1735
"RPL11",690,1523,3149,2991,2116,2455,466,9428,2539,2295,2468,3128,3082,1606,2171,3513,4470,1676,2099,2064,1412,2319,1656
"CD74",66,1280,7071,560,7262,575,579,3344,2263,3504,1193,3161,619,551,4947,5205,596,10665,2145,294,715,746,1941
"DCAF10",540,289,2435,7156,3352,1387,1338,2640,1282,1726,2398,1827,817,2010,4048,6275,3575,2796,5259,2636,2889,1524,1012
"MXD1",142,2562,6661,635,4961,634,755,4614,143,2346,354,4410,606,329,3423,4530,663,12174,2031,354,1500,579,4768
"HBD",3832,1317,1519,3175,1737,2335,568,1850,1869,2637,2152,835,2759,657,5156,3385,7247,1111,5139,4166,1600,3216,796
"NBR1",602,1132,2136,3588,2100,1613,927,3126,2380,1908,6250,2492,2832,1469,3896,3458,2000,1505,5709,3879,1602,3113,1234
"HBG1",98,73,57,55,100,100,181,8,136,16,59,1,29,41475,27,66,26,17,16162,9,83,33,122
"MARCHF6",1119,1371,4792,3353,1846,1280,1125,4253,1441,2153,4042,3352,4258,1277,1959,2243,1724,2455,3038,4757,2126,3704,1187
"STAU1",831,1390,2417,3451,2154,1533,765,3782,2085,2342,1691,3983,3476,1453,2472,3342,2633,2247,4494,4840,2388,3642,1341
"MED16",442,960,2738,5563,1799,1873,667,3190,2116,3324,1959,2425,3504,1839,4586,5442,2234,1628,3617,1689,3066,2131,1701
"ACTG1",114,1684,6535,448,5710,1019,426,4045,1338,5253,432,2675,813,657,4196,5426,1916,7313,3535,1018,1171,752,1751
"RPS25",901,1570,3440,1515,3063,2167,410,7712,3019,1975,2063,2946,2499,1501,2865,4583,3860,1368,2960,2410,1386,1749,2025
"RPL3",227,1209,3814,4597,4783,1530,336,5175,2205,2915,1522,2668,2027,1956,3396,3900,3800,2177,2898,2066,2450,971,1211
"EIF4G2",512,1542,3349,1166,3173,1294,479,3748,2485,2232,5498,2542,1827,818,3323,3897,1875,4230,4113,4207,1382,2912,1074
"YIPF3",1084,1172,2095,3192,2197,1919,1254,3017,1841,2593,2004,2277,3770,1607,4180,3602,3107,1842,4311,3931,2191,2662,1730
"SQSTM1",1087,1306,2422,3987,2238,1532,804,2268,3451,2432,1617,2379,3651,1228,4086,4187,2367,2304,3049,3694,1913,3699,1621
"SH3BP5L",774,1503,2845,2533,1840,1485,652,1537,2943,3032,4490,1057,2722,1378,3903,5254,1979,1575,3496,1288,5906,3616,1339
"EFHD2",143,2008,5884,538,5134,648,551,4649,139,4447,70,4347,481,397,3415,5001,1049,11792,2423,281,815,373,2527
"COX6B1",1652,929,1676,3480,1779,1775,1167,2963,1873,3477,1998,2046,1994,2011,2849,2989,5134,1328,3896,4573,2262,2602,2481
"MAN1A1",930,1339,2098,2445,1471,2065,1110,3270,2105,2119,5293,2838,2770,955,2824,2666,2079,2445,4178,6305,1495,2912,1110
"NAP1L4",765,1184,2413,3253,1447,1390,727,3765,2936,2770,4178,2104,3324,1463,3482,4281,2522,1223,4620,2378,2510,3099,986
"RPL6",599,1604,3409,3021,2363,1682,706,6435,3383,2807,4394,1862,1687,2247,2251,3483,3046,1755,2115,1766,2055,2125,1874
"RPS20",2215,1501,3197,2894,2340,2021,867,8856,2132,3012,1643,3406,2692,1655,1493,2781,3206,1714,2303,1379,2044,1665,1486
"TOLLIP",557,783,4542,5220,3857,1240,430,5076,1126,4085,750,1793,3011,1454,2514,4563,1730,2904,3664,2066,1861,2067,1016
"EHD1",606,1782,3329,3584,4426,1794,1113,4419,900,2813,968,2247,2819,1255,2680,2592,3423,2996,2934,2064,2946,3029,1502
"UBR2",653,1239,2615,1965,1943,1297,575,3575,1962,2213,5482,3503,3382,1059,3278,3582,1497,3004,4255,2408,1265,3624,1744
"RPL7A",829,1215,3698,2843,3145,1897,500,6392,2593,2643,2429,1891,2672,1631,2757,3572,3456,1796,2719,2558,1833,1356,1675
"CD55",627,1516,2690,2000,2988,1959,1077,3672,1672,2683,5320,3791,2831,1283,2365,2539,1865,2998,3327,3308,1596,2205,1405
"MBOAT7",128,1432,6200,664,5440,744,499,4978,185,3229,80,3511,852,275,3893,5467,990,10216,2617,408,864,387,2523
"MBOAT2",805,980,2032,4753,1480,1871,862,4444,1703,2892,1382,2350,4105,1997,1945,4331,3068,2157,3128,2914,1895,2532,1834
"MED13L",400,891,2710,3037,3016,1291,630,2779,2173,1767,3613,2209,2145,857,4016,4172,1809,3406,4119,4130,1939,2872,1345
"AKT1S1",643,879,2626,5151,2944,1970,785,3253,881,3974,1479,2545,3726,1702,3498,3828,2280,2041,4032,1546,2237,2100,1202
"RPSA",1289,921,2427,2229,1626,2866,677,3841,3907,2877,4004,2258,3821,1285,2425,4335,3155,1139,1829,1407,4234,1266,1303
"CAP1",140,2221,5845,401,6060,862,649,5188,320,3768,126,3347,545,326,3522,3909,1239,9037,2719,501,1318,696,1986
"TYROBP",203,1595,6144,668,5647,806,554,5064,85,3739,41,4453,506,247,3322,4806,1347,9065,2453,250,1065,446,2182
"VASP",117,1986,4509,460,5491,815,706,4830,145,4506,93,4515,507,322,3319,4768,1197,9777,2368,292,998,428,2474
"SARAF",961,1845,2945,2222,2649,1149,869,3235,2419,2698,1915,3580,3583,894,3181,3492,2730,3315,2752,3058,2125,1436,1523
"LAMTOR1",1788,789,2140,4194,2460,1491,817,2281,3323,2669,2242,1564,2222,1517,3792,3528,3731,1527,4098,1458,2176,3411,934
"MACO1",1050,550,1176,1695,1409,1228,956,3134,3720,1431,9451,3637,2738,1065,1964,2800,1918,849,3290,4113,1190,4105,632
"E2F4",800,556,2502,5999,2669,1393,850,3374,1320,2307,1215,2181,2755,951,4610,3469,2212,1489,5699,2222,1719,3135,556
"ZFAND3",636,1070,2293,3800,1978,1327,1162,4975,1188,1820,1027,2494,3398,1184,4226,4561,2658,2327,3843,2207,1782,2635,1075
"BBOF1",480,1369,1998,4701,2383,1572,755,3555,1890,2988,2668,1874,2012,1290,3073,4118,2564,1422,4287,1938,2437,2349,1891
"H1-0",1134,2411,639,3943,557,2048,679,5044,2776,3418,832,10396,4162,596,951,2439,1745,382,1107,1585,916,5306,534
"NCF2",119,1736,5933,557,5441,631,516,5922,78,2562,40,2774,606,138,3760,6151,1009,9153,2307,331,815,512,2506
"RPLP0",1266,1022,3005,1851,2490,2340,641,5108,1924,2940,1298,1949,3261,2308,2869,4841,4064,1297,3345,1924,1614,1099,1105
"TBCEL",693,887,1546,2272,1549,1466,466,2567,3534,2200,10794,1960,2900,1019,1883,2575,1694,961,4277,2806,1424,2951,883
"MMP24OS",307,318,1521,5646,2046,782,839,3524,670,2495,1593,2615,1602,2162,5364,3261,3731,1088,4235,1644,3053,2528,2057
"PDCD10",3860,1606,1701,2591,1694,1609,1239,2996,1778,2373,2362,4601,2746,1145,1637,2113,2994,1687,3046,2922,2138,3140,1056
"TPRG1L",855,1138,1639,3630,2488,2022,811,1764,2422,1737,1587,2785,3013,728,3913,2311,3770,1826,4133,3684,2690,3074,1009
"SLC25A38",686,466,2921,3138,2558,1544,626,3647,2334,3407,2932,2789,4258,721,1755,3435,956,1708,3328,1943,2194,3982,1514
"ZRANB1",486,1342,1779,2923,1639,2274,920,3679,2438,1588,4169,3311,3469,889,2293,3918,1917,1550,3767,3172,1729,2387,1172
"GID8",838,1714,1222,2943,1367,1309,1217,2903,2126,1890,1779,2343,3454,1634,4163,3568,2818,965,5563,2636,2369,1951,1897
"IFITM2",138,2113,5401,707,4613,833,510,5825,98,3001,33,4080,752,200,4165,4104,1243,7887,2198,213,1242,510,2786
"KHNYN",548,746,3268,4277,1993,1187,439,2251,2752,2417,3668,1523,2905,990,3368,4584,1480,1357,5374,1403,1169,3865,966
"TBC1D17",601,723,2566,4508,2244,1762,816,2949,2100,3002,1087,1827,3502,1636,3746,3806,2310,1430,4107,1490,2503,2229,1450
"CSF2RB",94,1550,6993,695,5722,578,636,5013,99,1873,52,1883,521,115,5190,6180,669,8002,2603,324,1083,453,1808
"RPS3",2838,925,2636,2511,3310,1201,574,5629,2403,2894,4522,1734,1140,1415,2077,2933,3612,1606,1741,1797,1853,1729,989
"ATP6V1D",1815,2158,1059,3111,1174,2056,1437,1472,2335,2395,1480,1218,2902,2265,3956,2410,2662,718,3938,3049,2806,4196,1205
"ADAR",765,1375,2958,899,3395,686,520,3456,3375,1306,3019,1597,761,866,3805,5288,736,5030,1734,1233,1518,4747,2721
"TBC1D25",518,462,2646,4120,2939,1460,881,3820,2080,2102,2062,1334,2533,1659,3908,2763,2635,1545,3832,1633,2885,2409,1400
"ITGAX",95,2206,8051,965,4702,421,529,4412,112,2420,39,2320,243,213,2631,5568,728,9113,3065,237,906,205,2258
"RAPGEF2",548,507,1657,1488,1337,857,526,1938,3442,1189,12925,2022,1608,885,2235,2605,1234,1927,4266,3205,599,3452,953
"GPCPD1",573,1593,2224,3309,1849,1050,509,2521,2058,3132,3792,3336,2921,1239,2140,2842,1453,3014,3647,2138,1608,3060,1354
"CALM3",534,993,3044,3314,2239,1213,814,3497,807,2798,660,2738,1836,1810,2924,3017,3417,3346,3464,2713,2037,2822,1276
"MT-ND4",1180,3776,5777,2702,1370,441,1059,2273,698,5354,489,1060,1670,598,1453,5844,4575,4346,1175,1921,442,970,2094
"XPO6",112,2015,5927,660,3996,394,529,4649,286,2449,135,3141,636,300,2718,5183,713,10443,2610,271,934,394,2741
"SLC22A4",1100,1010,1469,3936,796,2763,1012,3676,849,4018,884,2154,3348,1736,2400,3505,3351,1847,4031,2772,1348,2018,1104
"TMEM158",533,264,1004,123,1796,1354,68,263,2992,1111,4480,123,9386,3903,3474,5756,9064,67,496,1537,65,1695,1551
"CLTB",433,285,4485,11203,1921,714,120,5849,3103,1159,1699,1284,2658,1111,1099,1433,1803,1569,2590,960,377,4795,365
"TGM2",777,402,2512,5275,1474,1404,362,3402,1615,2066,1377,1236,2888,1028,3034,5583,2298,1215,3636,1130,2465,4350,1099
"CTNNAL1",1403,1284,1466,3378,1396,2556,1460,1884,1995,3398,1537,2462,3232,1049,2089,2606,5731,745,2719,3084,1435,2273,1319
"EIF3B",341,884,2876,5716,2571,845,403,2238,823,3149,286,3731,3467,1191,2509,4971,1233,2035,4495,1451,1008,2647,1542
"RPS4X",515,899,3306,2652,1931,1579,453,8068,2004,2077,1595,1641,2759,1865,2105,3102,3815,1496,2064,1703,1677,1515,1551
"TBC1D22B",706,563,1930,3567,1832,1262,667,2840,2688,2220,6029,1940,2370,1173,2725,3151,2144,1064,3962,2556,1859,2369,751
"JAML",117,1876,7649,932,6247,599,542,4600,80,1984,29,2421,477,84,2762,6203,730,6976,2848,180,1040,403,1465
"ABCC4",797,1069,2148,3585,1514,1207,517,3629,3132,2277,3311,2344,4266,1552,2972,2633,1836,1036,3007,1983,973,3320,1131
"RIPOR2",72,1446,5146,426,4687,689,535,5921,234,1900,114,3190,630,172,4172,5361,744,8665,2601,247,975,479,1825
"TSC22D4",578,1083,2680,2421,2366,1772,850,3674,1481,2016,3630,3520,2319,736,2810,3298,1701,3370,4507,1711,921,1510,1259
"RPL27A",2543,1182,2633,1906,2598,1350,456,5791,3504,2124,2605,2550,1531,948,1912,2798,4058,1536,1685,1993,1495,1652,1195
"FDFT1",1167,1365,964,3967,1063,1784,372,2950,1500,4063,1829,2483,4594,1792,2900,4953,1964,1567,2034,1165,1713,1671,2139
"KIAA0930",847,740,1579,5955,2332,1021,333,1836,773,1621,272,1144,2899,1746,4275,1790,4797,676,3885,3811,1821,4812,792
"RSAD2",2376,316,653,444,532,902,889,3037,3151,1248,7702,1671,1214,1450,2806,2600,1116,2449,1163,2992,3342,4812,2787
"ZFP36",47,1054,11107,1006,5607,349,233,4156,126,1306,93,1744,705,213,4490,4297,1283,4977,4170,392,662,403,1087
"CXCR1",101,802,5843,533,4999,488,395,5237,68,1696,15,3477,736,96,4260,4434,829,8855,2350,199,913,460,2530
"KDM7A",652,1231,1909,3126,1765,1156,817,2161,1693,1844,2823,2121,2832,1486,2769,3046,3467,1364,3722,3555,1990,2779,950
"USP9X",561,1302,1674,2400,1461,1481,497,3215,2019,2037,4592,2550,2953,1016,2696,2558,1237,1750,5153,2883,1439,2379,1267
"UROD",2406,928,2140,2764,1733,1896,1023,1874,1389,3842,1671,1344,3179,1884,2850,3526,2845,1139,3450,1303,1747,2370,1807
"PTPA",2016,264,1716,9302,562,737,228,2278,586,1259,201,578,2023,5530,1658,3216,1263,435,10547,778,1240,1934,720
"UBE2L6",5601,392,1074,1736,1506,372,869,2231,3285,1256,720,1117,1176,2583,1950,1919,594,2134,728,843,1902,13787,1293
"CRAT",1274,111,1529,14061,306,373,89,3529,248,1114,96,586,1134,6949,1021,2779,699,313,10169,318,640,1183,457
"TSC22D3",153,1377,6763,575,4792,736,280,4639,217,1548,77,3674,718,132,2942,3860,1004,8542,3321,552,1049,632,1310
"SAMD9",764,829,1150,1799,1435,913,693,2477,5761,1335,7192,1109,1372,1274,1765,2590,786,1303,2127,1415,1400,7920,1371
"NTAN1",917,918,1135,3728,1286,1105,1421,2591,1965,1811,1336,1348,2873,2384,3907,3227,4102,791,3428,2441,2628,2196,1053
"FGL2",121,1564,5267,281,5879,724,609,4162,135,2276,74,2833,628,173,4069,5740,629,8210,1397,356,1091,749,1613
"NARF",1533,869,1686,2269,1654,1717,774,2474,2990,2429,4692,2554,1707,1199,2562,2476,1924,1547,2982,2485,1153,3873,977
"LRRC8A",520,422,1297,2519,1674,1440,273,2736,1473,3212,2611,1847,6782,1346,3422,2464,1329,1266,6816,1879,597,2179,307
"TLN1",143,1394,5335,918,4247,930,476,3865,451,2389,267,1842,1229,443,3249,5650,1001,5305,2665,1437,1078,2039,1754
"CHST2",1677,435,2426,2230,1948,1522,804,2645,1559,2093,3767,1852,2519,1044,3121,2574,1650,1477,5809,2453,1061,2621,768
"PPP1CB",717,1795,1451,2789,1294,1612,377,2013,1612,2572,1455,4014,2459,1001,2199,2415,3524,2737,2474,4463,1392,1768,1851
"HSPB1",432,104,1138,2385,573,972,576,2406,9912,990,6878,1384,1184,1107,1539,2635,3966,507,1994,4209,743,1768,522
"CYBA",132,2255,5682,701,4653,743,442,3785,402,3412,135,3172,433,315,3174,4184,1153,6838,2567,303,997,365,2055
"CLCN3",912,989,1125,1898,1771,1110,1058,2645,3731,1354,7567,2063,2328,653,1452,1930,1534,973,2599,4641,1263,3680,606
"AQP9",147,1536,5025,365,4487,681,629,4290,59,4041,20,1865,489,235,3696,3805,932,8731,2403,250,980,582,2466
"CITED2",948,465,1702,1023,1113,1496,1292,1780,2794,1051,12422,997,1786,625,4192,1126,2536,827,2624,3827,934,1712,333
"IFIT2",221,311,2602,508,3825,307,289,6107,456,459,603,1994,267,244,5245,6276,1105,6433,469,802,4343,1758,2892
"IGF2R",73,1874,5693,457,3884,604,416,3495,164,1891,86,1723,638,209,3008,9480,585,6561,2779,438,698,605,2122
"ARRDC2",1047,579,1963,1849,1045,1483,810,2528,1616,1999,7117,1963,2172,1151,4860,1865,1312,954,5296,2537,748,1917,663
"AMFR",856,961,1533,3331,1827,701,558,4571,1939,2279,1454,2904,2138,615,2867,6481,3020,793,3652,1237,1501,1538,624
"H1-2",9015,1022,1020,1766,1132,1770,1455,1479,3158,1034,800,2324,2953,1051,2129,1955,2570,810,1354,3148,880,3694,850
"MORF4L1",1001,1653,2186,2243,3071,893,685,2424,1967,2102,2009,2689,3106,1122,1825,2702,2305,2607,2609,1871,1971,2808,1411
"BSDC1",1006,695,1396,2186,1436,1235,576,2106,3723,1832,5337,1679,1947,1212,2853,2691,1581,1119,3091,2967,2016,3912,656
"NACA",498,1443,2118,4381,1903,1290,509,4038,1629,2548,1754,2419,2264,1245,1938,2992,2951,1279,2333,2488,2254,1273,1680
"SMCHD1",85,1924,4379,322,4583,350,433,3701,151,1652,77,2372,476,284,2743,5958,420,9319,1649,271,1179,474,4298
"YY1",627,1271,1725,2989,2089,1336,752,2529,1577,1344,842,2620,2923,764,3120,3026,2709,1413,3896,5077,1855,1456,1019
"HNRNPUL1",377,792,2552,2271,2126,955,947,2292,1779,2046,898,1999,2142,1516,3355,3654,2715,2251,3763,3276,2423,1396,1062
"MEGF9",331,1788,3552,1814,3885,988,645,3676,1065,1341,2159,2615,2207,344,2695,3881,1287,3827,3437,1500,980,1526,1022
"NEAT1",451,1627,3149,2206,1693,590,211,2223,4001,1403,10813,1625,891,683,1334,2365,1020,1770,2442,980,711,2157,2113
"NME4",566,667,1960,5767,1616,1735,494,5684,1745,2090,447,2102,578,1853,1871,3445,3666,986,1741,3210,74,2456,1622
"CA2",2782,602,1381,2013,1001,1133,995,2515,2702,1732,4307,547,2502,1522,2203,1971,4487,771,2468,4272,936,2806,608
"TKT",122,1889,6402,691,5562,841,484,3509,483,2246,144,2128,598,199,3186,4924,1429,5248,2417,976,1139,535,993
"NUP98",664,1009,1980,2358,1486,1397,793,1726,1540,1724,3080,2495,3775,1067,2187,1799,2519,1388,4420,3212,946,3225,1339
"LNCRNA-IUR",465,679,2988,2748,1150,1858,469,4146,2272,2493,2878,1475,3968,1778,1782,2966,1572,1413,2663,990,1834,2118,1328
"PPP1R15A",853,825,2268,950,3008,1234,577,3016,2324,1525,7447,2583,1216,961,1769,3624,1399,1780,3494,1641,449,2504,568
"SPECC1",632,827,2012,2401,1322,1201,542,2023,1886,2201,4040,2134,2267,1878,2169,2916,1556,1361,4317,2750,1078,2902,1496
"CDC16",393,964,1780,6950,1973,942,646,3359,1149,3271,634,895,4496,1240,2136,3446,1209,1642,2765,562,2979,1402,978
"RPL15",733,1230,2719,1745,2288,1495,408,5236,2809,2218,2485,1972,2253,1180,1839,2381,2792,1976,1763,2073,1375,1363,1206
"LSM14A",418,1158,2258,3742,2085,941,590,3311,1481,2129,1131,2568,2332,1148,2128,3423,2008,1779,3275,2727,1664,2115,1012
"VTI1B",640,1042,1918,4066,1709,1483,566,2998,1136,1811,1110,1951,2840,900,2733,2538,3532,1275,3445,2236,1877,2669,926
"SFRP2",249,217,1293,1827,1017,898,245,3572,814,1788,7027,683,3410,1715,3889,2683,2527,556,4732,2785,1546,635,1276
"ADAM8",94,2004,5614,690,3715,515,500,3701,94,2665,29,3322,379,315,2459,4719,674,7563,2353,175,939,358,2397
"WASHC2C",654,1053,1425,2531,1361,1492,876,985,1681,1549,2507,1765,2551,1554,3595,3537,2096,1108,4232,4431,1367,1418,1422
"NCF1",74,1114,5654,502,4649,802,325,4345,58,2118,54,3144,506,156,2495,5644,708,6925,2141,219,902,298,2114
"MT-CO2",2349,3273,4655,2199,1132,430,1335,1624,698,4992,437,885,1492,721,1636,4851,3665,2921,1051,1615,447,713,1816
"KLC3",534,496,1524,4871,1932,1251,670,4197,532,3193,446,2219,3069,944,1869,4412,2279,784,4338,1302,961,2148,957
"KLF2",50,513,8373,548,7437,750,138,5300,343,933,111,1148,734,102,2688,6334,1448,2285,4196,317,472,280,413
"DNAJA4",568,702,2065,4274,939,884,835,1187,4247,2055,5483,1515,1739,1169,1693,3948,1765,1132,2067,2180,1573,1572,846
"TAB2",502,791,1850,2415,2220,914,459,2312,2425,1639,5209,1263,1853,715,3043,3158,1999,1711,3037,1955,1254,2738,885
"S100A11",111,1998,4387,477,4378,727,477,4318,97,2889,23,2885,421,164,3101,3466,1066,7854,2063,240,977,411,1721
"PLEK2",794,857,1981,2995,1243,1862,794,2946,1256,1838,847,4811,2954,1269,1370,1837,2323,965,3718,1478,964,3743,1358
"SERINC3",997,915,1865,2238,1586,1214,896,2763,1391,1561,3274,1773,2587,1092,2664,2371,1769,1620,3213,3279,1632,2552,842
"NSD3",415,845,1829,3193,2108,1317,629,3429,1605,1707,3317,1658,2849,870,2513,3645,1679,1647,3109,1225,1428,1998,867
"IQGAP1",61,1797,5308,295,4288,592,495,3673,171,2131,63,2058,528,244,3618,4979,646,7298,2173,271,932,474,1533
"ULK1",849,762,2405,1590,1499,1349,482,2521,2602,1443,4250,2370,2024,712,2689,2611,1372,1760,3497,2537,825,2551,840
"HPCAL1",573,574,4492,1338,953,1688,574,4713,2520,2283,761,3644,1240,1073,1839,2584,1655,1561,2036,1541,1229,3239,1378
"NPLOC4",794,545,2161,3072,1297,1738,470,3687,1352,1493,1636,1493,3118,565,3626,2879,1575,1275,3662,1691,2047,2740,544
"PBX1",828,1120,1343,2906,1160,2124,534,2579,1185,1575,3065,1558,2462,1233,2156,1477,2197,761,3402,5545,1290,2011,536
"CEBPB",50,1744,5100,522,5207,493,335,3695,85,1801,24,2849,392,135,2214,4398,1117,7921,2521,205,477,124,1484
"FCN1",52,1854,8046,152,5408,507,323,1749,196,2672,67,975,471,62,3630,4876,1007,6618,2267,454,519,336,644
"ACSL1",126,2777,4522,559,4044,598,531,3163,414,1799,72,1320,384,220,3280,3252,794,6284,3840,284,1197,627,2783
"TBL1XR1",346,1152,1481,2470,1361,1335,459,2638,2242,1753,2506,2295,2789,878,2142,3178,2251,1179,2843,2103,1346,2587,1261
"OTUD5",651,931,1850,2878,1704,990,965,2153,1088,1637,1267,1877,1805,1292,3084,2969,2038,1627,2987,3574,1850,2148,1213
"PREX1",83,1736,4979,359,4340,406,420,3930,159,1868,50,2713,411,191,2550,5053,522,7696,1819,172,785,300,2027
"IRF3",1171,1156,1263,2614,1908,2064,909,2275,1145,2409,1274,2249,2155,1175,2605,2729,1628,1447,2978,2035,1893,2394,1084
"TNFRSF1B",61,1325,4104,243,3992,262,462,3080,160,2940,56,3529,347,329,2397,3400,434,10470,1252,159,491,240,2711
"RPL37",584,1140,2357,1723,2077,1509,325,6335,2792,1882,2275,2249,1639,1225,1545,2417,1973,1478,1548,1044,1499,1702,1054
"WDR45",435,791,2085,3283,2155,1859,639,3878,1027,1912,923,1549,2591,972,2419,2763,2623,1412,2833,903,1684,2056,1334
"SP100",1953,883,1882,2298,1603,1073,738,2274,2279,1434,1779,1360,1452,1417,2243,2941,1511,2177,1364,708,1879,5026,1805
"RPS5",3221,616,2403,1734,2034,1753,839,4114,1928,2077,1878,2076,1499,1052,1663,2286,2621,935,2295,1651,1321,927,1057
"VNN2",154,2722,5164,424,4350,778,636,3105,56,1982,13,2843,443,147,2946,4209,1006,4667,1849,279,1084,668,1948
"WIPF1",94,1078,4652,362,4378,588,505,4411,190,1750,111,2298,561,209,2585,5050,806,5997,1763,483,885,653,2008
"GCLC",944,799,1296,1893,861,1129,632,2671,1694,1584,5270,2914,2568,708,1692,1609,1779,880,3541,2574,1012,2599,734
"RPS13",1501,893,1844,2049,2362,1476,383,4419,1806,2126,3493,2190,1964,870,1282,2073,2811,822,1723,1826,1344,942,1167
"SND1",441,503,898,2632,634,814,582,3565,742,1619,486,2264,1945,713,1750,4358,5299,1360,4582,3313,534,1328,573
"MAT2B",2729,957,1065,2191,1220,1163,770,1548,1617,1490,2991,1715,2756,1124,2064,1959,1473,1139,2161,2919,932,3811,1118
"RCOR3",599,889,1323,2996,1533,1084,605,2697,1611,1854,1420,2163,3356,1118,1992,2474,2771,1078,2406,2253,1817,1770,1095
"EIF4G1",477,869,1758,2488,1523,1278,419,1819,1265,1200,981,1511,2674,1376,3396,2700,1781,1329,4085,2169,1421,3384,920
"ZYX",110,1053,5550,362,4486,585,436,3786,134,2667,50,1932,629,185,3183,3754,1189,4832,2666,371,826,432,1480
"ERMAP",974,314,1138,1198,1201,821,558,2438,3549,1471,8572,1567,2222,936,1229,1603,1138,589,1804,1987,858,3544,847
"MBNL1",732,1524,1422,1131,1293,1433,536,1764,1988,1309,4136,2886,2224,895,1784,1476,1594,2298,2495,2125,883,3260,1311
"PCM1",338,791,1547,2776,859,1734,529,2812,1765,1287,2674,3409,2821,708,1512,3177,1271,1504,2860,1025,1352,2803,899
"DDX17",243,1551,4538,808,2894,562,459,2832,795,1660,2288,1592,718,374,2005,4730,798,5267,2528,729,690,620,1714
"CAPNS1",914,1085,1488,2767,2431,1035,720,2133,1441,2023,304,2347,1522,870,2766,3166,1916,1334,2548,3297,2181,1051,1021
"OPA1",1254,1442,1309,2557,998,954,894,1502,1800,2526,3020,980,2154,1681,1471,1646,2107,727,2402,2446,2762,2587,964
"CXCL8",57,886,1859,533,9306,180,246,5070,11,3228,7,2897,229,157,718,6976,626,4604,1395,85,141,104,768
"CPPED1",110,1390,3650,257,2766,591,621,4177,83,3052,50,2354,559,140,2952,4229,708,8283,1491,193,696,238,1390
"RPL24",1184,907,2074,2149,2155,1341,278,5704,2083,1703,2394,2149,1357,886,1389,2263,2618,833,1572,1507,1143,1081,1053
"PTGES3",709,755,1201,2165,1069,1116,352,1848,2036,1856,5116,3093,2247,584,1864,2027,1561,720,2198,3571,1281,1776,656
"MSL1",95,1378,5567,300,3894,504,376,4066,103,1358,41,2519,277,122,2805,4576,797,6569,2169,269,775,288,888
"ATG9A",888,700,1589,2101,1164,1873,606,1969,1807,843,3066,1613,1982,890,2437,2695,1824,1020,3078,3162,1231,2701,452
"SNX29",220,546,2102,5621,999,1084,240,2142,817,3280,2167,1412,2026,787,2256,2870,1330,1183,4136,1279,839,1245,972
"IP6K1",494,487,1848,1942,1465,1150,511,2260,1340,1709,3079,2233,2691,572,2570,2549,1203,2254,3840,1905,982,1640,805
"EHBP1L1",407,1240,3357,1968,2007,772,425,2420,1066,2007,1129,2132,897,612,2611,4446,984,3739,2942,1186,500,1509,1122
"ELL2",721,634,1366,1933,908,1331,1074,1686,3271,1622,7211,1103,1381,1085,1791,1961,1780,1038,2132,2118,1240,1082,1006
"STK17B",756,2285,2144,617,2476,623,603,2159,803,2134,2036,4445,835,422,1463,2552,762,6042,2091,1553,667,895,1091
"ALAD",800,438,1881,3624,900,1203,682,2959,1253,1410,1225,2168,2257,1107,1841,2923,2572,739,2463,1870,979,3276,780
"ATG16L2",60,1541,6960,840,3188,409,390,2952,66,1860,19,2664,273,91,1385,5368,419,5567,2516,128,570,198,1776
"MT-ND2",1391,2664,3144,2280,1183,238,901,1668,582,3122,336,1203,1292,825,1188,5616,2908,2941,853,1546,531,781,2032
"RPS27",698,1832,1742,1163,1882,1379,332,4997,3310,1611,2807,2310,1155,853,1410,2326,2051,1281,1284,983,1020,1567,1153
"CNBP",812,1698,2304,1699,2348,761,702,1879,1014,2490,2098,2324,1664,962,2200,2485,1351,3081,2004,1271,1346,1214,1421
"TCEA1",470,1142,1469,2451,1218,1076,708,1262,812,2093,753,2248,2378,1364,2232,2930,3282,1022,3404,2595,1309,1866,981
"WWC3",666,778,1549,1343,809,1251,647,2621,1448,1154,2315,2030,2090,828,3311,2208,2125,1414,3643,3254,786,2187,526
"ZDHHC3",304,916,1937,3716,1715,1044,821,2800,894,2060,326,1465,1974,1455,1975,3116,2210,1725,2642,1242,1983,1491,1167
"G6PD",442,795,2178,2956,1609,937,973,2016,1011,1746,573,1388,1056,1466,3245,2391,2237,2263,2970,2583,1650,1251,1159
"KCMF1",934,1015,1244,3159,2018,697,669,2268,2217,1927,1284,1967,1579,786,2486,2895,2061,1173,2217,1704,2614,1344,633
"RAC2",177,1137,4010,415,3585,613,549,3343,351,2811,135,2295,499,330,2833,3566,1017,6205,1839,355,794,380,1608
"RN7SL1",529,6261,793,450,678,280,194,1538,558,2465,1432,901,438,3588,3025,1536,846,1922,3342,737,2322,632,4363
"PECAM1",48,1123,5488,292,4578,480,265,3810,90,1982,30,1652,478,132,2147,5448,601,6071,1760,286,458,335,1074
"RSU1",818,653,1308,3856,1478,946,849,2323,867,2151,421,1386,1624,1172,2444,3505,2304,1084,2246,2115,1910,2492,655
"FLNA",63,1496,4314,302,1974,933,266,2880,725,2206,252,1473,862,746,2956,3450,1111,3691,2446,1743,753,2091,1839
"DDX5",160,2226,3865,622,3241,519,372,2511,625,2226,1049,1948,489,480,1864,4015,726,6230,2306,772,457,490,1375
"CHMP4B",372,1409,2187,1835,1851,580,582,1774,1980,1475,486,1781,2122,738,2003,2810,1698,2242,2916,3537,1306,1513,1348
"DENND4A",526,454,1316,1155,1294,905,638,1669,2138,1024,6226,2209,1928,685,1785,2188,1361,905,2768,3076,860,2621,789
"OSER1",2700,1718,1132,2039,1522,1382,1188,1475,1046,2055,2213,1724,2081,1441,1822,1571,1439,1910,2074,2077,1279,1243,1294
"GTPBP1",544,744,1851,2697,1305,873,431,1576,1620,1906,1487,1466,1748,1221,2153,3411,1263,2146,2213,2007,1430,3170,1113
"LRRK2",100,1773,5067,339,4777,406,461,3251,63,924,24,1820,380,146,2217,4201,416,6989,1626,190,861,444,1834
"MT-ND1",2299,2552,3087,1981,1098,227,1528,1407,399,3543,415,954,1334,649,1048,4596,3172,2568,572,1554,362,750,2162
"ACTR3",480,1497,2763,1561,2704,998,658,2486,807,2192,660,1747,967,563,2454,2781,1381,3633,2159,2118,1269,1132,924
"CD46",98,1565,4403,294,3594,489,483,3444,72,1668,45,2488,416,144,2528,3800,665,7146,1298,249,810,338,1833
"VMP1",108,1442,3899,287,3471,597,466,3171,67,2553,25,2427,468,122,2755,3785,731,7389,1659,130,689,259,1302
"IFITM3",921,602,1232,296,4098,321,621,3430,663,1033,271,1507,388,769,2027,4419,567,5157,499,240,1158,3219,4256
"RASSF2",63,1167,5263,329,4552,378,310,3416,109,1683,23,1760,501,209,2133,4389,507,6227,1676,185,627,242,1889
"EPOR",491,590,1756,2395,1651,1009,550,2910,1679,1259,1290,1905,2659,798,2108,3189,1680,1131,2451,1915,1059,1899,1241
"DEDD2",790,833,1925,1646,1888,1118,626,2269,1548,2015,3476,1921,1418,677,1887,2626,1261,2001,2339,1804,997,1433,978
"GAPVD1",535,528,1324,1748,1103,956,450,1822,1790,1441,5243,1258,1737,733,2062,1758,1218,898,3237,3440,1004,2413,735
"CLIC2",1289,917,679,1234,827,1113,726,2023,1740,1822,5315,2362,2604,864,1268,1541,1500,343,2280,2299,1004,3030,598
"NIBAN1",49,1512,3841,280,3851,486,516,3256,36,1375,29,1547,402,131,3689,4326,565,7360,1833,236,769,264,979
"UBR4",421,468,6623,1614,1151,831,285,1045,1828,1018,3682,737,1021,994,2135,2668,840,768,2001,2346,947,3048,855
"ZNF346",1042,248,1200,2516,2153,1340,661,1257,1171,1834,2619,465,1760,1216,4360,1687,1504,472,5154,1503,1424,1153,518
"PCMTD2",551,873,992,1867,736,949,387,1486,2159,1453,3564,1856,2616,524,2570,3032,1893,881,2596,1973,1315,1810,1161
"FYB1",52,1110,3704,323,4119,420,461,3565,111,1480,46,2046,349,132,2684,5295,498,6452,1378,336,927,550,1069
"NADK",134,927,4261,622,3768,457,403,3646,168,1765,106,1772,478,188,2744,4742,700,4981,1615,270,931,430,1907
"STK40",283,866,2504,1424,2480,837,454,2774,721,2119,290,2165,1399,642,2020,3193,1297,4775,1739,1048,927,1073,1948
"ZDHHC18",70,1332,3989,457,3739,330,374,3206,40,2031,15,2448,457,137,2045,3612,696,7384,1725,166,542,207,1835
"SMIM5",459,645,2234,2960,1502,1612,576,2278,1034,1673,1111,1083,2658,639,2863,2701,1824,1410,3144,772,1171,1739,741
"FAM20B",395,624,1380,1718,960,1093,628,2770,1528,1659,1991,2460,2752,691,2184,1898,2293,840,2775,2614,1382,1380,629
"TPM3",220,1744,2754,668,2610,641,414,2629,524,2954,521,2381,650,386,2100,2867,1088,5993,1828,633,708,818,1506
"ARL6IP1",1399,1180,1183,2004,908,1162,671,1586,1191,1635,1693,1193,2616,1147,2818,1135,1897,758,2492,2918,1334,2826,756
"UBE2M",574,977,1355,2094,1853,1010,685,2510,1008,1563,404,2473,2050,758,1972,2001,2587,1363,2456,3529,1596,856,823
"ITLN1",660,321,2126,2252,639,1052,286,2957,192,1499,1474,1854,2766,453,1941,1464,1598,1265,6516,1722,815,160,2437
"RB1CC1",633,581,1232,1014,1139,823,366,1802,2896,888,6769,1788,1541,610,1693,1951,924,1055,2819,2336,585,2465,487
"STOML2",1051,636,940,2860,1525,954,877,1752,886,2284,790,787,2439,1651,2479,1920,2409,641,3295,2417,1577,1293,901
"ARPC2",140,1784,3620,427,3202,533,452,3232,312,2047,188,2256,445,343,2291,3439,1020,5673,1708,477,718,477,1502
"HIPK1",369,803,1812,2199,1627,793,550,2195,1362,1157,2411,2239,1471,715,1666,2494,1093,2210,2873,2278,1046,2116,788
"GSK3A",488,567,1811,3279,1803,867,827,2368,1076,1539,368,1578,1993,823,2803,2646,1837,1037,3003,1596,1777,1308,780
"SLC6A9",591,545,2139,2464,1285,2017,700,3145,573,1057,1007,673,2082,912,3151,1836,1546,1209,3817,1726,1152,2089,452
"PPP3R1",544,501,1561,2490,1825,976,484,2022,1570,2131,1690,2611,2913,820,1519,1778,1267,1720,3338,1427,771,1472,675
"CD53",116,1328,3715,284,3620,452,333,3375,226,2620,99,2076,454,244,2429,3626,578,5803,1370,174,779,436,1952
"MAFK",485,558,1537,2709,1091,964,346,2061,1473,1990,1840,1867,2035,675,2946,1616,1172,1287,2683,2816,937,2428,540
"H2AJ",1483,907,1137,2830,1343,1507,1119,1505,986,2331,815,1501,1793,1138,1829,1672,2442,539,1878,2422,1901,1523,1405
"RAC1",407,862,1733,1482,1940,1060,580,3744,1029,1510,895,1401,856,1105,2651,2511,2538,2144,2579,1962,1456,767,782
"GSKIP",926,388,1347,2264,1922,1115,859,1884,2658,1684,2945,824,1563,746,2031,2171,1459,1094,2594,1791,1200,1732,614
"STRAP",595,1063,1322,2135,1207,1003,515,2361,1137,2201,1272,2033,2554,824,1383,2530,2178,1156,2322,1628,1844,1160,1034
"HEXIM1",407,430,1424,1584,1504,617,393,2013,2356,1002,5822,2782,1929,428,1054,1492,1073,991,2562,2471,381,2009,637
"ATG14",664,513,943,1690,965,842,816,1478,1688,1431,5331,1187,1667,1054,1884,1458,1460,823,3050,2632,1144,2050,554
"FMNL1",53,1550,3965,521,3069,270,358,2948,143,2000,48,2621,244,220,1759,4056,454,6174,1670,181,571,253,2182
"YWHAZ",86,1615,3006,197,2819,706,441,2514,387,2701,244,2197,544,355,2061,3064,732,6388,1652,546,753,627,1663
"PRR5",463,618,1603,3233,1590,992,690,2790,806,2337,749,1541,1878,920,1878,3044,1790,1206,1669,1119,1628,1493,1135
"RPL37A",1209,562,1901,1662,1745,904,293,4575,3186,1763,1444,1926,1543,921,1263,2049,1764,808,1429,874,1351,1256,736
"LSP1",78,1123,3721,341,3909,446,372,3047,143,2587,48,2375,260,171,2012,3381,725,5976,1767,168,590,247,1620
"ST3GAL2",466,435,2453,2124,1667,611,667,2337,708,1484,1958,1761,1706,831,3361,2393,1451,1851,2350,990,777,1700,738
"RPL39",2182,1021,1898,1560,1470,1200,393,2856,2744,1644,2611,2447,1309,817,939,1776,2213,882,814,675,1165,1054,1120
"PSMD4",518,1193,1444,2660,1026,964,579,1733,1551,1847,1554,1462,1441,953,1961,2300,2201,1113,1732,1819,1621,1951,1160
"USP4",567,851,1775,1886,1753,678,870,1989,1168,1009,1001,1540,1969,1236,1110,2917,1548,2079,1716,1931,1614,2325,1149
"TNK2",401,769,1568,2327,2295,534,296,1485,1060,1988,478,1872,1380,439,2601,3800,788,1996,2866,2196,1140,1621,702
"DNM2",314,844,2684,1922,1850,909,411,3077,798,1552,395,1797,1036,935,1955,3146,1621,2592,2490,904,1213,1186,964
"BRK1",879,433,1394,1927,1127,1047,933,1787,1254,1649,902,1025,1464,1587,1836,1976,3467,1493,2378,2166,1155,1391,1268
"KEL",399,452,2054,2680,1035,1310,579,3256,1084,1883,1081,828,1829,1639,1344,2818,1780,1284,2108,1374,1524,1342,853
"ANXA7",1604,745,912,1911,825,1080,1059,1389,1262,1629,1570,996,2434,1525,2267,1606,2585,844,2077,1548,1610,2200,852
"GADD45A",623,498,1193,1997,961,714,610,2401,1408,1888,3094,3328,2081,682,1128,1618,1294,1209,2419,2448,784,1401,710
"ZFP36L1",56,1021,5027,677,3717,351,328,2130,92,1399,37,1405,630,129,2932,3212,726,6094,1989,181,635,322,1393
"CDC42SE1",108,984,4434,568,3021,472,352,3030,323,1931,262,2204,453,293,2047,3646,810,5212,1747,273,619,381,1244
"THEMIS2",79,1506,3508,336,2476,333,246,2025,129,2431,86,2940,386,246,1664,2759,355,8837,1122,151,528,220,1984
"DPCD",1062,742,1235,3292,1887,1320,1057,1143,450,2633,465,1031,1428,1047,2162,2039,1637,1058,3126,1844,1471,1252,938
"GNB1",235,904,2400,1109,2504,660,391,2654,703,1625,385,2174,1032,682,2470,2993,1504,3569,1728,1162,998,1041,1322
"RPL9",1082,1046,1560,1392,1391,857,319,4741,2327,1691,3146,1299,984,674,978,2340,2625,1309,1247,972,651,760,751
"CLPX",282,531,956,2460,1074,878,511,2415,1232,1240,3227,1795,2545,587,1841,1934,1081,1066,3366,2371,641,1441,561
"CHID1",640,476,2137,2659,1578,804,594,2786,941,1744,496,1975,2305,900,1744,1998,1393,916,2303,1190,1586,2166,596
"ZFAND4",489,461,1300,1631,793,1126,803,1768,1442,1405,2631,802,1878,1173,2281,1797,1683,857,3717,2595,839,1582,859
"ORMDL3",498,678,1473,2749,1090,909,536,1850,1289,1190,2108,912,3059,901,1719,2577,1301,821,2899,969,1669,1944,700
"PTPN6",60,1078,3495,298,2853,281,297,2846,233,2092,107,2618,257,110,1896,3472,486,7647,1332,183,549,233,1373
"PTPN4",387,823,1363,2330,1868,680,513,2582,732,1805,1121,1249,1676,661,1787,3002,1776,1451,2363,1676,1859,1169,882
"VPS51",455,429,1265,2987,1735,772,421,1735,1228,1540,1529,897,1581,959,2853,2837,1399,663,2816,1273,1953,1679,681
"ATP6V0B",750,1174,2822,1167,2307,642,718,2232,668,2205,544,2027,1071,644,1854,2600,1231,3636,2016,645,938,551,1233
"RPS28",1011,517,1612,1427,1380,1150,724,2376,3177,1334,2697,1248,1137,1160,1417,1734,1729,904,1697,1174,1537,1092,1373
"THOC7",1217,709,1071,2433,611,948,849,1773,1961,1889,1770,791,1322,1215,2264,1960,2630,638,2558,1288,1300,1296,962
"DNAJA1",580,1883,1006,1116,765,892,543,1513,2289,1022,5055,2044,1652,595,1275,1550,1135,1167,1045,2020,1180,2199,920
"ZDHHC2",565,382,1623,1203,588,1023,1042,1622,1858,1038,232,1072,2880,657,1668,2989,5033,607,1019,655,310,3163,1993
"DNAJB6",440,598,1129,1174,1099,1073,438,1508,1200,1531,4903,1666,1848,634,1844,2531,1164,1486,2444,1550,1169,995,783
"DNAJB1",317,727,899,628,943,416,287,1666,4365,943,10010,1689,698,247,689,1928,633,1349,733,2009,876,668,471
"APLP2",169,1130,3640,451,2983,526,350,2298,688,1515,1549,1536,695,273,2101,3583,738,3896,1536,1273,644,637,957
"HERC1",330,493,1511,1937,1106,661,225,1566,1491,1278,2959,1312,1496,680,2242,2481,1104,822,2629,2753,912,2215,893
"PLEK",57,1653,2732,214,3010,420,324,2806,145,2465,78,2013,330,208,1862,3269,495,6920,1495,273,496,360,1393
"PICALM",202,1090,3145,902,3076,501,441,2654,364,1203,496,1832,782,311,2068,3527,862,4421,1740,566,723,644,1416
"ZC3HAV1",310,420,923,1005,1035,660,211,1776,2125,1205,4989,1684,1276,630,1731,1853,1055,1123,2297,3879,773,1281,683
"BASP1",76,1893,3247,299,2430,572,597,2642,73,2143,33,1512,285,108,2654,2922,925,6331,2140,181,465,267,1070
"HECA",269,1437,1125,1522,1163,970,331,1793,1931,1416,1564,2476,1388,370,1766,2191,1790,1932,1767,2345,782,1224,1307
"INPP5D",102,667,2734,2279,1748,1210,326,2546,459,1762,441,1120,1291,1216,1820,3731,1364,2193,1642,1010,908,1247,1027
"GCA",126,1346,3833,288,3232,648,415,2643,59,1664,27,1713,334,79,2394,2786,930,5677,2134,286,841,300,1069
"SPTA1",539,370,1697,1819,490,675,266,1929,2728,1366,3751,708,760,1152,1796,2161,934,747,1505,2250,867,3506,772
"SERINC1",792,853,1967,1241,1929,708,470,1787,1039,1559,2025,1222,1052,696,1836,2424,1044,3014,1943,2299,731,1304,810
"TMEM86B",742,379,1581,2740,1322,1214,701,2278,955,1556,368,675,1913,1082,2450,1957,1707,1147,3219,913,1173,1641,946
"HCLS1",52,1859,3631,282,3496,432,329,2791,190,1614,55,2540,269,134,1599,3320,513,5566,1561,147,594,215,1469
"AGTPBP1",303,946,1706,1548,1019,1172,493,2268,797,1925,1201,2306,2365,698,1609,2069,1931,1504,2148,1059,1060,1380,951
"RTN3",236,1098,3344,345,3604,701,329,2968,290,2016,722,1667,635,159,2092,2925,879,4113,1696,449,645,605,930
"CDC27",564,682,1096,1994,1217,998,346,1867,884,1511,1876,2085,2028,568,1730,1470,1601,901,2737,2764,953,2002,537
"ATP6V1B2",100,531,4307,304,4574,407,247,3040,113,1558,383,1644,521,144,2343,3369,509,4361,1576,280,658,378,925
"C2orf88",2637,564,1180,1613,1094,1887,1192,1396,454,2010,806,291,1351,2069,784,2107,1306,1313,3341,1585,1292,1212,783
"NBEAL2",84,1800,4536,548,3031,295,413,1976,86,1632,46,1531,273,193,1830,4407,455,4280,2161,279,594,279,1469
"MT2A",904,498,1012,1366,1178,1255,912,3291,957,1661,471,1911,1661,1016,1000,535,554,1043,866,1295,1426,6317,917
"RNF149",63,1626,2761,271,2854,359,368,2821,80,1935,49,2044,325,134,2077,3561,505,6022,1331,140,553,219,1940
"H2AC6",1037,737,2327,393,1991,775,465,2948,868,1116,3389,1971,1337,336,1300,2295,1028,2272,1290,1113,692,1630,691
"TUBA1A",74,1246,3345,216,3501,700,184,3278,53,2863,27,1794,334,140,1877,3542,998,4270,2010,185,443,184,705
"SRGAP2",313,485,1304,2308,576,638,564,998,978,1031,5037,1080,1654,1438,2080,1657,1558,588,3413,630,864,1685,994
"KCTD20",471,458,1076,1370,1012,930,421,2517,1770,1244,2540,1870,1985,665,1695,1910,1416,987,2210,2033,467,2166,636
"GRN",72,909,3449,328,3447,439,501,2159,201,1961,214,1219,587,147,2472,3697,959,4223,2020,635,611,474,1107
"SF3B1",413,1501,3210,724,2290,429,369,1957,645,1651,1398,1717,422,500,1469,3341,611,4038,1747,816,522,774,1268
"RPS19",1124,571,1016,423,1107,1188,329,3149,2785,1152,8086,2161,1168,462,768,935,1298,792,906,596,475,767,553
"PTAFR",39,576,3735,253,3986,410,203,2706,39,1681,13,1840,434,178,2066,3187,540,6540,1450,164,562,200,910
"BECN1",458,443,1065,2482,843,807,708,991,1189,1161,1373,675,1170,1130,2625,2621,1713,670,2685,3013,1529,1754,594
"FGR",65,1208,2849,284,1851,239,415,2439,137,2102,40,2075,333,172,2557,3704,478,6207,1695,288,335,298,1916
"TUBA4A",416,978,1457,1286,1632,1544,744,1825,892,1751,714,1377,1475,957,1556,1856,1202,2205,2277,2498,1139,764,1125
"MOB3A",79,721,3032,667,3049,421,282,2816,197,1885,156,2056,561,272,2097,3268,669,5189,1575,243,609,368,1359
"ACADVL",312,786,1478,2557,994,754,490,1711,1158,1519,522,2109,1281,916,2474,2616,1795,1989,2113,1255,1020,879,837
"IFIT1",1375,333,917,294,1590,316,371,3366,1191,446,909,1677,246,489,2924,3454,567,3033,274,505,2600,2207,2363
"HBG2",2861,429,977,2321,2185,2079,2527,61,6996,441,958,120,506,940,583,33,1165,697,752,244,2330,1269,846
"TMEM14B",1604,484,489,2728,437,739,605,1262,588,2148,1112,1040,1995,1275,1484,2428,2942,701,2535,1200,450,1642,1383
"REXO2",791,769,839,2094,697,1129,555,1230,2228,1844,3868,493,1766,806,2145,1096,1369,537,2524,1580,1055,1221,623
"ITSN1",388,563,1146,2215,1115,652,373,1656,1029,1009,2816,973,2052,1047,1665,2689,1030,690,3139,1825,1083,1608,439
"STAT1",1123,374,1721,233,2330,293,401,2133,1017,653,608,1121,355,650,1947,2162,318,4632,674,681,1037,4970,1766
"TMEM154",65,914,3423,198,3533,368,440,2904,50,1480,26,1910,412,101,2031,3316,508,5585,1290,177,847,341,1275
"ACTN4",296,788,2556,1849,2231,575,418,2297,892,1204,221,1392,914,761,2510,2825,802,2949,2073,1552,787,742,547
"BTG1",399,1386,2051,553,1781,1102,997,2640,870,976,1124,2168,1919,377,1365,2114,1122,2241,1767,1308,605,885,1423
"GBP5",131,385,1506,242,2133,98,293,2479,31,454,37,1801,96,302,1675,2719,188,9173,242,203,1248,871,4780
"CNN2",33,1065,3295,338,3139,303,313,3232,150,2219,81,2053,382,198,2168,3373,508,4606,1584,163,488,282,1012
"SELPLG",61,776,3853,302,2741,438,284,3080,110,1500,66,1767,369,176,2446,3267,608,5150,1705,189,757,317,1002
"HNRNPC",449,1290,2452,638,2425,515,381,2299,671,2008,944,2239,620,318,1657,2568,809,4124,1457,878,562,638,929
"ZNFX1",249,558,1644,1786,1212,631,288,1564,1854,1043,2318,1200,917,568,2161,2316,793,2172,1327,1636,994,2616,979
"FCGR2A",95,1244,4003,294,3365,459,428,2936,54,1383,19,1485,358,145,2550,3661,718,4323,1403,229,593,404,645
"CETN2",396,1068,854,2607,1248,448,395,1143,1226,1510,678,1139,1160,977,2068,2306,2207,530,2065,2552,1182,2548,452
"SERTAD2",422,340,1102,814,985,701,378,1724,2397,713,6112,1544,1317,509,1160,1209,932,763,2999,2243,495,1585,294
"FRMD4A",438,374,1511,2404,538,707,540,2148,1830,974,1352,1488,1884,874,1584,1942,880,881,2884,1681,1029,2351,388
"GRK2",76,1220,4193,410,3168,311,311,2592,274,1386,76,1780,292,170,1991,3304,608,4688,1678,266,532,185,1170
"CHST11",158,677,3592,2150,1458,831,438,2961,205,2187,43,1154,1023,827,1325,2097,450,2844,2445,726,605,1013,1380
"EIF3K",794,379,1514,1486,957,1185,679,1676,778,1534,977,1062,1902,1584,1903,1580,2454,886,2176,1898,1267,822,1044
"SF3B3",692,334,893,1371,1061,1100,324,1948,2034,1256,3570,1387,1450,640,1462,1345,1256,808,2433,1887,596,2280,378
"PDLIM7",267,537,2035,1976,1636,739,418,2329,1068,1419,991,1602,969,659,1281,2449,1194,2471,2223,833,935,927,1534
"GPSM3",90,1095,3423,377,2699,513,287,3053,115,2011,48,1873,369,145,1859,2702,757,5367,1469,232,612,274,1061
"SMG7",241,494,1510,1635,720,636,400,1828,1383,1256,1515,1891,1271,889,1869,2650,1514,1009,1865,1654,1607,1603,989
"FBRS",254,805,1594,1539,1766,535,566,1842,771,1593,756,1970,1170,526,2193,3044,939,2684,2132,1089,827,1021,810
"MLXIP",475,247,1783,1899,997,897,440,1574,1382,738,2558,840,1931,912,2351,2135,980,826,2280,2152,643,1883,502
"WAS",51,881,3773,375,3093,368,282,2806,136,1708,44,2273,253,116,1823,3181,583,5102,1399,159,579,202,1214
"TREM1",51,1595,2267,299,3287,493,356,2307,28,2836,22,1551,246,215,1073,3148,487,6370,1289,141,348,156,1822
"RACK1",225,883,1749,1710,1968,808,258,2678,1170,1518,1039,931,1301,862,1887,2766,1683,1486,1344,1452,1228,488,951
"ACTR2",56,1375,3309,200,2997,489,310,2613,254,1638,118,1739,357,157,2129,3027,680,5220,1441,298,542,275,1096
"MMP25",63,1381,3692,466,2781,302,234,2827,18,1697,8,1776,280,92,1393,3350,613,5243,1968,130,511,197,1254
"CLIC1",109,1506,2486,416,2853,523,366,2596,263,2393,150,2223,346,234,1927,2588,723,4449,1409,312,679,326,1338
"PIM2",494,483,1333,842,1290,632,350,1762,1458,982,4129,1737,1037,524,1962,1044,944,1871,2476,1843,650,1571,784
"CDK8",201,456,1357,1942,1499,868,253,2601,1210,2008,1203,821,2189,517,2393,2176,2433,934,1934,800,964,956,450
"WDR13",408,407,1717,2533,1248,983,524,2354,812,1773,636,1368,1440,885,1558,2405,1434,953,2556,746,1387,1053,910
"SRRD",321,678,1478,2182,1538,771,511,1689,863,1573,1113,1418,1883,692,1503,2037,1274,1239,2396,1827,1093,1223,719
"TLCD4",651,577,767,2628,993,947,554,1901,875,1507,1156,2082,1989,642,1705,1240,1645,740,2984,1951,1014,1062,411
"KLF6",104,1007,4415,410,3618,500,170,2736,217,1217,331,946,499,171,2098,3520,620,3125,2385,345,709,302,517
"ZNF592",219,319,1466,2334,929,443,245,1931,739,1146,252,686,764,2458,2683,2149,1633,1278,3727,1663,990,1198,542
"MAPKAPK2",197,726,1508,1867,1740,656,370,1698,614,2177,189,1937,896,620,2043,1985,1367,3094,2212,865,762,1311,940
"CALCOCO2",586,950,1093,1345,1177,787,622,1607,1011,1548,1163,1410,1781,900,1804,1619,1071,1281,1781,1794,1603,1774,1045
"EVI2B",66,1008,4115,279,2886,400,326,3163,88,1612,41,1794,356,85,1850,3238,531,3986,1391,184,812,314,1198
"SIK3",283,468,1282,2261,1019,679,396,1517,1359,1064,2560,1160,1232,597,1928,1833,1238,862,2434,2263,842,1718,715
"RRAGA",747,499,1099,1737,855,956,649,1532,1310,1192,1108,670,1407,1160,2278,1701,2196,905,2141,1937,1461,1414,736
"TFDP2",1246,521,1182,2195,694,835,699,1702,1584,2003,1577,901,1710,943,1309,1195,1442,666,2084,994,1091,2507,586
"MSRB1",158,846,3816,431,2879,572,299,2776,217,1576,317,1505,541,201,2283,2853,838,3581,1731,212,712,452,821
"ARHGAP45",67,1212,3845,419,2765,305,306,2536,245,1712,87,1817,346,164,1633,3504,472,3939,1404,333,546,412,1531
"ZBTB7A",414,376,1625,1624,999,1024,380,1889,742,1315,1619,1214,1564,518,2094,1887,1036,1980,2910,1809,666,1272,556
"RPL41P1",928,1695,1502,1095,1069,1129,391,1763,1246,1077,1885,1827,1720,612,1003,2719,1114,389,1300,1337,1400,1511,792
"AKIRIN1",514,949,1295,1631,1551,985,413,1243,783,1354,1590,1326,1474,628,1692,1973,1684,1829,1917,1747,1484,584,802
"RPS2P5",281,437,1420,1585,1219,1068,229,2859,908,1320,356,1706,1359,1236,1529,2821,2613,671,1673,1872,695,988,559
"TTC1",1192,1036,577,1892,808,1128,714,1470,573,2516,1109,1419,1682,746,1625,993,1925,561,2415,2007,1216,1158,618
"ACTN1",74,957,3471,233,2495,479,332,3042,74,1406,42,1322,410,152,2217,3175,724,4647,1419,554,561,529,1058
"RNPEPL1",463,449,1680,2269,1287,644,482,1576,1038,1424,273,1034,597,829,2770,2139,1805,1604,2461,1637,1105,1196,603
"PIK3CD",48,1053,4531,385,3325,337,327,2460,157,1134,46,1225,328,125,2034,3565,497,4128,1561,189,491,255,1116
"MOB2",345,809,1514,1962,1485,840,464,1631,653,1735,1215,922,1748,695,1794,1997,1245,1553,2402,1040,1247,1048,918
"CLEC7A",52,698,3327,345,2184,202,319,2135,43,1494,21,2517,210,134,1254,3075,256,7523,814,114,474,229,1797
"CXCR4",59,964,2664,458,3217,243,199,2928,146,1635,68,1964,275,129,1084,3369,385,6235,865,97,351,167,1654
"RNF19A",519,914,934,1249,881,1003,362,1536,1250,1041,3891,2124,1475,581,1247,1034,984,1109,2064,1571,775,1946,595
"STK17A",615,617,1202,1768,889,868,639,1886,577,1100,1778,1103,1818,691,1741,1618,2758,699,2250,1812,948,805,863
"TCIRG1",60,1650,3262,465,2716,263,271,2454,94,1836,43,2379,191,170,1232,3051,391,4940,1555,128,392,157,1336
"SOD1",1004,1177,647,1223,551,1119,537,1045,1941,1163,3298,1916,2275,576,875,1133,1305,395,940,1869,1128,2072,841
"EP300",380,432,1259,830,963,613,326,1425,1796,668,4087,1270,1014,646,1637,1688,596,1292,2263,2328,470,2534,501
"LIMD2",66,1275,4196,413,2927,424,232,2065,305,1828,121,2014,283,189,1575,2719,645,3789,1619,114,669,246,1293
"EIF5A",319,643,932,1421,1627,706,291,2825,811,1563,1421,3229,1859,619,1252,1330,1115,1088,2058,1704,499,1022,661
"SLC2A3",37,2608,2788,233,2657,585,457,1538,78,1156,30,1844,273,186,1118,2204,599,7061,1702,162,454,276,946
"CCDC124",242,603,1317,2203,1543,631,310,2117,823,1630,624,1519,2112,917,1437,1714,1558,771,1967,1478,1649,912,880
"RAB5B",359,559,1597,956,1298,753,341,2275,1216,1117,3232,1376,1403,589,1384,2060,897,1905,2430,611,841,1067,679
"WDR1",144,796,2447,741,2248,552,278,2604,374,1706,269,1525,767,560,1724,2337,1032,3495,1471,847,850,1110,1044
"UQCRB",524,1461,1253,2080,1100,1084,315,2971,1460,1437,1310,1564,1234,641,1059,1311,1969,690,1087,1072,1425,852,1015
"GBP2",77,647,2497,322,2698,304,295,2654,55,1218,38,1816,156,246,1883,3050,421,6150,646,146,812,386,2394
"USF2",298,477,1923,2118,1164,412,795,1734,409,1403,360,812,919,995,2600,1967,1615,1815,2426,1818,1134,913,622
"GALNT10",50,419,1068,4509,1704,1006,256,1166,919,1122,953,437,548,1701,2187,1018,1459,511,2654,1805,1478,1143,588
"ATG13",450,346,1051,1432,874,1130,500,2109,1218,1150,2627,1986,1926,621,1095,1762,965,954,2271,977,762,1836,646
"PPP1R18",44,875,2710,258,2725,316,248,2800,134,1625,62,1663,314,157,1860,2988,454,6008,1305,149,492,195,1164
"SOX6",513,503,1014,1924,736,789,365,1361,1909,1191,2590,1248,1315,796,1106,1449,1101,732,2287,1749,866,2438,515
"FAM53C",264,679,1377,801,1598,700,455,1614,1235,1174,3757,1245,1185,579,1140,2152,882,1640,1941,1898,549,734,735
"C11orf58",662,927,768,2391,809,852,507,1452,697,1474,798,1658,1955,601,1709,1814,2035,775,2310,1677,769,1061,628
"TGFB1",61,656,2470,234,2285,568,322,2860,158,1614,97,1955,674,332,1690,2321,894,3979,1455,681,751,1088,1172
"ARPC5",208,951,3080,237,2982,455,442,2516,169,1588,85,1625,376,136,2132,2456,908,4031,1343,339,840,446,969
"MIIP",556,560,1382,3005,1361,1018,382,2633,555,1155,149,1055,2128,417,1903,2278,2219,776,2014,940,585,819,398
"IFI6",1813,342,764,434,1159,210,266,2414,1340,538,1506,1511,288,735,2344,2258,221,3406,211,233,1526,3200,1536
"SLC6A6",21,1211,3385,275,2776,273,234,2816,44,1211,24,1278,275,110,1649,3999,344,4900,1325,215,396,199,1246
"KLF13",725,1054,2635,1127,2111,496,229,1655,850,1412,205,1661,638,425,1379,2395,577,2942,1904,946,889,1082,843
"CD36",1445,581,1316,864,806,675,432,2221,1916,1366,3189,695,883,658,1107,1237,1253,744,957,1356,1007,3006,458
"CAPN1",476,586,2497,2449,682,656,169,1690,490,624,181,926,286,817,964,4081,1512,1637,2188,1281,1165,1814,954
"TXN",1296,1332,991,1957,1200,976,535,1250,755,1493,284,1565,1305,975,1808,1104,1592,878,1547,1452,1504,1666,649
"FAU",1246,858,1520,1285,1806,979,393,2380,937,1511,637,2379,994,466,922,1499,1967,1069,1613,1002,804,789,1052
"MPEG1",29,606,3553,133,5372,300,289,1567,113,1575,77,1017,348,114,1960,4544,183,3066,1021,116,481,212,1352
"HCK",63,897,3913,280,2899,373,351,2486,66,1530,33,1027,251,68,2404,3002,544,4181,1697,180,601,221,949
"LINC01036",397,267,1493,3677,478,590,502,3388,1254,1271,400,922,1600,707,959,2156,1396,988,1441,1270,1249,776,800
"STAG2",182,897,1539,1054,1404,568,319,2097,1036,902,1921,2204,1570,361,1306,2361,836,1765,1743,1380,648,1160,684
"UBE2D2",296,650,1367,1807,1917,723,330,2905,839,1584,464,1754,1587,581,1352,1608,1395,1580,1609,559,1490,821,701
"ANPEP",27,1151,3466,280,3045,322,248,1658,44,1002,4,1285,296,103,1809,4033,392,4884,1991,134,755,179,797
"ASAH1",659,1099,2619,325,1641,793,485,1931,393,1965,387,1385,698,254,1425,2332,817,4015,1140,734,604,666,1500
"USF3",152,420,1162,1929,974,662,256,1966,1412,889,2257,1004,1489,1065,1623,2303,1277,963,1530,1204,1264,1211,757
"PTGS2",27,381,2461,554,4737,286,39,3594,26,143,7,716,197,57,626,9178,584,1335,2065,193,86,85,197
"ZNF746",337,394,1759,1609,1366,779,274,1703,1337,991,2990,1200,1223,545,1739,1721,860,1263,2153,927,679,1162,545
"GFOD2",162,337,1142,1892,1151,1097,349,1541,727,1172,1735,1271,1786,353,1736,2802,621,1185,3117,1513,487,771,566
"RESF1",112,991,2819,339,2682,289,251,2337,567,1176,708,979,428,223,1685,4155,421,3194,1093,266,720,527,1525
"YIPF2",577,442,1063,2412,1329,733,706,1976,683,1401,549,843,1407,1056,1838,2011,1786,868,1744,953,1405,1136,492
"ZFP36L2",53,590,3875,332,1928,177,203,1453,618,1240,1016,1650,734,170,2128,1653,524,5103,1314,337,447,501,1327
"NFAM1",47,810,3332,291,3117,332,250,2161,47,1497,22,1228,342,78,2149,3046,489,4772,1483,187,455,213,912
"DYNLL2",304,671,1144,1327,1071,702,265,1737,2184,853,1093,1713,1434,858,877,1393,610,1079,1366,2196,958,2593,783
"TOR1A",701,514,1319,1888,670,1186,467,1860,757,959,1263,1101,1952,478,1547,2148,1093,1081,2350,1192,797,914,951
"NUP153",224,365,966,1021,1048,636,395,1698,1197,883,2859,2344,1253,460,1149,1535,670,1259,2107,2830,404,1470,403
"BABAM1",952,489,797,2958,1156,802,837,1363,689,1440,498,1088,1078,772,1810,1764,1959,674,1885,917,1349,929,927
"GAPDH",126,1192,2211,501,2046,650,352,2437,871,1777,349,1182,529,458,1501,1875,1242,2839,1495,1263,777,600,804
"RNF213",266,785,1606,845,1787,388,251,1368,419,778,216,968,128,494,2893,3737,103,3026,935,501,1091,1573,2884
"TMEM50A",687,592,1394,768,1222,523,322,1727,949,1138,2790,1410,1443,402,1466,1940,851,1764,1530,1388,602,1399,669
"MAP4K5",269,572,866,1673,968,773,442,2090,1339,1201,1333,2062,1380,454,952,1873,1325,704,2098,1125,690,1933,810
"UIMC1",445,670,1394,1244,1323,702,547,1507,970,1300,2134,1154,1250,676,1684,1767,1151,881,2100,1749,627,1107,541
"SH3GLB1",443,855,1396,1503,1310,877,432,1697,924,1346,1108,1328,1324,592,1468,1875,1411,1882,1724,746,841,1061,729
"CDKN1B",569,574,1674,523,820,715,327,1608,1267,714,3521,2183,1011,305,1438,1376,1009,2017,1756,1294,406,1071,658
"MT-CYB",351,2689,2649,1252,812,256,354,1112,386,2640,149,576,1042,355,805,3902,1414,2448,1028,862,322,308,1088
"SNHG29",743,256,1169,1143,957,522,454,1807,2154,1206,5620,501,961,649,1496,1204,1236,525,1547,502,1036,712,370
"POLR2J",1020,394,1353,1384,1609,924,423,1323,747,1203,712,1048,1587,1131,1807,2884,1483,553,1136,362,1079,1629,974
"SH3GL1",322,382,906,2705,1788,1004,444,1592,409,1045,376,1856,1327,540,1826,2422,1401,1041,2323,564,1021,969,493
"TBC1D20",553,534,1112,2622,1026,909,569,1385,594,1529,994,747,1321,802,1632,1574,1308,954,1829,1565,1672,903,591
"CREBBP",166,739,1752,971,1583,490,288,1717,1190,924,2018,1197,771,450,1695,2607,484,2339,1954,748,600,1194,825
"RPL5",699,636,1421,1425,1421,620,264,3509,1168,1213,1954,553,1007,667,1304,1929,2028,752,1345,826,670,664,609
"RHD",1842,374,629,1036,410,605,560,2133,863,1114,2450,415,2131,949,1107,1587,1874,682,954,1545,928,1928,565
"SUDS3",418,634,1195,1896,1191,739,476,1589,883,1121,701,1103,1450,706,1448,1759,1886,1106,1841,1687,1216,934,700
"YPEL4",587,299,926,1141,646,734,288,2147,1395,1175,4755,2079,1501,430,855,1274,868,443,1928,1078,385,1411,289
"TMEM245",900,741,664,1478,372,847,643,1174,1102,649,2879,960,822,1048,2009,1001,1511,298,1908,2549,700,2001,371
"PIP5K1B",466,445,769,1993,431,882,629,1504,948,952,1047,1124,1865,731,1400,1519,2102,486,2022,2084,838,1794,562
"TMEM9B",923,577,839,1494,923,1122,750,1162,939,1229,946,916,1878,475,1753,1065,2260,724,1474,2459,790,1172,715
"FCGRT",28,936,3257,331,2432,374,260,2202,30,1840,14,2334,288,75,1257,2646,517,5037,1367,112,344,114,779
"KIDINS220",333,525,1093,1273,903,473,300,1103,1475,790,3273,768,1096,533,1722,1637,617,1253,2144,2299,684,1688,539
"UBE3B",302,317,1236,1979,761,865,348,1451,841,1050,739,766,1399,899,1835,1822,1229,913,2965,1727,1033,1551,481
"HSPA1A",87,260,1183,147,1103,210,151,918,4369,546,10211,415,144,54,1033,985,283,981,737,1791,315,315,217
"GRB2",83,698,2693,423,2835,354,272,2121,308,1166,220,1479,477,211,2084,2318,600,4452,1442,396,525,327,946
"AFF1",306,273,903,860,756,570,454,1335,1708,837,5255,944,955,557,1345,1391,723,1248,1783,1777,565,1342,519
"FAM120AOS",336,434,1061,2061,1187,625,212,1703,1047,1368,452,865,1405,1560,2088,2401,1544,915,2200,450,1191,869,416
"MARCHF3",548,305,801,1193,762,1274,386,1580,1655,1290,3797,1167,1487,422,1063,1149,1032,813,1868,1655,556,1091,460
"DCTN4",597,840,707,1351,546,764,492,814,1345,1082,2884,758,1572,775,1864,1511,1277,609,1939,1350,1191,1354,723
"CFL1",65,819,2242,260,2388,458,257,1994,304,2280,86,1624,369,241,1617,1995,796,4868,1443,306,493,332,1023
"CMPK2",994,588,704,1461,867,618,337,1530,1239,920,2053,681,1455,603,1346,1228,1036,1157,1735,1084,1225,2225,1120
"ARF4",840,684,1009,536,838,907,495,1314,967,1219,2340,1425,1838,799,1091,1310,1211,1378,1431,1335,559,1495,1028
"SLC11A1",56,2314,2707,397,1717,356,425,1505,45,1933,18,1563,169,134,1248,2424,294,4405,1704,86,329,140,1999
"SEMA4D",47,702,2746,582,2141,343,233,2407,629,1156,702,1439,681,170,1443,2526,596,3380,1437,547,604,631,805
"PSMD2",297,422,1113,2251,1041,752,209,1153,647,1102,1037,964,1518,898,1971,1903,1163,1070,2368,1575,781,1118,575
"PAIP2",1114,973,1009,1527,992,808,380,1559,796,1429,1374,1409,1096,581,1444,1575,961,1063,1583,1432,771,1328,692
"MME",54,1084,3409,160,3848,480,282,1988,30,798,2,880,357,76,1117,2720,564,4770,1488,171,560,307,732
"LAMP2",104,839,3019,167,2798,381,309,2511,101,1162,100,1555,369,113,1666,2930,586,4002,1071,269,537,291,995
"SSNA1",787,494,1032,1244,1093,1030,375,1331,1465,1248,1275,1611,1202,688,1295,2009,1673,629,2013,683,948,1010,695
"FFAR2",82,551,2787,409,2001,291,243,3110,27,1391,22,1124,173,270,2096,2360,460,5032,1027,176,706,322,1144
"TFR2",563,430,1173,1951,548,1348,406,1667,776,1063,1432,741,1181,1073,1530,2168,1113,413,1788,1245,1231,1440,522
"LST1",110,873,3035,359,2845,353,240,2339,47,1789,5,2087,202,98,1239,2367,573,4389,1288,142,443,194,705
"GSTK1",517,494,1331,2142,1290,674,540,1214,536,1820,388,527,1162,1146,1489,2078,1017,1841,1858,587,1182,852,992
"PPME1",507,418,947,1720,438,762,333,1417,1045,1260,2423,874,1295,691,1290,1248,1304,353,1495,2329,935,2104,469
"RMC1",473,475,766,1416,515,1038,539,831,738,1040,740,1521,1919,924,1448,1436,1059,747,1761,2667,553,2015,1024
"CTSZ",134,1011,2742,2314,2338,326,258,2256,570,973,149,844,638,181,1763,2483,565,2913,1067,357,500,531,705
"LHFPL2",589,483,628,1172,502,748,198,1537,1220,645,1467,1609,3271,209,1006,1447,1320,507,2305,1564,942,1826,393
"SERBP1",424,745,996,1616,761,750,350,1379,1125,945,719,1185,1632,776,1429,1268,1422,814,2019,2653,788,1147,624
"RPA1",303,477,714,2487,723,585,305,632,598,1479,870,1463,2269,703,1985,1301,946,420,2588,1241,854,2107,516
"ARAP1",99,799,3143,427,2613,304,279,2290,182,1180,314,1416,367,125,1560,3076,417,3742,1143,222,488,305,1048
"ENTPD5",378,393,1299,1837,888,849,325,1420,970,1396,1459,875,1979,415,1361,2226,1300,596,1966,588,990,1378,625
"RPS7",1658,713,1187,914,1110,951,275,3188,1221,1287,975,791,1060,482,1137,1598,1824,822,924,1489,530,784,583
"CDV3",144,800,1458,1305,1534,544,301,1852,927,1074,714,1595,992,459,1169,2026,1170,1897,1373,1550,905,868,782
"CHD2",293,788,1254,1003,1218,458,289,1300,1382,891,3021,1118,1063,561,1375,1766,664,1215,1427,1349,705,1290,975
"NINJ2",348,473,1425,2271,1698,1183,442,1494,812,1698,407,674,1583,285,972,1457,833,777,2695,1233,1100,344,1179
"SRRM2",127,1339,3071,534,2074,222,244,1303,442,1266,551,1157,237,380,1323,3563,304,3599,1441,458,320,306,1055
"RPL27",1152,806,1655,742,1193,746,193,3686,1278,1283,1426,1308,999,408,943,1494,1331,1000,1198,558,659,743,453
"MAX",669,575,1641,1368,1048,575,247,2005,764,911,804,1078,958,382,1155,1677,1129,1452,1593,601,879,3059,658
"LINC02772",85,635,1146,2024,1163,692,178,1254,1060,1020,3051,1131,1483,676,828,1580,781,1242,805,1716,583,1545,494
"RPS27A",1304,645,1493,825,1573,723,296,2616,1533,1489,1330,1249,575,422,1039,1620,1490,1439,1027,571,562,610,741
"MECP2",100,252,3429,3206,667,404,190,616,1278,2471,232,543,2248,1408,2612,854,453,1146,869,513,504,696,474
"KIAA1191",484,289,1139,2062,839,357,169,1659,1184,1232,2321,984,2928,425,877,1166,435,1006,2387,532,322,2130,119
"GPR146",267,485,1429,1678,1469,939,289,2401,816,934,268,1292,1361,601,1075,1529,1051,596,1619,1525,844,2044,527
"DNAJA2",671,1087,747,1674,981,688,584,1243,684,1350,793,905,1367,653,1561,1478,1455,911,1703,1583,1176,853,872
"RASSF5",35,944,2626,232,2534,310,262,1934,105,1502,58,1864,223,225,1278,2664,309,4640,1110,124,459,180,1361
"CYTH4",40,977,2936,246,2109,232,220,2541,55,1268,29,1338,213,84,1850,2753,299,5151,1084,100,272,134,1026
"PIGQ",505,345,1340,2231,947,672,288,1544,777,1625,851,503,970,629,1631,2121,1348,640,1749,966,967,1543,739
"SLC43A2",126,647,2171,467,2603,360,244,1825,529,1393,645,1690,545,139,1472,2646,455,3172,1624,477,405,314,915
"ARAF",303,345,1288,1784,1255,842,394,1895,794,1027,605,696,1173,867,1237,2020,1307,966,1937,1028,1039,1374,683
"ARG1",527,450,576,931,534,619,377,1347,1690,1041,4121,726,1151,424,1427,1691,1110,447,1585,1320,395,1780,569
"MT-ND5",853,1902,2575,1383,622,270,449,948,397,2873,259,564,764,296,919,3244,1895,1448,459,903,252,516,1041
"C1orf43",672,378,1274,1751,1014,699,397,1213,605,1382,1082,729,1270,903,1921,2080,1354,892,2164,765,1105,658,500
"CHCHD2",1907,744,924,1225,673,738,725,1079,804,1368,652,665,1089,1223,1694,1445,1528,820,1590,998,967,880,1060
"TAB3",270,435,677,1228,354,677,461,1335,973,1438,2832,964,1774,601,1531,1332,1218,687,2073,1638,599,1230,459
"LYST",76,957,3128,282,2848,215,233,1797,132,1239,86,1247,274,109,1308,3498,258,3612,1158,257,460,323,1226
"CYBRD1",561,663,777,1684,688,937,472,1654,1200,1400,771,1031,1712,598,995,1722,1459,832,1235,1338,822,1435,731
"S100A4",88,1128,2703,268,2559,508,290,1622,98,2253,40,1850,344,106,1351,1950,648,3657,1618,148,497,198,744
"DYSF",177,1101,2501,935,2166,558,354,1440,198,893,538,613,445,97,2027,2800,605,3152,1768,391,643,364,886
"CEBPD",36,514,3618,295,3599,339,124,2319,64,1001,10,1789,292,38,1720,2313,590,2902,1721,124,440,166,627
"SHISA4",212,278,1904,1162,3371,633,87,2311,72,1584,105,784,2810,1613,887,1094,451,1504,1653,1129,335,316,172
"SLC22A23",344,125,929,1658,763,857,609,1044,1303,1215,3516,718,1398,390,1716,2031,913,717,1113,648,545,1141,773
"PAGE2B",603,846,983,1894,830,770,507,1731,811,2199,623,1114,996,861,981,1165,1536,572,1366,1226,1013,946,859
"ABCB10",810,476,692,1519,579,845,231,1564,801,662,981,1137,1274,420,1283,1045,2011,350,2003,2837,859,1659,366
"IGHM",37,1298,366,57,737,364,187,153,16347,572,1151,92,18,172,796,163,104,376,255,38,279,415,422
"WIPI1",408,405,1200,3099,1194,540,334,2905,776,1514,403,1234,1897,877,546,1121,1822,542,1008,277,448,1481,333
"TMUB2",370,437,1195,1162,1128,1015,477,1141,1059,1042,2722,692,1063,509,1556,1817,837,1317,1824,779,692,910,611
"USP20",372,429,1318,1611,837,992,288,1397,629,822,1480,967,1246,759,1688,1729,1035,798,1850,1308,976,741,1009
"KIAA0232",363,492,1059,1534,1254,524,344,1079,915,1163,2334,961,967,637,1230,1668,630,1136,1882,1431,646,1296,666
"LASP1",65,745,2206,300,2249,365,233,1977,316,1291,275,1419,432,199,1561,2500,743,4062,1018,473,397,421,953
"IBA57",98,731,89,229,3101,1210,67,512,2013,234,1210,1069,2995,1094,295,2128,100,57,2605,2235,161,371,1573
"MFSD12",173,283,1875,2517,1064,491,430,2510,197,528,336,546,2091,420,2179,2774,671,759,2216,279,715,479,608
"CMPK1",270,424,979,2420,1034,414,315,980,1298,1276,664,1043,966,833,1566,1303,1536,824,1758,1794,1253,690,492
"MT-ATP6",616,2064,2362,1092,605,205,699,710,292,2422,321,434,605,387,539,3419,1863,1972,478,1252,218,350,1218
"TMEM123",91,590,1576,177,1653,324,290,2774,205,785,149,1444,182,210,2218,2679,307,4545,429,294,818,400,1930
"SAP18",772,724,806,1664,872,719,469,1195,846,1588,1018,932,1232,771,1255,1127,1152,866,1399,1453,1396,1152,658
"DENND3",31,1038,2774,360,2071,185,218,2136,49,1136,20,1515,209,123,1286,2944,246,4605,1129,130,399,148,1304
"ARHGAP30",59,1171,2976,190,2577,271,216,1958,149,1343,49,1407,191,111,1494,2819,323,3794,1034,131,430,148,1196
"ENDOD1",375,743,517,1075,465,1330,355,2277,1016,1101,755,2418,1950,609,998,473,2042,395,1322,1835,497,1049,355
"NCF1C",39,541,2938,441,1474,364,210,1977,52,1708,22,1963,143,114,1154,2435,238,4337,1150,135,731,253,1481
"RNASET2",30,773,3392,226,1792,231,197,3053,78,1426,34,1996,225,70,1263,2488,463,4182,851,111,207,103,679
"DDI2",204,179,848,1590,565,425,287,1109,1530,783,3054,657,1159,560,1286,1655,601,478,2072,1693,514,2217,363
"MYADM",76,459,2416,136,1670,745,362,1720,57,1510,22,1381,345,103,2100,2126,610,5331,1193,122,459,211,640
"RPL35",3055,652,993,653,804,1027,290,2407,1499,1316,901,1252,724,614,715,1079,1637,568,1025,740,627,710,503
"PCMTD1",332,679,909,1513,1200,672,473,1200,791,811,1957,1368,933,556,1368,1931,1051,680,1823,1203,819,792,686
"CD14",45,722,2420,311,3102,304,390,1467,125,2596,37,1105,290,57,1428,2581,338,4163,1255,93,225,119,489
"DYRK3",351,306,680,1068,761,663,283,1407,1410,1019,4329,1168,975,382,855,1222,827,531,1880,2000,357,832,355
"RRP12",169,824,887,1211,919,552,211,937,552,1736,1044,1272,1627,472,901,2320,702,1581,1454,1317,392,1831,694
"LILRB2",45,678,3559,516,2535,271,279,2131,71,1606,26,2058,165,100,1685,2105,330,2775,1395,89,391,159,609
"MIDN",46,1206,1706,190,2051,253,224,1817,91,1226,146,1416,178,194,1041,3448,344,5434,1239,114,191,99,892
"CFLAR",63,1119,2864,292,2071,423,291,1832,118,893,87,1189,259,97,1928,2874,403,3273,1279,200,494,338,1123
"OGT",335,744,1558,663,997,362,243,1141,1143,833,5098,695,600,403,1033,1670,492,1116,1774,657,418,851,654
"SECTM1",62,298,1697,187,2283,241,272,2470,32,1181,26,1748,190,128,2318,2022,445,4874,963,124,560,320,1004
"HUWE1",229,345,923,1304,618,602,191,955,1358,660,2015,1194,999,601,1468,1639,999,451,1534,1887,667,1941,839
"RFXANK",496,411,1309,1452,1027,996,418,2066,1094,1042,380,1039,1206,737,1077,1597,1754,447,1288,628,1216,1053,680
"GMFG",171,1196,2710,356,2137,340,273,2196,101,1385,39,1791,241,142,1146,1947,640,3845,1130,171,377,277,783
"JMJD1C",172,686,1488,283,1082,259,261,1303,752,1110,3140,1067,415,330,1185,1572,304,4877,919,462,376,660,686
"STK10",64,856,2574,898,1980,253,230,1666,193,1288,154,1044,320,289,1552,3404,742,2544,1122,219,335,520,1125
"MOB1B",853,374,666,1078,436,737,427,896,1440,1050,3039,676,1702,659,1115,953,1259,307,1578,1918,605,1206,385
"ARPC3",343,1013,1816,522,1670,461,318,1384,255,1898,315,1264,441,395,1536,1956,922,3115,1154,440,692,366,1064
"DYRK1A",210,708,874,1017,924,733,219,1515,1040,888,1414,1922,1367,295,1202,1452,997,1311,1490,1560,516,1111,545
"PELI1",43,1633,1324,146,1161,122,291,1070,32,963,24,2096,144,65,949,1699,105,8402,599,38,352,88,1942
"LHPP",947,213,951,1714,715,625,961,881,663,917,142,622,921,965,1872,1532,1857,650,1482,1490,1339,1235,584
"ALOX5",57,1081,3243,313,2058,320,272,1272,59,1217,31,1123,206,86,1498,2982,490,3872,1504,171,450,134,823
"RAB7A",95,939,2252,322,2336,393,288,2048,205,1293,442,1374,405,135,1619,2154,542,3257,1234,387,477,368,662
"APOBEC3C",421,311,1066,2315,438,980,338,1133,775,1214,287,790,830,865,1411,1549,952,488,1750,1168,417,2831,894
"UBE4B",366,527,1082,1170,1203,646,379,1333,1332,812,1776,1114,1142,465,1146,1430,776,845,1587,1487,739,1238,558
"TOX4",428,545,987,1354,882,714,456,1489,798,1176,2045,727,1119,713,1320,1189,1143,1131,1449,1024,743,1038,673
"UBE2R2",188,784,1568,819,1313,418,345,1543,612,1115,316,1835,867,145,1882,2027,825,2266,1340,1200,654,393,661
"NDEL1",176,510,1636,590,1262,448,223,1541,1006,974,1636,1674,861,255,1183,1652,627,1715,1643,1478,452,998,536
"NUB1",308,692,1019,1043,1222,617,392,1373,685,1180,1215,1092,1159,733,1280,1399,724,1208,1246,896,827,2017,744
"CLPTM1L",381,310,929,1642,771,583,382,1441,1177,802,725,803,758,721,1641,1673,1550,680,1734,1946,921,1031,465
"NELFE",576,556,924,1509,795,1093,319,1114,448,2245,387,1789,1434,745,1205,1501,1442,816,1386,483,728,876,663
"RHOA",179,724,1905,455,1826,405,244,1889,274,1706,183,1754,556,193,1481,1984,642,3249,1337,333,429,343,812
"DHX29",320,696,561,1567,661,764,347,1105,577,926,758,844,1772,674,1443,1385,1132,421,1944,2123,826,1457,595
"RAB2B",616,768,828,1500,635,1061,351,1230,1114,1467,1050,1156,1108,400,925,1685,1743,648,1303,706,614,674,1290
"TANK",683,571,872,789,1039,773,1048,1008,843,1053,809,970,1451,433,1604,1047,965,1084,2230,998,576,1265,745
"USP33",596,739,721,985,374,918,614,1162,1505,814,1637,857,1395,785,1040,1304,943,608,1377,1001,888,1831,730
"TIAL1",492,582,860,1558,740,616,390,1430,650,1294,1027,1528,1572,439,1254,1665,1106,744,2153,751,679,745,458
"RPL18",599,409,1481,847,1129,792,211,2321,1456,1118,1609,1199,803,593,982,1344,1547,727,1062,527,747,519,708
"TPST2",273,502,1332,1385,837,756,348,3136,468,1225,395,1639,1452,179,637,1770,1299,1154,1541,611,577,943,246
"RPL30",333,591,1155,1667,1338,540,126,3787,1394,726,915,1511,616,346,729,1049,1657,417,940,603,743,883,619
"TSPO",455,807,1872,1561,2010,439,476,1121,833,1287,171,700,553,348,1578,1299,817,2106,1688,336,1205,525,465
"COPZ1",491,666,724,1500,795,674,491,939,788,1342,873,713,1432,882,1569,1337,1225,480,1411,1011,971,1514,774
"SF3A1",180,339,1454,1888,1218,459,224,1489,470,1302,801,1057,845,475,1380,2047,710,1781,1696,679,720,736,648
"IL17RA",44,809,3182,229,2652,273,215,2064,51,846,25,1136,317,76,1688,2750,351,2741,1334,152,521,185,873
"MX2",65,531,1940,252,1626,209,208,1727,87,1216,94,1154,193,191,2070,3170,287,3231,503,132,996,229,2389
"MYL12B",686,848,1503,626,1458,564,517,1398,446,1313,358,1221,479,388,1492,1620,1035,2286,1267,812,556,663,883
"PNPLA6",244,376,1213,2432,1058,649,161,1492,505,882,241,1242,681,424,1540,1897,1187,1099,1838,1300,628,753,568
"ANKRD13A",156,633,1457,814,1256,397,387,1825,374,1134,588,1330,756,609,1257,1823,788,2622,1482,622,529,653,912
"PDK2",200,193,127,358,379,173,2037,3473,271,4287,96,2653,395,108,4737,869,286,87,350,526,372,300,96
"RBM39",310,1123,1697,575,1260,371,306,1364,575,1104,1517,1180,475,393,1200,1825,560,2348,1468,919,486,513,791
"SHKBP1",21,1055,3381,224,1729,278,293,1925,88,1427,41,2060,286,97,845,1657,431,4047,1221,112,262,133,741
"STAT3",106,748,2284,287,2221,238,235,1941,208,868,124,1141,325,179,1632,2423,439,3325,1049,465,548,624,921
"OGA",220,820,1453,630,1102,415,206,1261,884,779,1878,1592,777,277,1073,1925,494,1860,1212,899,335,1171,1027
"ZBTB7B",136,709,1865,652,1456,280,361,1748,261,965,78,1144,340,330,2089,2154,959,3200,1368,364,458,632,669
"TADA3",402,354,1246,1581,970,487,376,1445,841,900,506,798,771,735,1487,1807,1983,916,1510,741,732,1149,429
"ARHGEF1",40,1042,3221,391,1775,206,243,1530,192,1437,89,1400,150,213,1112,2454,274,3592,1047,123,343,125,1134
"RFNG",359,217,1130,1297,695,755,419,1609,1052,784,786,727,1373,635,1982,1915,1733,409,1139,997,878,624,581
"RIPOR3",1141,450,891,1224,941,722,381,1315,653,1205,881,1012,1023,1127,965,1188,1038,541,1854,1366,566,1217,366
"ENSA",365,484,1008,1259,668,559,316,1265,747,1057,728,894,904,906,1396,1285,1376,1186,1742,1054,897,1144,822
"NINJ1",50,751,2320,137,1694,216,261,1721,30,1626,11,2034,190,154,911,2150,291,4622,730,91,287,156,1624
"FBXL4",411,477,842,1271,538,734,533,1101,1226,960,1330,983,1541,574,1357,1108,1461,567,1387,1125,618,1151,747
"OAT",1091,359,274,543,503,753,280,422,1350,343,1503,318,1197,583,1710,807,1077,392,1911,4160,680,1404,346
"CORO1C",549,456,1201,1117,1149,392,513,1044,493,1035,973,738,710,884,1488,1427,991,1362,1519,1550,483,1243,563
"CYRIB",90,1195,2008,130,1905,353,257,1856,77,1378,32,1481,207,120,1368,2154,408,3957,837,140,418,166,1276
"CREBL2",364,555,847,2096,815,654,242,1211,834,974,1086,972,1352,407,1324,1681,919,676,1512,788,956,1173,373
"AKNA",33,735,2805,215,2391,176,205,1869,172,879,75,889,161,260,1413,3099,272,3084,981,120,392,195,1359
"FBXL5",79,1068,2215,150,2410,311,252,2008,59,1143,73,1369,248,112,1288,2175,419,3598,883,163,397,262,1074
"CMAS",415,745,568,1939,396,731,346,1331,634,1180,858,1424,929,468,1039,1227,1081,475,1568,2061,733,964,640
"IL6R",42,557,3360,175,2741,228,190,1963,92,904,16,843,378,64,1787,2325,312,3194,1044,185,407,202,739
"GPBP1L1",313,334,1149,976,1163,369,301,1187,1028,970,2610,979,798,293,1170,1352,686,1137,1801,1157,486,972,453
"SHOC2",202,746,856,1101,985,632,440,1240,596,758,566,1280,885,422,1193,1278,1401,1386,1635,2062,611,702,682
"RPL34",536,613,974,1187,1069,484,209,2804,1087,1157,1407,850,780,406,991,1212,1592,851,800,1054,461,464,639
"NR1H2",367,609,896,1298,946,838,264,1615,552,1044,436,1548,1178,703,1033,1154,1042,1369,1243,662,747,1468,607
"S100A6",283,1558,2162,234,2092,496,321,1366,79,1761,57,1501,218,94,1206,1380,688,3345,1046,146,539,219,785
"CRKL",254,543,1014,784,941,996,334,1374,788,795,1543,1346,1002,412,908,1289,923,923,2071,1519,656,637,497
"BAZ2A",243,563,1430,567,1355,368,244,1238,602,717,1227,872,488,395,1428,2154,419,1726,1220,1113,431,1788,891
"ITGAM",38,915,2575,264,2487,295,215,1449,51,940,26,955,288,147,1775,2592,418,2770,1565,246,589,236,632
"KARS1",230,351,869,1956,1150,529,261,1527,412,1305,433,1157,1333,568,960,1742,888,715,1559,806,876,1309,499
"NOTCH1",24,817,2971,336,1712,194,260,1349,71,898,16,869,275,103,1372,3470,278,3408,1130,105,316,181,1257
"STAT5B",61,964,2377,551,1787,389,227,1349,288,1009,136,919,323,195,1448,2013,647,3231,1370,472,511,318,784
"LRRC25",50,451,2612,159,2222,282,211,1774,42,1611,14,1473,291,66,1452,1636,389,4272,894,93,290,152,848
"LILRB3",58,722,2865,245,2327,287,270,2001,41,856,16,924,173,110,1439,2237,407,3315,1121,167,511,165,948
"SLC18B1",724,361,920,1376,529,536,455,1208,786,1736,711,578,1774,553,803,1445,1130,394,1482,867,1045,1297,433
"CTNNA1",175,226,1293,1813,985,469,314,1594,709,933,596,678,896,499,1290,1695,916,945,1855,842,775,947,571
"C15orf39",29,694,1652,111,1854,159,161,2201,55,1445,26,1466,167,136,1073,2498,190,4884,599,88,267,103,1154
"FRAT2",56,515,2637,246,2419,334,181,2281,110,845,71,1117,361,44,1445,2054,546,2898,1350,156,351,210,719
"DESI1",271,360,1128,1732,624,807,335,1257,795,983,345,767,1184,837,1365,1390,1699,564,1504,673,894,818,572
"TAP1",171,354,2080,201,2255,208,189,1957,170,795,93,1038,188,188,1700,2155,247,3620,575,126,713,733,1145
"KDM6B",50,751,2274,366,1786,168,222,1600,106,1041,268,995,284,179,1450,2591,368,3562,1051,160,262,217,1140
"TLE3",45,1038,1936,241,1688,201,235,1336,121,963,117,1208,283,131,1218,2439,234,4307,1166,170,241,177,1367
"PFN1",87,768,2031,264,2168,312,252,1570,297,1987,191,1184,284,240,1281,1618,640,2452,1330,433,373,272,763
"LRRC75A",308,324,1339,1313,1306,547,298,1294,507,549,223,3425,899,395,1093,937,1122,336,1440,1032,636,1157,288
"ATG4D",352,232,659,1210,1180,685,288,1354,912,536,1743,935,1239,392,1885,1228,742,576,1812,1335,458,697,317
"BIN2",39,899,3077,225,1826,315,187,1883,82,1005,38,1051,266,118,1466,2217,476,2891,1069,354,490,401,389
"COPS2",552,962,448,1180,639,678,517,1003,878,874,1136,898,1375,405,1050,951,950,402,1783,1817,888,918,446
"EXOC7",213,319,1004,1744,740,407,273,1434,667,883,557,585,894,879,1596,1740,909,844,1340,841,1129,1215,513
"SIRPA",18,555,2774,197,2869,219,183,2051,27,826,14,960,218,41,1581,2372,384,3433,1016,128,366,123,365
"NDFIP1",1025,573,855,1482,784,712,340,1151,1043,1202,579,1022,1069,502,909,1134,940,839,1212,426,803,1627,489
"DOCK8",32,577,2725,181,2480,256,210,1464,119,626,51,680,291,104,1634,2699,263,3448,923,150,539,229,1033
"KDM4B",223,490,1605,1236,1171,336,228,1117,502,949,392,946,738,285,1940,1703,629,1656,2348,628,474,441,665
"FLCN",393,216,1357,849,720,454,832,712,547,357,3169,431,689,1032,1553,623,942,477,2196,1602,522,559,468
"RHCE",1374,310,786,1248,370,753,489,1539,718,1644,1197,404,880,551,888,653,1540,368,1770,1133,418,1477,190
"ZFYVE1",277,212,873,1314,739,666,184,1112,937,806,2292,1237,905,472,1369,1281,688,600,1551,763,651,1546,221
"TLE5",410,489,780,2781,774,281,362,1002,635,682,208,439,1041,416,1934,1922,1756,580,2022,287,857,528,508
"RPS3A",1014,608,942,778,1113,777,131,3245,723,1246,1312,886,321,428,495,1488,1919,542,998,501,243,300,671
"BPTF",290,328,1071,1352,594,540,445,890,1005,705,1263,486,1028,876,1144,1810,872,755,1379,825,1190,1243,582
"SZRD1",549,509,1029,1462,1314,476,425,1289,696,1094,651,781,797,464,1012,1306,1108,1147,1251,810,953,1030,479
"IFRD2",316,310,735,1818,807,810,226,1150,319,1094,354,1324,1483,486,1199,1683,954,622,2240,997,528,773,379
"NCOA1",224,656,1240,507,980,438,436,1287,819,642,959,1226,853,307,1222,1646,766,2034,1654,1034,369,662,627
"CAMK1D",136,263,1416,391,524,677,473,2237,73,1289,746,1409,1762,115,1085,671,360,1876,2091,999,1040,262,660
"ACTR10",1104,691,759,1368,530,489,591,711,810,617,490,431,958,880,1382,1149,1739,461,1044,1112,1213,1508,499
"CLPTM1",152,343,941,1763,1049,635,236,1430,513,1015,570,762,891,573,1280,1835,962,1016,1953,881,769,570,391
"ARHGAP9",51,982,2839,429,1963,261,250,1944,88,1481,29,1088,153,130,1012,1956,484,3052,1025,117,309,135,746
"PGK1",35,1004,1984,127,1808,319,172,1414,194,1841,48,1448,258,153,1302,1461,491,3839,972,217,372,190,865
"PI4KB",251,354,924,1303,802,526,420,1163,565,816,1145,621,860,529,1450,2219,1021,1054,1995,737,624,654,454
"PLEKHB2",295,300,950,1001,974,635,143,557,721,761,1587,428,887,330,1156,1339,1314,1014,1201,2447,458,1444,495
"IRF1",103,519,1478,158,1789,231,167,1246,99,839,142,1377,191,213,1273,1501,255,5636,807,113,479,316,1477
"BRD2",282,695,1428,468,1204,330,286,1242,752,903,1052,1029,399,341,1125,2054,494,2454,1069,892,465,662,772
"CD44",190,668,1488,384,1150,597,206,1434,599,1179,2172,754,603,489,1257,1062,522,2172,1196,441,380,778,665
"DUS1L",232,252,827,1528,898,417,213,1138,710,795,346,860,787,773,1750,1373,1650,447,2029,1063,1134,785,372
"WASHC2A",308,282,582,938,313,533,451,654,794,1177,949,1257,1594,1238,1599,979,919,532,1191,1155,932,1354,617
"ARIH2",315,436,798,1109,843,631,421,765,786,959,1126,618,1175,641,1307,1376,868,789,1836,1223,932,884,504
"AMPD2",24,1370,2055,308,1145,184,134,1358,73,1354,78,1649,207,137,665,1928,193,4938,761,135,149,172,1324
"HECTD3",252,395,882,1634,1089,654,291,978,520,952,331,718,1419,398,1453,1228,1011,734,1318,1217,889,1199,754
"RPS29",2107,649,695,691,1091,747,223,2923,1151,908,773,1533,766,331,718,832,1016,455,688,493,474,563,452
"RELB",319,529,988,881,987,915,262,1275,940,1141,721,1148,1528,422,661,1311,744,1082,566,135,1066,1477,1137
"SCYL1",224,339,961,1592,789,465,253,1511,500,893,421,1004,1225,567,1720,1674,841,987,1463,539,847,917,423
"TSPAN17",433,192,852,1416,978,560,278,1077,1765,2948,189,539,658,466,836,1614,1357,575,1086,413,519,1074,325
"FGD3",51,991,3162,351,1994,191,133,1664,66,877,14,1092,153,70,979,2522,292,3019,1145,99,310,156,785
"GMIP",41,842,2725,280,1881,196,218,1553,64,1155,31,1123,157,109,1079,2474,298,3252,1164,101,322,130,887
"GYPA",1772,529,371,1273,267,550,396,1117,684,1033,2081,655,793,622,625,714,1552,230,1389,1552,746,852,241
"POLDIP2",439,316,824,1483,761,514,288,1280,671,962,481,704,1157,748,1222,1451,1359,558,1558,896,959,862,388
"SBNO2",39,699,2321,338,1643,195,207,1383,124,1103,103,1289,180,148,1616,1651,344,3750,1165,128,349,164,940
"ARRDC3",130,583,1588,354,1301,234,213,1354,731,1143,2967,1101,496,145,821,1205,498,1301,1391,798,315,354,777
"RNF40",107,341,772,1917,1303,297,231,998,357,763,275,749,979,505,1314,2861,705,970,1546,1017,618,562,603
"ANXA11",51,807,2144,186,1956,278,232,1937,90,1277,45,1267,229,51,1258,1809,406,3119,1028,191,502,202,713
"ATG2A",192,707,1121,1018,1161,490,196,865,361,948,1141,1053,602,404,1009,1830,549,1791,1137,699,369,575,1549
"DHX40",446,541,618,990,584,685,353,837,593,838,1655,724,1521,399,1314,1136,914,522,1428,1533,712,865,548
"RPL36",1283,363,1051,889,852,802,177,2737,1259,570,348,1251,774,502,629,809,1648,543,683,455,699,969,460
"CMTM6",41,543,1748,84,2261,313,186,1826,86,950,48,1345,286,85,1496,1743,417,4282,787,129,368,192,527
"CAPZB",78,676,1898,241,1881,342,217,1587,195,1304,72,1256,281,180,1277,1792,526,3085,1051,291,404,374,723
"RTF2",475,585,1053,1055,1008,507,307,1084,564,1119,526,886,749,705,1104,1300,868,1381,1191,543,857,1278,521
"P2RY13",34,266,2488,132,2335,154,183,2364,23,616,3,1149,258,33,1511,2142,290,3636,625,130,427,184,589
"CSNK2A1",194,415,837,1432,613,437,273,1207,834,759,1310,654,1117,601,1292,1360,838,712,1571,730,766,1174,434
"RPL14",313,341,1127,1420,1182,443,178,2491,1006,1046,772,525,547,562,967,1315,1158,837,794,612,641,796,474
"RHOB",20,152,4125,228,2489,206,91,2047,73,604,17,679,350,30,1860,1771,309,2401,1263,135,212,111,342
"SHLD1",762,379,1130,1411,533,685,252,718,1213,1347,1504,583,773,682,1195,913,807,477,1109,661,682,1096,596
"BLCAP",233,257,659,1973,430,605,501,1555,367,753,896,823,796,549,906,1931,1360,528,1618,904,742,584,514
"OAS3",372,269,496,119,1071,159,286,1840,854,247,295,1008,91,259,2514,2694,88,1993,110,170,1596,1292,1643
"BRI3",79,787,2065,300,1782,310,268,1702,259,1120,109,1104,352,90,1458,1932,564,2489,954,253,357,313,803
"NFKBIA",75,1012,1236,182,1223,89,222,568,55,3610,66,1279,133,367,773,855,189,5776,760,49,158,117,656
"CHP1",131,624,889,1017,835,360,195,1130,541,1115,1132,1311,1325,303,1119,1247,1014,1229,1295,582,706,617,717
"COX7C",542,634,666,1384,724,769,260,1605,855,997,600,708,859,663,979,1094,1612,402,1029,1153,741,561,553
"IRF2",227,443,1431,746,1671,400,321,1978,354,684,351,1068,553,201,1269,1626,779,1750,1102,547,682,735,389
"ZNF213",269,147,1185,1928,1042,333,147,1386,694,995,527,655,944,588,1444,1316,1229,568,1322,263,826,1174,313
"OGFRL1",47,552,1813,148,2464,217,257,2487,36,533,20,1311,236,33,1165,2629,330,3043,774,94,248,92,720
"PLCB2",27,1066,3706,363,1945,174,196,1350,56,998,22,1123,119,93,930,2498,212,2166,908,105,308,122,752
"ALOX5AP",38,1147,2179,134,2274,211,333,1922,39,1153,19,1423,157,112,674,1770,453,2340,1078,122,443,152,996
"ERGIC3",342,317,1016,1672,786,611,301,1555,382,968,456,670,1016,642,1080,1596,1464,700,1324,679,637,530,379
"STX16",111,536,1085,1391,805,357,214,1166,777,1194,788,1171,889,513,1037,1525,599,963,1272,740,767,711,512
"EIF3J",363,694,440,1356,366,751,245,558,649,921,844,533,1116,691,1257,1045,1161,281,1348,1960,819,1208,509
"TYK2",96,677,2321,612,1439,249,217,1518,337,896,175,1164,294,310,863,2127,565,2241,1207,288,442,259,777
"TLR4",59,466,2851,157,2507,315,187,1520,49,1149,10,767,223,81,1192,2366,316,2194,1047,107,474,152,873
"ALPL",63,1321,880,223,714,372,414,750,37,2000,9,567,359,99,1968,1365,539,4830,1216,95,282,262,689
"ITPK1",42,577,1602,263,1241,189,244,1724,57,1297,30,1625,204,123,1308,2092,332,3927,629,131,376,153,881
"PAK2",56,562,1736,317,1826,244,234,1393,174,748,211,1018,492,112,1271,1937,462,3142,1148,442,344,300,844
"HDAC6",178,270,1200,1780,600,443,166,1330,555,1050,510,1054,917,614,1285,1418,740,636,1567,661,676,899,458
"EDF1",268,291,723,1230,733,417,308,1179,1099,1008,523,730,728,790,1299,1041,1196,609,1485,1246,882,528,678
"ATP2A3",50,648,2404,245,1797,312,126,1800,288,893,104,963,448,210,976,1740,525,2316,1037,516,399,620,566
"NCF4",42,913,2232,367,1960,280,263,1701,42,1257,16,1015,144,59,1118,1821,419,2846,1208,171,339,137,608
"CRTC2",168,416,1064,1173,1022,477,241,1545,594,773,906,899,932,345,1160,1695,540,1227,1595,403,496,773,463
"MYLIP",234,292,914,279,890,304,298,1081,1466,596,4878,691,457,229,650,1047,563,776,1286,779,206,761,222
"DCP2",262,561,1056,1413,802,564,235,958,773,689,1770,842,1061,510,1018,1310,687,911,1132,623,511,627,562
"STX5",367,359,840,1178,857,782,435,1049,344,1153,526,831,1203,514,1042,1638,903,620,1595,538,809,621,662
"PSMA7",420,587,722,1167,704,563,168,1918,1240,1358,239,1355,1314,382,769,1101,1234,812,693,542,574,428,472
"LY6E",264,279,153,124,748,186,376,1778,266,367,142,2163,98,390,1225,2071,85,986,111,142,1876,804,4125
"WWP2",210,330,1248,848,1055,311,238,1067,525,888,609,712,556,508,1243,1881,603,1725,1413,585,623,826,702
"ATP6AP2",664,569,1002,822,918,473,375,1172,471,847,564,845,738,438,1039,1233,1002,1195,1010,1571,802,541,398
"VRK3",338,344,775,1140,678,484,468,921,628,865,819,798,917,733,1325,1302,994,677,1591,880,847,640,499
"OXSR1",159,460,748,1052,860,342,299,1153,511,804,756,1002,976,448,1081,1068,1102,810,1253,1376,601,1216,529
"TRIM22",97,389,851,204,1309,184,247,1609,155,572,137,1008,68,207,2105,1902,193,3037,245,126,1131,475,2339
"FKBP1A",90,535,1611,516,1172,391,332,1257,173,1221,233,743,371,370,1537,1331,890,2172,1286,737,522,395,698
"PNRC2",329,256,774,555,758,317,213,1016,947,505,4698,763,772,262,690,806,511,739,1599,742,303,662,363
"CYBB",59,440,2005,231,2751,228,190,990,203,691,133,395,410,161,1851,1841,559,2223,1119,537,493,402,632
"RHOG",47,591,1789,182,1696,285,203,1624,66,1383,49,1444,232,114,1164,1602,425,3411,884,115,279,149,810
"PPOX",544,322,889,879,513,693,235,1146,1225,863,2088,635,857,535,1039,892,1114,316,781,796,629,1105,408
"PBXIP1",86,688,1632,301,934,292,199,1696,195,1407,385,1545,248,101,1059,2018,341,3492,728,147,218,216,570
"DENND5A",34,759,2112,164,1798,195,204,1626,70,788,25,917,186,81,1014,2380,293,3478,778,115,407,160,906
"FLOT1",89,793,1915,533,2051,377,220,1312,166,1112,54,1371,300,175,1329,1429,779,1816,1129,202,390,163,746
"VWCE",140,110,1807,1233,624,226,147,2503,316,507,110,1176,796,213,857,2293,1598,519,919,374,340,714,926
"ANAPC16",406,500,1072,1307,775,562,215,1303,519,1097,601,710,1007,570,752,1755,1062,682,1093,421,787,714,525
"CR1",263,612,2282,633,1392,389,193,1395,243,1013,205,506,787,346,1275,1729,432,1663,1331,292,452,528,468
"FERMT3",71,559,1592,388,1321,376,184,1969,206,1045,132,1014,592,254,1093,1352,706,2014,1056,646,461,723,658
"KPNA6",181,239,662,1523,522,509,152,1081,693,668,1903,855,1020,332,1341,879,744,516,1786,779,500,1107,412
"KLHDC2",216,500,877,1881,399,724,249,1033,513,1032,1030,726,1467,370,1169,1123,858,466,1590,671,607,539,350
"SF1",103,939,1108,353,1112,221,201,899,331,1328,225,1392,405,328,960,1775,378,3093,869,701,292,308,1000
"PNKD",103,213,585,645,317,712,499,1174,289,922,291,1255,1425,1119,1307,983,551,816,3221,883,239,329,425
"EPC2",239,312,890,1133,590,598,223,1164,999,688,1385,832,1064,631,741,1131,1001,725,912,715,712,881,722
"RAP2A",325,590,440,1453,851,575,302,1327,868,686,507,711,715,371,979,1277,1153,413,1243,1604,647,863,375
"PARP9",748,319,986,217,1170,190,204,1517,535,538,285,856,154,263,1322,1869,205,2472,353,168,665,1977,1255
"SLC6A19",77,60,220,1021,262,469,751,615,418,422,1096,94,591,358,5172,693,514,106,1422,2554,967,329,21
"TXNRD2",276,223,1340,1141,1019,617,246,1511,275,1636,339,373,909,574,987,1695,703,1031,1065,398,635,869,370
"CHMP1A",259,379,1200,1055,929,380,214,1008,576,976,802,737,626,487,1547,1161,730,1218,1369,514,861,653,545
"HERPUD2",282,341,847,872,1088,502,408,1309,807,928,1155,1009,799,353,724,1257,1018,918,857,473,592,1153,527
"SPPL3",248,299,595,674,725,539,319,1309,933,573,1437,634,1221,295,1044,1224,611,543,1688,749,840,1061,635
"GLIPR2",76,728,1888,184,2081,251,242,1390,56,1244,15,1074,145,106,1306,1565,387,2908,1112,139,363,175,743
"SEPTIN2",513,468,690,745,669,335,228,698,920,724,1207,731,980,334,926,1702,1186,629,886,1030,964,957,646
"CA3-AS1",291,98,1134,594,484,556,387,2389,805,739,385,369,1328,671,1186,793,1627,603,1643,168,562,1146,208
"TNFRSF1A",28,292,2400,211,1974,208,152,1806,35,863,12,882,315,63,1665,2142,331,2665,920,94,372,108,625
"UBA1",127,406,1705,400,1175,374,150,1433,431,773,1315,799,537,336,1213,1577,550,2049,1021,411,329,547,494
"TRAM1",461,487,580,928,600,611,373,1118,788,1037,731,822,861,539,1058,1073,1176,859,1200,962,651,738,481
"MOSPD1",1081,473,445,874,343,616,336,994,593,996,1162,1173,1265,382,788,839,850,349,1148,1312,478,1163,453
"YWHAB",116,622,1750,214,1847,306,201,1326,253,1012,215,887,278,169,1388,1825,551,2623,1015,238,401,252,614
"CELF2",33,654,2419,214,1427,191,169,1556,94,668,54,1138,266,100,1217,2256,236,3075,821,142,400,184,778
"HLA-DRA",20,654,2227,140,2152,181,173,636,657,1453,376,945,253,150,1618,1475,149,3157,672,79,146,143,629
"ATP6V1E1",806,671,805,746,689,705,625,619,959,701,526,556,804,487,1304,1013,825,871,1064,911,614,1080,673
"BLOC1S6",474,609,512,1265,704,510,255,750,593,1071,627,1062,888,257,835,1223,1002,935,1585,1397,481,568,415
"POLR2E",197,280,1174,1526,1185,443,187,1206,310,1296,315,535,1184,595,1430,1197,638,782,1484,593,499,473,486
"RAD21",213,485,1242,480,1069,336,200,1262,570,642,1389,1506,521,210,955,1421,535,1407,1060,1008,296,683,494
"TMEM131L",192,329,1107,859,920,382,203,1130,808,894,1094,883,923,465,768,1244,595,865,1089,1340,531,1101,255
"PBX2",88,727,1863,369,1616,208,216,1643,124,923,76,1263,289,138,834,2371,327,2718,852,167,253,193,714
"FAM83A",442,365,82,297,198,371,110,1002,199,91,424,1001,599,966,820,1284,643,454,3786,2069,906,1424,424
"RPS16",405,505,1433,541,1131,445,117,1871,1133,1129,774,931,576,341,923,1189,922,1226,896,345,359,313,445
"JAK1",54,733,1822,282,1558,250,136,1514,324,737,283,955,345,207,1065,2175,304,2736,830,238,285,348,767
"APBB1IP",33,509,2507,234,2011,278,206,1541,64,802,30,628,244,50,1517,2377,400,2398,896,174,407,203,437
"CSK",53,430,2362,208,1817,190,183,1737,229,927,76,887,212,74,1523,1632,380,2812,944,113,335,136,629
"CST3",172,258,1952,304,1484,279,383,914,199,1176,221,654,508,402,1680,1874,560,2005,811,877,329,460,376
"KIAA2013",126,363,1558,1609,946,422,248,1665,367,758,80,708,551,222,2104,1544,635,1259,1235,541,297,266,372
"RAP1A",249,606,1146,761,979,396,295,1316,430,869,372,1067,503,301,1149,932,993,1800,975,1229,499,395,585
"REEP4",276,283,548,805,630,392,202,755,1835,841,2517,634,673,457,950,1223,468,576,1665,715,515,624,261
"C9orf40",608,409,651,1443,389,598,346,966,849,825,386,808,1108,552,772,840,1283,336,1056,1357,801,982,474
"LNX2",181,304,357,856,420,401,139,1142,424,686,917,1599,1420,190,932,592,1163,730,2479,1516,362,902,120
"VCL",170,270,1217,352,629,476,470,1614,408,380,1273,636,1082,216,1431,978,704,701,1351,1686,295,1132,332
"CHMP2A",161,541,1064,1121,1126,399,201,1197,296,1221,333,1315,595,361,1012,1335,774,1396,889,620,507,640,631
"FBXW5",233,355,846,948,851,470,213,1267,713,747,297,745,518,528,1353,1455,1249,833,1346,939,841,617,362
"FBXO34",209,159,524,879,548,407,126,1195,1263,702,2731,923,1011,329,891,694,416,618,1421,751,357,1331,233
"SIPA1",48,780,2372,250,1759,259,187,1625,118,1065,49,852,165,193,1158,1911,292,2474,699,104,328,122,861
"TLR2",21,398,2699,160,1718,140,112,1665,20,673,6,1053,230,60,1195,1712,237,3334,943,88,304,144,753
"EIF3H",215,313,820,1122,693,571,273,1616,689,834,1348,632,642,605,877,1216,1178,544,925,747,677,561,565
"MYD88",27,476,1499,196,1775,213,151,1610,91,1007,27,1174,180,120,1380,2110,360,2636,973,136,483,142,866
"GSTA7P",1092,566,270,261,134,1107,26,1213,319,2137,29,1721,1447,1234,379,447,820,548,100,1534,1598,615,33
"UFD1",680,452,571,989,666,643,464,1122,815,1036,643,675,638,558,850,928,1068,649,1013,985,826,619,721
"TNFRSF10C",35,395,2220,202,2513,280,188,1919,16,822,7,500,191,55,1542,2547,347,1966,1043,136,248,130,295
"MSI2",345,240,1073,857,671,513,321,1173,1091,936,953,375,880,367,725,1271,1233,590,828,746,676,1312,385
"SNX17",340,422,814,1301,731,418,335,753,423,1172,301,816,940,504,1292,1478,1009,606,1435,649,875,578,356
"SNN",33,323,1341,86,1363,326,145,1662,44,994,35,1107,391,119,738,1064,387,4527,766,470,176,403,1037
"B4GALT7",77,129,445,1790,1440,416,15,963,334,1341,427,956,1217,500,529,1567,1283,386,1274,873,774,446,323
"PLXNC1",28,660,2188,145,1687,201,182,1683,69,610,45,677,216,51,1199,1899,246,3544,843,129,369,175,631
"IGHA1",8,1113,1732,67,1935,235,87,268,4261,30,465,145,17,360,2478,672,229,431,1404,69,226,474,738
"ILRUN",204,263,768,1527,663,376,148,722,763,931,1273,598,561,594,1118,1334,670,790,1051,769,621,1153,534
"DENND1A",230,262,824,1334,699,441,358,1032,605,750,254,715,792,547,952,1632,1093,788,1065,577,670,1395,406
"CCS",355,257,753,1349,481,632,304,539,580,1292,907,717,813,502,1078,1360,862,377,1112,1001,629,939,577
"MTCH1",169,461,1070,907,753,337,174,1377,420,753,571,1140,757,278,1146,1589,762,1865,1256,469,316,367,473
"BACH1",72,315,1097,150,1376,165,169,1333,443,792,1343,863,235,130,981,1328,242,3477,628,382,273,446,1138
"C16orf54",41,274,2240,139,1997,333,173,1683,56,1010,26,1163,176,49,1159,1726,449,2629,932,91,318,193,501
"RPL10",91,741,1687,581,1418,325,93,1138,1199,1353,489,700,579,463,1071,1181,760,1160,686,482,419,262,468
"MX1",206,270,704,206,887,104,172,2050,264,247,129,807,108,212,2404,2074,147,2350,162,154,1338,631,1708
"PHC2",29,784,1956,161,1184,180,134,1347,39,1101,9,1326,190,59,839,1715,302,3111,1044,72,474,111,1162
"PTPRJ",16,579,2191,169,1895,241,157,1578,50,665,21,719,259,87,1435,1994,250,2910,689,302,323,319,476
"DNAJC6",406,366,336,813,335,396,375,704,498,600,772,1395,721,368,713,749,604,244,1496,3583,442,1104,287
"RASSF3",36,486,2237,98,2362,185,214,1802,58,435,24,642,227,46,1221,2102,326,2546,845,121,283,125,879
"CAPZA1",62,704,1984,89,1916,277,189,1652,120,832,94,774,219,92,1092,1633,341,2679,787,152,468,249,889
"CYB5R1",385,343,642,1134,538,539,204,805,821,979,808,418,1031,667,1231,1180,927,537,1260,998,624,820,372
"TMSB10",161,842,1665,141,1572,220,160,1029,575,1418,238,814,147,219,1742,1249,398,2229,570,132,521,300,898
"HSPA5",162,673,1392,325,1023,290,205,1181,798,1096,1290,650,303,339,1187,1481,466,1802,912,654,254,382,361
"COX7A2L",432,442,724,859,362,757,193,848,923,583,1727,760,1595,682,427,976,1515,342,969,357,486,769,471
"RAB10",291,335,1015,636,1020,542,314,1264,482,811,1132,961,798,282,1194,1161,625,869,1120,838,423,670,412
"IKZF1",145,560,1765,651,1418,306,191,1539,292,902,154,545,368,319,1379,1546,695,1390,947,484,533,656,408
"RHAG",1201,336,433,768,172,566,273,850,977,783,2221,305,546,685,843,766,912,192,951,1036,293,1809,274
"OGDH",220,281,1114,1324,762,560,146,691,522,774,412,775,759,408,1561,1145,580,673,1789,692,839,766,394
"MPC2",503,584,540,1177,748,745,410,1192,773,1259,418,878,1189,517,739,670,1024,416,803,636,739,581,633
"CTDSP1",114,426,1572,722,1453,259,176,1369,172,971,100,794,751,304,1038,1749,635,1705,1085,223,550,382,568
"CYLD",206,542,813,445,834,372,302,858,1179,605,1142,816,513,310,1109,1256,425,1668,831,689,764,666,773
"CSTB",189,435,437,1647,848,200,284,1062,371,465,142,455,341,280,1578,829,1780,623,1639,1420,735,1046,284
"CD164",214,622,1362,468,1206,337,183,1289,454,719,941,670,435,266,1356,1354,617,1711,955,553,494,428,442
"THEM5",481,106,575,869,242,464,531,886,651,1189,297,809,1112,604,845,932,1271,525,1390,1076,82,1179,924
"G0S2",37,1270,719,158,3706,219,55,1416,21,1312,8,1015,15,162,239,3458,646,835,1166,119,61,30,366
"NUMB",36,658,1719,147,1449,255,171,1566,90,815,124,1017,242,67,1184,1857,291,3120,814,121,312,133,823
"UHMK1",124,440,585,1336,568,476,110,896,406,896,535,712,855,362,1558,980,1225,766,2169,863,484,331,325
"TUT7",107,496,1574,383,1201,265,198,1494,402,547,1157,731,365,206,1021,1762,326,1665,900,414,374,657,748
"HSF1",240,209,750,1285,846,408,184,1223,638,628,243,857,760,509,917,1529,1094,573,1372,1137,559,647,329
"HGS",179,269,1222,1186,868,424,225,1178,402,589,334,552,617,555,992,1617,912,893,1522,693,567,697,437
"UROS",325,321,1053,1320,846,517,367,1134,344,919,268,540,777,530,866,1199,1071,420,1357,369,1250,784,330
"PGD",35,789,2167,162,1596,340,183,1198,80,1115,23,672,235,61,1367,1492,473,2108,1085,328,457,239,686
"COPE",508,284,763,1137,709,608,372,754,372,1116,279,637,628,587,1002,994,1295,761,1261,805,734,662,620
"PTMA",66,790,1570,212,1170,295,136,914,791,997,284,930,368,351,1121,1584,448,1928,828,685,332,553,528
"TSSC4",257,382,777,1128,809,441,239,807,565,907,575,856,745,356,1086,1491,946,673,1329,851,677,630,350
"HSD17B11",263,636,1486,188,1487,517,231,1613,243,984,879,766,424,144,1332,1235,575,1674,859,166,374,296,504
"MFSD1",292,328,910,854,784,401,310,860,682,824,898,465,620,366,1155,1517,831,804,1119,987,670,688,491
"SLU7",177,710,688,971,667,489,289,926,867,758,1417,862,766,281,769,964,533,948,918,936,476,919,511
"BCL6",77,941,1980,399,1100,226,207,1164,70,711,127,848,274,92,1080,1821,322,2701,1012,342,214,211,921
"FBXO30",312,148,453,357,365,336,214,778,1081,401,5207,720,706,323,594,677,508,229,1099,992,136,966,238
"CHMP3",233,485,866,1028,861,429,329,1238,436,662,390,639,765,536,1010,1219,1027,823,1271,734,852,570,434
"NRBP1",195,604,749,1147,893,360,205,852,321,800,369,1188,731,266,1080,1230,883,1186,1208,973,504,584,498
"MVP",48,558,2048,288,1383,153,141,1142,139,1109,28,1001,133,121,1329,1622,282,2556,1023,117,367,602,621
"SNX2",230,290,582,822,430,563,175,1160,851,760,2615,646,654,297,978,898,715,656,1217,864,291,912,199
"RBCK1",460,330,1109,539,924,235,316,1030,639,604,287,767,286,611,1039,1261,316,1523,595,336,547,2451,564
"UBXN1",153,305,970,1143,945,421,220,1271,433,680,524,825,764,410,1032,1312,1083,682,1342,628,547,437,618
"TNFSF10",107,213,1692,157,1704,205,188,2005,64,319,33,661,155,59,1916,1915,400,2090,535,168,887,340,926
"PITPNA",179,477,996,1065,997,317,203,1197,456,809,180,827,855,342,1352,1254,569,1156,1068,665,596,705,428
"FAHD1",224,275,778,2230,595,391,244,1676,443,1017,420,756,1175,341,751,1427,400,512,967,202,556,781,527
"HSPA8",215,318,1266,202,971,281,130,982,1121,626,2791,523,295,196,1600,1270,405,1083,628,777,303,434,234
"STX7",406,514,1103,1141,968,364,253,1036,585,830,571,642,777,258,891,1088,708,866,1042,560,708,819,504
"MLF2",120,507,946,750,1186,279,193,994,287,1057,258,1211,637,355,1001,1429,758,1729,1117,574,366,290,582
"SON",176,513,1225,401,1178,308,178,845,487,635,1441,652,267,332,1060,1722,371,1406,1021,1067,275,590,468
"TMEM259",235,331,1295,901,1148,351,285,1026,393,719,339,1130,533,393,1125,1236,695,1210,1260,583,506,486,405
"TET3",129,320,949,945,936,324,145,914,870,579,1179,847,653,341,980,1280,575,925,1220,936,499,665,371
"PHF21A",101,657,1137,1115,1138,341,257,1146,425,718,725,725,526,198,992,1620,555,1411,1039,372,469,551,356
"APOBEC3A",62,839,1726,268,1363,146,206,1308,58,917,68,1193,32,135,884,2298,283,2869,604,99,376,131,704
"MGAM",30,1331,2201,118,1373,354,135,1177,12,783,4,310,216,91,1202,2170,259,2220,1073,153,377,360,611
"ERGIC1",34,833,1374,104,1091,226,198,1708,96,993,21,1173,153,67,943,1597,305,3646,746,75,237,94,840
"SLC16A3",36,346,1837,180,1653,170,205,1228,46,1433,21,809,164,95,1003,1357,346,3002,758,103,395,164,1191
"EXOC3",205,278,982,1206,824,381,270,1103,416,920,315,597,652,568,1189,1361,862,813,1163,503,748,704,467
"AP5B1",36,725,1884,173,1579,149,181,1204,44,895,16,826,133,90,982,2021,271,3005,841,127,315,138,891
"MFHAS1",310,205,904,751,311,539,71,626,1091,855,410,958,337,330,2288,791,1002,152,817,1831,556,1272,118
"GBGT1",79,497,1295,956,628,574,328,1282,385,1208,257,378,808,417,464,1384,668,2182,476,121,402,1106,620
"ARHGEF2",130,355,1570,645,1181,376,165,1464,308,622,292,1120,634,170,1075,1591,454,1228,913,681,320,616,595
"ATP6V0E1",552,517,1176,395,1224,391,271,1254,554,798,510,963,473,201,1061,1213,545,1570,948,452,418,523,483
"ACO2",166,317,526,1526,302,342,180,649,811,570,484,418,1024,857,931,2046,822,324,1136,653,767,1192,441
"IFNGR1",32,740,1662,116,1693,155,134,1446,45,1029,32,1179,157,78,928,1334,261,3607,624,84,240,130,778
"PGGHG",37,729,2649,418,1165,129,198,1612,90,1260,20,1126,114,133,455,1678,171,2319,869,47,251,99,899
"NRGN",33,118,863,343,366,847,98,2157,96,751,162,1655,1272,134,450,446,1346,683,904,1413,370,1633,322
"DNAJB12",131,325,883,1311,704,468,206,1320,229,982,265,745,1434,550,918,1254,689,722,1278,232,570,653,589
"DDX6",103,434,891,652,922,293,116,1138,527,676,1482,963,815,231,893,1231,461,1269,938,533,301,1017,563
"EGR1",18,74,1849,128,4156,56,18,356,111,128,130,111,269,18,922,3610,1043,135,2495,512,59,188,27
"GNA13",66,1458,1134,196,1158,249,168,1088,216,745,230,1212,430,174,983,1200,340,3125,549,303,265,418,697
"HADHA",129,236,1129,1009,809,479,173,1217,487,772,923,433,647,384,1140,1520,898,620,1211,722,547,453,458
"HBP1",612,247,716,330,736,351,281,935,846,482,2782,793,479,208,747,693,626,1014,1089,1130,230,717,327
"WDR81",267,309,1303,829,636,621,296,899,529,720,795,519,1004,410,1224,1036,694,491,1246,703,667,867,304
"CTSE",36,169,1134,2059,488,764,162,1002,739,591,321,284,422,496,225,1875,694,924,749,143,253,1517,1314
"LARP1",262,196,761,810,772,362,272,885,780,504,1446,742,632,296,1050,1198,626,551,1359,1240,390,946,228
"RSRC1",169,385,805,2105,715,611,508,917,314,886,566,683,513,508,918,961,795,476,809,841,673,688,449
"ARHGAP27",35,617,2344,285,1490,149,146,1578,100,727,41,900,170,67,1018,2004,216,2460,792,116,296,114,590
"NDUFAF3",281,324,678,1066,620,545,323,882,720,629,220,674,792,527,1245,1028,1399,263,1028,915,793,699,591
"GPS1",202,149,571,1209,601,391,196,1173,511,876,451,557,829,733,930,1001,1416,436,1159,829,958,539,517
"ARHGAP25",35,354,2314,186,1732,157,166,1912,52,438,35,651,231,36,1222,2179,304,2296,698,96,377,135,626
"MYL12A",219,609,1010,659,814,453,319,1443,220,938,300,1099,576,240,936,1239,639,1577,981,458,449,417,615
"RMDN3",160,206,615,1081,496,515,170,983,410,737,827,1293,1052,461,1117,1199,778,499,1381,670,349,985,220
"MARCKS",64,651,1525,177,1435,151,249,679,78,1355,28,971,158,228,1193,1070,277,3853,572,80,262,209,865
"GPBP1",183,580,741,568,791,374,275,958,856,674,1629,907,733,272,780,1022,442,1006,883,622,496,802,485
"MYO9B",22,759,2323,189,1940,156,138,1225,101,783,42,785,121,102,879,2084,169,2304,823,114,266,107,619
"TGOLN2",18,577,1915,104,2210,173,113,1307,114,758,62,685,195,130,1125,1592,275,2677,892,196,261,156,514
"FAM234A",125,163,727,1633,596,558,190,1536,276,674,190,922,880,480,926,1152,1087,566,1251,675,719,373,341
"TRIR",344,380,1027,886,1178,392,224,1140,584,856,299,582,651,417,1081,1059,697,1069,1178,463,670,426,435
"ACTR1A",258,265,696,1097,676,481,272,716,477,1068,1041,453,740,452,1073,1183,773,804,1029,745,786,450,498
"TXNL1",539,510,647,1011,727,521,406,834,372,976,544,813,1033,429,664,1122,840,596,591,748,672,583,832
"LCP2",32,464,1930,171,1351,148,174,1548,44,922,25,1026,153,119,1077,2037,229,2458,635,135,337,181,808
"FPR2",40,305,1075,120,1823,247,135,2105,29,826,7,965,247,49,1382,1585,251,2856,742,55,414,134,589
"PANK3",135,363,682,1213,717,486,144,1115,804,761,1031,423,891,339,1014,1382,592,531,1253,692,437,643,332
"RPL36AL",235,554,831,764,730,520,157,1531,824,858,553,852,619,354,661,894,1197,700,761,454,535,775,613
"RNF130",43,593,2033,132,1711,239,78,1542,38,1054,23,987,187,48,963,1695,323,2502,693,105,338,127,511
"STK24",320,288,597,1317,720,284,385,1137,665,718,172,843,646,259,1020,1445,734,711,1115,411,583,1189,382
"ASH2L",516,316,517,1107,449,555,368,1194,633,824,498,611,862,559,634,1184,951,417,1130,604,575,1022,397
"FEM1B",186,90,253,252,264,136,76,428,820,165,9980,93,624,89,338,295,437,238,326,312,172,254,89
"SGK1",35,113,3037,325,2114,189,55,1264,43,1197,30,565,277,63,654,2517,261,1980,609,90,85,90,306
"CALR",236,465,889,555,784,431,215,942,893,837,452,782,973,394,980,1183,614,641,1149,925,471,653,396
"HIPK3",108,587,1224,560,1068,231,168,987,481,756,368,910,466,145,1103,1340,474,1855,789,944,374,481,417
"TMEM11",161,275,630,1126,508,716,218,920,433,955,586,449,1151,735,863,1013,911,443,1592,528,626,594,400
"SSU72",119,258,931,519,3541,344,138,921,363,729,842,815,560,192,705,976,433,1237,928,225,298,456,301
"FAM8A1",89,432,1326,254,1303,166,187,1584,215,487,560,940,227,105,997,1536,267,2773,628,124,376,313,940
"TUBB1",122,182,1077,361,396,543,151,1965,257,399,163,701,1332,308,479,604,567,395,886,1803,514,2372,244
"PRKAR1A",42,476,1780,172,1711,232,134,1384,113,644,174,865,263,72,1232,1415,326,2551,799,215,327,178,702
"SSH2",15,625,1518,141,1838,119,101,959,41,754,12,788,134,73,915,1974,157,3126,729,61,245,79,1380
"PRKAR2B",103,168,488,1455,335,504,166,1403,319,944,176,819,882,348,794,737,900,491,1814,1241,258,1041,358
"CCR1",14,84,1822,171,2408,175,183,1333,44,451,20,420,162,113,2056,1708,264,2598,262,138,382,120,805
"DRAP1",450,582,589,828,868,306,235,827,415,783,112,655,507,330,931,1117,811,1069,864,960,824,993,670
"PKM",27,593,1762,73,1403,483,186,1330,314,931,106,548,382,99,1354,968,685,1455,968,792,329,665,272
"TRPV2",383,211,337,636,272,731,261,644,947,689,2727,468,605,604,1206,570,702,330,1572,698,372,413,315
"AP3D1",122,312,864,1461,647,244,178,706,486,641,306,836,640,315,1179,1610,646,710,1531,650,664,568,376
"SLC12A6",61,565,1374,297,1059,173,126,1037,335,616,707,815,308,123,860,1719,216,2598,734,234,243,300,1179
"RAD23B",178,540,791,722,743,332,265,1106,479,628,560,976,642,259,945,1000,761,971,1246,1163,491,492,362
"RNF126",144,266,551,1464,811,293,155,1391,386,760,189,1206,989,688,736,1112,785,658,1151,380,509,608,416
"SUGT1",218,512,657,1693,866,511,293,1270,500,954,476,603,802,387,477,962,863,453,696,395,973,669,414
"RABGAP1L",89,474,969,768,645,424,153,880,679,897,799,1059,787,252,745,1214,483,1120,933,801,383,648,438
"LAMTOR5",1449,494,567,954,674,412,330,492,453,875,596,460,891,289,865,679,1249,398,1091,600,508,915,370
"UNC13D",88,717,1937,401,1368,243,206,1185,129,781,42,876,167,233,1116,1721,290,1644,1071,232,320,266,560
"AMPD3",262,246,830,1097,692,394,172,862,423,592,342,487,802,583,883,1194,668,485,1112,990,682,1266,526
"LBR",75,562,1943,124,1870,266,187,1277,158,685,104,625,295,112,986,1727,298,1735,810,254,373,237,879
"SUPT5H",97,290,797,1370,686,293,123,965,731,900,773,1019,595,302,519,1328,668,1004,997,556,439,708,422
"HSPA6",55,409,2426,316,1206,210,154,1627,56,749,332,840,145,38,1060,1772,248,2029,653,333,374,172,377
"UPF2",98,491,796,846,724,304,166,968,578,507,852,615,1016,348,1110,975,640,611,1060,929,679,686,574
"CTSD",78,447,1407,936,1125,303,184,1085,435,839,279,796,645,235,807,1395,647,918,1208,469,530,341,450
"ISG20",461,369,898,397,773,268,259,1233,365,912,172,1101,309,415,878,1004,340,1667,573,173,468,1382,1125
"SYK",20,589,2086,129,2217,163,133,1389,133,707,80,655,182,73,1084,2027,255,2197,635,139,273,116,253
"LRRFIP1",13,681,1664,100,806,199,156,1163,69,703,37,950,156,72,1043,1891,223,3791,459,107,256,132,790
"ABCA7",55,411,2060,392,1793,161,185,1182,154,930,109,1041,184,166,614,2275,173,1927,685,216,146,226,363
"MAP7D1",26,503,1722,122,1287,143,175,1409,61,875,43,875,169,116,793,1617,193,3386,607,103,227,104,888
"ATP6V0D1",117,395,1354,625,1279,269,151,1195,148,1087,109,830,433,198,1083,1601,456,1598,954,306,404,263,569
"CCDC69",581,384,807,826,483,264,416,482,159,644,107,376,413,913,1706,1252,1043,1147,930,474,747,890,352
"QSOX2",224,193,680,1019,878,868,148,566,583,717,939,609,653,491,949,900,419,734,1522,935,474,692,201
"GATAD2A",105,419,1153,1180,1164,228,164,1480,314,403,176,1132,542,249,1217,782,291,1029,534,771,431,900,727
"ABHD2",18,296,1752,115,2245,109,103,1145,67,787,30,569,158,99,1029,1636,217,2580,781,129,189,128,1197
"ROGDI",165,264,1094,1089,1450,282,187,1234,301,1069,67,449,720,323,533,1190,1476,590,1196,229,501,645,323
"AKIRIN2",208,324,1099,483,1064,382,341,1051,423,589,1617,849,274,224,850,1122,406,1219,882,601,476,414,461
"ABCG2",461,451,428,1172,195,777,418,669,513,814,773,688,1044,515,586,808,718,366,1273,508,494,1310,375
"ATP6V0CP4",64,29,379,167,282,181,43,344,2385,201,8216,125,266,127,212,325,294,149,745,198,106,451,60
"PYGL",30,899,1873,172,1743,283,189,1290,28,810,12,405,145,44,1045,1227,418,2600,1207,179,327,138,282
"GDPD5",237,149,734,1675,494,347,274,1244,678,508,131,620,643,318,751,1489,1243,463,867,510,744,810,402
"DNAJC4",406,233,651,991,466,529,347,1335,645,486,407,459,648,385,929,1077,805,405,1058,701,811,1042,461
"SRSF5",69,901,1168,173,1258,179,163,1110,271,1141,410,1166,117,221,571,1768,265,2478,808,253,107,129,535
"CLTC",196,442,1033,417,813,390,115,720,484,589,1244,499,555,287,1010,1117,552,1218,1002,1201,350,594,418
"ILF3",231,500,705,888,621,294,151,703,665,583,516,811,625,371,1085,1169,633,514,1145,1472,580,608,360
"RPS6KA1",23,542,2028,189,1753,178,133,1479,97,678,46,747,197,65,1134,1720,302,2069,733,115,314,166,500
"SRSF3",312,443,937,438,833,295,211,838,704,859,1006,646,594,365,880,1181,634,1069,874,782,383,531,380
"SAMD9L",254,196,713,189,744,159,165,983,844,271,259,318,171,319,1159,1404,93,1105,221,137,653,4179,653
"TSPO2",976,265,384,633,261,546,186,1166,665,889,1864,696,933,350,558,664,983,162,1030,690,253,834,198
"GBA2",146,237,893,1300,619,424,175,726,233,622,219,350,343,562,1607,1433,945,971,1345,346,915,421,351
"CNPY3",29,465,2042,189,1834,131,133,1417,91,882,29,1065,151,65,731,1546,280,2370,746,106,230,107,538
"MOB1A",83,513,1605,135,1575,235,167,1287,178,678,197,700,254,149,1095,1580,312,2254,697,243,412,250,572
"RELA",198,419,765,623,714,358,238,810,663,842,258,976,665,387,775,1249,457,1546,730,342,428,1031,680
"ITGA2B",52,148,432,71,168,1011,131,2280,119,464,147,687,1066,101,591,350,1243,207,993,1636,370,2692,172
"NLRP1",10,516,2539,252,1283,137,193,1058,48,791,34,1213,112,56,498,2474,112,1835,807,63,275,48,762
"SERP1",207,498,881,548,1087,553,219,1035,401,887,191,937,649,355,953,795,563,1516,907,456,468,493,472
"WDR59",187,289,581,985,745,500,233,780,433,616,481,525,856,410,887,1284,1087,497,927,1024,824,530,376
"CDKL1",649,187,931,511,530,511,328,1289,559,733,271,730,468,204,327,1282,688,838,1267,516,638,824,692
"CFD",57,799,1007,54,430,450,240,402,37,2015,16,4430,96,106,904,669,1081,641,1234,28,89,44,144
"MGRN1",84,467,1040,803,1205,223,217,820,305,737,223,617,465,351,1037,1018,601,1746,1117,353,552,376,597
"DDX60L",75,444,1002,199,1237,115,133,1161,110,384,71,762,115,100,1359,1798,157,2747,352,118,723,376,1415
"SDE2",328,219,482,602,478,262,284,852,478,550,1567,1258,722,331,636,586,445,1060,892,1093,229,1269,290
"PRKCB",32,687,1626,109,1260,173,121,1172,135,858,74,878,231,106,949,1582,207,2370,714,224,263,263,821
"GTPBP2",484,294,767,886,857,403,292,902,353,584,876,388,682,403,1379,861,486,616,1247,500,536,592,439
"NUP50",155,409,1212,356,879,373,96,1107,368,448,1098,694,595,257,801,1405,327,1050,1025,323,278,848,710
"NDE1",93,274,976,945,748,344,175,1194,241,738,282,808,1019,336,1065,989,631,1053,762,734,369,663,371
"RAB1B",195,260,704,927,614,415,202,817,326,835,330,797,676,440,1112,903,963,999,1306,646,486,438,417
"LTF",26,476,44,23,123,286,178,2258,4,194,4,157,311,181,932,1066,2169,1435,1860,1887,263,182,748
"EIF4A2",363,338,677,304,526,250,109,770,1261,493,3797,574,409,187,742,763,400,602,671,524,228,554,263
"PAQR9",221,109,547,441,134,458,365,631,1234,443,1353,426,1675,769,735,797,1332,249,991,467,179,1007,242
"ZNF271P",236,350,549,1018,400,458,196,811,667,788,764,512,525,399,869,1636,544,408,1320,500,754,649,448
"RANBP9",243,203,320,950,390,327,298,926,852,427,786,512,638,302,839,1178,636,666,1360,1130,390,1108,288
"TADA2B",166,335,772,875,904,304,133,992,766,558,361,692,826,215,980,1317,693,784,1132,308,716,611,325
"AFTPH",170,364,682,587,974,260,211,923,715,624,1176,914,733,195,702,849,450,1019,847,768,475,723,403
"TSPAN14",124,347,1132,861,882,321,130,763,645,499,334,804,775,93,625,1981,800,911,1082,380,314,468,473
"OSBPL2",135,427,989,687,838,318,139,1081,382,655,722,847,696,261,784,1078,481,1235,1025,376,440,581,556
"AMD1",282,229,902,472,1157,285,164,961,500,696,690,546,505,120,983,1145,480,446,1139,2114,268,415,227
"SCYL2",183,484,648,705,671,400,305,911,376,575,578,772,807,326,823,967,862,687,1143,985,511,575,426
"ARHGEF37",113,128,699,1356,358,380,118,922,763,618,1259,655,891,354,804,1097,367,413,1220,224,321,1420,209
"ACSL6",440,315,508,976,302,559,170,1259,479,908,824,801,978,421,1036,742,886,275,796,889,355,752,10
"STEAP4",16,515,2377,142,1978,118,191,1413,25,473,0,414,176,21,943,2057,257,1758,804,84,352,131,417
"ATG3",545,448,593,880,585,184,312,989,187,721,492,708,1091,214,998,768,1077,1036,721,479,348,744,530
"ASXL1",192,198,701,1068,434,505,160,931,935,689,776,634,805,328,670,1073,881,491,889,586,410,836,441
"PTPRE",17,923,1495,133,1105,113,137,870,21,1126,16,947,126,110,639,1270,164,3677,485,56,162,95,944
"MGAT1",66,367,1583,184,1324,142,126,1188,252,673,330,777,243,93,1365,1613,341,1834,761,163,281,187,689
"MAP3K3",103,428,1413,479,1209,246,175,880,294,651,330,564,335,129,1170,1612,402,1600,1151,304,350,294,450
"PDAP1",141,343,714,1007,644,284,177,1001,527,740,537,671,904,547,819,1063,586,575,1151,412,567,604,552
"TSC2",112,199,759,1094,589,279,111,887,265,742,162,597,609,541,1293,1428,705,627,1286,701,673,552,349
"UNC45A",185,251,705,1006,602,470,184,976,501,1055,496,702,902,321,909,1205,608,486,1014,554,540,468,415
"B4GALT5",104,373,1082,356,848,236,223,881,406,470,888,300,386,167,1242,1014,798,1660,1121,554,357,542,539
"DERL1",425,403,373,719,258,563,240,619,712,519,639,416,938,501,847,755,794,517,1186,1386,544,779,384
"MAST3",195,446,1528,363,1178,259,234,989,274,560,431,767,277,218,937,1709,260,1395,786,392,260,489,565
"IVNS1ABP",48,1102,880,177,1080,137,182,524,92,1365,68,1346,107,265,540,977,171,3022,480,171,222,152,1393
"CPD",17,579,1705,80,1717,159,116,1154,25,590,12,727,100,69,1079,1527,166,3131,584,85,212,92,543
"NCOA2",168,429,808,615,641,351,199,661,489,459,821,738,527,200,832,986,519,1240,1204,897,367,681,618
"ID2",63,174,483,55,157,221,99,189,1472,444,5171,404,331,160,763,255,504,620,1523,544,264,361,178
"DCAF5",265,235,667,1010,824,374,451,831,327,546,171,599,803,531,1226,1166,718,686,1236,565,395,490,309
"DNASE2",174,182,803,713,915,548,260,1221,382,1128,401,399,1021,382,939,1040,321,842,1011,629,452,325,317
"FOSL2",19,1480,1601,156,1377,160,128,849,21,621,11,682,166,545,888,1597,203,2078,682,59,197,90,787
"KDM2A",89,516,1101,341,1082,233,163,944,401,610,865,805,378,203,869,1386,267,1561,896,469,260,434,520
"LILRA2",38,513,1408,130,1758,222,137,1334,21,994,7,918,252,49,761,2178,363,1537,840,87,249,127,425
"UQCRH",476,303,507,1171,391,354,473,894,361,935,191,587,405,689,778,639,1102,459,1271,923,617,461,354
"THAP11",266,312,594,1077,580,639,251,1347,586,632,192,697,982,448,672,771,885,391,774,664,576,695,309
"CYP4F3",21,672,1627,186,1370,184,126,1095,45,690,60,683,117,28,416,2472,217,1967,1109,167,190,98,792
"TMEM14C",652,146,226,1152,282,232,471,1420,309,1456,323,449,1086,408,1474,1239,721,194,351,260,283,398,795
"CD37",38,522,2089,196,1372,212,164,1312,235,562,109,705,168,92,832,1329,337,2421,479,76,319,122,625
"HEPACAM2",640,264,345,522,229,474,181,1037,946,700,2024,542,853,640,340,629,525,272,726,517,390,1266,250
"BAP1",206,403,760,1171,699,275,133,729,422,553,358,780,581,386,1028,1215,567,911,1018,416,457,817,400
"SLC16A1",323,67,162,215,174,337,87,598,911,259,5659,207,491,108,446,480,361,71,1228,1052,100,812,121
"FAM120A",109,465,1237,587,941,207,134,871,401,585,112,617,305,135,1040,1404,513,1335,1030,1165,407,268,388
"PLEKHM1",127,299,932,618,751,335,191,730,561,622,795,655,484,304,801,1275,388,1331,1027,632,295,523,571
"KCNH2",301,111,607,1340,300,389,157,839,176,399,201,211,380,881,1509,1224,1110,433,1371,843,451,703,305
"CALM1",75,630,893,391,1181,260,192,957,226,889,149,798,223,262,891,1167,574,2132,812,319,383,338,489
"HLA-F",50,168,1683,98,1476,134,144,874,53,603,29,1282,76,138,670,1550,194,3224,464,64,207,186,859
"RARA",25,668,1469,171,1195,167,119,1165,36,1060,21,1115,140,105,756,1339,205,2871,660,60,224,101,549
"GFI1B",270,230,839,1044,749,316,318,1178,887,545,613,494,548,250,551,762,760,371,559,874,808,1053,191
"TAGAP",50,132,2474,147,1826,242,108,1466,79,171,37,634,225,47,1362,1611,328,1534,628,124,509,177,277
"TMPRSS9",125,818,1550,158,492,1560,64,378,111,2490,11,127,38,84,1109,2905,141,231,260,84,1134,155,159
"KPNA1",242,459,451,788,389,492,243,568,468,525,828,659,829,328,958,828,618,382,940,1626,549,622,380
"IL13RA1",28,315,1497,82,1206,128,144,1783,29,580,7,1172,154,31,950,1244,215,3213,648,59,267,65,350
"SPG21",160,329,1008,757,764,266,313,981,240,599,103,512,245,456,1382,1111,1049,1127,867,808,430,376,276
"TCP1",207,334,766,726,563,321,175,807,1020,572,2225,724,558,235,556,707,455,562,647,491,591,608,306
"CHI3L1",8,1252,1290,253,1204,27,350,1080,12,274,2,888,212,42,106,2993,331,996,1373,411,17,74,948
"HMGN2",147,568,1305,241,1268,238,150,1102,419,846,396,758,314,174,624,1274,727,1306,952,382,330,232,385
"LAMP1",100,370,1399,149,1374,189,148,1048,363,604,421,704,274,198,949,1449,355,1978,796,255,320,270,423
"CHST15",25,406,2172,139,1315,179,180,1037,53,775,11,505,159,42,861,1938,193,1907,644,65,205,100,1214
"OCIAD1",547,430,448,755,448,437,411,812,661,652,706,511,707,419,622,864,733,414,968,536,902,770,329
"RNF19B",70,414,889,149,1038,127,149,1197,78,1097,79,1115,154,148,771,1325,204,3162,454,120,216,308,810
"TYMP",46,559,1305,248,1441,112,132,1231,56,692,29,975,82,65,1440,1522,218,1870,602,79,544,130,683
"UBE2E3",244,258,804,1060,658,443,161,1093,455,669,296,402,671,464,667,833,1391,630,760,463,764,631,244
"DOCK5",17,771,1605,206,1170,121,199,968,25,701,4,757,160,75,620,2357,115,2166,589,88,164,80,1100
"RALB",30,641,1248,136,1353,201,187,1212,43,807,19,596,96,64,1310,1383,389,2237,766,112,498,219,506
"PUM2",98,257,850,477,864,250,91,962,534,479,1632,707,489,160,893,1197,357,1125,1012,457,243,540,372
"VCP",193,345,811,558,670,418,170,731,426,742,796,716,533,306,1007,880,502,964,896,838,423,663,458
"TRBC2",339,266,664,476,619,644,2862,483,496,442,549,422,758,570,665,785,927,311,588,358,439,354,24
"POP7",479,471,429,890,757,561,473,740,453,713,212,547,1098,323,865,629,839,329,1140,540,637,548,365
"IMPDH1",18,552,2121,144,1592,175,111,1177,59,787,20,843,184,39,899,1335,211,2193,862,56,201,68,388
"UBFD1",239,330,471,1221,405,464,173,765,678,754,776,593,891,349,629,1010,811,301,1146,601,438,630,341
"ABHD17A",136,545,874,345,698,250,161,912,436,909,221,809,376,490,738,1096,753,1253,875,337,689,423,654
"RAB31",34,599,718,93,834,278,182,1371,70,776,56,892,257,45,1061,1331,463,2917,643,241,257,271,590
"LGALS9",106,282,824,691,754,423,196,831,190,520,349,649,490,329,1041,1360,357,1561,794,401,636,256,937
"LAT2",28,602,1775,121,1616,198,181,1163,75,868,22,932,121,63,888,2035,284,1221,817,113,219,104,527
"CAPZA2",384,487,1246,150,1172,316,195,1171,184,843,451,815,328,78,956,1153,457,1613,625,353,270,332,357
"PSMD1",177,338,718,1122,675,314,153,1020,884,877,585,468,447,313,855,1204,434,446,837,245,556,1006,249
"PSD4",21,537,2362,212,1898,172,150,1308,139,535,43,435,160,76,774,1492,282,1614,709,113,394,112,367
"ZFAND2B",97,315,666,1099,937,333,230,676,295,601,402,540,1130,311,744,936,1139,701,995,387,537,327,465
"PRRC2A",53,476,1157,413,1169,174,143,866,317,609,282,705,331,207,1123,1504,404,1772,833,324,322,316,358
"LINC02352",289,161,888,931,356,551,141,1311,939,1087,51,979,307,263,293,1144,844,597,883,190,506,763,380
"DIAPH1",54,476,1320,160,1080,279,115,967,311,609,666,577,289,153,988,1273,350,1659,855,483,324,369,484
"RNF44",30,326,1561,363,1303,160,113,1090,262,623,307,641,230,115,898,1246,294,2142,848,225,282,218,562
"FOXP1",204,258,574,676,335,369,162,834,1676,617,2222,629,579,272,509,676,466,405,619,359,292,821,276
"BCL2A1",84,1831,1026,177,1619,263,215,1117,36,1056,11,893,47,102,472,1409,263,1912,498,33,210,96,454
"LIMK2",35,456,992,107,933,99,145,779,26,936,18,1076,70,105,891,838,166,4236,581,62,238,135,896
"PADI2",49,579,1488,212,2144,196,196,1076,9,760,1,194,158,46,787,2134,231,2526,408,87,283,114,122
"NOTCH2",22,552,1591,99,1088,143,134,743,108,644,50,546,202,80,1158,1963,127,2574,652,96,324,182,683
"ACHE",345,260,534,794,523,658,245,863,451,482,606,602,884,212,1040,959,555,233,781,1432,446,607,247
"MEFV",24,442,1404,121,1275,172,139,1197,27,756,7,835,125,70,964,1909,151,2211,601,73,290,114,841
"CD59",569,331,584,614,242,401,159,595,708,779,1490,416,537,307,846,627,700,453,825,903,462,814,374
"UBN1",51,563,1601,208,1140,164,205,1158,132,582,128,652,207,125,760,1893,237,1694,666,223,284,241,776
"RAB11FIP1",33,351,1683,75,1280,130,129,1318,33,488,11,597,177,53,1014,1673,187,3038,456,88,221,124,526
"CD93",19,520,1798,76,1525,148,150,956,32,1176,6,493,185,66,569,2518,107,1581,615,77,219,82,764
"DOK3",29,619,1779,131,1311,148,143,969,71,870,21,704,124,40,867,1255,230,2215,812,112,246,99,849
"FOXN3",73,298,647,608,818,323,178,792,972,391,588,496,578,239,657,1244,349,1300,1066,734,235,665,387
"VAPA",130,531,1068,357,849,307,120,862,302,628,758,776,688,154,822,844,416,1606,1089,345,249,411,321
"CAPN5",58,138,708,1122,896,188,166,1241,204,630,84,729,718,344,680,1690,445,493,1303,448,577,455,289
"MT-ND3",331,943,1250,761,487,108,212,490,303,1188,141,355,492,238,502,1703,1213,1287,366,377,153,180,492
"ATP6V1G1",664,537,651,675,750,248,315,732,498,535,216,611,611,258,992,915,459,1137,830,356,612,521,443
"TPM1",243,396,325,1373,230,391,80,257,418,523,383,282,601,1087,1113,305,1333,230,885,400,1135,1085,483
"IFI16",53,355,1031,148,1278,153,177,1425,175,305,72,374,85,103,1809,1868,232,1427,406,161,643,312,959
"RSRP1",420,369,1334,230,585,192,232,854,516,317,2304,361,234,255,861,930,424,1074,564,690,226,278,295
"TM9SF2",25,314,1816,85,1412,249,112,1227,133,620,104,535,180,70,1045,1450,309,2172,584,140,313,162,455
"ENO1",26,515,1565,91,1216,190,116,764,390,1094,145,532,269,134,1222,1015,526,1593,830,378,248,236,364
"RYBP",179,307,850,342,603,295,150,775,568,407,2198,536,510,247,687,705,442,1129,665,409,271,753,427
"ERFE",811,358,59,496,123,608,150,525,337,170,66,153,1385,1255,913,114,1058,3,455,559,751,2894,194
"USP19",144,289,808,531,662,261,132,743,654,477,837,608,670,268,890,1058,529,787,1131,647,377,501,387
"PPT1",40,316,2722,156,1781,252,31,1503,58,635,56,795,311,85,655,1434,110,568,719,106,296,151,604
"PSMB9",176,265,1313,137,1318,183,135,1177,127,716,48,898,137,107,831,1047,169,2264,356,65,368,1013,531
"HSH2D",24,456,1256,159,823,154,116,1097,62,581,39,1127,116,145,842,1491,188,2253,444,64,309,103,1523
"TMEM230",267,174,424,1196,407,305,278,592,410,731,581,313,649,678,804,909,931,567,1269,283,667,431,463
"IRS2",145,1170,799,156,867,185,166,631,429,305,1314,1000,148,174,497,1120,231,1819,882,579,119,242,346
"KCNJ15",40,447,1031,288,1671,111,261,1163,14,679,6,391,141,36,1182,1362,246,1643,929,89,443,223,924
"AGFG1",382,276,527,613,481,1112,305,770,371,562,455,977,952,179,779,720,501,609,903,793,361,369,299
"OSBPL8",32,545,1770,114,1518,224,223,1109,62,412,24,636,181,69,968,1488,276,2142,610,104,271,129,372
"FBH1",237,317,436,796,390,438,259,1034,382,359,271,466,763,580,979,908,669,353,871,819,373,1326,236
"NKIRAS2",106,180,582,1200,566,254,149,725,269,745,379,450,934,632,968,1136,577,399,1120,492,702,385,311
"ABHD5",624,341,816,248,691,223,154,771,1326,356,892,473,309,312,506,752,350,1042,564,326,232,1542,409
"SP110",87,360,1163,135,1240,139,124,1102,263,568,152,727,129,124,1037,1591,241,1883,380,133,470,492,711
"RGS6",197,267,670,622,923,192,293,301,424,631,1230,130,681,681,944,259,816,483,1373,1089,240,421,373
"ELOVL5",30,463,1428,109,1283,151,109,1235,79,479,49,703,146,48,1031,1330,220,2588,447,110,295,187,719
"PIK3AP1",54,513,1002,109,1201,110,242,1211,98,589,102,534,176,88,1329,1317,217,2377,362,122,409,273,797
"ELOVL6",221,163,289,252,175,476,417,289,1220,324,3347,107,478,368,781,341,417,169,1945,683,267,281,221
"ETF1",117,655,439,543,592,225,117,690,310,1019,390,968,514,259,563,875,550,1590,900,683,327,481,405
"YPEL2",147,240,464,477,374,310,142,715,1231,607,2289,533,587,114,545,748,351,439,1071,854,332,442,197
"NDUFA3",617,146,386,769,627,352,195,862,432,756,327,729,574,463,586,867,1024,334,1009,559,550,586,444
"STX18",222,248,344,641,284,419,202,462,518,579,1857,300,1109,653,616,734,1041,158,989,474,434,506,399
"CCDC88B",21,833,1780,243,1324,117,98,1031,78,564,23,770,31,100,534,1771,152,2097,658,105,251,96,511
"TAF7",332,386,935,188,1159,324,187,1000,258,626,358,942,297,168,506,1013,443,1585,647,568,311,582,370
"STK4",17,550,1386,102,1314,126,112,966,121,605,51,745,133,82,833,1402,161,2729,473,93,220,136,825
"ECE1",40,609,1006,104,964,152,168,958,77,1112,33,885,107,123,998,1161,108,1893,524,148,274,205,1529
"COPA",170,296,893,609,617,350,194,689,355,786,490,524,403,323,961,1083,688,848,720,650,382,673,465
"PPP1R12C",106,296,1048,873,801,218,112,845,345,565,315,602,416,285,921,1059,581,1115,990,355,413,530,378
"RAB3IL1",123,156,991,934,300,381,194,1517,406,939,421,428,736,343,436,1365,663,422,866,252,395,585,313
"HDAC5",269,238,979,542,733,257,301,934,273,522,317,657,555,199,928,1351,476,886,1119,591,294,497,245
"SUSD6",10,634,1405,115,1085,85,114,794,40,629,31,949,144,96,670,1417,151,3329,516,74,181,96,598
"IRF7",279,246,706,251,687,110,157,1176,497,424,329,689,108,324,1327,1047,151,1777,321,170,568,826,945
"KDM3B",105,266,810,357,717,201,162,685,785,335,1520,576,492,182,791,1104,307,893,827,626,288,663,417
"STX3",37,455,1702,142,1321,132,152,1146,19,526,3,630,150,42,968,1397,202,2376,680,79,255,93,589
"GOLGA7",366,357,336,449,692,133,224,736,741,567,668,384,1091,373,681,734,1044,379,1412,698,350,460,220
"CMTM2",32,383,1990,152,1502,211,79,1235,11,1024,8,943,143,36,796,1317,270,1699,645,48,223,75,270
"RGS19",34,406,1514,111,1197,176,123,1135,55,975,22,945,133,34,751,1099,346,2270,650,79,259,115,647
"PLEKHO1",26,247,1428,190,1391,217,92,1425,79,646,54,829,249,75,903,1236,255,1868,481,256,282,350,493
"IER2",22,244,1573,195,1840,139,57,1018,45,511,21,605,121,78,1152,1703,535,1250,1268,102,176,87,325
"CALM2",317,470,855,170,838,214,165,920,317,767,858,952,324,130,773,1037,329,1685,571,335,224,294,498
"GSTO1",1153,117,690,454,547,819,318,513,395,1078,367,778,385,239,670,452,1413,346,1052,586,217,223,207
"USP34",84,508,615,648,800,232,174,722,685,424,650,384,472,255,975,1324,295,591,948,921,651,421,231
"SP2",142,139,610,994,458,328,289,814,587,423,505,486,736,392,847,964,673,457,1043,425,532,780,379
"VIM",36,771,1293,132,799,382,117,819,122,1034,38,645,189,55,1022,693,375,2557,1124,89,199,121,371
"MBD5",219,242,497,1023,518,444,199,701,578,484,727,403,570,370,795,878,747,387,775,517,478,950,416
"MZT2A",158,238,897,627,675,457,627,536,44,43,445,297,114,740,760,1181,1180,447,1124,989,32,482,820
"CSNK1G2",17,428,1370,144,1097,124,108,1106,139,760,42,1148,97,95,754,1232,192,2210,695,75,254,102,703
"SERPINB1",36,646,1003,117,943,221,104,912,102,762,43,744,94,135,1015,1126,369,2346,582,246,296,136,903
"SPARC",34,93,521,83,166,619,121,1618,88,500,64,973,667,141,416,376,936,338,675,1583,351,2285,214
"VCF2",576,371,357,976,363,491,384,549,422,664,399,398,619,605,660,641,787,286,1012,651,568,558,497
"C19orf53",521,208,469,707,537,384,256,838,601,615,412,571,573,486,550,705,992,350,928,535,612,552,418
"CREB1",224,387,712,705,831,357,234,837,265,595,345,571,545,300,774,957,634,782,786,837,422,409,308
"DUSP6",15,178,953,120,1392,115,55,710,24,1274,5,746,143,121,960,1510,196,2595,656,176,111,51,706
"SH3BP2",16,568,1614,201,1224,105,126,888,44,599,14,765,109,76,762,1401,149,2358,618,65,169,79,859
"GSN",27,440,1196,129,1322,216,124,1672,46,547,31,717,217,54,610,940,335,2302,510,270,378,181,543
"FLII",39,421,1514,398,1109,157,97,988,267,535,47,584,203,146,837,1506,372,1618,821,358,243,176,358
"CD300A",32,328,1367,109,1057,96,158,1678,25,679,10,968,102,85,842,1556,239,2158,488,59,179,136,430
"PABIR2",135,160,468,1454,338,282,217,455,359,639,293,238,438,457,924,614,731,542,1084,1707,446,507,293
"SNX22",307,189,618,1273,396,326,149,963,533,983,383,403,916,296,609,1110,773,199,737,185,456,755,216
"RALY",108,408,1015,402,935,234,153,1084,197,725,191,736,304,361,797,995,425,1560,715,290,379,279,479
"SKAP2",56,410,1101,213,1824,175,123,780,59,316,44,504,140,57,709,1733,310,2493,634,212,321,191,362
"MRPL37",383,154,394,929,345,415,234,832,531,505,310,276,721,758,811,719,947,307,1181,534,703,436,329
"ABHD4",193,156,596,492,474,343,161,655,719,466,1886,718,768,255,683,671,320,487,935,432,274,768,225
"TNRC6B",130,291,571,468,456,220,151,623,769,414,2217,611,494,195,588,804,253,624,923,605,245,712,291
"RASGRP4",30,582,1702,154,1288,153,140,1131,21,618,4,629,117,27,767,1537,238,1798,765,69,255,62,532
"CDK16",196,308,405,1168,485,289,226,776,324,597,144,594,459,429,839,944,757,769,901,500,736,351,418
"IGSF6",35,224,1836,123,1638,135,87,1306,16,673,5,396,121,45,1151,1425,225,1824,483,67,335,144,320
"CASTOR2",150,103,637,1150,259,250,126,720,508,770,805,321,347,397,1318,947,313,366,1126,618,341,684,352
"HP1BP3",95,440,958,666,787,212,149,751,284,711,308,594,414,242,632,1146,555,1394,806,452,370,272,359
"KPNA4",121,325,672,670,654,247,139,847,344,565,588,1066,508,207,751,890,572,997,844,563,331,371,316
"FBXW4",128,267,309,1869,488,152,130,571,795,601,173,894,657,199,854,1180,514,177,1136,387,527,464,114
"COX4I1",222,376,1038,624,783,295,115,955,621,1050,423,741,298,157,585,923,489,916,610,245,338,300,474
"IK",118,421,579,933,474,295,161,663,313,748,380,659,460,305,758,1012,544,785,710,571,304,849,522
"SIRT2",134,227,689,857,561,496,211,761,196,837,89,527,531,470,790,976,520,752,1323,457,539,242,375
"CARHSP1",644,292,319,1175,371,665,236,1192,562,752,184,780,344,290,680,904,720,290,647,431,253,431,380
"SIRPB1",19,523,1265,118,1234,133,154,1467,13,495,2,535,149,22,949,1917,191,1987,519,73,237,122,408
"ZDHHC5",93,231,796,702,1007,301,155,1060,343,587,551,707,659,165,635,976,403,784,877,337,331,532,283
"ZNF451",357,266,469,593,416,359,169,604,518,442,1204,603,624,357,550,600,563,235,1004,1399,252,652,270
"F13A1",32,135,674,35,277,649,77,1764,73,368,89,876,953,108,424,455,614,564,803,1389,265,1699,164
"PTBP1",106,313,799,546,778,293,101,761,342,652,249,430,464,342,1043,908,443,1195,1171,532,268,430,321
"ZNHIT1",667,237,533,1021,656,295,385,640,252,1190,258,370,456,346,826,873,431,471,1082,351,421,338,386
"MPST",188,144,844,730,614,428,151,1212,833,570,350,419,573,285,716,800,904,321,688,404,508,478,303
"RTN4",38,417,1374,97,1380,181,126,1014,91,829,65,666,184,116,876,1000,282,2278,555,111,255,139,386
"SYAP1",78,402,384,1114,439,394,172,688,199,758,264,737,782,410,723,843,662,769,849,457,435,351,542
"CANT1",140,251,1115,353,1081,374,121,927,235,451,372,659,273,78,894,1166,343,1536,1025,230,291,224,287
"PARP14",75,238,625,201,737,54,67,1031,301,280,203,454,82,150,1241,1623,88,2113,216,92,528,529,1494
"IL1RN",40,330,1056,135,1143,152,134,1202,12,680,13,643,111,241,857,1331,282,2159,501,79,607,153,556
"GCNT2",228,133,438,436,366,357,90,924,868,705,1411,642,374,219,459,532,365,332,1067,1306,197,851,103
"PRDX1",381,369,299,411,386,410,267,540,648,578,915,347,711,298,1024,517,731,146,985,830,460,944,188
"APPL2",199,226,648,763,345,390,103,1003,637,508,695,389,883,223,780,1133,449,509,830,279,308,808,263
"PRKCD",44,327,1605,157,1715,141,142,1071,65,608,32,646,162,62,854,1284,202,1357,703,163,333,178,497
"PPP1CA",131,329,1158,323,1140,243,137,983,246,830,129,630,226,210,873,1070,568,1333,851,177,251,203,295
"COX7B",2181,476,439,483,464,361,260,509,464,639,1065,343,320,273,476,543,515,299,570,421,315,514,396
"PGAP6",104,270,977,287,674,142,116,1333,193,425,136,712,276,253,769,1258,892,1399,621,560,175,421,300
"PHF3",69,352,741,621,658,220,126,867,822,365,1159,528,436,165,696,1106,291,840,659,505,297,408,357
"MBD6",53,455,1536,305,1132,152,139,931,166,386,359,542,207,88,836,1682,266,1325,735,206,164,192,416
"TMEM127",27,434,1198,116,1366,98,108,896,78,789,65,831,147,91,693,1110,133,2501,559,95,179,94,621
"PTBP3",31,480,1286,125,1191,185,121,1191,98,511,78,653,192,59,876,1266,259,1980,575,138,304,176,441
"BTN3A1",50,369,1754,118,1198,79,148,1200,62,458,36,783,108,95,716,1507,86,1941,344,56,313,261,531
"SLC12A9",14,564,1831,238,1237,103,108,1104,81,570,14,681,109,42,715,1443,219,1732,807,56,165,30,343
"TLR8",24,256,1879,71,1266,177,138,1363,14,408,5,471,183,37,1308,1221,196,1774,559,81,269,174,330
"TPP1",132,341,945,440,634,289,226,668,450,449,1201,368,389,285,753,1059,505,800,494,608,314,527,325
"NDUFA4",1876,387,292,592,343,330,460,537,448,611,430,441,467,471,550,543,1023,278,641,327,373,454,307
"TRIM25",36,485,1524,249,1019,94,156,887,77,437,68,755,75,75,879,1314,131,2080,679,80,268,122,668
"ITGAL",12,561,1744,163,980,128,118,960,102,736,43,541,98,193,854,1575,149,1784,590,71,191,135,393
"TRAPPC10",159,254,476,707,518,342,187,774,462,378,364,370,594,470,705,974,883,582,831,580,568,516,421
"DBNL",29,493,1349,303,1154,184,139,832,191,668,99,512,179,162,656,1389,314,1387,781,179,285,233,593
"PPP1R15B",78,395,863,127,855,206,157,818,430,389,990,931,348,145,603,921,335,1541,704,511,155,232,362
"PCNT",234,267,506,691,291,181,105,461,1136,420,883,371,332,286,937,811,337,209,898,745,327,1405,248
"OS9",37,444,1209,192,1021,170,97,1049,114,710,141,737,216,87,876,1144,280,1990,625,162,187,160,390
"BRAF",126,266,398,717,300,380,191,868,511,461,980,492,633,202,744,1035,667,352,819,562,418,563,343
"AIF1",29,580,1351,223,1212,111,128,1069,27,623,7,902,94,25,631,1283,217,2296,549,77,168,110,306
"SGIP1",296,37,447,542,406,657,681,686,458,72,704,461,353,395,433,714,558,254,625,1874,24,1129,204
"TMX4",71,486,1131,132,1016,277,187,1098,147,641,90,805,170,87,696,878,391,2094,664,238,255,141,313
"HNRNPA1",100,538,866,344,780,227,115,644,585,643,564,513,229,311,739,926,423,808,638,911,231,399,463
"TAPBP",67,289,1262,105,1200,186,144,1103,79,475,82,533,159,93,850,1387,163,2182,485,112,284,301,447
"TGFBR2",15,402,1655,99,1503,127,109,1039,74,269,21,394,178,45,1125,1427,125,1878,577,69,249,70,532
"CYBC1",32,404,1207,365,1056,207,123,967,144,604,91,651,246,109,900,1064,432,1562,818,113,272,195,417
"CCND3",53,390,1021,127,718,255,107,1209,133,569,78,1122,329,148,704,854,408,1608,676,384,372,339,367
"KPNB1",41,360,1243,186,901,123,109,1075,148,469,93,457,128,107,1054,1235,317,1757,573,190,398,173,826
"NDUFV3",261,269,559,988,474,296,161,623,409,643,334,449,922,452,652,862,533,273,775,360,572,597,456
"PAK1",25,444,1690,120,1568,161,147,1312,26,492,28,581,134,38,836,1299,210,1506,474,75,293,127,326
"OIP5-AS1",132,281,499,546,501,124,88,832,627,605,448,470,525,316,964,957,1243,499,893,549,418,282,103
"NAPG",390,1696,212,690,1017,818,176,349,309,544,341,199,481,402,685,425,618,597,479,527,224,531,191
"RAF1",36,445,1364,133,953,157,162,1007,357,525,482,538,152,84,587,1417,143,1517,746,197,198,240,446
"PPP4C",67,468,1060,96,1068,179,99,1036,101,1029,119,1036,167,78,667,943,287,1973,520,85,169,128,490
"PIK3R5",22,497,1480,121,1307,88,124,972,42,566,17,622,141,85,761,1407,129,1819,522,64,172,62,844
"CYTH1",29,517,1165,155,777,146,120,876,157,681,66,869,106,144,764,1381,182,2118,724,85,182,129,482
"SASH3",22,469,1087,65,894,102,79,685,92,1032,33,985,75,161,709,995,179,2666,351,61,250,104,748
"C1GALT1",204,307,398,409,348,312,186,899,818,364,1409,569,729,231,517,501,356,436,774,671,368,691,342
"CDC37",104,344,619,703,523,251,121,745,501,560,161,472,523,409,848,705,742,706,784,739,461,447,369
"RICTOR",118,531,963,195,581,132,138,741,191,410,685,633,150,137,710,1113,130,2100,399,262,234,246,973
"TMEM140",358,64,720,274,555,180,115,760,1135,391,1461,443,371,284,665,627,159,371,283,234,562,1516,232
"DYRK1B",167,151,555,902,575,348,174,517,577,502,906,370,478,313,760,967,447,361,1202,401,346,464,275
"MCM7",182,218,588,594,502,220,133,472,1027,413,1682,394,562,276,585,762,337,440,759,406,468,490,240
"STAT2",101,222,930,176,1051,76,127,1031,153,324,135,503,60,93,1102,1444,141,1652,297,99,493,367,1173
"ZFTRAF1",171,247,655,790,542,408,109,947,531,556,377,730,666,241,696,972,435,596,774,140,381,451,330
"STX11",40,666,880,79,1037,266,136,799,35,786,11,750,107,73,833,991,187,2481,426,86,260,133,671
"CSNK1A1",153,280,557,494,550,346,203,903,435,454,861,637,559,220,724,850,396,682,884,595,318,352,274
"PJA2",40,482,1118,164,1108,215,148,1080,133,409,110,680,167,75,700,824,344,2198,589,254,257,155,468
"TRANK1",48,214,1093,106,1295,139,127,992,78,310,60,557,113,95,950,1954,140,1895,366,122,312,208,544
"PABIR1",185,162,613,1023,531,411,205,680,374,465,322,417,568,264,732,757,795,357,938,595,488,599,233
"MAP3K11",29,380,1235,190,1113,110,134,1013,70,854,35,691,127,85,662,1238,210,2254,543,72,200,80,382
"HIF1A",12,954,603,37,561,77,119,464,32,629,15,807,77,98,422,516,66,4667,221,58,145,74,1043
"TXNL4A",200,231,604,1253,422,325,95,1162,75,597,364,329,1359,364,456,719,127,1158,755,472,69,222,334
"CREBRF",119,343,798,240,738,146,119,777,461,252,1799,582,269,207,629,842,310,953,718,487,133,392,373
"NR3C1",95,321,938,338,732,180,186,666,369,332,805,663,458,162,699,964,300,1238,779,583,198,363,306
"IGKC",14,1279,846,40,1032,228,83,150,3174,177,340,77,16,198,1326,497,147,389,574,38,163,362,512
"AGO4",20,470,1374,109,1261,136,99,1044,76,440,23,550,121,30,783,1426,205,2087,564,100,175,72,493
"CAB39",51,393,1160,192,1204,240,138,914,253,455,458,454,251,85,942,1094,316,1232,644,289,305,211,372
"TPM4",19,548,845,47,812,261,75,1066,90,1101,32,793,292,227,436,553,419,1707,453,462,157,519,722
"JPT1",217,302,731,362,744,279,248,983,520,591,289,496,339,281,842,676,555,1023,633,449,353,468,243
"FAM3A",212,213,548,837,446,445,258,663,434,959,321,461,586,366,1025,780,405,303,858,222,623,464,194
"RERE",30,332,1493,169,1018,87,106,973,59,322,46,583,113,49,927,1423,131,2145,504,109,215,126,662
"KLHL21",231,145,901,242,638,168,205,602,660,237,1418,560,324,150,849,641,293,722,966,730,176,422,333
"NAA50",285,350,468,452,567,238,165,591,467,539,304,553,423,298,824,728,634,783,793,760,325,624,417
"ARHGAP4",13,661,1600,207,1068,121,131,779,115,696,30,809,96,78,552,1350,140,1601,648,68,200,76,531
"UBE2F",431,295,367,734,453,308,278,484,308,475,138,339,739,572,806,455,1029,216,801,672,707,683,272
"RPL13P12",24,423,970,69,1387,48,17,3272,70,761,66,1167,909,34,59,76,89,16,946,82,53,951,55
"AURKAIP1",118,242,561,652,604,326,144,700,292,640,278,705,537,320,772,905,648,676,870,299,447,402,361
"TET2",32,473,1225,277,963,162,127,887,236,446,208,552,204,79,627,1268,237,1965,578,151,202,219,373
"GRAP2",263,172,513,380,218,421,254,1047,475,470,778,495,550,360,391,608,488,254,639,761,321,1368,254
"SP3",94,461,989,210,734,189,178,880,257,410,566,608,345,122,648,1039,318,1466,556,376,237,266,530
"HMGB1",114,668,884,243,565,288,83,657,373,602,140,706,336,151,654,1149,468,1231,564,480,283,385,453
"MED15",58,186,700,898,668,191,109,767,251,672,218,417,435,310,789,1382,343,766,841,316,457,278,422
"PCF11",141,259,845,207,594,178,76,810,518,350,2388,452,241,126,460,680,350,797,869,563,114,265,189
"XRN1",87,254,421,377,577,220,127,624,410,363,1035,573,541,219,812,933,265,868,777,470,332,682,489
"CCNL1",83,1053,1104,250,856,76,129,781,124,514,209,580,67,159,434,1559,164,1525,745,179,99,106,656
"ERBIN",75,491,653,296,604,215,115,965,371,542,912,759,305,94,662,1143,282,1210,581,366,169,287,348
"TLR1",20,162,1571,121,1403,125,104,1088,25,573,11,445,106,29,904,1390,198,1792,537,91,214,155,366
"PNPLA8",299,447,336,317,374,343,224,483,521,509,1417,573,475,173,535,528,465,676,781,813,295,579,246
"IFT20",739,336,318,695,351,374,243,544,497,719,744,275,559,359,653,749,679,293,774,322,460,368,346
"ACAP2",41,423,1228,99,1145,138,123,1054,96,409,125,566,180,67,884,1074,183,2105,419,106,283,178,465
"MID1IP1",78,257,1692,135,1201,274,102,1182,110,547,99,517,201,48,740,1464,361,977,563,345,230,122,136
"ADGRE3",15,319,1474,108,1317,146,164,1329,11,469,5,546,163,24,749,1472,165,1585,606,73,221,65,343
"IL6ST",388,214,208,301,181,355,441,960,454,180,1304,479,805,183,601,295,716,319,679,1501,135,502,160
"SLC45A4",14,285,1313,113,1032,83,93,953,11,593,4,907,121,47,608,1440,155,2230,486,53,120,41,650
"AP1B1",220,168,524,694,318,363,223,495,357,374,178,350,416,621,995,799,670,449,1035,720,349,739,277
"TRBC1",314,299,385,480,388,445,1778,439,482,449,520,387,889,376,573,474,410,386,627,400,404,390,29
"PCBP1",212,216,441,763,528,339,167,792,628,443,344,703,753,206,578,518,715,394,719,711,515,445,188
"DGAT2",18,326,1267,83,1395,159,101,966,12,771,9,530,133,57,614,1206,184,1957,544,56,182,65,670
"METTL22",471,193,475,742,364,439,270,1106,237,500,247,443,375,440,749,496,599,326,926,171,386,1087,258
"PTTG1IP",56,335,1266,194,1343,196,118,965,69,591,49,509,185,103,774,1006,291,1558,596,189,271,246,368
"S1PR4",28,270,1429,169,1092,196,91,1179,85,683,44,553,208,39,935,1020,331,1357,694,63,286,72,438
"AK1",81,209,411,1347,364,418,89,466,318,826,187,468,670,528,841,1160,373,253,841,398,311,555,147
"EIF3D",95,251,801,700,659,325,98,1005,408,548,581,439,428,348,536,734,660,596,529,346,392,405,372
"PPP2R5C",119,372,976,136,947,193,110,1131,183,587,136,714,139,126,721,983,358,1689,412,118,308,295,495
"ADGRG3",34,934,1030,208,821,128,175,441,13,990,4,572,120,117,718,966,104,1969,495,84,154,89,1052
"PSKH1",83,138,574,1699,659,404,84,743,165,529,220,199,595,252,783,1005,310,364,1102,135,635,424,107
"G3BP2",119,424,536,415,546,313,116,726,639,419,232,485,437,156,532,727,656,1007,551,951,369,539,308
"SLA",20,300,1406,76,691,93,103,689,40,898,28,436,86,92,760,645,114,2860,295,73,234,150,1105
"CDC42SE2",34,357,1085,83,1176,117,108,877,118,538,55,651,121,104,593,933,227,2164,413,144,210,226,858
"PROK2",47,746,1220,116,791,256,250,820,18,731,5,552,130,25,946,736,243,2263,807,60,108,71,239
"CASP4",46,419,1307,142,992,162,114,1117,64,530,26,500,98,59,922,1269,274,1536,569,66,336,179,448
"GNS",38,431,1423,96,1000,183,121,980,243,434,544,428,190,68,705,1052,209,1570,436,194,201,228,365
"KMT5B",105,238,518,634,464,258,167,759,635,508,1095,339,659,262,591,808,397,420,718,233,309,707,306
"HEBP1",25,747,106,2148,86,31,32,2258,66,92,26,47,72,35,107,1312,1165,167,1292,32,57,67,1141
"DDX49",119,196,599,815,447,246,111,861,427,756,310,404,408,354,531,864,897,516,656,314,522,461,296
"WIZ",109,122,512,1068,404,190,76,1099,222,406,128,425,584,269,1342,820,354,262,1206,437,402,455,213
"PAFAH1B1",130,294,759,295,775,244,178,828,258,476,605,797,385,168,636,722,390,1049,758,393,224,292,434
"FCER1G",39,562,1302,105,794,193,237,627,45,763,19,562,141,68,1037,1407,261,1312,589,114,253,313,336
"NEK7",192,343,652,501,830,278,205,836,233,414,508,624,413,156,694,799,412,853,785,532,277,293,241
"COX7A2",2051,530,313,319,269,544,272,522,260,737,255,348,476,508,377,424,513,375,483,273,324,572,304
"PIK3R1",373,264,456,306,375,282,105,708,738,478,1480,488,395,289,399,498,338,494,640,398,265,1044,233
"FOXJ2",80,198,493,616,415,316,162,693,250,327,226,819,642,245,668,1159,441,632,851,851,259,366,332
"RPL23",63,531,750,333,701,206,91,678,947,573,1331,423,206,141,620,683,412,792,432,471,175,179,303
"JAK3",22,486,1818,241,575,133,159,923,66,632,23,503,72,44,760,1038,199,1976,607,63,140,67,483
"C1D",1073,256,219,1176,198,274,223,330,361,579,430,406,456,177,600,395,391,240,1202,823,300,723,178
"LTBP2",188,219,444,796,604,266,82,1160,158,818,18,228,458,229,442,1847,124,352,1071,157,217,993,134
"SP1",46,280,1180,217,979,158,153,934,220,317,255,458,183,101,815,1364,278,1280,664,288,246,140,437
"ACIN1",90,339,981,319,662,191,135,842,354,405,692,474,297,162,561,1149,279,833,713,615,241,354,303
"TIMM17B",332,412,460,598,392,462,311,400,307,570,222,356,959,424,806,472,470,496,672,436,393,512,521
"BACE2",108,142,191,1035,520,422,330,387,202,452,166,468,437,299,1003,662,1250,193,966,976,377,198,195
"CBX3",462,574,588,394,478,338,187,555,439,529,131,490,419,247,650,651,801,668,464,954,309,356,280
"PLEKHO2",36,235,1185,89,862,156,98,803,34,786,17,679,129,102,746,861,151,2676,437,63,235,93,491
"AKAP13",34,517,1344,258,1244,136,109,656,220,401,218,496,176,132,703,1200,133,1218,536,127,255,495,350
"HELZ2",49,268,819,176,735,88,85,1082,80,515,105,548,87,144,1011,1449,120,1513,290,126,562,129,976
"YIPF4",539,307,472,303,457,389,301,507,516,426,463,283,636,324,848,489,437,411,781,734,299,687,336
"TNFSF13B",56,221,760,85,1000,136,105,930,23,392,18,627,114,52,1202,1015,226,1901,232,72,577,162,1037
"PILRA",34,332,1154,106,1416,102,110,1149,19,608,13,844,107,40,622,1075,261,1864,454,58,160,96,318
"UBE2J1",69,439,941,112,590,153,109,1068,390,620,96,407,129,102,821,1145,239,2270,526,130,188,149,239
"RPS6KB2",236,164,476,944,604,296,160,547,246,580,136,418,336,348,895,809,820,404,1083,362,406,344,278
"POLR2A",61,368,977,147,799,114,106,770,259,442,463,519,171,125,635,1343,172,1679,477,346,200,253,464
"AKAP8L",240,155,425,692,346,245,107,689,433,617,611,607,551,257,491,720,249,353,816,725,198,1137,190
"TNPO1",164,359,382,485,445,374,132,452,412,441,918,382,509,222,691,479,460,403,750,1267,320,491,313
"UPF1",41,290,1310,213,1031,140,86,1041,186,471,185,601,201,94,687,1209,197,1414,595,127,213,168,342
"PHF20L1",111,404,762,535,664,174,126,831,403,590,492,432,422,213,718,1022,378,708,499,218,381,269,476
"CD63",14,609,1004,118,879,135,116,950,48,773,17,695,116,48,620,787,360,2203,522,147,155,124,386
"SLC48A1",104,141,455,1046,395,216,89,827,332,446,256,522,648,224,668,853,602,392,901,415,600,422,260
"ANXA1",40,698,1042,135,710,301,110,527,59,646,41,611,91,76,902,863,413,1808,724,269,252,85,397
"WASH8P",44,89,422,342,1107,318,184,303,501,262,15,285,87,430,565,1399,1209,701,950,246,825,309,193
"RAB5A",95,298,445,428,821,244,170,623,190,341,821,565,376,262,667,1037,378,594,788,673,298,408,260
"RIN3",37,300,1317,98,846,137,97,1076,56,623,28,557,99,118,688,1010,194,2005,514,56,206,80,628
"GBP1",57,79,524,91,1046,88,140,886,41,323,47,551,37,176,951,748,84,1828,124,93,599,1451,802
"KDM5C",127,240,1011,314,593,216,93,748,298,313,920,519,388,219,618,765,337,980,634,358,165,556,350
"S100A12",65,1295,752,125,631,248,140,571,25,960,9,492,97,61,771,325,573,1582,1106,98,206,171,413
"MIR22HG",200,392,403,158,475,320,152,470,507,637,1768,449,498,314,338,661,280,714,1011,304,79,235,344
"PPM1F",9,228,1245,147,919,136,39,704,19,744,4,738,70,30,659,1288,70,2392,636,64,111,54,401
"LRRFIP2",413,263,488,663,366,378,160,718,701,492,671,400,334,231,417,827,930,465,419,199,307,537,318
"SBF1",57,282,854,600,659,151,75,643,387,472,227,570,195,270,703,1070,312,974,964,438,220,278,287
"WARS1",36,287,721,62,1524,204,103,428,149,768,105,297,59,70,1088,602,206,2363,417,81,340,206,572
"XRCC5",39,433,1066,136,1096,214,84,843,216,561,99,668,179,95,728,1184,326,1388,474,191,206,109,343
"ELF1",53,324,851,57,795,116,134,802,188,632,362,908,112,124,725,933,178,1947,302,117,281,215,518
"LAMTOR4",62,372,1336,182,1038,137,98,961,50,837,43,733,135,52,543,1088,241,1531,491,75,181,120,367
"ITPRIP",129,610,721,112,766,163,127,712,71,676,31,714,149,245,594,820,184,2088,531,243,236,264,482
"RGL2",17,472,1457,217,989,101,136,950,45,510,6,772,70,42,560,1373,155,1548,625,45,181,60,337
"USP7-AS1",288,328,389,674,525,533,238,909,523,533,415,560,442,196,367,758,571,243,472,266,672,384,380
"RPS26",373,284,447,578,1021,328,116,791,686,552,1188,642,446,216,623,220,597,416,388,181,276,157,131
"DCAF8",209,207,461,646,353,304,139,577,470,583,1137,768,506,185,454,575,419,410,786,400,161,587,295
"BCL3",9,502,866,116,782,107,177,589,17,719,12,745,61,130,518,652,152,3267,480,31,107,49,543
"RNF167",165,363,919,257,788,280,211,849,314,571,201,709,285,151,571,898,362,1047,619,264,245,256,304
"ADD2",351,105,469,1199,306,348,215,547,471,476,198,190,601,476,467,836,563,375,548,484,332,840,219
"FAH",141,110,869,1146,258,430,131,981,286,360,415,335,617,273,785,625,819,203,496,143,238,685,263
"CIR1",131,308,577,276,657,196,134,822,247,444,633,728,341,170,477,921,339,1100,496,380,219,443,564
"NT5C3A",315,227,389,517,312,289,141,886,692,331,834,407,526,258,512,636,397,387,496,411,356,836,401
"CYTIP",30,585,1042,91,761,103,169,757,85,350,34,782,140,43,524,697,133,3180,302,30,136,75,501
"TRAF7",78,145,623,743,372,240,90,1056,392,310,194,420,563,436,646,800,847,358,762,369,378,433,275
"CCNY",10,359,973,68,1252,131,52,897,42,605,27,679,166,72,655,1077,223,2150,521,117,137,118,192
"CLK1",287,532,1117,247,469,159,125,720,218,387,920,448,131,229,573,825,210,1284,506,366,184,234,351
"ZFAND6",357,259,499,337,461,238,130,489,456,515,1957,476,267,138,581,554,400,697,411,325,152,488,324
"RNF139",176,326,453,490,840,290,219,777,304,515,372,350,478,224,544,856,423,716,705,427,507,286,226
"BRPF3",113,142,532,585,292,274,137,721,534,299,554,441,601,273,837,954,410,387,1036,471,245,472,188
"IRAK1",22,164,1558,675,399,80,48,354,1390,743,43,231,803,583,1094,488,130,578,426,98,155,259,170
"ARID1B",94,191,498,746,416,227,125,416,714,332,733,289,360,257,735,874,456,460,763,472,391,755,185
"CARD8",23,290,1718,193,1006,164,106,1109,63,277,67,544,140,52,697,1366,186,1070,517,87,221,126,466
"GTF2IP4",121,45,785,810,427,243,79,416,282,495,441,209,262,315,853,1335,231,529,1222,278,240,618,252
"PLPPR2",19,360,1346,118,898,109,168,837,10,607,8,790,134,43,508,917,89,2275,523,41,181,57,449
"SVBP",385,236,303,604,547,311,207,456,399,465,550,405,542,274,880,505,489,196,697,441,437,619,539
"USP10",144,338,1215,263,1091,253,92,1190,194,385,274,358,245,165,654,244,391,754,940,359,374,366,180
"AXIN1",86,203,612,535,381,163,78,1557,433,415,89,860,301,225,500,509,646,647,716,477,247,576,208
"GDI2",81,358,981,192,922,179,116,831,267,542,670,382,246,119,818,916,289,1129,538,272,211,172,222
"VPS13B",113,255,597,550,497,243,117,468,346,306,1098,364,336,282,640,835,334,449,714,792,400,444,261
"PACS1",12,425,1219,90,1028,90,113,923,62,506,28,590,136,75,538,1417,128,1895,459,67,164,95,380
"KMT2B",46,259,896,445,675,176,79,605,373,446,318,488,320,177,992,1065,239,907,643,306,307,326,336
"SCAF11",59,325,874,432,1005,140,115,776,254,316,336,497,228,123,769,1095,250,1015,495,324,346,257,376
"ARPC4",87,335,976,260,988,181,81,835,137,730,233,657,287,107,571,822,299,1376,634,132,197,153,328
"SDHB",251,211,496,571,493,320,185,552,228,585,296,377,556,351,738,710,699,585,632,313,427,447,382
"DOCK2",20,503,1254,72,1170,144,102,832,131,471,49,443,120,82,628,1286,140,1642,488,103,214,73,431
"CGGBP1",167,317,600,497,544,282,199,611,332,449,539,444,665,206,673,720,376,668,637,340,376,423,328
"ANKRD13D",30,500,1441,177,998,120,106,986,41,550,16,738,57,50,414,1306,182,1335,513,55,140,45,592
"PXN",8,539,1057,102,1115,106,100,852,29,566,1,592,116,80,794,1289,179,1533,526,53,157,50,543
"QKI",44,343,1159,119,1024,148,159,1015,80,408,49,610,132,74,578,1067,216,1602,480,133,195,90,647
"C6orf89",123,197,614,451,476,239,112,705,495,410,840,369,392,257,583,809,430,705,720,388,249,536,255
"CCDC117",134,124,336,540,287,260,102,623,704,353,2051,906,686,130,404,385,327,298,513,299,241,488,155
"CD82",17,280,881,159,691,117,602,646,68,1847,33,482,205,102,350,760,179,1036,407,812,169,216,282
"NLRC5",137,461,1023,115,800,94,105,568,157,357,87,500,66,203,751,997,111,1559,401,97,267,645,826
"RPN1",39,287,1258,119,1073,144,99,801,178,656,101,519,199,91,819,987,253,1457,524,162,188,123,246
"GLT1D1",15,440,1105,84,915,126,130,1023,20,557,3,508,92,34,691,1332,217,1757,536,80,153,65,435
"SLC7A1",148,111,531,665,179,452,160,658,429,320,319,491,406,157,660,614,887,152,763,753,442,708,270
"GLYR1",137,244,768,491,693,205,139,632,405,443,396,288,424,201,704,875,385,608,761,243,407,576,241
"HAPSTR1",52,414,839,105,833,151,138,789,149,418,354,605,178,105,631,896,210,1883,585,232,163,158,366
"PAN3",124,320,619,297,467,222,98,565,525,359,1178,523,334,170,497,767,308,860,731,406,174,371,337
"INKA2",10,274,1356,116,954,124,119,993,10,296,3,814,104,26,433,1447,135,1860,510,99,102,61,404
"MED28",644,174,388,616,353,221,125,443,433,423,759,397,594,172,461,503,478,461,692,591,398,645,260
"RNF13",26,283,840,84,970,116,151,931,31,444,46,751,139,37,599,1297,184,1771,328,57,235,90,800
"PACSIN2",33,264,1784,108,1118,110,110,751,66,394,33,569,159,51,604,861,199,1566,410,150,148,151,568
"SYVN1",175,251,492,435,344,193,147,538,341,403,426,509,748,164,666,603,511,584,812,830,327,454,244
"PSMB8",53,198,1036,99,1103,109,99,914,133,659,53,675,98,72,816,935,220,1708,361,83,250,137,376
"ZEB2",66,233,863,258,530,146,92,525,376,427,971,349,401,118,628,838,253,1268,630,280,184,400,347
"IDI1",184,555,484,494,464,279,178,536,443,425,132,593,406,121,556,639,490,1007,696,473,227,469,331
"SLC10A3",292,232,468,409,452,456,373,649,593,552,247,571,442,304,784,422,262,479,734,285,449,588,127
"KDM3A",91,273,627,258,489,137,85,588,500,369,1368,451,316,148,473,643,256,992,608,576,174,369,342
"SARS1",258,255,464,587,518,389,178,728,228,728,203,496,435,176,618,762,479,454,624,610,491,233,217
"SRP14",464,474,549,301,468,295,212,471,455,570,289,428,198,256,635,627,561,876,494,423,349,467,269
"UQCRC2",259,233,501,616,390,319,186,563,234,682,357,314,653,395,565,785,637,456,632,440,334,277,294
"ARHGAP26",14,426,956,108,716,97,140,867,20,510,9,530,116,44,659,1351,128,2065,407,36,176,64,660
"SWT1",185,257,538,589,361,358,205,535,322,654,699,265,614,423,563,673,313,381,526,283,515,511,318
"TCEANC",214,123,280,479,305,419,194,501,571,294,2103,573,740,106,281,460,362,227,404,158,185,921,182
"KCTD2",87,120,733,559,620,177,75,452,485,348,524,313,548,208,655,729,441,564,649,454,463,618,259
"CD2AP",316,480,133,569,163,293,175,270,303,278,329,255,558,303,570,449,561,179,804,1869,319,615,286
"TSEN34",21,381,1187,93,952,152,104,1033,26,435,19,800,81,43,552,907,217,1802,478,33,204,79,466
"CPNE1",323,275,587,557,550,184,349,645,266,384,167,626,405,141,690,751,383,669,702,552,372,160,325
"ATP5F1D",215,195,449,749,490,290,165,479,644,478,255,447,442,439,595,543,630,210,665,311,373,606,389
"PSMB7",207,251,436,577,406,382,188,644,387,471,500,355,457,383,622,722,626,403,451,353,474,318,439
"KIAA0040",55,212,1110,93,1093,169,119,922,96,212,38,292,128,55,960,1077,177,1149,491,75,305,1000,222
"PPP3CB",294,267,275,684,335,213,282,588,419,411,265,551,621,231,533,600,680,325,656,528,492,607,183
"SLC3A2",246,173,484,362,473,379,213,1151,315,524,284,513,464,200,383,567,484,484,640,774,211,424,289
"TSPAN7",151,117,870,645,254,255,215,521,315,467,567,290,714,700,556,499,389,343,752,366,511,335,183
"HMGA1",97,313,481,403,372,349,165,1083,621,442,380,552,458,245,641,551,462,491,516,516,343,281,252
"GCAT",104,402,326,1280,337,480,89,1217,214,1779,18,408,374,170,212,1002,309,133,417,111,209,268,146
"RAP1B",112,355,653,191,546,270,127,716,185,519,132,607,457,155,672,669,385,1334,551,394,214,424,334
"PRPSAP2",337,248,290,516,229,378,219,572,411,441,473,631,699,266,642,513,595,212,648,511,331,609,205
"APEH",102,275,488,765,440,293,157,449,197,561,143,425,698,252,739,698,614,355,688,547,418,449,219
"CDC42EP3",24,181,1201,82,887,116,134,817,27,765,11,493,100,85,613,789,191,2194,641,64,166,59,332
"AGBL5",100,83,278,883,303,224,170,660,319,339,547,216,485,499,741,845,859,198,733,410,456,426,192
"USP24",105,231,466,651,304,238,91,565,634,481,619,473,387,335,570,707,347,475,590,430,322,677,266
"DAD1",629,352,471,363,546,457,200,546,449,482,513,446,454,153,470,535,430,472,449,364,341,579,243
"PIM3",26,657,894,126,515,71,158,419,53,592,24,582,99,131,449,454,126,3264,409,29,130,49,651
"ST8SIA4",24,247,1406,74,1212,147,86,1030,35,221,2,531,186,21,701,1194,224,1419,430,71,220,95,327
"SGMS1",148,144,487,341,318,303,87,587,734,404,1597,361,370,259,473,453,366,348,761,502,166,523,166
"EMID1",230,71,1902,655,157,313,141,758,317,393,133,591,131,549,424,650,305,146,818,471,273,238,215
"HNRNPU",38,660,995,150,859,126,58,725,191,483,103,585,124,87,581,1135,178,1527,490,154,140,169,321
"RCSD1",11,483,1234,92,1069,149,139,859,143,366,59,375,116,39,687,1277,185,1275,410,94,286,119,409
"CMBL",345,33,1291,439,30,76,435,1232,123,118,1410,1017,917,385,26,16,14,65,339,895,145,488,24
"CLEC4E",36,367,739,85,992,111,198,1147,16,458,12,722,113,25,654,1073,99,1385,605,32,418,104,471
"SRP72",179,309,342,540,386,232,106,603,298,449,360,312,461,464,617,565,719,303,891,646,443,389,248
"RBM33",81,354,616,322,431,173,112,582,461,354,1145,444,278,163,503,770,251,839,735,304,209,381,353
"MARK2",71,351,1150,152,798,105,101,875,183,395,332,355,165,67,695,1135,171,1354,565,119,188,146,349
"LRG1",14,335,1166,96,1082,117,106,858,9,584,2,454,122,45,769,775,225,1932,497,99,195,87,251
"UBE2S",181,251,392,557,467,370,116,743,286,497,219,568,443,334,523,606,604,432,795,667,340,207,222
"GIMAP4",23,157,1021,115,862,163,117,1221,57,281,14,400,134,31,1027,1400,101,999,331,64,667,207,425
"ATP6V0A1",95,182,778,439,580,173,54,711,387,455,841,456,334,219,445,812,360,553,573,492,227,398,247
"RTCA-AS1",112,119,451,399,442,308,56,804,932,700,924,211,189,277,606,940,337,291,701,241,164,253,351
"TBXAS1",11,321,1273,62,799,149,77,961,33,916,8,674,141,44,741,1175,243,1034,462,71,200,77,332
"PLEKHG3",17,407,1472,137,981,95,122,1160,14,311,3,556,126,40,412,1271,137,1302,546,50,133,59,433
"BRAP",90,154,434,778,447,238,136,623,254,549,523,411,554,239,562,758,396,453,885,331,348,363,257
"RFLNB",6,460,952,64,757,128,111,433,21,422,5,597,87,55,324,582,404,2614,637,133,100,28,861
"RAB5C",76,257,544,720,555,255,150,635,165,534,107,519,456,241,616,793,531,873,587,184,352,252,342
"FGD5-AS1",253,279,798,236,746,204,113,800,395,378,162,374,293,106,423,696,453,1105,430,593,223,391,283
"NFE2L2",91,252,519,331,343,181,96,580,456,434,776,597,407,172,594,556,241,1208,610,337,148,435,366
"NT5M",184,72,1055,781,226,200,192,882,227,317,478,562,401,896,299,349,503,404,674,203,240,396,187
"ANP32A",32,629,1014,132,980,144,120,781,77,424,32,632,79,61,504,986,200,1528,431,77,200,95,561
"DEF8",11,427,1763,199,972,95,86,789,42,513,19,646,114,22,470,1081,140,1260,553,43,151,54,267
"GNAI3",88,482,583,103,730,135,73,646,145,724,388,736,155,105,571,682,139,1967,371,161,149,208,370
"OAS1",519,95,278,49,363,102,164,889,905,99,122,544,35,88,761,582,51,507,60,62,811,1893,726
"TRIM23",253,275,315,676,254,236,181,458,312,405,681,526,720,111,676,423,470,181,754,723,393,478,202
"U2AF2",58,330,979,210,801,139,83,654,268,553,309,588,173,125,607,1042,245,1302,443,157,160,173,304
"GRSF1",66,152,301,393,397,357,139,891,358,283,2026,538,453,151,397,311,493,186,632,554,144,356,124
"UNC93B1",21,266,996,117,766,90,74,885,116,421,49,561,86,45,892,994,179,1584,363,68,423,82,592
"SLC35E1",123,201,466,547,372,331,125,602,290,493,372,560,626,270,527,696,546,406,647,493,351,350,273
"GAA",16,192,1870,218,1119,90,84,1094,29,479,15,516,73,22,855,736,53,1229,364,26,247,35,291
"PARP8",19,529,1112,125,721,99,91,936,30,438,15,648,108,60,545,1031,145,1794,396,76,224,86,416
"GAS7",15,287,878,49,492,74,58,627,27,525,10,280,83,53,824,695,152,3758,367,71,76,45,190
"ITGA5",20,252,1326,92,924,103,109,952,20,351,9,502,157,31,841,1376,105,1226,555,56,166,66,387
"SAMHD1",28,219,1054,73,1039,82,110,624,128,418,35,243,95,52,1453,1420,165,1098,315,80,294,131,438
"SULF2",23,473,1374,130,1454,117,83,784,25,440,11,499,95,38,532,1493,104,679,376,56,133,54,613
"TMEM71",55,544,1106,70,877,135,142,883,15,659,3,631,106,22,519,937,197,1406,432,49,145,79,574
"COMT",378,125,433,929,461,254,226,881,195,361,51,409,673,291,677,376,488,306,564,448,499,392,155
"MTMR10",132,248,616,360,606,210,160,563,260,342,376,407,566,189,618,919,400,600,622,367,318,399,284
"VCAN",0,453,1624,50,1678,71,43,456,79,455,13,73,90,23,1302,976,100,861,787,51,143,82,138
"KIAA1586",564,251,190,403,231,615,98,566,431,402,1017,360,458,196,854,512,403,133,453,522,181,499,206
"DCXR",375,91,322,291,400,382,197,343,619,566,145,299,373,440,785,298,368,207,1113,665,427,551,287
"TMT1A",386,163,374,238,256,278,265,351,1110,441,943,371,323,218,590,587,585,185,638,550,259,122,299
"EID1",340,247,301,679,298,243,140,339,326,345,290,323,541,232,1001,535,571,260,839,481,395,649,156
"MARCHF7",96,289,1042,108,1015,177,123,989,132,330,398,460,134,56,566,1123,256,1021,444,142,185,146,298
"SF3A2",82,83,458,711,381,290,138,585,742,581,190,614,506,186,459,893,400,366,586,312,244,347,343
"POLR3C",76,126,351,550,187,164,95,2748,193,336,305,261,406,172,333,375,416,1020,331,151,319,382,190
"ATP6V1A",41,237,1015,126,989,163,89,747,131,414,352,609,197,58,563,934,210,1293,373,194,151,191,399
"ATG2B",149,154,368,275,312,207,122,598,564,283,1424,459,390,220,464,546,283,257,810,675,161,573,168
"RBM47",25,420,1163,83,880,121,137,712,23,341,5,507,142,42,747,951,145,1915,474,47,152,69,360
"TNFRSF14",13,367,1157,133,762,68,63,835,60,558,25,783,52,68,425,1070,160,1574,507,36,155,65,523
"SETX",12,337,864,68,1052,81,109,856,109,422,73,486,89,68,525,1428,75,1426,414,82,151,118,612
"RNF115",119,104,383,593,253,204,128,1629,219,380,485,135,416,233,462,613,480,1019,597,158,351,280,206
"PPP1CC",93,193,672,335,631,233,108,648,530,347,715,331,294,211,532,661,479,715,458,465,294,304,197
"PPP2R5A",59,519,794,65,778,235,150,986,90,425,52,426,151,56,676,1195,234,967,667,105,259,133,424
"EPG5",107,166,362,549,402,243,88,374,509,245,956,245,350,173,664,615,361,406,865,702,234,592,237
"LPAR2",15,554,1271,219,767,71,102,620,26,541,10,603,53,36,302,1428,127,1480,614,23,126,36,402
"CIRBP",65,439,917,299,589,99,81,532,158,447,137,817,265,180,444,735,239,1442,497,190,155,239,445
"NRBF2",30,181,1394,83,1149,119,87,1005,61,310,92,324,116,17,778,1140,290,980,503,87,220,125,300
"ALKBH5",112,367,342,203,434,343,159,421,402,442,272,552,361,132,642,568,499,572,724,982,380,220,234
"SH3KBP1",19,410,1128,77,1113,157,106,791,61,443,31,439,99,71,572,1039,178,1431,483,66,217,94,334
"CPOX",406,117,298,560,176,223,118,527,609,373,1017,312,380,265,440,512,501,128,545,669,210,751,220
"NDUFA2",519,157,220,475,1122,1450,228,557,291,417,160,254,285,318,352,340,570,124,443,234,234,402,193
"CDYL",104,138,436,666,272,387,306,475,366,382,396,544,513,342,576,505,427,361,672,338,394,517,219
"QPCT",48,708,889,70,1285,244,212,722,11,438,5,507,109,28,523,787,231,1229,569,59,268,126,266
"GADD45GIP1",470,379,167,477,802,232,496,196,248,388,195,306,530,203,552,418,348,197,951,775,391,323,281
"LPGAT1",19,460,1127,62,997,127,65,943,37,391,15,504,93,43,675,929,154,1665,386,73,184,80,291
"RWDD1",357,211,238,549,211,248,163,653,119,581,141,294,496,334,693,882,1135,207,708,253,390,278,172
"AZIN1",233,318,476,378,433,227,122,677,225,508,143,484,602,311,495,452,453,896,636,324,294,312,297
"ATXN7",52,202,565,384,422,166,121,505,298,311,1254,318,371,185,558,716,402,788,566,282,225,265,330
"TIMM23",253,154,306,675,262,305,123,425,393,462,696,365,567,230,457,529,540,205,501,406,248,928,249
"PLAUR",16,882,741,47,985,49,138,594,14,749,12,713,79,94,393,780,143,1835,255,35,179,92,450
"LPCAT2",26,293,1027,82,854,150,108,747,10,344,10,522,83,23,932,965,194,1791,368,97,265,97,282
"AHNAK",6,505,1335,80,803,82,68,205,341,440,121,97,131,166,1107,1842,48,671,508,58,138,171,346
"ZDHHC7",42,163,885,371,753,134,72,624,236,523,281,494,308,104,568,1033,183,894,550,155,314,240,342
"IFT52",436,197,290,931,394,245,288,310,189,480,105,337,639,161,529,641,576,334,857,539,334,221,210
"PRKACA",11,324,1083,122,1022,110,111,713,52,623,18,478,104,32,533,925,195,1664,619,54,139,56,254
"SEPTIN7",90,431,754,176,724,140,122,694,192,506,131,547,223,134,566,852,248,1201,441,277,218,216,353
"DGKZ",32,373,1174,193,737,127,114,675,134,423,76,415,153,138,583,1045,271,1114,539,217,196,133,363
"PDZD8",71,417,442,445,446,219,118,812,353,305,611,469,285,87,566,650,277,994,495,425,174,392,167
"NUP88",257,256,344,584,186,372,106,648,314,866,990,224,538,268,374,650,452,146,294,180,322,634,205
"CCT2",258,369,224,469,476,115,426,444,415,585,439,361,484,261,415,503,343,336,538,679,434,395,220
"CR1L",327,292,332,602,305,378,249,927,154,500,210,342,753,424,360,333,484,197,432,464,414,400,307
"CMIP",18,231,982,93,976,122,111,817,69,362,20,440,193,52,624,910,226,1173,511,284,230,336,404
"SLC43A1",91,119,434,973,358,316,92,1306,144,422,188,212,540,172,358,913,602,220,607,160,396,386,169
"CCNG1",140,175,321,648,356,262,86,649,258,479,563,211,668,194,476,882,676,352,714,392,215,283,175
"ATXN10",309,213,273,685,290,198,194,356,258,494,182,259,303,389,612,567,603,243,942,715,614,298,167
"PSMD3",150,228,476,654,355,217,130,564,367,491,370,484,434,146,515,755,601,442,597,341,276,382,189
"IRF2BP2",249,192,439,157,276,224,120,440,702,456,1125,481,419,167,353,391,505,618,597,385,128,516,217
"TECPR1",73,277,700,698,394,149,104,524,276,432,170,329,209,259,554,791,449,570,530,606,291,490,282
"MCUR1",68,137,591,651,375,426,132,658,141,461,37,375,865,186,312,849,491,724,771,319,144,209,221
"LTB",11,303,1009,175,741,91,77,689,129,692,76,557,83,24,535,863,162,1971,417,30,176,83,246
"CSNK1D",38,398,702,200,545,95,107,604,126,631,122,658,167,134,475,689,151,1656,519,107,166,146,689
"ORAI2",19,626,1192,85,851,131,80,675,105,423,35,457,135,84,522,825,193,1080,412,172,230,205,588
"SUPT6H",53,201,557,636,433,140,73,531,331,450,507,365,328,182,475,961,213,711,654,344,207,370,396
"ATP7A",143,178,366,388,311,160,82,488,459,252,1329,481,505,171,422,500,289,275,781,460,187,683,196
"SLAIN2",104,214,392,512,475,273,111,718,316,313,285,439,445,146,662,600,568,450,680,598,319,335,151
"RNPEP",159,136,394,505,441,286,79,267,503,323,251,391,421,267,711,418,454,507,655,1119,337,301,180
"ZNF217",73,82,1035,153,756,128,67,835,180,313,468,330,273,78,701,875,240,562,591,537,230,278,318
"CYB5R4",59,514,957,115,881,159,151,809,75,474,59,471,128,68,649,931,241,1186,390,92,250,107,302
"VCPIP1",98,195,453,190,452,99,91,559,306,257,1303,615,288,122,508,637,183,901,523,375,151,359,395
"CSRNP1",35,831,328,67,975,139,72,740,21,469,25,468,23,115,290,1850,185,1451,471,50,93,22,335
"NIPBL",71,257,577,172,509,154,96,482,366,289,1217,365,252,126,524,984,176,722,504,339,169,432,264
"IST1",104,271,826,124,704,139,115,657,223,381,607,540,137,109,474,782,180,1260,480,248,120,180,382
"CHPF2",92,156,664,191,464,314,149,605,343,382,945,446,332,123,397,731,248,813,610,268,159,317,284
"EMP3",23,316,709,82,717,106,58,512,139,799,75,891,84,95,540,657,120,1893,394,48,137,94,541
"EPSTI1",365,226,143,70,564,105,217,623,438,215,273,713,79,243,433,757,87,996,27,85,245,1292,829
"MAL",583,111,282,594,425,227,112,699,81,250,84,220,659,154,320,295,1366,219,1203,580,180,287,85
"NFKB2",34,300,799,124,935,71,97,552,67,636,39,720,40,88,448,788,113,1877,438,34,156,91,565
"TNRC18",17,395,1241,118,1080,75,81,715,55,348,25,451,114,60,568,1199,103,1306,468,83,158,70,280
"NCOR1",62,183,489,344,376,168,122,510,603,267,820,307,335,195,659,653,303,481,716,460,326,431,196
"KTN1",107,285,241,369,187,227,151,462,564,298,723,257,400,328,1072,566,268,240,874,735,234,260,150
"IFNGR2",43,280,1180,84,985,87,102,1024,50,484,19,427,147,40,613,709,189,1260,512,43,157,90,452
"PPP4R1",17,493,805,85,543,137,95,721,29,622,5,508,104,49,698,997,187,1792,479,51,133,60,353
"IFIT5",271,139,382,165,394,136,104,674,456,227,520,409,166,201,779,562,250,938,271,231,429,795,463
"SEPTIN9",5,439,997,60,962,120,63,652,219,539,72,419,97,148,676,1024,156,1258,450,62,113,95,334
"ARIH1",72,272,420,471,299,257,91,519,219,407,418,565,392,165,556,638,364,735,794,503,173,299,315
"SERINC2",36,7,109,83,7325,33,168,76,53,313,43,3,63,84,30,118,80,21,162,64,45,0,28
"CHMP5",646,253,454,265,362,221,149,647,334,353,427,375,342,193,711,627,325,470,354,377,300,491,262
"PRKD2",25,317,903,189,599,66,117,736,94,395,51,486,101,99,597,1029,139,1524,354,94,258,202,563
"ARAP3",8,331,1772,111,1040,100,63,693,3,285,4,449,94,17,566,1047,150,1285,441,45,136,64,222
"MAP3K2",49,422,1010,87,876,154,136,686,87,387,149,499,163,46,459,841,168,1467,365,122,147,134,468
"RGS14",25,300,1673,168,820,129,103,803,34,433,6,407,105,25,565,862,181,976,650,62,211,53,315
"NDUFA5",228,418,225,761,278,262,207,418,309,328,314,360,593,174,547,379,717,225,778,444,371,397,168
"RAB37",26,301,1286,95,786,182,77,993,35,470,28,490,199,63,356,954,214,1052,333,175,229,258,298
"RASGRP2",15,480,930,132,616,96,89,730,164,491,69,589,116,93,463,986,165,1314,470,141,142,158,451
"ASH1L",40,192,453,434,465,172,62,479,487,347,1128,304,386,162,449,751,267,432,515,390,247,544,193
"MPZL1",15,158,1115,49,1366,138,105,963,28,479,13,262,127,61,769,884,152,1243,596,58,96,69,139
"SPAG9",40,295,578,126,539,113,94,553,274,314,1002,416,150,88,522,723,142,1266,403,323,117,198,605
"PSMD8",441,209,330,466,361,181,196,425,480,517,388,249,321,368,573,509,387,429,647,358,434,366,242
"CTDNEP1",128,118,356,526,416,226,165,776,346,417,118,416,343,148,620,520,715,260,711,710,321,318,193
"EIF4B",33,330,862,214,768,134,61,693,305,473,312,334,166,143,620,730,352,1030,463,320,169,135,219
"HNRNPA2B1",85,700,894,164,545,143,85,469,218,438,346,375,85,125,438,907,195,1120,392,342,98,252,442
"THRAP3",40,249,638,324,615,106,67,683,253,414,337,600,264,132,476,780,229,985,521,269,154,343,379
"CCL5",20,326,469,61,310,364,78,952,89,609,80,339,565,237,383,457,483,343,356,873,192,1008,257
"STK38",35,245,867,370,610,175,120,510,367,340,402,192,211,109,812,1068,198,609,558,182,278,237,356
"TXNRD1",85,237,716,250,672,134,114,559,225,321,564,349,258,109,603,568,153,974,504,591,246,243,369
"FAM174C",152,175,407,548,410,414,178,624,391,353,256,293,461,332,531,552,670,186,473,277,496,435,219
"TUBB",50,189,601,383,428,221,123,600,344,587,198,343,262,274,581,600,453,729,617,475,224,221,330
"SH2B3",93,173,597,231,599,113,135,778,204,299,511,292,314,169,675,879,131,834,617,352,166,374,286
"N4BP1",19,285,894,99,956,132,105,796,47,374,22,367,106,73,614,1136,143,1163,563,56,205,67,599
"ERAL1",254,126,311,306,363,353,392,356,582,334,1034,243,377,243,376,325,337,205,541,843,328,360,222
"AMZ2",186,219,481,632,620,122,295,414,314,499,271,545,236,152,473,773,454,361,549,231,559,255,164
"APOL3",406,95,199,270,212,89,169,353,537,184,278,256,319,332,189,184,69,113,188,182,235,3693,241
"SNRNP70",22,528,1228,214,661,55,78,519,135,450,78,601,57,92,380,962,144,1503,576,65,79,55,304
"TOPORS",70,124,452,162,547,148,116,621,441,204,1784,360,266,103,395,565,265,455,554,535,146,282,171
"SUCO",179,150,404,436,358,198,210,570,404,295,508,516,585,130,350,497,448,581,518,605,212,422,189
"IGHG1",10,2316,245,11,173,184,124,36,2680,36,294,8,7,217,422,200,20,97,327,30,120,199,1006
"MAPKAP1",175,164,376,704,412,140,264,659,282,451,355,321,362,354,517,529,485,426,680,260,479,206,157
"TRAFD1",99,139,667,115,693,105,92,705,180,196,164,324,94,121,606,709,175,932,295,114,316,1575,338
"RASGRP3",87,61,640,517,128,140,88,653,474,314,1132,612,363,159,260,548,265,348,854,582,59,236,228
"TACC3",12,319,1101,170,764,97,75,1034,77,478,28,370,100,58,562,1066,230,1129,574,74,130,123,177
"ZNF653",71,148,355,620,409,269,156,552,125,353,296,382,537,224,737,614,372,190,814,537,324,356,307
"ATP6AP1",78,334,828,223,688,109,99,738,177,496,155,510,173,136,592,678,262,1135,477,171,201,208,278
"NAGK",27,139,1306,177,1065,95,68,708,44,391,15,488,93,27,626,1210,115,1081,444,60,237,78,243
"SPOP",67,145,549,377,464,206,78,704,325,428,637,578,601,131,412,623,286,500,478,186,293,448,212
"BID",18,254,835,61,788,82,89,769,30,602,23,694,85,64,589,789,146,1725,340,68,118,85,467
"BROX",143,184,485,330,446,180,100,592,362,337,1209,540,307,104,437,531,230,610,501,325,207,282,276
"EIF4H",11,353,909,93,677,112,67,512,135,525,141,478,123,101,543,806,122,1606,479,130,116,116,555
"NCOR2",88,191,642,357,513,241,75,772,242,414,149,385,368,148,490,1099,328,682,482,317,150,382,183
"PARK7",259,247,436,611,492,238,157,439,288,466,200,392,368,342,534,450,509,290,647,342,455,341,190
"DHX9",102,332,636,257,526,197,139,547,254,396,380,347,340,199,515,714,273,676,585,452,267,248,292
"NECAP2",192,160,500,314,426,288,171,469,367,452,1003,353,346,147,582,600,368,380,402,322,280,351,182
"RNF5",618,115,267,368,344,207,209,260,379,470,264,405,260,201,618,498,506,274,831,698,360,350,151
"BOD1L1",17,440,1143,87,752,57,81,680,67,260,102,359,108,59,591,1195,100,1253,357,100,153,120,567
"RFFL",88,108,383,265,407,230,72,640,497,280,1438,548,369,119,394,593,253,391,601,233,122,507,105
"ARMC8",295,158,400,367,345,255,145,578,402,485,570,366,441,168,403,595,458,349,481,340,266,594,178
"TMEM164",15,197,717,72,765,91,40,647,33,367,73,458,135,50,459,1805,153,1444,345,127,154,132,356
"GNAQ",11,364,795,84,570,122,86,701,33,427,36,413,85,50,769,874,198,1911,435,111,175,108,272
"RBMS1",60,325,808,252,689,148,128,683,64,382,84,376,180,167,644,974,389,1033,535,180,166,147,214
"RBM42",79,200,487,531,377,222,80,528,244,444,250,590,529,235,474,580,420,622,483,334,275,335,287
"PTPRF",169,82,478,490,282,192,81,432,418,498,1183,240,347,308,431,362,220,119,569,396,432,729,135
"STX10",37,350,1048,200,790,123,114,719,96,489,100,513,107,49,403,795,182,1081,614,83,217,88,376
"PRPF8",63,255,738,216,661,120,75,423,297,384,400,356,208,141,570,744,207,1054,525,344,146,224,410
"GCLM",247,231,230,306,201,292,162,546,281,354,749,643,711,280,378,282,317,139,679,685,261,407,176
"NHERF1",16,295,1030,104,858,136,71,812,64,458,17,580,122,46,567,905,184,1197,471,65,166,72,310
"PLBD2",104,89,289,695,336,173,129,471,76,145,479,52,435,463,1198,437,317,325,919,348,450,277,307
"ADGRE2",22,308,452,135,423,72,134,816,29,571,9,501,93,58,1065,1134,36,1533,471,48,133,57,402
"MED13",94,204,519,205,481,170,108,509,288,324,787,418,272,127,519,726,224,719,481,456,157,443,264
"RNF166",22,459,843,107,722,67,56,726,25,604,8,839,61,54,358,937,143,1211,450,53,98,46,596
"ZNF394",129,299,322,353,338,252,146,408,314,440,448,509,306,194,381,542,253,1044,559,351,210,402,284
"SSR4",314,180,364,315,345,280,133,744,520,419,431,330,383,281,285,525,613,246,420,392,373,329,257
"EIF2S2",226,308,324,382,362,217,143,423,428,423,311,423,305,264,659,488,512,289,565,409,370,417,226
"LILRA5",73,558,1001,73,738,203,153,492,25,1288,14,463,41,41,845,498,177,820,362,21,259,119,209
"KIAA0513",56,272,932,184,848,141,108,713,91,432,103,351,185,74,514,889,145,974,485,149,150,262,414
"FLI1",18,277,1199,77,960,125,84,815,118,304,34,282,132,22,684,1073,170,974,390,102,301,130,196
"SETD2",58,250,454,290,472,135,112,427,450,271,902,278,249,135,570,787,195,665,558,412,197,366,228
"ZCCHC2",69,235,474,132,478,102,73,686,123,149,156,487,110,101,505,1008,167,1545,168,223,229,236,1002
"ZMIZ1",30,234,646,159,459,99,70,591,270,423,193,497,142,56,532,1017,93,1611,407,147,116,174,481
"TBC1D10C",14,360,1410,115,682,114,58,768,90,440,41,552,53,69,436,799,178,1069,500,45,170,58,418
"PISD",15,170,1360,133,770,70,99,878,34,511,22,282,127,27,520,1396,123,1019,393,34,128,57,268
"UBTF",82,188,516,226,377,175,73,575,639,322,1274,381,276,116,420,503,324,409,542,409,130,339,109
"LENG8",21,548,1070,152,573,59,86,520,118,424,137,565,67,109,284,968,97,1329,539,86,104,45,495
"TPD52L2",32,433,857,110,721,94,87,567,71,602,110,671,114,55,359,779,182,1298,382,82,142,63,584
"MAPK3",25,382,906,166,800,125,83,777,28,623,19,439,103,84,444,767,207,1347,520,56,155,101,233
"NARS1",180,170,375,405,409,185,159,477,367,413,857,458,496,133,490,438,299,256,612,401,222,453,127
"NDUFA1",730,318,271,361,277,234,204,323,387,496,309,340,268,289,540,443,597,317,495,291,265,383,239
"CXCL16",20,405,578,53,952,70,87,551,10,791,5,669,109,73,347,616,90,2055,255,46,144,31,415
"NGRN",113,143,395,453,225,237,112,329,678,173,1115,301,455,174,455,641,395,157,462,552,340,369,97
"MOB3C",108,88,415,439,315,198,176,526,308,393,599,413,452,176,486,637,246,484,614,368,296,451,181
"SCAND1",313,158,315,467,427,277,262,468,384,580,230,325,325,260,545,507,391,365,625,370,261,253,252
"ARCN1",85,153,593,301,521,112,141,505,320,341,427,229,325,145,721,723,274,692,544,311,253,413,228
"PRELID1",31,179,732,271,483,297,86,541,235,610,99,721,172,105,538,625,351,1088,476,107,126,173,309
"CNIH3",149,145,562,630,471,147,125,536,163,451,401,220,304,469,534,484,275,275,986,246,340,191,240
"RGS18",40,170,962,78,623,243,139,1070,23,246,21,564,387,35,504,780,260,647,405,385,201,326,235
"TENT2",102,226,471,365,447,207,109,588,224,373,424,389,483,188,509,620,327,524,597,295,327,244,298
"SIDT2",128,131,398,411,234,300,135,456,338,289,746,235,590,194,652,631,303,264,633,263,288,474,242
"DPEP2",4,338,1254,180,941,103,56,910,16,361,4,532,182,18,464,940,173,993,379,32,113,38,302
"MACROH2A1",29,420,1030,113,681,125,117,646,111,559,55,419,78,59,452,828,267,1173,413,140,153,93,366
"RAB8B",33,257,668,62,794,99,112,658,78,515,56,429,111,113,549,688,165,1624,348,81,240,132,502
"DTX3L",126,108,602,83,841,73,60,780,206,196,320,239,78,56,946,998,177,968,226,92,366,361,409
"MAPK14",59,224,904,129,717,140,91,731,110,263,128,230,171,63,749,799,249,862,656,179,277,229,350
"STK16",178,162,405,590,383,331,163,280,186,531,296,163,339,232,647,801,486,368,679,208,270,335,261
"MKLN1",147,157,550,457,323,205,102,584,422,420,449,226,383,241,361,655,462,502,347,233,230,605,228
"FRAT1",30,138,1277,94,1016,152,61,951,101,320,47,345,163,35,548,1110,173,610,557,67,155,113,225
"GAB2",10,369,980,81,819,77,79,641,20,222,6,500,92,27,499,985,93,1633,387,57,151,64,490
"TARS1",88,336,227,187,95,351,132,838,266,304,120,934,1087,253,305,1021,491,73,241,149,174,204,402
"ARF6",38,434,677,154,622,104,75,515,191,598,146,549,169,96,563,777,186,1410,350,102,137,113,270
"SEMA4A",12,346,664,95,943,103,99,726,77,357,7,301,140,25,593,1085,176,1314,656,60,212,89,193
"UBXN10",189,60,400,568,171,212,100,217,822,144,2055,123,221,178,747,309,194,349,463,282,169,83,212
"SHISA7",104,59,435,805,198,224,118,660,322,249,159,322,520,281,468,524,593,303,694,255,291,429,246
"RPL21P16",209,427,423,363,426,276,170,791,340,338,341,470,499,142,258,358,258,152,328,593,337,440,307
"HMGB2",121,356,726,180,532,242,65,679,280,367,281,426,180,115,448,757,422,549,563,300,150,258,218
"SATB1",86,158,427,529,534,207,99,508,579,257,678,217,372,139,427,637,211,404,416,237,153,718,219
"FRYL",119,137,368,257,321,186,66,321,505,249,1872,140,192,191,382,569,227,363,521,446,161,401,213
"CDA",8,569,814,121,648,159,107,536,6,533,5,384,108,34,338,1006,209,957,935,64,279,75,310
"EMD",38,250,643,726,319,109,58,246,441,834,66,406,846,674,567,319,207,412,263,133,171,263,204
"NAP1L1",20,223,551,91,380,300,53,1005,263,382,176,458,400,114,414,555,477,578,396,500,142,551,166
"LSS",111,108,525,1090,397,165,68,312,285,809,369,209,278,218,421,702,202,337,520,248,241,414,162
"ODAD4",114,180,397,788,240,281,111,663,165,549,73,281,476,355,208,803,225,496,455,133,292,514,392
"TSC1",129,112,414,344,335,212,116,366,324,294,1146,345,295,175,395,605,348,261,700,599,157,325,189
"YME1L1",115,254,467,338,505,173,122,476,300,369,411,314,259,172,563,519,329,755,524,365,274,330,237
"MAU2",67,200,678,263,552,185,78,438,142,403,233,385,249,148,498,812,253,748,596,329,264,207,441
"DHX34",47,334,1036,213,605,96,107,745,111,459,264,421,108,69,435,754,160,1029,399,113,147,114,393
"ZNF24",98,179,550,161,451,129,88,511,327,243,814,402,251,91,426,688,233,1071,478,249,147,296,271
"PPP6C",100,186,497,347,460,163,103,460,212,369,414,429,422,123,466,559,378,790,536,406,201,256,261
"ADAM10",30,322,934,86,868,103,93,697,100,329,94,403,126,41,536,903,148,1303,430,158,152,88,187
"KIF5B",67,253,554,291,459,125,112,592,347,263,707,239,233,155,531,700,233,643,494,247,215,411,250
"GYPE",720,105,192,440,140,184,88,345,585,326,1619,88,252,166,226,287,470,128,287,327,230,791,116
"RPL21P28",197,163,215,1425,521,193,140,941,372,328,286,482,310,103,582,192,313,121,262,207,280,166,313
"IL1RAP",6,211,712,31,555,69,55,609,12,295,0,869,80,46,693,620,119,1863,212,38,129,27,860
"PPP4R3B",69,188,588,331,501,157,83,608,338,273,631,408,320,93,507,622,259,506,607,350,175,315,177
"AATK",19,286,1313,75,685,67,61,734,9,476,2,595,86,32,372,867,92,1412,486,20,67,45,296
"DGCR2",34,230,958,114,718,97,90,729,62,370,36,510,165,70,539,832,174,1090,520,92,171,140,350
"FTLP3",111,230,302,507,333,244,158,741,599,357,189,440,307,211,316,320,533,130,281,523,267,668,324
"TRIB1",14,525,550,92,804,108,51,585,38,710,12,559,35,70,192,1089,70,1928,359,27,48,26,191
"CASP1",26,253,1148,145,641,115,104,784,31,290,18,421,80,38,581,898,118,1400,328,40,187,110,326
"ANTXR2",24,213,1234,33,749,114,52,707,19,265,12,303,133,28,759,788,138,1479,344,69,174,83,355
"GLIPR1",9,307,1086,67,1182,92,74,756,16,453,9,443,80,20,468,892,139,1152,434,47,115,44,176
"PSME3",8,304,734,90,795,109,93,761,99,546,93,498,110,68,430,1029,146,1171,374,66,151,75,310
"CLEC2B",82,370,995,101,389,86,44,848,17,604,16,354,56,41,586,779,153,1459,228,57,172,77,545
"GDI1",15,323,1091,144,602,119,62,624,68,386,70,582,89,73,419,789,163,1295,461,79,119,101,384
"KDM6A",82,155,435,122,238,232,89,532,264,188,1538,357,363,223,260,435,289,630,373,356,101,495,298
"YIF1B",179,215,532,316,285,290,215,927,227,353,209,249,387,347,442,378,485,284,371,292,402,424,243
"H2AC25",710,56,256,220,608,155,179,398,261,313,1528,433,231,114,360,389,260,60,553,493,170,215,88
"SDF4",46,220,687,281,620,166,66,703,189,469,135,514,255,125,457,680,317,929,506,148,191,101,228
"SEMA7A",199,130,568,248,267,160,49,559,681,169,1544,398,179,71,356,204,291,306,656,389,105,403,100
"LDB1",53,304,1118,150,564,113,82,616,215,307,229,445,164,77,483,845,192,994,399,125,130,132,292
"PRKCSH",9,321,925,130,792,105,65,573,129,372,59,521,100,79,478,765,158,1464,417,77,135,81,274
"CASP8",44,232,869,127,504,102,82,638,70,518,39,667,115,66,405,818,176,1198,368,104,168,102,616
"HSPH1",41,124,136,137,63,86,53,199,1115,168,3685,393,108,74,165,224,113,51,158,561,138,172,64
"SEC14L3",66,85,933,1405,188,150,79,711,168,213,568,195,269,85,236,1020,192,245,359,65,142,471,180
"SURF1",148,122,505,521,288,161,117,749,133,558,121,665,481,255,454,609,383,417,560,215,186,206,144
"GNLY",42,948,403,40,489,127,78,207,84,934,27,235,76,653,358,888,49,243,286,16,142,323,1348
"PTPN12",17,347,675,88,715,146,101,720,56,300,24,497,115,86,507,881,173,1181,430,212,127,246,351
"RBL2",35,305,825,222,793,139,88,509,204,325,130,234,157,111,464,854,225,985,550,166,225,170,278
"RBPJ",18,317,819,57,557,99,108,650,39,337,20,464,93,52,696,702,119,1615,336,64,125,57,639
"PADI4",22,597,1280,80,967,136,73,606,13,231,3,270,98,27,272,808,267,750,779,189,230,62,207
"GALNT6",20,34,201,1371,98,34,32,1766,771,104,611,83,25,504,96,1586,117,79,113,15,57,183,42
"ABCF1",80,176,332,705,311,190,83,287,519,250,249,255,414,194,696,417,363,307,557,654,254,468,179
"VNN3P",10,614,713,107,1206,97,88,1018,20,201,3,521,67,27,174,1040,198,998,247,31,116,37,405
"ANKRD44",20,315,1143,56,727,70,78,624,37,311,13,370,80,59,503,869,84,1476,355,40,162,58,484
"TUSC2",182,178,445,545,590,126,81,650,319,547,263,431,362,132,272,694,269,469,486,182,226,315,152
"SLC36A1",161,97,460,349,300,194,130,473,460,317,1135,230,288,181,331,600,276,475,372,361,198,329,175
"CMTR1",139,126,375,425,241,212,118,366,305,229,510,322,289,262,575,736,201,566,420,180,333,546,414
"MICAL3",137,110,313,522,345,197,87,391,446,391,1022,203,301,196,388,490,250,145,636,431,250,487,151
"NPEPPS",63,241,664,370,478,173,82,539,319,305,135,361,271,89,554,659,399,613,534,436,253,157,194
"APOL6",88,108,345,85,621,34,82,529,75,151,58,350,39,139,849,674,53,1647,98,62,407,603,789
"CTSA",12,153,687,97,570,243,46,825,64,358,31,353,293,95,451,494,331,860,465,447,184,624,203
"GAK",26,215,769,387,655,99,73,660,127,401,121,323,188,121,523,858,216,851,522,139,196,119,293
"MGAT4B",116,152,471,343,376,205,85,878,333,266,79,380,377,104,508,711,365,405,528,365,166,469,180
"HERC5",57,122,277,56,443,72,71,901,50,101,63,382,51,66,1021,1046,86,1017,27,120,831,181,815
"OAS2",72,122,262,46,456,66,64,778,186,127,114,474,30,102,965,991,50,412,57,107,931,458,979
"PAIP1",75,171,243,842,339,157,76,551,301,405,134,265,358,178,647,699,435,205,806,203,391,258,101
"PHF12",40,426,753,141,596,92,78,465,137,480,231,447,132,69,343,705,152,1200,428,130,110,163,521
"B4GALT1",17,343,644,109,732,76,71,541,173,434,150,492,115,105,337,674,172,1505,381,114,119,115,411
"TRAPPC3",134,130,418,502,333,199,140,416,348,462,608,330,387,167,452,521,368,312,585,238,293,306,180
"ABCC5",438,178,538,385,302,180,147,245,443,320,861,140,250,161,397,682,327,378,454,265,269,189,272
"AKAP9",76,191,305,337,312,150,57,341,565,244,1065,220,219,163,427,734,176,292,505,422,253,506,255
"ARL6IP5",76,247,800,76,669,185,91,549,151,402,241,424,183,64,523,629,200,1078,389,211,206,206,214
"PKN1",13,365,1262,90,766,81,76,586,94,455,35,392,104,99,459,782,143,954,388,77,135,84,357
"PKN2",31,401,694,176,440,122,64,493,200,356,383,517,212,64,416,686,141,1162,335,109,130,281,383
"ELOVL1",104,148,586,549,524,230,54,891,141,488,121,320,317,144,353,784,257,569,413,193,187,257,151
"WDR82",39,199,783,100,746,89,62,619,151,411,147,381,111,91,583,724,114,1356,341,129,124,127,352
"SLC19A1",19,175,953,88,912,98,74,813,9,450,2,566,90,16,397,798,173,1197,435,40,135,38,300
"NMI",76,209,620,156,548,156,101,668,77,380,86,413,98,58,491,924,170,862,225,106,187,661,505
"ESRG",168,36,97,126,63,183,50,1059,98,220,799,55,787,225,340,943,833,38,1293,141,101,91,29
"LILRA6",26,177,988,78,1186,127,133,635,16,484,4,429,56,57,779,742,73,691,565,18,164,102,241
"RPL7L1",144,188,336,375,418,156,74,298,449,470,1069,332,467,112,448,446,217,176,634,206,318,324,107
"ZNF777",105,135,285,619,424,300,133,484,349,375,199,513,429,115,503,563,278,166,814,257,207,398,112
"CLU",28,46,357,54,131,411,70,965,57,324,65,445,591,54,189,184,736,233,486,840,160,1213,117
"CANX",18,278,845,83,712,77,72,540,256,433,147,248,118,77,723,849,238,981,374,211,137,94,225
"SYF2",64,306,459,240,475,178,60,732,233,341,571,440,198,79,308,534,198,900,279,371,152,328,290
"PCNP",206,223,314,523,373,202,169,476,248,397,273,372,298,187,389,417,446,479,598,386,234,288,237
"ZNF185",67,103,563,155,420,190,119,567,150,357,265,283,278,156,551,536,288,767,434,649,170,492,172
"TIMP2",8,169,1000,73,1007,106,61,720,14,343,9,247,140,21,563,721,188,1186,434,62,218,85,342
"ZKSCAN8",64,68,149,235,152,148,42,212,567,145,3411,129,209,112,335,266,153,113,457,237,156,285,69
"CCRL2",265,98,262,387,330,230,108,581,257,388,802,467,407,161,224,492,281,286,469,342,183,431,259
"USP6NL",316,183,280,629,197,246,104,397,344,450,233,157,432,343,323,262,464,223,422,213,312,925,253
"EEF1B2",59,223,502,301,437,206,57,877,401,471,448,305,290,183,396,522,587,368,398,218,149,136,172
"FNBP1",11,308,779,82,741,111,53,617,100,306,36,489,93,80,585,896,137,1430,311,73,139,57,267
"SUN2",43,381,836,102,713,87,85,469,160,469,85,366,126,189,466,870,115,1007,307,104,137,132,437
"NIN",14,490,863,62,819,81,89,624,83,314,23,328,53,42,564,833,69,1351,348,63,168,109,295
"RNF24",17,360,933,77,776,92,99,455,56,228,31,276,129,93,597,963,121,1366,393,84,163,109,262
"RC3H2",130,144,392,465,421,188,86,359,451,191,704,217,264,116,447,486,377,311,530,409,280,556,150
"SNHG10",534,100,199,192,130,259,130,373,601,291,1763,330,269,183,233,177,370,66,474,423,101,325,148
"FAM131A",109,129,376,407,234,270,103,486,210,340,194,334,751,213,679,578,400,278,643,141,185,379,221
"PSMD6",258,297,392,330,325,212,137,407,335,447,382,317,269,214,433,545,350,358,357,332,292,398,270
"ATP2B1",21,236,576,40,586,55,54,424,54,417,163,554,99,76,344,436,90,2123,241,59,87,86,831
"TRPC4AP",40,278,912,189,611,92,63,601,138,297,168,440,116,70,423,789,163,1155,426,87,128,134,328
"CTSC",16,347,827,99,899,120,91,765,51,346,10,321,102,42,865,717,158,1000,340,57,186,98,190
"CLN8",197,97,272,290,203,95,83,318,729,200,930,546,399,95,353,243,279,125,760,790,198,378,66
"HADHB",151,152,445,310,367,208,111,438,286,373,574,263,392,168,479,546,382,512,526,249,236,271,206
"OGFR",35,201,873,87,679,99,60,767,95,358,43,472,59,36,553,855,113,1138,292,41,192,139,456
"CREB5",6,217,681,122,422,76,51,596,3,219,3,160,69,9,429,1280,99,2065,383,40,119,81,511
"TRIM69",984,68,203,59,346,46,75,295,512,133,47,103,51,101,228,235,65,356,99,37,107,3397,94
"ARID1A",36,326,752,145,674,129,74,561,197,230,226,206,112,76,599,993,108,841,443,270,164,193,285
"LRRC47",8,103,176,1536,507,326,431,125,153,389,17,173,420,194,182,209,98,305,959,212,695,370,52
"LPCAT1",4,210,1043,69,827,65,48,648,91,505,24,190,109,146,472,873,71,996,397,47,108,68,613
"SIGLEC5",15,209,1057,36,694,108,78,613,6,714,9,322,52,36,410,1152,76,870,455,52,135,107,417
"OASL",107,183,212,45,469,62,86,698,31,155,53,546,48,90,610,841,91,1282,84,38,527,310,1053
"IL16",33,177,1001,82,885,140,62,848,90,303,63,285,97,54,494,899,156,800,392,114,199,147,272
"VAV1",21,342,1197,106,706,100,67,623,87,406,21,361,58,36,520,775,173,973,395,48,164,71,340
"ARHGEF40",8,279,1014,144,468,133,114,571,9,318,5,542,72,16,515,928,153,1614,307,34,120,29,194
"RNF141",42,299,681,159,653,79,107,606,46,505,51,457,128,59,333,780,155,1249,328,69,143,94,563
"WTAP",111,208,594,152,526,99,119,464,188,422,714,531,159,88,412,529,228,855,384,174,126,195,308
"BAZ1A",23,379,534,63,532,90,102,601,57,352,29,458,60,32,677,979,139,1531,279,105,161,99,300
"CACUL1",43,318,623,119,546,150,74,460,165,372,354,529,183,64,280,529,198,1211,452,276,109,127,396
"IFIH1",334,87,224,102,380,108,123,529,576,129,301,254,113,205,511,571,83,580,94,100,395,1461,318
"KMT2C",45,315,472,254,602,102,62,369,277,245,183,263,181,101,522,872,188,646,500,507,185,291,390
"ADD3",53,466,927,70,574,151,94,563,149,356,59,312,100,110,489,668,187,954,417,121,204,196,350
"WDR48",144,190,233,329,283,215,120,365,418,290,863,336,534,156,316,402,245,259,551,438,202,534,141
"FNBP1L",142,27,322,91,61,30,119,871,371,272,465,705,1098,305,126,317,307,254,938,313,179,151,99
"VPS11",146,218,337,425,318,201,275,331,247,287,291,313,465,229,487,445,302,216,553,355,420,488,210
"MBD1",83,150,524,383,505,171,96,630,228,272,320,351,314,163,531,660,310,547,521,224,197,193,183
"TAF11",170,121,347,777,145,127,30,557,415,508,375,210,176,184,431,433,453,195,840,204,415,342,100
"PTTG1",333,62,219,274,96,208,343,598,318,299,339,192,272,341,338,179,429,183,431,1096,253,551,180
"NQO2",239,419,565,218,250,110,104,488,101,349,34,493,337,184,380,203,241,507,674,208,412,923,91
"UBAP2L",62,197,620,245,523,131,98,473,304,329,446,287,176,138,561,663,198,623,418,258,205,306,268
"PLEKHM2",51,179,492,557,412,108,73,425,204,302,86,453,146,139,630,758,385,761,503,171,246,250,189
"PLEKHM3",59,97,229,201,225,175,50,366,698,188,2152,243,428,119,282,368,156,315,402,91,90,479,106
"MED12",24,139,521,533,533,119,97,701,242,288,128,152,266,333,555,623,226,471,450,255,208,461,192
"PI4K2A",97,106,402,439,204,196,58,258,219,300,492,419,458,231,662,362,268,350,728,495,191,408,174
"STAM",153,102,203,198,179,152,87,318,342,220,1899,323,263,158,347,287,238,176,518,647,172,378,157
"NADSYN1",43,229,676,447,478,109,78,432,183,411,126,409,183,179,378,797,282,737,524,150,222,171,263
"CKAP4",27,477,732,24,478,173,89,384,75,619,20,508,53,68,260,341,186,1720,547,37,117,45,519
"ITGB1",76,236,505,189,227,219,72,512,366,307,446,225,299,229,437,569,275,343,426,587,200,562,187
"YTHDC1",78,232,634,162,498,153,75,496,186,329,671,387,165,111,360,648,187,697,442,336,119,256,272
"RAB3IP",208,203,386,493,339,186,159,744,123,389,75,504,483,144,188,419,292,215,461,513,381,395,171
"NEDD9",16,228,721,54,704,72,74,642,22,300,7,511,89,58,323,705,92,1756,222,29,118,65,656
"GTF2B",369,499,288,267,279,146,126,348,334,362,831,300,259,159,390,388,290,408,422,316,180,311,189
"NRIR",151,145,437,548,213,244,121,492,430,362,700,197,711,226,265,360,391,149,497,162,263,173,222
"YBX1P1",38,254,381,768,313,147,44,852,169,367,48,415,372,168,226,536,340,199,340,465,188,543,286
"PGM2L1",106,177,166,459,105,350,80,578,203,247,264,417,640,169,563,293,485,154,773,419,216,430,160
"MICAL1",20,461,1278,134,514,88,87,566,57,369,15,340,46,40,364,546,115,1463,365,49,173,68,294
"SUMO1",405,253,322,334,339,151,114,338,299,473,414,403,297,154,395,484,352,568,442,188,247,253,218
"TMC5",166,98,304,275,213,292,93,678,446,366,901,166,585,230,332,547,243,173,350,100,362,329,192
"IDS",93,206,414,210,486,245,72,503,360,414,478,333,185,65,566,777,377,733,355,215,103,120,128
"ETFA",213,149,272,314,172,337,72,447,399,426,429,176,376,178,414,626,622,254,448,277,114,501,220
"APMAP",18,555,766,65,605,212,83,534,33,452,3,245,85,88,518,663,307,843,675,108,242,73,258
"NSD1",58,282,446,444,450,147,85,324,459,340,205,314,252,91,533,645,285,698,454,268,206,277,165
"TMEM30A",16,229,790,40,898,113,65,695,48,285,37,442,73,61,525,671,98,1466,311,83,138,62,273
"AQP1",73,150,564,398,341,335,65,890,140,300,169,208,219,174,414,571,493,198,520,157,260,630,147
"PHLPP2",102,67,210,521,149,129,98,379,448,192,1245,145,291,174,317,284,242,153,797,588,181,617,87
"TBC1D15",189,169,367,266,355,156,135,366,469,278,1235,341,199,106,338,461,235,303,440,392,99,310,201
"LUCAT1",24,286,1240,131,649,60,69,536,7,419,3,454,58,42,242,1089,78,924,305,36,81,33,636
"PSMB6",249,213,236,344,224,330,162,224,379,336,434,239,364,195,518,445,551,207,474,378,287,429,182
"CIAO2A",376,217,316,572,396,176,107,377,362,401,351,286,309,129,408,486,401,276,429,167,248,422,186
"MMP9",23,402,618,47,723,230,128,573,5,391,2,372,68,30,301,640,394,761,1091,101,249,105,144
"RRAGB",229,138,184,431,389,175,227,307,302,322,229,170,359,295,697,435,336,114,538,708,358,312,142
"TRMT1L",174,132,348,474,202,190,139,397,363,339,410,285,441,217,389,462,368,234,470,365,299,527,168
"RNF175",295,140,315,268,309,91,116,529,84,296,280,271,896,103,560,496,395,295,824,205,281,135,205
"SELENOT",337,321,486,108,539,111,119,543,120,446,128,453,196,67,438,588,253,978,420,195,161,141,241
"TBPL1",234,167,301,373,227,326,109,426,176,326,420,407,441,133,309,316,722,222,473,422,316,340,202
"DEFA3",20,351,46,4,80,117,45,736,123,2,3,381,1,26,217,39,315,548,1792,2032,126,368,10
"PIH1D1",223,208,209,351,145,339,231,346,191,329,250,214,465,298,695,268,609,135,462,389,355,446,222
"MAVS",82,169,358,355,328,113,60,332,363,240,252,241,263,198,674,866,473,299,654,416,282,190,166
"KDM5A",58,211,557,122,505,124,97,506,159,284,605,383,152,130,442,836,115,601,439,296,183,276,291
"NFIL3",15,525,533,55,784,149,107,607,18,446,2,509,45,43,336,785,142,1438,309,30,130,55,304
"EIF2AK2",182,275,298,86,348,59,74,534,386,175,271,214,75,138,847,738,106,843,127,95,441,490,558
"CSGALNACT2",177,272,410,307,309,126,142,540,355,262,196,437,256,72,277,533,447,575,420,346,150,468,280
"DDX24",337,158,219,195,185,117,94,235,536,163,174,214,453,188,385,363,199,342,362,264,148,1867,159
"CLEC16A",48,82,384,638,229,204,75,687,291,305,200,248,251,311,352,675,312,339,560,255,320,289,300
"SNRK",57,345,565,82,491,64,98,478,75,367,44,604,137,55,317,572,81,1569,258,91,169,303,526
"NABP1",12,177,1313,186,343,37,64,385,24,379,156,295,46,43,371,1013,96,1282,368,18,121,59,555
"PARP12",155,147,293,129,287,62,64,411,746,180,412,261,86,154,300,571,58,794,135,90,347,1158,500
"DAPP1",16,157,915,72,744,107,62,861,27,210,25,290,113,34,647,773,170,911,293,127,278,160,340
"LMO2",113,148,730,256,596,203,56,832,177,242,75,253,250,87,586,678,257,478,425,141,251,302,188
"KCTD12",5,164,1472,57,1164,75,59,495,30,383,3,187,149,9,744,701,88,790,301,46,153,74,160
"ARID3B",76,229,393,351,397,190,132,417,127,198,160,401,159,322,512,413,249,602,454,626,217,492,189
"SLC30A1",183,174,397,120,218,115,95,364,609,267,1742,216,214,180,321,266,204,450,280,298,94,376,118
"PLBD1",13,312,572,34,621,135,78,560,18,479,0,308,75,18,816,643,210,1536,475,69,96,42,183
"RAPGEF1",13,346,815,82,581,63,49,449,115,508,46,461,57,77,384,477,86,1709,359,60,79,66,411
"DICER1",9,277,1243,77,693,69,63,636,55,258,15,279,70,23,443,1232,66,980,331,62,76,60,274
"NOP53",22,246,648,188,598,131,48,474,447,423,443,217,131,168,556,651,246,514,329,265,187,133,209
"HNRNPF",46,220,716,84,643,162,62,510,259,382,294,312,144,68,546,661,219,962,298,173,107,129,276
"MTMR14",70,157,581,127,581,147,91,489,200,340,491,420,182,75,416,634,155,854,497,171,121,157,304
"SNX19",62,120,341,431,333,185,82,476,426,336,582,335,182,115,463,512,374,374,680,214,280,242,114
"STRN4",66,172,913,159,501,109,68,601,130,412,55,326,192,93,407,736,205,876,459,192,111,163,313
"GNG2",29,470,809,47,724,145,149,395,41,555,14,373,65,131,368,807,124,759,298,50,172,113,619
"SFPQ",48,322,466,150,348,116,71,347,287,431,719,302,159,122,470,577,196,853,308,494,127,111,232
"DR1",200,166,539,231,493,142,187,622,133,300,157,305,324,144,448,470,291,765,449,293,238,162,195
"UBE2G2",91,139,303,396,293,114,113,346,469,378,423,167,378,264,424,603,336,306,623,263,327,323,173
"LEPROT",111,135,396,181,356,251,67,491,373,256,1047,247,289,171,469,463,196,631,375,125,127,376,118
"PTGS1",14,76,407,37,188,404,41,846,62,248,43,479,500,73,354,248,394,287,432,780,188,1042,105
"KMT2D",37,330,750,142,726,69,82,305,124,237,238,222,110,103,520,1055,72,619,509,220,136,168,468
"SLC15A3",13,316,805,53,732,55,44,651,27,574,12,441,63,41,398,641,115,1416,293,27,111,55,358
"TTPAL",80,84,408,393,225,210,67,406,398,338,557,299,321,175,378,409,368,394,757,137,212,484,141
"MAPKAPK3",12,262,1041,76,860,99,42,525,35,402,20,437,63,45,416,709,156,1171,311,59,132,60,302
"CDR2",219,119,107,161,50,366,202,303,375,144,1121,249,449,99,556,324,557,57,688,502,99,396,88
"LEPR",88,245,136,285,205,363,94,526,179,412,83,706,424,154,554,263,277,256,311,1033,295,151,187
"TRIM8",15,209,720,79,757,102,45,638,73,444,69,289,98,37,496,763,154,1192,527,67,90,49,314
"APOL2",25,138,646,133,719,79,67,805,58,331,84,308,49,59,456,872,103,1216,185,44,173,243,432
"SF3B2",14,254,741,117,682,84,53,581,135,295,72,370,69,76,539,824,131,1316,340,80,135,95,219
"TRAK1",33,79,421,664,330,75,58,770,113,331,267,79,327,176,260,928,478,448,636,202,121,269,141
"DNAJC5",70,234,745,151,697,73,70,456,94,392,44,412,102,73,447,562,181,1115,475,101,119,74,517
"DOCK11",24,292,706,92,617,81,86,629,69,270,122,343,164,55,499,802,107,1115,449,89,132,200,261
"RC3H1",51,273,492,155,386,101,59,450,203,292,643,369,217,93,500,697,159,701,585,266,154,110,248
"VBP1",453,247,267,495,271,231,117,264,292,341,153,218,407,274,434,350,465,168,562,356,334,288,211
"H1-10",131,183,360,181,443,196,75,554,304,430,386,1168,320,89,276,336,378,292,304,181,102,401,103
"SURF4",76,257,525,197,546,155,58,441,199,452,223,410,267,133,556,484,175,857,451,230,166,149,182
"ABI1",58,235,580,112,621,118,82,561,160,324,474,349,135,70,466,610,167,913,364,151,163,172,298
"CABIN1",13,211,860,105,474,88,43,771,61,351,9,508,67,24,550,782,125,1332,404,60,110,58,177
"AGTRAP",28,326,843,94,886,103,105,545,10,461,17,345,104,36,449,605,186,1067,349,56,191,95,279
"TBC1D1",12,266,907,85,864,98,55,635,97,319,21,316,83,41,575,844,120,914,429,42,179,57,219
"GK",26,290,624,77,778,75,126,606,14,248,7,402,69,21,555,700,84,1349,324,41,155,49,557
"TPI1",21,285,747,75,681,151,69,518,201,453,49,469,115,57,524,554,208,1064,363,158,132,117,162
"YWHAE",193,119,452,171,358,152,97,442,313,358,855,350,216,89,509,398,326,306,559,403,125,252,123
"PSEN1",36,216,627,97,653,124,60,514,90,318,227,327,187,54,584,697,149,918,406,153,175,171,367
"ATP5MJ",348,404,320,243,301,176,186,359,249,611,204,250,417,210,451,310,381,281,315,163,356,323,291
"PPIA",63,454,556,64,511,165,60,308,518,558,168,235,157,175,575,530,255,693,314,248,95,197,250
"ERCC1",110,98,271,645,268,207,104,631,87,430,68,259,408,351,347,446,371,265,752,224,280,341,185
"IFNAR1",57,221,772,143,776,154,73,549,109,303,170,294,121,30,573,773,207,862,324,143,171,112,207
"COX5B",586,206,453,226,431,159,116,358,181,395,77,330,158,185,420,443,395,710,425,223,213,259,186
"NHSL2",7,227,974,91,626,105,93,576,18,219,4,326,66,32,527,1055,100,1015,346,40,176,104,403
"CUL3",57,201,488,228,417,123,102,432,196,284,483,366,305,96,458,632,151,727,425,263,200,286,206
"PPP2R2A",250,153,357,183,296,133,114,490,255,336,604,416,350,150,339,391,169,437,395,337,157,613,196
"SLC25A42",145,146,247,355,351,212,76,479,427,263,266,669,387,55,235,400,302,161,626,712,229,263,113
"PPP1R11",58,142,530,388,553,159,68,607,123,387,142,322,194,91,459,679,293,694,451,102,176,301,188
"AKT1",7,225,901,83,605,53,66,627,41,469,15,488,64,51,402,802,111,1256,306,40,104,45,340
"VPS26B",18,282,542,191,275,226,40,234,66,183,30,838,634,273,581,330,846,360,247,650,117,58,75
"UFC1",139,146,300,409,249,213,89,485,498,349,750,79,205,249,418,431,458,171,413,132,284,281,336
"CLEC12A",50,70,1570,127,258,24,12,1038,28,132,7,16,139,30,692,160,241,1429,547,76,299,117,18
"MT-ND6",260,532,690,259,192,85,108,396,147,815,44,140,158,60,319,784,598,661,156,225,91,127,233
"SUMO3",315,121,316,307,198,158,175,471,266,257,221,179,335,228,539,340,706,237,340,448,295,440,181
"TMCC3",6,291,533,36,443,63,48,434,2,559,9,767,63,59,243,506,86,1966,190,25,97,33,609
"TACC1",8,244,832,105,901,65,63,527,75,274,59,313,105,94,514,827,118,1006,263,74,123,90,385
"CHSY1",12,478,456,30,722,42,60,276,23,448,22,523,47,55,358,581,84,1793,316,51,63,38,578
"PDE4B",17,648,392,28,501,50,75,420,27,381,14,654,53,58,255,563,35,1994,147,22,94,43,584
"NPIPB5",89,93,490,507,364,246,125,389,115,260,186,257,357,318,484,440,199,237,609,201,222,650,211
"HECTD1",55,247,283,424,301,141,70,394,400,247,383,320,307,137,533,506,275,319,570,432,234,293,174
"ZNF467",9,181,1061,97,390,64,96,707,13,376,1,361,91,8,524,738,199,1159,461,54,177,40,234
"CHMP1B",91,179,885,131,650,140,89,587,103,272,180,449,162,65,402,644,208,697,463,155,131,138,209
"TMEM248",47,179,424,548,406,149,67,480,239,298,311,270,323,93,386,513,281,620,617,183,223,219,150
"OSTF1",11,321,741,67,855,103,63,623,25,295,13,436,82,19,504,769,139,1181,296,71,145,65,193
"USF1",36,259,696,81,539,67,73,477,74,402,63,593,80,73,364,646,93,1236,275,51,146,109,581
"HK3",35,356,967,196,635,103,93,445,36,339,11,227,71,35,583,603,293,769,692,127,187,93,116
"CIC",20,216,627,81,629,61,74,433,88,479,84,340,83,57,446,580,108,1445,392,102,69,82,515
"APAF1",19,208,897,49,912,92,66,677,32,214,9,303,73,18,503,1243,90,782,368,64,139,81,155
"NMT1",66,140,411,385,343,153,50,421,369,311,387,254,313,230,410,560,423,266,462,205,382,312,139
"PFDN4",647,248,213,476,151,226,260,303,268,421,475,331,372,167,317,273,293,142,407,260,307,304,110
"FZD5",88,86,247,231,192,242,61,619,323,192,505,269,500,124,399,475,195,113,691,808,114,356,140
"RER1",97,189,603,347,443,164,68,476,117,380,208,304,329,120,396,647,334,590,521,95,214,151,170
"UBE2J2",92,147,448,304,410,169,108,474,221,364,183,409,300,120,507,578,313,487,571,218,226,167,146
"CCR5AS",211,113,262,557,401,156,99,383,271,287,483,73,352,141,346,208,278,162,1104,434,281,154,203
"POLR2L",356,74,305,549,396,188,116,226,250,482,92,226,148,182,500,386,641,141,616,367,259,292,166
"TM7SF2",115,158,337,518,409,252,121,713,123,216,57,266,530,81,394,539,360,133,616,372,266,232,150
"ZC3H3",93,146,334,362,380,167,59,352,177,312,139,333,396,262,475,508,296,411,521,237,260,556,182
"XPR1",92,132,291,403,250,231,77,549,331,239,599,545,398,67,247,433,338,300,445,342,137,369,138
"NFKBIZ",29,311,571,65,617,48,98,327,41,909,56,261,32,236,335,422,105,1587,442,46,73,76,258
"HACD4",27,282,860,64,636,158,93,675,21,367,9,315,120,36,370,925,182,906,303,91,135,194,173
"RNF145",93,302,595,144,579,112,61,480,125,261,75,372,244,75,467,608,260,676,363,468,181,171,229
"RFX3",66,174,314,533,252,225,111,593,231,415,505,247,359,161,252,497,332,323,305,156,371,297,219
"TMEM250",83,236,399,597,423,242,82,384,265,222,62,186,102,316,575,481,440,233,503,351,439,221,95
"DAP3",46,118,530,550,311,177,54,377,143,455,236,204,546,143,612,619,227,380,535,161,147,187,176
"N4BP2L2",92,254,599,189,578,108,87,520,198,273,652,296,137,93,296,730,134,567,388,122,120,148,346
"EWSR1",57,312,769,157,477,92,78,449,172,342,185,417,126,102,406,637,163,970,248,165,115,193,286
"NAA30",72,151,170,372,174,301,90,404,579,215,840,334,419,132,557,261,468,89,598,309,188,132,53
"JARID2",23,167,591,121,488,91,129,417,103,260,140,479,114,98,314,678,115,1487,254,145,117,138,436
"AGAP4",198,18,66,332,315,163,207,16,213,230,218,345,328,291,849,990,322,155,76,520,28,673,347
"ZNF207",81,262,484,126,417,116,99,368,258,332,814,294,148,95,333,530,182,638,455,250,185,151,282
"ZNF778",130,187,233,327,401,261,93,374,466,518,177,298,511,88,205,300,139,305,626,699,172,244,145
"RPL10A",57,322,644,108,492,145,67,394,549,573,344,201,89,154,513,511,281,544,305,141,122,142,190
"HM13",27,245,1006,111,806,77,73,508,143,289,61,407,107,57,466,603,150,938,347,67,140,65,192
"SET",18,289,658,46,562,90,46,543,199,375,91,362,120,73,450,688,151,1196,286,123,114,140,263
"HDAC7",11,249,824,98,603,52,68,703,61,282,17,364,60,36,501,768,131,1235,420,37,118,43,189
"ZZEF1",26,202,718,207,633,72,44,483,155,267,177,245,157,83,285,779,136,1035,418,165,141,193,248
"VPS26A",155,198,273,359,312,145,67,362,259,370,579,381,303,140,471,284,386,473,527,292,137,253,138
"CCT4",92,131,338,276,210,151,93,291,626,236,958,234,325,176,294,363,471,154,258,450,283,290,163
"DIPK2A",73,75,184,92,120,130,59,270,489,150,2817,225,142,73,221,215,204,143,432,476,48,147,78
"IRAG2",16,300,990,70,656,73,71,590,55,301,29,388,76,34,325,693,119,1141,278,37,152,75,394
"SLC38A2",41,276,880,72,454,84,149,411,148,336,223,369,107,78,431,485,140,1150,342,252,121,92,217
"SNX1",72,198,619,138,520,130,71,456,201,202,580,263,139,77,489,678,199,583,514,191,123,228,186
"ELF4",5,247,574,43,587,60,66,472,46,413,20,323,61,68,463,707,72,1676,243,70,129,60,451
"LRPAP1",26,273,617,287,503,148,81,541,113,401,57,331,194,97,500,573,278,876,390,164,151,96,158
"FAM204A",242,214,255,520,273,233,120,378,152,414,212,284,332,205,502,428,484,176,560,212,252,195,208
"SENP6",55,174,676,251,470,101,91,544,268,290,134,275,192,106,429,688,199,845,411,157,187,159,145
"PLEKHA3",132,160,313,674,312,143,95,221,395,338,116,168,194,158,515,382,605,271,357,676,193,279,144
"TP53INP1",40,394,897,84,546,43,81,580,188,216,280,456,121,27,261,609,129,958,356,63,84,93,334
"SLC15A4",15,172,494,55,359,43,61,665,15,380,8,485,89,52,378,649,121,1914,257,44,60,57,462
"RNASEH2C",263,69,246,478,293,162,189,247,282,296,137,133,135,303,491,303,584,229,987,385,271,171,173
"ROCK1",18,381,718,76,598,82,109,480,62,311,26,222,88,54,503,676,101,1352,324,60,145,66,374
"ATF7IP",31,200,561,171,440,104,83,436,332,230,694,282,182,88,366,679,118,801,360,174,115,278,99
"NUAK2",18,306,828,60,510,44,45,562,20,252,6,476,101,9,420,505,70,1663,304,29,92,54,441
"SRF",82,168,423,203,484,114,83,288,188,510,143,349,134,150,569,621,207,807,472,303,169,230,118
"BRWD3",26,212,665,211,543,138,52,573,219,283,189,329,187,105,386,673,135,682,272,227,221,211,274
"IL4R",24,444,635,60,544,90,116,430,139,336,34,168,31,64,446,415,180,1487,512,42,97,63,454
"LTA4H",23,267,653,74,802,144,27,463,113,245,317,285,125,35,584,559,207,892,444,178,83,122,169
"SEC22B",209,198,327,355,461,219,67,293,319,249,306,238,269,170,354,578,141,412,320,152,217,660,294
"PPP4R3A",49,237,529,149,587,69,47,606,244,303,404,334,139,89,411,665,129,766,374,193,129,146,202
"TLE4",110,203,744,134,590,136,174,514,94,211,106,352,122,46,492,624,137,792,289,170,251,141,367
"CRISPLD2",16,263,669,53,758,90,51,815,26,187,1,222,64,19,283,667,159,1410,423,28,195,141,249
"TRIOBP",16,304,850,82,716,81,63,564,35,345,35,329,55,55,383,707,129,1197,418,67,86,67,201
"RAB11A",39,176,580,83,565,123,75,634,84,355,135,382,203,60,425,623,234,977,319,160,129,197,223
"DHRS13",108,61,334,255,318,205,222,459,369,261,515,144,365,183,503,293,365,153,478,190,309,578,103
"NUFIP2",23,424,756,89,457,49,60,446,85,215,166,418,72,51,422,639,84,1383,301,97,92,86,355
"STUB1",100,123,200,385,261,120,113,408,350,301,113,404,264,224,492,466,515,196,464,569,403,212,87
"MAPRE1",24,282,552,51,590,96,54,381,102,550,61,483,83,118,352,520,140,1407,306,102,151,107,247
"LBH",49,156,420,342,165,246,129,421,548,330,451,305,205,297,328,453,183,483,280,423,185,131,228
"FAM193B",58,312,738,245,419,108,86,481,168,314,263,436,145,84,303,692,199,638,441,161,141,117,204
"AOAH",17,324,949,66,823,89,111,416,23,386,8,253,83,62,516,666,77,917,460,62,152,96,193
"DCP1B",84,63,178,406,125,164,109,470,290,243,668,149,450,282,545,491,329,109,748,165,180,380,121
"KLHDC8A",44,21,803,183,96,118,163,350,546,309,85,283,515,84,192,891,184,233,651,432,45,358,152
"GBP4",29,68,211,27,500,47,76,586,77,127,94,369,24,76,565,752,39,1186,77,52,287,768,695
"KMT2E",41,275,578,85,502,83,82,498,220,186,723,276,104,88,362,664,114,808,299,160,118,162,304
"PDXDC1",55,61,211,267,150,112,81,491,615,93,1141,112,331,61,490,378,294,162,887,111,161,366,101
"CCNG2",20,334,714,49,551,88,53,702,97,221,43,504,95,19,350,507,117,1560,235,47,103,65,256
"SH2D3C",21,271,1314,75,527,73,99,597,31,248,16,356,61,17,459,642,80,1013,317,23,109,62,314
"TK1",135,57,133,502,61,148,234,144,138,370,179,84,203,397,1036,284,496,151,526,612,289,211,334
"PELATON",15,348,827,105,564,38,50,413,21,609,0,391,49,31,334,804,81,1208,360,20,90,52,310
"SMAD2",102,222,462,355,360,216,106,514,264,186,175,297,208,85,371,665,373,446,376,338,199,224,174
"NSFL1C",42,207,693,245,442,102,68,557,127,345,136,416,204,81,396,704,187,671,359,179,170,162,215
"EZH1",58,156,634,143,291,110,64,342,269,285,1004,300,145,123,280,618,146,692,384,136,96,241,190
"FAM107B",7,341,554,39,430,200,64,473,104,450,50,557,57,63,334,538,247,1193,283,155,134,77,349
"S100A10",194,92,395,132,269,122,157,326,170,352,266,309,177,138,748,287,536,618,824,203,119,140,119
"TREML2",68,231,472,77,281,139,135,424,84,404,84,240,96,523,420,647,102,1045,359,96,144,256,366
"STXBP3",162,173,553,157,424,152,64,422,217,274,491,429,176,97,336,508,174,616,388,243,136,267,229
"HBS1L",125,153,194,360,199,151,64,404,305,311,605,336,317,82,312,462,307,167,515,537,183,427,171
"RAB21",36,205,436,162,479,105,55,517,160,290,352,564,183,59,374,517,155,934,443,184,101,140,233
"UNC119",9,258,1005,84,630,52,63,591,19,369,15,550,77,43,354,641,97,1125,275,31,111,30,255
"PSMB4",72,258,493,124,494,80,82,490,177,451,234,483,148,84,394,460,206,1020,256,141,109,156,249
"TDP2",124,199,418,76,380,116,70,491,263,301,758,305,178,29,358,578,207,761,304,233,92,195,225
"SCAF1",57,101,548,322,436,117,71,406,185,297,150,349,251,112,550,635,201,559,523,245,179,194,166
"ARRB1",23,184,672,205,613,64,63,646,31,279,21,214,249,46,386,886,152,657,768,108,89,150,138
"MAFG",81,125,335,271,245,122,55,436,370,276,705,353,250,89,384,374,194,359,556,573,109,291,91
"COL18A1",52,248,1155,96,490,56,71,515,29,548,47,463,107,36,226,689,133,895,154,27,106,60,422
"SF3B5",89,108,352,283,354,161,95,416,189,490,306,277,356,201,384,556,313,430,488,238,187,98,253
"MICALL2",336,232,741,164,380,121,299,122,327,61,70,599,393,135,152,523,373,102,548,325,43,453,107
"PSMD13",146,156,374,448,426,92,107,347,108,461,173,286,260,133,411,503,561,623,411,82,182,153,153
"TBC1D22A",54,124,393,389,370,156,92,473,87,293,109,294,303,178,438,597,374,565,413,178,285,226,200
"UBXN2B",26,372,709,59,651,117,66,645,15,307,22,261,72,29,509,664,173,1022,320,47,168,45,291
"USP25",87,201,488,204,469,121,101,514,203,268,77,281,153,93,459,511,213,739,291,158,308,350,289
"CEACAM3",31,195,849,156,758,54,89,551,8,382,4,344,40,19,403,751,124,926,392,61,129,72,234
"KLF3-AS1",135,61,233,159,177,110,36,326,622,202,1692,228,258,96,213,248,416,108,524,304,73,297,52
"ABR",6,360,895,71,637,59,68,529,39,336,11,270,72,42,418,729,93,1203,317,38,111,49,216
"ARF3",8,214,753,61,698,89,47,523,29,300,10,291,114,28,448,635,100,1293,382,110,99,118,211
"ELL",16,294,525,141,530,81,44,414,84,368,136,463,97,47,304,665,111,1331,338,117,95,110,247
"RCOR1",18,241,522,114,537,111,79,518,75,203,69,370,196,58,382,496,172,1017,391,441,146,144,258
"VAMP2",61,291,510,145,456,110,49,388,171,296,96,558,155,74,229,630,171,1172,344,94,117,148,287
"SMDT1",240,87,325,376,393,198,95,450,388,246,540,192,268,145,402,500,352,149,439,108,305,144,202
"C14orf119",934,125,206,207,218,221,130,355,279,302,493,167,344,101,249,285,329,156,265,440,177,402,145
"NPTN",21,214,630,127,613,130,71,606,51,265,56,369,195,60,388,577,244,858,336,186,162,167,199
"SEL1L",30,211,720,41,679,77,77,529,112,226,131,267,118,44,529,781,118,937,307,108,114,100,267
"EIF2D",95,94,232,478,201,209,146,593,192,257,99,192,242,295,493,461,447,180,642,258,366,158,185
"AMBRA1",98,56,267,203,203,173,76,471,305,171,1130,399,270,136,305,312,196,211,500,451,98,400,79
"TMED10",140,179,405,235,386,138,106,359,346,256,181,203,220,183,510,406,295,450,415,442,287,174,194
"POLR3E",47,132,362,516,400,166,72,268,194,250,154,285,477,116,463,524,290,209,690,314,267,152,161
"C11orf21",46,250,1270,525,556,144,66,419,108,261,26,280,71,111,189,492,128,499,507,61,152,138,199
"ATXN7L3",68,232,538,74,525,83,96,352,104,379,99,433,128,82,381,529,151,1103,357,262,109,123,282
"HIGD1A",787,230,162,355,200,225,161,167,239,277,169,262,336,196,332,208,487,175,332,265,258,391,276
"BCAP31",54,198,546,114,451,111,51,514,224,485,244,414,118,68,398,557,197,773,332,133,202,134,170
"MEF2D",14,463,587,91,558,41,65,318,91,273,104,448,80,101,335,657,82,1273,321,110,88,67,321
"SNX10",36,289,629,68,535,95,130,663,18,335,7,393,88,12,459,668,97,1117,265,41,160,66,314
"NOP10",40,352,642,80,645,95,74,515,41,571,44,630,87,42,288,487,155,894,254,53,134,56,305
"PCMT1",250,219,294,342,309,158,148,320,161,320,114,236,364,126,435,343,423,289,535,464,160,301,168
"KCNAB2",4,288,985,70,734,78,43,562,54,374,23,276,81,68,395,669,140,713,451,79,119,49,220
"NEK9",77,159,288,356,261,193,50,310,293,211,257,267,280,115,645,427,295,321,617,393,224,286,148
"ANKRD11",26,202,584,293,405,76,78,418,181,282,164,285,160,109,444,699,158,730,483,131,149,195,220
"ANXA5",21,243,803,31,417,73,47,277,99,416,19,288,99,63,760,489,137,1359,202,48,228,68,284
"JCHAIN",43,750,342,11,513,120,68,49,2168,94,147,50,17,93,601,217,81,162,370,26,111,145,288
"DEK",16,232,455,121,479,89,72,483,76,334,94,337,90,130,554,639,207,1082,355,153,148,115,203
"BTN3A2",33,192,428,69,731,107,111,599,107,289,30,405,129,63,521,498,89,1015,243,86,154,357,198
"ANAPC2",104,139,291,337,234,162,68,198,406,329,187,248,172,183,524,435,387,272,448,611,271,258,186
"ARSA",30,153,697,215,556,70,108,628,104,316,54,483,111,92,369,606,144,800,302,123,158,99,232
"TRIM38",50,156,436,98,363,68,73,365,294,234,393,300,161,125,329,581,100,919,179,78,155,521,467
"ARID4B",62,236,501,116,433,86,83,493,178,222,449,284,109,107,336,667,131,738,348,208,137,220,299
"ZNF598",61,122,238,476,296,99,84,369,269,285,103,278,261,236,599,643,294,215,566,345,342,178,83
"ZC3H15",187,251,250,260,216,211,90,277,247,354,662,259,275,136,350,408,356,303,372,291,178,307,198
"H2AZ2",52,232,402,285,373,149,52,389,229,346,368,330,258,98,335,449,254,455,402,297,191,243,242
"RAB27A",9,323,874,57,685,96,65,421,34,276,8,370,53,35,411,495,186,1114,373,93,175,81,191
"RB1",71,198,262,215,263,187,113,427,251,183,456,298,401,97,424,449,313,323,527,406,169,198,188
"SLC25A3",41,334,663,83,496,104,51,455,146,453,97,375,114,96,373,549,186,847,321,141,99,86,304
"KAT6A",37,266,691,65,551,62,83,464,193,138,364,230,118,54,459,763,99,818,344,169,94,124,219
"ICAM3",11,242,752,52,751,101,40,597,18,374,6,438,46,18,356,639,157,1131,305,58,85,50,161
"MIR223HG",8,144,1179,56,730,75,49,589,14,363,12,380,68,18,321,473,158,984,263,83,132,47,242
"PRRC2C",16,302,541,186,468,52,71,393,164,262,247,260,96,141,382,815,94,793,297,162,128,189,329
"TLR6",6,117,851,57,964,60,33,729,13,243,10,338,66,14,200,1006,99,890,313,41,131,48,154
"DIP2A",176,286,308,482,298,219,50,323,237,269,89,197,237,204,460,393,311,217,420,338,244,366,256
"HSPA13",261,147,151,161,165,151,237,232,306,210,1211,267,176,131,307,260,207,379,258,737,79,238,108
"IFI44L",305,131,88,59,203,31,56,442,523,53,323,157,26,135,577,806,22,412,24,37,543,614,812
"RBM23",29,238,725,58,574,78,68,404,54,334,112,342,72,55,383,545,77,1204,307,60,116,80,463
"INTS1",47,160,501,340,331,125,44,405,192,344,128,269,193,156,478,600,251,447,422,291,185,321,145
"JAK2",54,207,513,125,535,134,46,389,152,231,496,252,127,125,669,515,216,493,315,153,185,250,192
"TEX261",56,87,330,458,296,158,53,375,175,275,206,175,505,278,501,508,315,328,549,79,289,260,114
"H3C10",198,124,237,213,179,218,129,392,399,145,447,325,601,122,266,323,310,112,267,514,186,498,162
"FKBP4",47,69,125,77,61,79,42,193,1472,91,2472,300,89,43,127,249,98,33,88,329,110,99,67
"BCLAF1",16,366,600,87,490,69,59,426,119,344,206,419,87,93,363,517,71,1142,299,136,55,84,305
"XKR8",19,303,489,42,432,59,63,553,6,423,5,708,66,31,266,478,101,1642,237,18,54,25,333
"NORAD",19,308,584,47,280,154,62,543,116,262,179,383,194,56,324,474,170,718,265,384,100,503,219
"CRIPT",514,175,219,221,185,224,164,277,294,342,687,201,342,146,300,270,289,212,290,168,209,403,206
"C5AR2",7,159,805,56,689,58,45,668,19,330,41,456,63,12,330,630,96,1155,284,30,85,28,289
"NXF1",39,335,607,125,558,82,72,347,120,366,346,360,81,90,284,716,129,726,420,179,84,73,196
"GSK3B",32,209,559,149,645,121,77,634,107,250,137,291,119,64,389,583,197,920,271,133,139,123,177
"AHCTF1",9,262,739,72,587,61,84,507,45,213,18,233,76,29,390,985,81,1155,256,57,98,45,316
"GPAA1",48,97,147,554,176,179,149,418,198,277,101,191,197,343,232,439,440,275,763,602,356,43,78
"PPP4R2",57,226,329,237,354,135,54,389,131,327,342,463,198,87,332,409,243,770,446,234,151,171,217
"PGAM1",10,191,732,15,770,111,50,447,87,466,23,323,98,39,426,498,198,934,359,90,143,85,206
"WBP1L",29,161,578,132,498,104,59,467,135,304,521,238,113,64,432,533,177,820,375,105,108,142,202
"ARF5",71,175,551,151,477,104,93,446,123,392,36,400,128,94,345,537,311,957,352,127,145,91,190
"SEC61A1",36,218,546,246,499,115,64,385,322,331,123,198,144,173,432,553,221,498,466,107,232,224,159
"SAMD4B",60,141,373,273,399,93,61,381,246,301,421,319,276,157,375,510,188,438,378,156,170,250,321
"DLST",104,217,316,218,231,127,97,298,238,259,423,252,294,178,411,453,275,431,332,272,210,400,250
"PNISR",35,422,691,136,395,71,60,443,127,283,309,350,58,60,248,710,108,821,320,119,82,102,335
"AUH",240,147,194,410,238,223,166,296,264,259,302,296,418,96,357,310,253,180,494,418,272,313,137
"BBC3",98,69,433,124,384,125,97,548,303,168,824,389,184,76,286,370,272,296,513,293,55,235,122
"EEF1D",84,221,296,398,406,154,58,642,337,228,64,374,287,190,323,318,390,209,281,324,266,282,127
"GOLGA3",47,108,212,277,243,176,108,178,176,189,1221,184,116,37,521,1094,118,210,454,140,63,313,68
"SMG1",42,279,451,146,589,116,77,347,167,245,227,222,127,112,379,696,133,574,384,296,140,214,289
"SELENOF",230,223,580,86,536,112,101,447,90,373,107,317,108,55,447,486,199,885,352,97,120,104,179
"PSME3IP1",69,158,486,241,396,122,92,566,140,317,113,240,227,107,349,550,294,585,366,88,218,186,319
"HACD1",182,52,128,299,54,144,56,177,347,253,1535,140,300,274,191,261,466,46,389,454,115,276,89
"RAB3D",12,137,936,45,690,70,45,578,16,210,3,283,104,14,523,680,101,1060,295,46,100,27,245
"HLA-DPA1",0,272,760,94,677,72,57,222,349,389,147,152,116,74,655,663,44,933,205,31,70,74,163
"PIGS",79,127,397,382,303,204,81,264,308,259,248,156,177,162,494,526,322,431,419,306,250,171,147
"LSM10",175,215,425,275,492,196,67,479,126,414,56,396,270,98,276,532,327,415,318,151,173,112,207
"PRR13",25,246,635,117,589,72,73,578,26,407,38,392,57,49,329,604,156,921,362,37,100,68,311
"HELZ",62,152,289,269,243,130,71,268,390,204,922,210,302,96,343,436,154,293,421,252,157,397,130
"TMF1",54,187,332,357,348,129,87,420,194,247,419,251,174,104,373,538,202,431,515,268,213,143,201
"CHFR",23,158,519,281,443,158,107,343,100,287,359,243,184,70,394,651,163,642,411,109,139,210,188
"ARHGDIA",12,268,553,45,522,75,49,367,130,598,39,423,60,74,353,565,124,1138,364,82,70,56,214
"FUCA1",98,160,497,418,423,241,113,324,25,62,468,213,610,147,44,248,327,271,559,630,140,25,131
"GADD45B",18,317,558,77,304,32,91,369,14,479,8,412,50,73,327,359,88,1757,236,37,138,47,382
"TBL1X",11,188,846,42,806,90,32,468,16,205,5,237,88,26,399,601,119,1285,263,40,105,33,268
"BST1",11,314,869,53,830,134,105,512,28,275,6,97,79,9,303,589,139,927,428,52,166,84,162
"SERPINI1",425,135,68,294,75,270,135,252,124,162,238,417,282,254,183,139,477,126,493,1063,185,292,82
"SOCS3",9,781,623,107,890,51,82,459,18,64,3,147,26,20,747,499,112,825,375,37,90,26,165
"CAMKK2",8,234,774,71,673,71,52,493,33,232,19,196,71,15,412,635,122,1229,301,79,138,53,238
"ZSWIM8",75,145,666,202,459,106,69,397,192,219,266,305,112,103,407,712,123,577,345,178,115,192,184
"ACAP1",29,403,770,99,434,109,68,454,74,380,33,320,42,65,402,476,175,904,433,46,143,50,239
"TAOK3",31,127,481,132,389,121,74,411,230,273,412,286,250,115,390,521,152,667,353,185,114,248,179
"DGLUCY",24,189,1058,91,536,86,77,628,21,263,14,328,55,26,266,791,73,906,255,29,74,127,221
"CELF1",56,217,615,144,364,74,58,380,212,182,280,351,108,70,428,521,154,822,453,232,96,151,169
"PPIF",4,109,436,46,439,29,33,480,27,437,16,312,60,46,355,699,65,1950,224,46,33,32,256
"DDHD2",69,73,206,674,135,101,185,381,91,298,99,141,271,230,380,324,531,144,723,582,235,147,107
"PPP1R3B",16,157,706,66,603,61,65,470,86,197,163,209,96,42,467,473,171,1176,379,38,127,148,210
"TTL",44,118,311,404,379,139,31,467,373,292,202,265,292,72,418,601,371,132,364,181,136,417,114
"COG4",60,96,292,541,231,172,67,311,129,376,180,174,298,186,393,542,239,223,905,192,156,194,165
"TSR3",57,136,233,435,371,116,53,343,117,364,132,412,362,166,357,451,575,250,376,153,302,234,127
"RHBDD1",81,102,236,407,250,138,61,457,337,338,324,277,406,126,247,422,212,221,575,265,172,337,130
"RHOT2",27,190,567,219,358,115,52,366,100,333,86,396,128,172,339,523,263,803,400,135,172,84,289
"MMADHC",274,124,326,216,284,181,88,396,280,300,584,240,204,120,342,377,264,343,301,275,146,292,154
"ADIPOR2",74,135,367,144,373,154,76,407,287,236,474,288,283,136,308,475,268,458,391,215,114,227,219
"ASB7",119,192,199,204,239,134,89,249,169,167,547,275,349,99,464,282,197,230,684,731,171,194,125
"DAZAP1",67,127,332,463,322,98,51,428,219,337,133,198,228,206,364,437,435,439,419,122,268,194,202
"MDH2",112,106,347,344,250,141,79,418,216,417,173,244,269,210,411,395,388,296,455,136,328,181,173
"CAVIN2",11,64,405,27,121,247,53,898,41,173,45,650,396,84,162,202,389,284,256,726,140,573,135
"PARP10",76,147,413,134,516,55,40,577,121,184,114,252,39,83,675,808,83,831,160,44,328,172,230
"GRAMD1A",14,311,764,108,527,82,83,510,49,321,20,260,72,20,421,551,136,938,407,61,121,55,249
"LZTFL1",144,165,87,264,113,235,150,211,217,193,332,386,306,150,495,275,346,95,546,633,160,241,334
"LMAN2",28,210,654,97,647,81,65,509,141,299,67,319,94,58,462,548,151,833,364,69,120,85,174
"PPP1R12A",22,290,672,85,557,81,72,540,69,227,86,265,85,58,434,655,100,832,326,109,149,112,248
"SAFB",70,156,591,183,404,88,51,481,192,265,256,388,152,60,410,530,128,636,303,279,109,171,171
"LAPTM4A",89,287,555,90,595,75,65,452,73,369,81,371,62,65,398,440,133,1109,270,92,97,81,221
"TAP2",29,140,670,98,520,40,54,550,48,232,27,460,49,63,429,676,50,1164,136,41,131,119,341
"NDUFB10",197,189,246,338,291,151,114,346,353,352,82,300,272,200,295,423,274,208,338,339,324,268,165
"KDELR2",58,137,306,422,291,212,75,435,168,374,81,287,510,185,324,302,318,263,471,301,234,137,173
"TMA7",161,103,326,423,300,192,143,406,222,341,96,357,283,262,288,239,485,204,333,258,268,186,185
"SLC12A7",133,155,587,230,496,256,47,92,250,265,298,54,258,215,440,508,84,213,697,333,125,155,168
"HNRNPH1",87,478,640,108,428,58,63,304,151,357,328,251,48,113,284,626,126,642,289,164,77,104,330
"LIPA",85,163,315,180,326,257,68,433,642,244,210,179,207,190,326,430,261,251,323,137,191,407,231
"GCDH",159,75,302,438,262,230,168,245,172,471,250,239,282,209,425,342,216,164,446,261,258,286,147
"C1orf122",154,141,290,367,304,185,125,383,227,316,199,291,260,183,368,485,280,222,428,202,255,173,206
"TLK2",72,123,249,268,267,127,94,426,303,210,663,296,289,91,372,480,173,371,489,200,138,222,120
"TCF25",109,194,507,283,375,115,102,339,120,327,102,313,116,113,399,498,206,559,428,260,188,129,259
"UBE2K",104,146,298,374,247,129,106,341,232,313,326,271,297,97,437,408,291,290,453,223,153,357,148
"TUBGCP2",96,171,429,353,310,144,96,292,122,319,93,311,180,208,375,469,214,446,333,287,295,276,218
"NANS",51,95,230,445,264,155,63,375,148,394,135,497,288,254,319,321,354,265,560,253,161,261,143
"TECPR2",31,196,655,90,674,38,82,595,35,234,23,233,90,33,399,729,84,945,337,59,149,122,194
"FCHO2",153,155,438,142,291,109,80,425,302,271,705,346,183,121,251,429,177,472,301,261,92,203,107
"MBD2",15,366,642,67,582,81,48,533,68,322,22,356,51,31,379,484,158,1059,306,46,105,65,221
"NCEH1",183,88,161,289,139,175,49,375,241,210,1085,191,329,118,226,233,230,70,463,580,152,324,84
"GANAB",29,203,690,97,476,69,30,420,233,292,140,248,124,108,485,620,151,756,322,93,104,122,179
"LYSMD3",125,144,245,260,170,98,145,297,337,238,428,333,372,67,363,389,270,270,359,354,124,325,266
"PRAM1",16,208,906,84,699,77,68,538,17,223,10,256,50,11,319,646,160,972,359,53,73,63,171
"TNXB",86,108,417,294,169,197,60,247,211,556,344,234,281,170,512,547,138,215,547,233,129,180,102
"EIF2S3",19,162,592,88,538,77,46,484,186,277,243,212,142,59,399,636,165,816,301,94,116,121,203
"ARID4A",40,189,425,175,334,109,66,352,199,192,354,328,187,73,352,468,170,645,386,362,112,205,236
"TMEM167B",26,221,400,93,467,73,46,401,124,377,314,423,150,58,279,384,138,1138,281,93,93,90,290
"P4HB",23,281,569,86,522,72,42,397,224,266,71,166,96,93,488,517,292,802,379,156,118,99,195
"TMEM43",14,190,799,48,581,89,67,508,28,230,36,390,88,26,500,612,104,878,295,46,141,71,211
"MAP3K1",5,205,505,23,374,75,69,333,44,124,20,234,84,30,440,591,41,1749,274,48,118,45,518
"CLC",47,487,779,262,410,100,62,153,9,245,4,531,55,10,887,290,130,840,261,23,282,28,51
"COP1",16,193,612,32,628,73,62,560,15,306,11,356,53,33,408,668,135,976,261,45,144,50,309
"GIGYF1",42,274,795,118,540,50,73,385,106,253,201,365,49,73,282,611,61,877,342,75,50,50,266
"CLASP1",40,119,323,336,267,102,38,281,292,294,429,256,221,103,393,414,254,351,541,328,175,219,151
"KLHL12",68,144,372,603,362,112,70,322,157,376,199,183,299,184,265,450,310,359,310,133,162,316,171
"BLOC1S2",231,220,366,545,471,93,125,387,172,316,96,240,132,111,341,365,286,461,384,153,220,67,140
"A4GALT",1,4,34,586,803,513,15,47,27,17,11,556,0,169,654,23,19,8,1349,495,10,573,5
"IER5",53,182,396,65,590,72,74,313,69,390,318,221,77,100,379,544,136,1145,265,200,86,71,171
"SOS2",28,349,765,47,621,89,74,453,23,236,10,204,63,44,382,699,116,880,413,48,108,44,221
"HNRNPA0",31,348,512,66,529,65,42,401,126,378,95,408,53,84,335,529,159,973,284,123,81,52,229
"GPKOW",82,130,428,326,318,194,62,320,174,292,214,197,300,195,294,452,277,281,320,175,245,366,258
"ASB8",114,131,333,192,236,162,89,343,206,264,524,302,231,105,341,427,182,379,419,290,178,260,190
"C5",20,34,198,215,128,110,26,469,624,172,1681,150,257,87,199,257,465,54,108,146,45,388,65
"DEF6",10,268,833,102,591,58,46,513,70,200,16,318,77,35,259,818,95,738,266,23,131,45,380
"RETREG3",63,105,285,211,230,98,51,307,348,280,1085,174,242,77,295,389,142,331,543,162,164,172,138
"TNFAIP3",24,459,277,18,276,26,61,179,45,726,25,282,40,375,212,264,26,1808,172,19,75,64,437
"TMC6",5,354,949,86,512,68,32,410,162,317,51,179,28,91,272,700,66,622,354,76,78,59,417
"PML",56,114,282,100,335,33,52,397,115,205,158,280,47,82,469,569,84,1205,151,67,231,211,630
"STX4",63,186,396,235,322,110,158,375,152,214,263,412,270,91,317,434,105,470,391,197,172,311,226
"KIAA0319L",57,137,591,285,373,105,72,469,71,181,106,161,136,118,445,699,219,493,403,132,225,243,143
"RAB2A",27,192,597,41,597,82,45,543,43,332,40,397,69,40,371,455,138,1064,318,33,138,68,226
"ZNF516",13,402,811,82,534,56,71,431,3,195,6,309,70,5,269,633,124,1108,307,31,136,37,202
"FOSB",6,120,511,13,884,148,18,223,20,270,25,313,26,41,107,765,303,722,1100,161,5,23,30
"NCSTN",16,274,737,50,608,50,55,435,41,265,75,280,96,42,391,606,104,987,293,36,127,68,198
"RPS6KA3",7,291,648,66,540,108,67,550,69,250,12,310,59,21,362,589,117,1104,285,48,86,39,201
"SNX5",153,129,291,249,309,147,82,290,409,202,919,213,199,121,274,354,290,159,310,295,151,156,127
"HCFC1",75,97,304,230,184,130,35,226,595,240,528,165,217,262,485,340,134,182,431,325,143,383,115
"SCAP",18,170,919,85,652,90,47,612,41,226,13,328,85,18,344,799,95,664,304,50,99,31,129
"LMBRD1",15,220,671,38,611,113,73,552,34,273,44,292,60,31,375,711,120,903,244,30,117,65,219
"UGGT1",47,186,447,197,318,130,32,324,171,242,420,224,145,81,345,551,151,484,448,313,83,317,155
"EMB",12,389,521,41,336,94,54,399,67,349,22,171,83,41,475,478,290,1015,402,225,122,56,163
"TOR1B",66,143,302,130,256,115,65,489,126,155,349,297,198,89,483,443,172,511,322,233,238,146,470
"DYNC1LI1",34,185,702,78,570,123,55,540,101,201,130,337,93,49,403,619,167,702,239,134,132,93,107
"TM9SF3",82,140,438,197,405,105,66,359,151,276,431,271,145,87,366,493,189,582,470,106,110,166,159
"METRNL",15,119,383,56,351,52,33,193,20,613,12,541,42,168,186,165,70,2088,173,14,50,6,441
"PLXDC2",18,132,698,30,518,149,67,407,15,238,8,271,69,21,400,804,134,1005,347,43,156,76,181
"CTSL",164,56,154,140,91,119,101,488,364,215,1011,342,223,136,309,301,360,99,317,255,116,300,125
"NOSIP",184,162,364,290,350,187,110,335,164,337,160,288,259,174,321,391,269,359,301,254,188,185,150
"DMWD",201,39,85,369,128,99,138,353,438,147,222,125,128,249,661,333,548,58,432,354,314,261,93
"TFEB",14,195,692,81,536,76,56,655,52,347,9,280,53,19,408,604,101,948,221,39,98,50,240
"WSB1",29,226,708,85,583,64,120,438,53,221,55,223,43,49,369,710,100,641,332,68,197,76,381
"RBM25",13,320,804,90,411,31,69,324,97,230,72,348,49,50,238,786,74,901,306,70,81,42,363
"PPP6R2",74,126,374,425,318,136,69,301,166,227,112,161,242,199,486,406,223,382,581,227,183,199,150
"FBXL20",101,142,289,143,279,125,64,341,271,162,847,317,248,82,251,440,196,373,388,258,118,220,109
"IQGAP2",11,323,333,27,397,131,42,444,40,301,23,225,99,48,454,807,106,1140,194,102,89,133,293
"HLA-DRB1",2,259,1227,48,462,61,47,166,271,582,54,164,100,84,512,384,99,653,268,39,62,67,143
"DRAM2",319,234,183,226,146,194,128,491,158,324,342,241,479,105,260,264,355,240,305,74,219,268,197
"GLRX",35,199,749,70,658,67,80,750,49,156,21,212,66,17,503,590,137,530,245,71,245,128,170
"TSPYL1",58,96,286,269,266,120,34,352,385,231,710,513,250,72,246,272,226,372,364,174,96,206,146
"FBXO33",78,251,278,106,279,93,67,256,258,218,777,322,104,91,241,273,132,780,475,223,82,195,158
"RBM3",98,298,389,149,365,107,51,288,124,490,112,280,232,164,265,408,196,721,380,80,169,156,214
"SIRPB2",6,152,975,61,652,46,81,542,14,158,3,264,63,11,357,595,84,971,342,25,138,27,167
"CCM2",13,169,784,98,502,97,59,547,35,242,9,303,99,35,413,756,117,617,352,57,117,72,231
"PCNX1",18,394,709,51,611,93,56,379,40,167,12,236,77,30,270,598,84,949,377,49,109,72,336
"FES",16,168,846,114,558,86,47,455,54,231,32,191,58,45,540,652,132,653,333,91,127,103,182
"CTIF",45,52,337,342,235,122,27,486,436,266,113,325,249,36,380,763,406,155,324,252,88,211,61
"DPH3",213,155,234,292,291,160,76,366,315,366,427,162,273,126,371,358,291,247,304,139,182,210,152
"RNPS1",58,168,420,255,282,39,50,373,260,310,231,213,168,171,501,218,231,518,434,339,144,211,116
"PSME2",258,139,280,97,343,80,92,305,197,286,44,330,91,166,347,423,136,696,125,92,158,662,359
"FOLR3",6,50,1163,10,151,58,8,72,2,1578,4,48,59,4,534,101,51,87,1419,20,174,90,10
"PMAIP1",85,46,510,71,292,42,37,348,354,140,1637,257,103,64,272,464,51,450,225,48,60,60,76
"UBXN4",43,243,571,105,452,72,70,420,98,290,112,292,42,52,350,576,129,888,267,101,112,86,320
"CUX1",106,154,433,236,349,143,110,369,145,332,60,258,153,79,366,501,158,488,434,258,151,260,144
"SLK",18,206,519,106,498,74,54,404,55,170,26,399,100,34,413,559,77,1041,314,104,150,94,271
"BTN2A1",15,125,700,89,441,38,59,561,46,191,41,279,64,38,422,807,60,943,246,29,130,94,263
"MMD",180,63,333,165,56,199,80,350,71,226,58,299,421,289,204,304,308,185,279,581,105,757,167
"PSMB3",38,181,521,85,573,116,56,499,41,513,31,366,70,32,353,464,166,1024,232,43,75,41,160
"RLIG1",175,96,170,481,323,164,99,378,87,301,150,280,404,157,251,432,264,279,485,281,147,134,141
"EFCAB14",29,119,487,237,432,99,21,368,167,215,249,215,161,86,459,420,131,711,458,111,132,205,159
"ZBTB18",15,201,752,101,361,39,43,310,30,273,18,429,68,42,405,386,55,1237,185,55,123,48,490
"CPQ",10,213,730,48,612,44,38,449,12,219,0,353,80,21,388,456,73,1240,300,57,83,56,169
"RAB35",23,156,523,125,446,93,70,470,81,288,116,370,103,69,370,547,132,853,325,95,126,82,181
"UBR5",32,188,373,171,289,109,70,331,291,206,534,212,126,81,353,473,150,459,331,279,131,229,225
"SNRPD2",440,128,232,337,202,178,84,390,190,298,159,238,249,206,284,340,490,125,327,177,243,165,160
"BZW1",53,315,476,39,452,73,52,268,110,426,131,398,90,113,321,444,131,970,298,108,68,80,224
"KDM4C",82,153,221,221,206,173,53,276,261,247,475,279,265,154,286,378,316,170,381,399,239,281,110
"PITPNM1",5,196,932,67,507,60,34,389,46,333,29,387,40,49,317,509,77,1049,239,28,86,30,216
"SUB1",170,417,435,55,377,80,83,263,220,390,101,407,100,105,294,471,152,714,248,99,104,95,245
"MAML1",44,144,652,119,477,31,61,406,169,209,276,210,107,40,322,584,103,848,326,86,97,97,215
"ATP5PB",286,219,335,180,323,134,111,302,191,301,337,253,177,157,360,346,255,437,257,114,225,162,157
"CLASRP",34,263,513,187,389,73,56,346,152,324,154,343,107,87,212,481,116,837,376,119,100,86,259
"ATF6",34,152,496,81,552,81,62,500,89,206,245,208,93,85,482,594,134,727,290,111,128,109,139
"DCTN3",231,105,270,292,291,106,94,311,125,410,151,199,188,132,427,339,439,285,389,243,245,118,204
"BUD31",127,85,256,320,253,152,114,289,123,342,253,196,230,199,406,434,213,350,440,181,198,226,200
"SEC14L4",40,50,290,545,230,123,70,297,95,281,273,123,434,278,383,525,309,185,494,113,180,132,133
"MSL2",34,150,487,110,510,65,35,529,146,218,338,277,87,84,311,574,116,613,342,148,109,112,186
"DCAF15",26,131,466,216,267,119,46,412,105,230,73,295,419,165,303,421,258,600,346,113,146,210,207
"SEMA4B",22,203,795,100,650,63,95,616,102,158,70,172,101,29,371,728,81,577,301,44,110,76,109
"VPS39",53,131,491,150,372,80,54,353,213,174,413,190,154,77,458,517,103,624,346,101,127,193,197
"CYB5A",235,68,175,542,188,142,145,237,123,316,116,271,390,182,284,278,425,70,424,218,259,291,189
"APP",5,158,528,17,436,151,47,490,56,212,19,277,200,50,406,324,256,409,307,395,126,536,159
"TPR",13,223,623,82,489,57,33,338,104,232,123,217,70,47,356,709,60,1004,235,126,98,122,203
"HSPA1B",54,19,177,39,99,34,40,170,533,63,2197,125,66,27,213,123,69,79,142,1083,50,146,15
"CEP104",53,87,162,555,184,91,59,373,187,182,218,204,453,127,344,688,235,281,461,97,243,139,136
"SNRNP200",23,212,491,113,504,70,41,295,165,228,223,216,66,99,394,683,126,750,249,140,99,124,246
"FAS",91,125,487,90,481,115,71,555,82,165,121,275,45,29,406,575,129,896,161,115,143,147,252
"PPP1R10",57,104,512,120,323,101,65,317,182,410,579,248,96,87,289,392,164,488,304,243,115,146,212
"C11orf68",104,79,330,360,372,129,56,368,278,259,147,223,147,131,378,420,272,326,414,129,176,344,111
"FXR2",42,109,276,342,295,109,54,280,170,226,115,237,231,98,524,451,300,260,564,396,204,166,103
"MTMR3",103,137,276,266,293,124,102,320,227,188,531,236,237,82,274,324,247,239,383,291,154,369,145
"TRIM21",95,64,524,90,536,86,62,537,141,214,57,185,74,53,526,520,127,531,183,52,220,436,217
"WASHC4",19,243,599,36,561,48,81,526,57,175,81,238,60,34,396,662,75,765,269,69,127,68,341
"YJU2",85,324,34,326,67,75,49,270,148,44,138,371,41,540,58,856,762,265,244,34,176,251,367
"DENND4B",8,281,873,91,442,50,61,387,79,318,15,232,58,49,381,696,58,678,311,39,82,49,286
"SLC39A13-AS1",17,218,582,42,573,61,74,458,24,301,3,273,44,23,294,662,111,1183,229,25,100,46,177
"KANSL1",27,240,409,132,438,50,59,302,271,199,389,215,83,77,258,530,96,890,257,184,104,121,185
"CCDC28A",146,127,237,172,215,169,158,304,304,187,704,297,259,113,221,308,251,250,335,185,83,328,162
"NUP214",40,206,646,87,639,90,54,480,73,359,67,308,97,42,422,527,167,504,338,61,135,66,98
"CNOT6",56,222,238,224,242,133,43,353,160,220,272,524,271,86,286,303,387,183,386,498,139,181,93
"CTBP2",92,155,445,136,394,163,118,397,255,231,221,145,73,68,331,518,133,438,396,99,425,102,163
"PRCP",31,178,493,56,614,87,83,499,81,311,25,353,88,44,417,672,127,619,285,70,127,72,165
"SYNGR2",137,235,620,116,408,126,88,304,148,358,39,223,83,66,462,578,108,688,311,56,114,103,126
"KLHDC10",36,116,208,339,232,105,61,286,159,201,278,251,351,114,397,308,363,183,511,542,249,128,77
"CUL4B",72,194,479,120,385,96,81,413,137,193,292,269,175,46,329,550,200,547,252,125,159,140,238
"NOL7",59,159,150,480,111,142,82,267,94,388,81,188,275,221,407,432,285,175,532,407,143,209,202
"HDAC1",57,157,397,205,261,120,49,352,191,266,277,305,182,80,364,420,238,575,394,124,101,234,130
"ZFAT",44,71,267,369,218,156,72,380,289,172,229,181,284,142,353,576,197,239,478,84,180,324,173
"ATP11A",4,248,626,73,632,41,44,350,29,198,8,126,113,25,411,769,46,852,364,63,108,59,287
"CBX7",47,109,452,215,456,80,29,385,185,198,308,357,302,51,269,475,95,428,449,102,105,185,193
"YWHAQ",85,173,391,163,228,107,81,301,221,356,101,217,150,146,412,384,288,635,324,197,126,216,164
"S100P",9,505,603,100,671,197,58,600,9,584,3,57,137,66,59,524,372,90,93,41,208,3,476
"RORA",109,137,95,447,81,70,90,432,178,368,196,123,366,127,105,170,582,121,500,229,200,626,109
"WIPF2",27,115,490,94,506,77,63,434,90,162,180,266,110,66,313,527,134,962,333,124,104,97,185
"DDA1",84,137,289,296,291,130,97,399,145,320,146,204,158,198,403,347,344,350,362,89,214,319,136
"NDRG1",34,170,435,207,313,98,35,350,419,252,86,167,190,44,357,508,161,555,349,225,93,287,119
"ZNF143",83,129,310,253,272,116,65,404,174,313,326,353,270,92,301,378,186,321,359,313,148,154,132
"ATP11B",28,291,545,49,419,102,52,353,119,213,113,180,83,73,363,410,159,864,335,125,173,154,241
"MIER1",54,279,389,105,426,78,95,405,69,272,97,335,102,36,324,444,192,903,248,69,128,101,273
"FNDC3B",10,313,617,33,615,38,70,356,42,191,14,292,47,38,451,655,67,915,219,39,76,59,266
"SRPRA",17,181,608,68,574,49,55,382,147,245,44,237,77,63,372,618,79,806,263,56,90,83,309
"HSP90B1",10,523,436,30,377,56,39,306,690,241,162,180,37,119,475,432,107,405,254,129,81,128,202
"MPPE1",6,147,660,38,709,40,40,600,9,203,4,364,72,16,229,747,112,923,249,29,106,23,93
"PER1",81,329,157,68,179,79,98,192,117,264,209,690,86,178,174,374,139,993,318,267,67,160,200
"UBAC2",155,109,320,193,286,140,89,301,205,266,248,208,344,122,314,355,219,354,331,213,243,241,148
"ITPRID2",15,212,533,38,478,82,50,448,29,236,20,270,99,29,390,516,106,1170,175,107,106,101,193
"CD47",68,243,470,84,383,80,40,398,90,319,84,266,88,104,364,554,171,736,212,118,134,100,292
"CBL",6,265,723,40,621,58,50,313,39,190,3,183,84,12,549,499,54,1012,220,79,102,75,206
"RIT1",68,207,411,102,317,85,62,397,100,300,288,308,119,70,250,392,119,943,233,87,88,171,266
"RAP2B",61,153,326,146,350,97,37,424,130,481,174,458,249,120,290,389,195,406,262,277,74,169,114
"CHD1",26,282,326,59,319,40,43,289,99,392,182,376,58,111,270,382,61,1152,175,101,117,88,433
"MBTPS1",37,94,416,334,217,103,34,479,329,156,399,103,168,114,297,368,405,349,341,128,163,219,126
"PARVG",10,243,811,107,537,62,43,485,40,275,11,304,30,23,300,578,92,733,361,45,94,29,163
"NONO",5,207,564,67,549,73,44,377,185,276,87,219,74,76,377,534,130,753,263,101,94,105,215
"BNIP2",36,242,473,56,456,68,58,385,74,302,110,312,67,35,322,411,125,997,273,113,96,87,274
"SETD1B",33,210,626,132,441,68,58,437,93,146,138,163,134,35,392,759,110,522,314,88,145,105,217
"DPP8",77,146,330,262,255,113,54,428,172,163,161,278,291,125,330,386,258,325,395,262,183,197,174
"TSPAN32",38,223,825,445,364,144,79,343,98,244,48,265,61,169,225,400,186,355,338,66,149,115,183
"APOBR",26,597,604,69,482,58,44,464,1,231,1,378,16,29,203,543,70,928,142,26,73,50,310
"MAEA",39,223,640,116,426,77,55,336,80,309,73,282,60,80,268,521,126,587,401,73,128,129,313
"C2CD3",119,78,235,284,160,125,78,261,263,185,370,142,159,241,275,361,310,236,297,334,213,517,96
"SNX18",10,266,664,42,642,72,43,392,27,202,16,150,73,17,214,768,95,829,216,35,142,36,384
"FCGR3A",7,184,772,57,309,66,34,248,27,291,11,574,45,74,405,1103,43,534,133,19,44,53,300
"RAP2C",45,238,459,92,412,93,50,388,110,289,131,284,59,56,298,447,107,980,279,101,124,90,194
"CYFIP2",21,349,772,56,542,69,43,364,122,293,23,206,70,56,354,478,126,713,264,41,124,63,171
"CIMAP1B",24,139,440,148,438,27,70,521,16,211,11,467,21,38,407,658,59,935,176,26,115,51,320
"TMEM165",83,218,471,179,427,145,84,336,163,232,177,230,145,45,288,285,213,310,304,542,144,138,155
"TKFC",78,87,209,352,169,101,153,177,162,271,129,112,246,252,345,337,438,160,486,459,210,190,186
"UBE2D1",21,210,733,29,458,115,68,326,25,356,8,284,60,18,597,650,113,646,264,24,110,60,133
"MAP2K4",49,189,335,256,385,97,85,383,124,243,89,239,142,37,371,500,213,514,405,229,134,101,182
"ERF",11,184,418,51,435,53,69,307,40,367,122,501,64,20,243,322,76,1389,232,62,45,30,257
"IMPA2",5,172,730,38,560,62,14,409,13,436,2,386,54,8,297,615,174,674,403,46,106,30,64
"ARGLU1",26,407,784,82,455,37,61,332,87,205,52,335,35,49,204,584,79,733,276,51,74,41,304
"MAP3K20",121,35,117,246,40,149,100,137,486,115,511,161,335,157,314,267,468,61,209,957,60,214,32
"NDUFB1",364,193,260,291,279,134,103,308,138,377,72,255,241,143,253,214,309,183,412,240,230,128,160
"H2BC21",47,127,501,161,322,98,58,477,85,140,103,421,377,28,196,418,243,321,269,308,114,338,129
"PSTPIP1",7,218,882,128,489,45,73,394,30,278,12,313,43,26,286,552,107,788,274,55,108,31,140
"SPTLC2",42,111,550,54,491,104,52,305,176,210,303,233,106,49,477,415,130,662,257,140,149,153,108
"CCDC71L",84,236,307,66,441,131,52,367,230,326,194,416,78,97,244,302,168,794,251,121,71,88,212
"MYO1G",8,311,704,40,439,56,39,313,135,382,55,176,59,94,396,498,87,768,307,55,93,61,200
"STAT5A",12,198,563,57,456,45,37,493,44,233,14,261,45,35,499,486,73,1043,231,54,89,43,261
"PRMT2",24,165,396,268,279,112,59,469,132,325,81,228,132,112,420,492,184,574,304,100,131,126,145
"IFI44",95,130,113,63,187,26,41,376,101,70,89,305,12,90,365,667,29,631,22,31,375,209,1230
"ZDHHC17",85,254,365,161,247,97,86,222,240,239,551,172,140,139,261,393,112,476,331,142,127,171,245
"MINPP1",325,122,102,317,178,236,96,425,187,224,563,174,224,80,241,152,340,98,201,453,157,287,64
"PHF23",94,77,402,136,325,155,115,358,130,178,289,312,219,55,347,347,199,363,448,349,104,135,104
"TSPAN5-DT",37,58,158,417,84,75,17,388,391,282,1331,328,102,131,125,417,134,104,208,126,147,107,73
"HCAR2",14,51,723,53,689,65,62,683,0,116,0,131,38,7,594,572,143,794,295,14,74,36,79
"ACSL4",15,242,692,42,584,87,77,436,40,142,11,186,58,27,496,452,78,770,241,37,176,77,265
"HCP5",27,140,876,61,653,67,61,249,57,275,26,241,40,48,337,649,50,744,229,27,90,80,202
"RHEB",190,162,229,145,220,202,122,243,167,253,166,235,273,150,312,240,360,315,280,371,189,261,142
"NUDCD3",42,74,361,328,197,145,43,266,242,234,125,205,139,198,386,358,273,203,369,440,210,262,123
"TRA2B",127,310,250,110,320,77,87,254,191,304,347,214,102,130,310,410,173,417,280,325,106,230,149
"OSCAR",6,105,670,69,809,61,50,402,16,311,6,331,71,19,508,386,140,578,352,37,115,39,136
"ITSN2",27,263,564,63,488,48,54,374,96,228,86,265,41,30,353,638,67,834,252,52,92,61,240
"SRSF11",72,308,540,141,306,75,42,292,139,245,176,222,92,83,294,543,162,505,330,164,116,123,244
"EPS15L1",14,180,508,116,430,54,27,486,61,284,58,329,109,36,328,577,116,779,273,101,100,91,150
"KLHDC3",76,87,334,411,341,161,34,396,134,271,129,291,223,74,319,484,336,299,381,157,110,98,59
"CASS4",4,210,577,36,514,35,52,442,3,340,7,514,65,42,272,433,49,1127,150,27,78,32,195
"KLHL24",91,78,286,102,199,80,65,290,389,144,647,311,120,65,250,310,116,445,441,219,115,268,173
"SNX16",68,47,236,421,220,84,76,356,320,142,457,104,302,43,414,319,233,154,261,173,229,415,121
"EIF3G",41,155,399,269,400,83,29,400,323,293,159,205,174,128,253,377,204,412,206,97,232,245,106
"CCDC91",96,174,106,306,137,222,139,203,143,205,292,217,374,137,345,267,261,113,444,393,233,201,178
"LUC7L3",66,220,433,87,252,66,71,292,272,190,910,182,63,81,220,394,130,337,358,188,60,137,170
"PATL1",23,168,374,93,425,67,76,444,49,222,36,292,79,78,375,617,175,705,221,111,137,78,327
"TOM1",11,247,577,55,447,68,58,404,31,396,31,294,57,37,217,383,103,1006,282,25,67,40,336
"SREK1IP1",169,152,208,541,131,129,60,323,193,262,290,145,289,132,288,407,215,149,470,121,191,189,115
"PIKFYVE",47,160,260,186,273,93,91,320,217,173,456,152,229,75,319,399,196,420,294,264,119,222,197
"TSC22D1",235,72,246,83,84,240,104,365,335,220,408,166,299,71,113,191,268,137,226,469,108,617,104
"CAST",20,221,413,128,527,78,58,416,81,289,59,206,68,85,463,535,137,589,208,74,174,142,186
"DEDD",67,95,251,328,131,134,98,388,154,329,199,197,361,132,257,295,444,254,314,168,172,259,128
"FAM53B",18,245,543,32,460,86,26,410,80,236,23,307,68,95,294,569,64,1002,236,43,28,39,250
"LFNG",5,39,793,65,338,36,24,351,40,358,29,202,113,26,513,365,84,1190,233,21,107,27,189
"ADA2",0,128,1022,26,695,64,28,167,100,355,52,75,106,50,580,585,100,503,217,32,105,66,87
"RAB1A",23,348,380,54,369,63,38,328,76,345,148,338,66,42,301,435,90,1020,224,71,81,92,210
"TTC39A",123,93,192,423,157,170,74,388,202,459,378,166,312,160,225,346,126,115,355,100,244,244,83
"ACOX1",8,165,620,49,525,67,89,418,38,242,5,213,82,15,305,831,91,649,170,42,121,48,341
"RAP1GAP2",4,263,516,82,306,31,43,297,22,322,14,288,39,97,358,624,52,974,235,19,76,37,432
"CHIC2",131,101,327,126,283,154,87,446,193,158,607,290,218,58,278,378,165,288,281,110,106,238,102
"CLDN15",136,102,285,150,129,167,72,228,212,291,270,233,347,170,346,566,80,248,422,218,118,217,116
"SLC25A46",115,100,171,241,303,77,106,245,171,329,125,132,156,142,336,387,366,150,602,306,239,138,181
"STIM1",33,220,358,176,213,96,29,244,147,241,115,217,68,99,431,432,204,415,317,159,149,348,406
"LAP3",50,71,261,40,503,36,69,328,159,111,103,188,31,67,569,177,58,846,81,82,260,385,636
"KCNJ2",2,37,630,52,239,22,53,300,2,144,2,220,51,25,531,245,23,2115,159,20,72,56,110
"RPL29P4",48,121,48,520,400,28,12,1081,51,338,373,36,341,26,37,46,555,16,343,213,28,423,24
"ATXN1L",33,219,260,241,302,70,32,295,267,221,391,213,139,107,238,360,125,726,311,97,121,168,171
"CNOT1",34,166,495,56,539,56,68,342,170,159,205,176,84,63,407,536,122,617,245,140,99,133,194
"LINC00863",94,74,172,475,178,215,93,557,190,147,1151,95,247,53,224,173,116,101,192,118,309,105,23
"TOR1AIP1",11,128,645,29,560,69,45,424,53,246,37,220,67,33,455,501,135,752,190,81,156,63,200
"SRPK2",9,149,623,29,508,73,36,586,28,210,16,290,47,34,339,600,84,773,218,36,121,42,247
"SCARF1",15,175,137,90,518,31,62,517,38,300,39,526,29,26,151,452,37,1125,165,20,60,68,512
"ABHD14B",39,61,311,505,275,65,60,347,114,157,78,132,212,266,329,389,399,168,444,215,197,152,175
"VEZF1",40,113,425,97,338,95,69,355,184,203,396,217,97,62,353,418,147,578,312,205,94,117,175
"CTNNB1",24,214,554,55,405,69,42,387,95,258,274,187,79,68,321,450,108,762,268,97,87,81,201
"PLSCR1",104,250,131,59,273,43,49,282,63,137,97,142,27,52,795,579,106,717,141,66,301,140,527
"MINK1",34,158,449,129,308,92,59,346,224,197,52,225,118,43,336,438,209,464,344,248,125,294,188
"YIF1A",249,84,216,305,258,187,76,297,190,253,222,188,310,172,324,410,274,99,414,80,162,201,107
"HNRNPL",45,304,418,60,319,45,57,256,165,333,115,333,62,119,214,394,124,905,269,155,83,71,231
"SIGLEC14",4,113,371,36,878,49,46,729,24,405,8,456,34,36,478,696,0,0,146,28,72,72,396
"SLCO3A1",5,146,606,64,531,49,59,416,17,253,2,254,30,23,295,537,58,1095,205,28,99,35,265
"MAPK8IP3",23,310,699,145,338,54,42,314,89,279,72,296,75,63,248,498,85,706,376,60,64,69,166
"KIF21B",12,295,862,66,599,40,53,293,61,226,8,261,51,79,318,524,50,522,278,34,104,26,308
"CARD19",4,230,391,30,171,81,55,345,19,428,19,553,84,42,94,289,116,1072,195,79,57,121,593
"ST8SIA1",125,23,248,282,82,211,30,796,38,408,6,141,188,37,14,778,310,766,201,51,76,118,139
"MCTP2",11,299,639,73,460,52,75,361,18,248,5,218,53,35,341,643,99,596,316,28,91,47,356
"SHC1",67,111,338,176,260,147,100,279,90,197,172,245,166,130,375,434,220,362,405,243,135,240,171
"RAB18",26,211,655,70,509,79,58,438,50,231,77,270,67,28,257,540,107,740,230,92,130,58,133
"CHURC1",16,97,523,172,424,41,111,242,26,279,277,290,156,130,414,223,56,656,420,188,180,41,92
"GAPT",19,106,1199,79,791,49,69,387,30,237,14,179,53,16,421,394,93,302,171,31,193,139,80
"HNRNPH2",31,224,461,62,398,58,54,406,52,292,178,351,77,17,341,433,97,916,230,62,85,60,167
"RNF114",67,111,485,119,412,72,62,473,91,242,83,348,138,51,261,458,146,699,248,101,113,90,171
"IGF1R",16,164,461,81,248,78,20,333,71,138,71,245,113,33,341,524,58,1274,300,77,84,77,233
"RILPL2",12,314,325,30,343,40,43,282,27,324,3,515,44,29,193,350,78,1492,147,26,48,51,324
"ATP5F1A",54,209,514,98,385,109,57,378,296,314,137,118,146,81,404,396,212,411,277,109,110,100,124
"SEC16A",20,145,410,128,334,73,37,235,154,299,113,227,153,102,348,538,136,615,360,129,90,96,296
"SSR1",16,177,601,31,546,67,48,402,107,233,29,281,71,35,384,497,93,844,187,60,92,80,152
"RBBP6",28,186,344,54,291,56,75,256,165,213,562,286,82,105,213,407,143,684,266,172,112,141,190
"RPS15A",338,75,234,303,328,168,46,815,245,256,294,349,230,78,150,78,381,76,160,55,120,94,158
"DECR1",87,146,370,269,274,129,81,385,148,259,255,144,282,88,271,439,227,304,201,52,112,304,203
"ERP44",48,159,425,77,473,65,63,416,90,288,88,287,59,62,320,487,111,834,189,59,107,92,225
"PYCR2",142,150,224,377,80,90,92,310,37,271,57,394,419,185,265,156,402,98,321,161,166,464,163
"AP1G1",25,176,393,64,288,50,44,263,112,288,297,277,90,96,276,303,71,1070,215,105,56,99,363
"STXBP1",42,13,172,279,51,168,14,366,41,347,36,824,500,219,109,111,72,210,1035,233,75,74,30
"ATG4A",208,71,539,219,162,113,275,308,309,204,553,164,167,120,198,250,189,97,207,232,73,304,58
"TMUB1",54,99,217,214,269,75,75,458,156,179,60,196,152,127,276,411,635,267,292,377,209,87,130
"LILRA1",5,199,494,52,516,54,37,460,18,377,6,386,102,14,272,904,98,409,325,27,62,31,162
"VDAC3",328,127,309,231,158,181,69,282,407,268,211,220,145,77,229,261,254,215,189,278,170,295,105
"CERS2",24,101,599,175,499,82,41,506,53,242,37,199,120,72,327,497,164,540,339,129,94,71,93
"ATF6B",27,200,542,107,476,77,38,346,136,226,248,181,101,86,306,492,174,545,250,79,97,104,164
"RAB11FIP4",7,219,486,58,442,34,45,414,15,316,6,331,39,23,252,484,53,1128,163,38,67,28,352
"LRRC4",9,155,634,29,656,43,51,550,4,244,0,236,46,13,292,511,67,943,217,33,76,68,122
"C1QBP",131,123,229,477,191,111,45,291,144,706,93,179,295,187,256,303,261,80,295,100,163,244,91
"SLC2A4",74,41,227,249,171,149,39,514,197,221,463,404,344,109,197,239,192,95,417,321,79,176,77
"NEIL2",39,64,42,1422,122,85,23,181,132,263,176,99,214,125,214,480,101,87,455,87,97,315,167
"LAMTOR3",258,82,312,118,287,91,64,314,234,281,595,223,132,51,288,331,160,352,349,151,62,132,118
"NPIPB4",54,71,377,347,141,200,89,342,90,193,114,170,300,166,333,251,171,229,396,204,179,461,106
"CYP27A1",2,122,612,42,977,40,94,258,8,444,4,278,53,16,169,485,38,658,197,13,63,12,396
"BCL2L11",64,61,341,245,315,79,49,322,195,180,414,115,195,119,444,297,135,329,320,169,77,358,149
"TMC8",4,268,755,53,558,54,48,302,125,193,24,288,46,91,299,698,84,474,190,52,54,40,263
"PPP6R3",49,185,354,125,251,82,52,262,189,179,383,303,119,96,286,366,132,573,396,184,68,124,204
"RP2",11,123,591,36,499,102,63,561,15,208,14,266,62,16,406,524,107,735,201,45,139,50,186
"TRMT112",126,163,292,172,305,116,58,352,236,290,271,299,164,96,260,340,259,302,292,145,124,167,131
"VAMP3",15,206,447,44,483,67,56,397,55,259,45,231,95,24,333,465,110,936,237,61,125,70,197
"AMMECR1L",51,38,172,94,124,104,37,262,522,94,1539,146,187,49,214,240,149,137,400,172,47,134,35
"C9orf72",8,476,428,21,317,30,63,277,13,276,8,374,43,10,228,404,44,996,312,13,91,28,487
"NLRP12",14,133,860,66,642,87,55,462,13,155,2,156,59,6,291,693,105,509,365,21,93,40,112
"PFKFB4",10,238,693,69,467,63,51,487,7,176,0,292,55,19,360,495,77,757,286,34,113,31,155
"PQBP1",63,125,306,295,249,127,80,395,164,287,131,302,253,110,259,298,315,212,277,208,162,222,93
"NDUFS2",96,112,322,260,181,108,47,233,208,264,482,166,153,100,358,418,199,300,259,143,202,182,138
"FASTK",63,111,226,384,232,108,45,277,233,237,133,207,257,118,358,332,357,161,425,157,284,136,88
"TMEM167A",33,157,434,133,443,87,75,381,117,294,71,155,107,50,386,436,180,607,274,140,110,125,134
"OTUB1",91,133,291,168,243,128,109,245,125,259,121,200,135,147,333,392,235,476,335,162,186,216,187
"ECH1",69,69,155,459,143,237,140,188,192,293,26,88,200,311,399,190,138,160,548,502,158,104,146
"ZNF800",105,136,161,177,124,129,127,247,280,133,489,194,162,90,304,324,205,344,237,447,159,225,110
"KLF7",3,222,505,48,445,38,47,364,13,224,3,334,41,18,268,599,59,1152,214,48,64,21,178
"CAMK2G",3,199,686,79,514,53,44,529,17,161,8,249,48,17,261,596,101,763,264,26,103,33,149
"CBX4",8,467,389,31,272,58,52,321,40,258,17,365,41,43,155,388,75,1296,209,21,67,22,306
"CLPB",33,70,190,460,273,164,76,304,124,206,155,105,164,140,312,315,268,187,360,285,265,238,204
"LPIN2-AS1",47,47,160,553,239,75,39,141,134,348,410,120,495,95,245,323,93,109,385,62,108,583,86
"MKNK1",44,169,383,161,262,95,80,368,125,257,193,255,173,58,204,466,186,508,269,153,150,152,186
"TSPAN2",42,247,358,24,131,113,85,526,8,317,5,440,51,32,354,348,116,1034,162,71,114,62,255
"EIF3A",35,199,353,234,358,68,40,263,189,207,166,207,105,98,377,409,138,475,299,249,128,155,142
"FBRSL1",57,84,422,198,370,92,32,251,170,270,42,255,133,83,340,386,254,505,308,154,84,172,231
"PTPN18",5,169,596,42,378,123,50,484,88,194,34,261,188,58,321,432,147,411,212,224,94,265,115
"MRTFA",10,170,645,50,459,62,49,409,54,185,25,202,44,33,467,495,95,768,207,36,133,55,231
"MAN2B1",13,128,547,148,545,51,64,349,63,252,39,255,53,51,409,486,111,590,293,110,144,69,111
"AREL1",22,121,509,101,455,61,78,362,96,182,202,192,97,56,287,433,105,718,257,111,108,114,211
"LRRC2",135,77,118,248,68,83,67,327,367,223,598,162,270,117,282,192,206,118,483,146,183,330,74
"KBTBD2",63,142,439,98,303,85,50,355,179,195,397,237,105,49,300,321,139,660,183,164,90,102,215
"UBE2G1",48,171,276,145,333,103,76,415,123,196,108,321,284,54,304,344,154,492,249,333,128,75,134
"LTB4R",10,124,539,40,494,54,43,389,17,379,11,272,42,30,188,446,127,890,263,59,107,46,295
"NDUFB11",257,103,162,227,189,177,64,359,227,195,80,168,174,134,249,322,544,167,310,255,186,189,127
"XRN2",12,202,647,48,598,61,44,450,64,211,32,209,59,21,425,491,85,672,260,42,88,47,97
"ADRM1",44,74,241,361,208,122,59,382,208,253,137,224,172,195,251,232,292,252,431,282,187,136,121
"ATOSA",73,123,248,189,285,114,47,268,272,158,708,143,153,60,226,402,147,256,356,166,126,179,162
"RUFY1",38,93,317,53,238,125,31,632,69,178,66,313,273,49,255,283,202,301,176,344,122,597,105
"CLIP1",44,230,430,119,366,72,34,263,150,160,415,150,219,41,298,357,139,468,373,104,133,190,104
"CHTOP",80,134,351,142,327,98,48,302,186,220,299,270,157,104,299,310,170,465,303,161,94,214,124
"HES6",256,135,28,200,106,241,62,280,195,107,45,200,336,343,312,106,397,24,245,187,242,703,108
"SKI",11,154,650,59,646,48,34,349,45,227,29,267,77,59,255,641,84,646,271,79,49,30,146
"IL18RAP",6,212,565,48,589,61,76,139,7,406,3,283,35,35,160,370,106,707,394,30,205,81,331
"TUFM",42,95,215,347,379,169,50,223,156,230,113,153,149,229,415,319,279,356,384,110,156,93,186
"EIF3E",116,233,376,196,304,141,44,237,254,290,235,130,156,110,389,382,212,287,226,183,93,115,133
"NCOA7",62,115,157,452,154,125,72,300,136,168,121,236,271,156,162,499,361,160,449,197,127,187,174
"HERPUD1",14,235,485,51,360,53,67,301,121,153,70,332,93,33,386,426,98,945,209,70,58,74,206
"UBE2I",49,129,259,269,307,78,76,311,106,346,47,314,226,98,323,378,223,360,369,154,160,119,138
"TRABD",15,225,652,83,407,41,32,341,66,323,7,368,40,47,190,398,84,851,258,24,88,31,267
"XAB2",68,128,298,175,252,82,61,293,188,285,173,275,140,133,211,300,160,594,302,220,84,249,166
"GALNT1",27,193,335,147,314,152,61,332,153,265,107,240,158,68,271,367,218,476,345,194,96,125,189
"HRH2",18,219,460,65,422,47,82,472,15,155,5,82,24,5,588,578,104,736,503,47,56,43,102
"ZNF638",40,204,392,162,337,93,70,310,153,155,410,190,118,74,297,550,142,322,295,146,90,180,98
"LGALS8",122,99,234,154,133,191,65,225,233,141,604,92,258,133,336,275,187,258,380,165,163,251,127
"RNF103",79,75,198,98,220,105,52,259,306,143,933,282,175,65,193,295,140,302,291,212,83,183,134
"SULT1B1",11,159,492,25,362,98,66,334,8,167,1,155,56,10,628,374,156,1001,459,19,134,43,64
"ANXA2",4,162,783,27,502,74,43,175,146,517,30,65,86,38,658,388,71,556,249,35,66,40,106
"IGF2",95,55,43,241,13,39,133,423,200,146,133,120,198,47,665,76,357,47,719,24,386,60,596
"AAAS",86,48,249,323,166,152,53,301,167,230,74,287,319,188,215,376,194,244,427,149,137,287,142
"COPS5",107,118,220,282,194,163,90,266,148,265,371,169,206,151,288,352,249,192,318,109,211,201,140
"FUZ",87,84,311,288,193,142,93,270,134,237,210,194,275,170,306,423,124,288,351,87,174,216,152
"NFKBIB",37,144,282,258,238,137,73,303,132,258,123,227,345,140,285,314,205,444,262,151,117,131,202
"MAP3K7",61,152,267,229,212,150,89,244,118,233,185,191,197,148,343,319,260,286,385,290,171,130,144
"PDIA3",11,237,446,34,380,60,39,250,152,330,60,274,75,98,416,372,100,875,170,59,68,76,219
"ADM",15,217,556,70,433,77,78,260,11,236,2,199,47,44,443,234,156,1070,211,25,127,102,187
"MDM2",51,118,269,167,228,89,60,324,178,127,537,352,195,50,272,423,162,401,274,152,91,120,160
"DOHH",90,84,161,352,246,77,199,130,158,184,197,366,314,69,256,236,147,95,610,400,146,184,98
"FRY",13,217,695,97,516,52,40,318,31,214,20,152,87,38,379,568,63,563,247,48,120,76,242
"CPSF7",5,138,599,57,420,73,32,406,41,220,32,225,57,26,339,606,78,842,315,34,62,23,162
"CDC42EP4",65,92,266,225,229,221,79,468,102,140,205,376,333,67,178,284,151,249,391,318,67,181,98
"REXO1",51,97,311,213,318,84,55,261,224,245,190,203,155,51,364,424,112,455,455,131,91,138,155
"BLTP3B",35,200,337,71,457,62,85,417,84,219,108,316,135,30,311,460,169,568,261,129,97,87,143
"C1RL",19,231,659,52,399,55,95,391,11,207,1,209,44,18,350,455,89,894,228,51,87,57,179
"IREB2",71,114,363,113,321,82,53,310,182,161,429,154,148,75,295,489,141,459,264,123,128,147,159
"PLOD1",28,171,496,396,336,68,50,596,79,210,9,98,92,37,475,525,115,326,338,92,61,62,117
"INTS6",44,143,313,236,290,101,67,323,192,155,423,161,187,97,287,373,169,229,313,300,129,139,105
"ALPK1",13,172,599,48,462,36,53,448,1,168,4,200,56,14,365,532,77,887,171,30,85,55,298
"OSBPL11",20,141,588,43,619,73,44,488,67,200,35,189,111,25,332,609,95,536,223,61,111,32,132
"TMCC1",14,225,466,40,548,46,47,380,7,239,0,433,39,15,249,578,38,832,202,25,49,24,277
"DVL3",44,157,342,309,350,69,46,318,258,228,51,203,68,53,379,513,117,414,339,118,169,84,140
"EIF2S1",72,94,196,263,173,127,45,298,238,286,339,363,352,89,194,237,214,101,420,144,119,343,62
"VPS4A",80,123,167,404,216,62,60,291,160,271,23,379,228,148,326,244,250,144,402,310,237,143,97
"CNOT8",46,139,429,105,388,112,65,390,98,200,120,455,86,44,278,350,129,564,247,137,94,113,175
"RELT",2,321,530,28,353,25,49,255,19,264,9,311,36,40,198,583,46,1133,203,22,50,21,265
"SNX4",61,141,162,372,200,184,71,134,352,144,205,55,118,162,349,231,557,126,380,322,207,148,82
"AP1M1",23,115,350,195,329,97,63,277,79,268,56,213,75,126,406,378,246,598,305,164,146,92,160
"MARCKSL1",12,127,229,40,282,45,43,328,60,521,31,585,30,40,248,320,51,1275,157,25,37,26,249
"GPR137",72,52,241,282,198,142,67,365,234,173,113,195,193,134,332,374,315,159,382,223,218,182,113
"PHF1",11,341,332,49,283,31,40,329,25,288,10,413,12,80,135,468,48,1101,197,22,62,19,457
"KDM5B",61,117,296,113,217,88,60,245,276,146,640,236,125,89,266,301,123,309,303,315,116,189,121
"PTPRN",347,71,153,541,72,86,371,100,419,172,65,152,85,200,357,59,279,48,408,81,354,256,75
"MPZL3",13,164,740,44,419,52,60,472,29,166,58,185,79,12,368,326,76,789,263,28,111,62,231
"CERT1",14,136,508,115,517,66,44,333,107,158,197,178,115,32,361,426,140,579,264,133,103,97,121
"PIAS1",20,178,552,53,426,49,54,461,49,143,143,232,99,44,346,545,78,648,162,78,91,84,207
"WDFY3",12,224,434,54,531,73,70,273,13,170,2,183,58,29,364,781,58,632,234,34,98,53,361
"SLC38A10",16,176,522,71,513,61,45,294,117,250,39,204,63,49,313,672,139,610,270,67,63,67,118
"EBLN3P",41,171,370,170,298,75,66,320,204,191,347,231,196,62,218,416,108,483,267,111,96,155,142
"NCKAP1L",13,182,619,37,567,58,45,316,119,213,40,98,67,47,433,458,82,681,230,65,141,73,154
"GSDMD",35,153,539,113,450,63,44,364,58,278,29,271,53,36,345,492,73,622,227,47,102,82,261
"PLEC",4,292,709,62,382,29,31,264,114,252,30,77,51,42,486,576,55,622,286,45,90,61,175
"REEP5",14,212,469,52,543,81,36,364,61,303,10,185,64,18,337,551,105,641,362,58,112,41,114
"RCL1",139,76,54,171,201,207,52,313,240,278,390,168,289,197,230,114,190,61,137,427,180,529,89
"GSE1",71,130,290,120,192,96,50,311,163,157,75,446,103,71,289,443,143,497,202,375,88,194,223
"ARID5A",6,169,343,37,274,48,27,293,22,312,21,463,31,85,209,329,77,1319,231,22,80,24,304
"RIC8A",52,109,335,127,313,68,33,311,144,223,353,203,118,150,254,395,202,526,267,185,45,151,162
"USP38",96,135,183,102,268,104,72,313,176,170,461,225,155,81,248,386,120,473,265,251,91,168,183
"SYNRG",43,100,285,147,290,88,45,232,196,188,473,203,165,62,357,391,107,284,375,276,100,205,113
"CACYBP",50,104,142,59,126,38,54,161,563,116,1694,194,75,54,154,182,118,132,183,250,73,124,78
"SPOPL",15,162,564,38,445,69,84,438,21,189,12,233,71,19,309,451,76,927,180,35,128,56,200
"TASOR",43,162,259,249,273,120,69,239,201,269,204,146,134,105,366,406,202,251,327,177,181,255,84
"RSRC2",64,148,281,104,245,92,69,269,250,223,839,142,109,94,214,335,121,357,215,248,64,123,109
"CINP",166,126,145,297,211,161,139,246,83,458,110,241,124,145,268,311,271,240,301,127,226,214,98
"MTMR4",134,80,250,87,185,63,58,208,264,192,1218,186,113,56,164,220,77,337,212,229,92,177,105
"NET1",117,30,78,75,72,92,160,89,177,62,2117,51,67,154,160,131,198,38,276,305,37,195,24
"ARPP19",26,165,454,80,353,74,61,365,131,263,43,254,70,31,320,402,141,747,206,92,119,92,214
"KCTD9",81,158,229,337,287,94,78,316,122,232,194,291,292,96,183,247,237,222,243,183,210,198,169
"DDX60",99,64,103,34,227,27,75,349,123,50,82,286,26,52,484,548,32,684,27,69,331,477,448
"SEC31A",58,89,257,260,225,80,35,245,214,216,298,199,247,147,289,328,241,255,284,310,168,162,89
"NTNG2",24,298,323,45,290,70,54,495,9,235,6,332,22,48,216,459,52,984,236,39,126,35,294
"SNX20",16,92,575,57,525,55,49,397,50,231,11,255,41,35,385,366,100,823,185,36,114,82,212
"C2orf68",48,137,441,231,380,87,46,417,117,200,79,200,159,70,235,369,204,468,315,77,153,125,131
"ZNF106",6,176,595,41,600,50,50,307,76,146,52,114,61,24,388,597,81,561,308,55,129,66,204
"IGHMBP2",80,130,265,109,328,101,27,540,128,290,53,166,185,71,141,650,273,239,416,57,176,221,40
"RNF181",174,142,244,351,234,99,72,234,126,393,125,170,130,93,266,221,224,227,333,168,217,255,186
"PPP2R2D",91,105,284,323,276,82,93,305,225,172,364,190,157,127,202,333,204,390,208,159,206,64,120
"SMG5",27,121,543,138,465,67,49,376,114,187,220,119,79,66,298,417,118,492,374,76,129,88,117
"LDHA",8,354,349,25,299,61,28,253,194,298,38,203,45,71,459,273,236,744,263,168,84,60,163
"GRIPAP1",19,188,377,264,251,56,50,241,92,188,125,227,164,132,271,415,121,498,263,117,151,197,267
"DHRS7",14,187,616,24,575,70,37,433,12,282,5,262,57,24,243,385,120,765,231,36,105,39,150
"RPS21",251,166,314,85,310,117,64,454,253,380,196,227,108,74,293,227,225,301,227,88,81,72,153
"MINDY1",31,105,676,70,399,96,72,525,15,107,24,180,135,10,307,533,132,550,266,89,105,113,125
"USB1",15,235,397,88,405,46,87,333,29,296,21,233,47,46,354,356,119,966,256,34,79,41,180
"P2RX1",8,153,662,42,387,62,39,329,31,206,6,219,54,22,76,477,107,848,257,92,90,106,389
"KHDRBS1",13,124,390,48,512,49,40,298,88,255,55,322,75,41,306,492,101,865,218,74,58,45,190
"SLC25A44",27,97,453,81,522,62,36,403,29,201,139,191,49,36,318,495,58,649,287,55,120,73,269
"EVI2A",51,115,650,67,599,57,71,403,18,311,4,298,42,12,265,519,104,492,153,21,126,59,210
"IRF2BPL",8,151,392,50,310,36,75,358,9,278,8,442,87,24,377,440,63,839,320,23,21,16,314
"PRPF40A",47,160,418,101,402,81,56,355,146,167,128,180,99,69,307,490,101,557,220,166,102,134,155
"SCAMP2",28,108,456,133,454,72,46,308,89,262,52,189,130,95,336,497,125,537,289,104,137,80,106
"PIK3CA",91,130,249,94,179,130,111,240,253,109,774,194,134,64,261,388,133,292,227,172,119,210,77
"KRT23",30,172,685,52,199,143,28,518,6,118,4,464,59,22,290,621,111,653,197,30,77,20,122
"PSMC3",64,72,191,334,164,117,36,273,212,156,180,156,252,181,312,316,323,150,410,264,160,189,109
"SLC31A1",146,119,225,121,151,118,70,267,209,201,182,248,268,90,232,208,275,315,160,421,87,380,123
"HAL",16,242,636,93,349,48,60,369,4,232,3,204,61,11,216,778,93,598,285,29,78,24,186
"HMG20B",44,103,322,238,163,108,109,347,77,205,63,268,225,116,396,334,312,239,341,169,182,118,135
"DIP2B",6,218,456,50,366,27,51,262,29,151,39,250,54,27,354,437,35,1160,154,40,108,62,275
"FKBP15",17,169,600,60,454,68,89,419,48,211,32,145,65,32,334,648,57,579,270,58,77,65,114
"RNF26",97,72,120,248,147,176,114,311,197,162,282,107,317,172,317,309,206,119,468,186,147,235,99
"SMARCC2",21,105,473,244,356,74,33,338,150,170,187,180,159,123,299,484,146,342,238,96,115,168,107
"SLC35C2",48,99,346,167,260,157,72,241,143,224,386,188,221,83,283,397,131,328,326,143,104,131,127
"BRD8",85,65,286,147,218,116,57,318,213,131,751,151,112,115,264,308,151,166,302,301,90,179,78
"MICU1",78,103,335,76,339,108,98,268,164,194,185,189,147,79,312,347,158,542,256,214,133,170,107
"HYCC2",20,421,448,32,301,100,65,352,17,154,14,267,44,28,479,345,82,803,229,40,104,76,178
"MPRIP",44,125,189,323,209,57,26,152,277,157,957,149,150,152,214,351,148,273,187,47,100,191,119
"FAM50A",43,153,353,334,216,115,33,269,280,253,60,248,162,113,215,307,226,225,257,140,229,208,156
"ZNF787",41,178,301,90,313,116,80,285,82,352,42,248,56,61,276,355,213,769,233,140,113,59,186
"FBXL3",36,97,310,85,246,87,50,308,126,175,343,405,156,48,262,251,135,521,353,186,89,180,139
"WAPL",32,153,236,116,264,70,41,322,225,192,252,300,118,22,266,398,126,530,249,209,100,180,187
"GLG1",18,160,565,67,475,66,30,301,128,186,169,154,81,67,324,474,71,616,220,118,78,69,139
"DCTN2",44,117,303,217,199,140,73,374,154,240,116,195,249,105,253,430,246,287,225,147,206,130,125
"SCPEP1",41,176,502,89,469,69,78,284,142,193,248,207,78,28,293,457,131,498,196,125,75,85,111
"CYRIA",44,158,573,39,470,57,54,380,75,193,6,258,62,19,290,407,61,836,220,20,102,29,219
"KDM5D",221,178,0,343,269,2,78,0,566,406,0,310,0,0,429,518,0,0,562,532,152,1,1
"OSER1-DT",48,30,328,292,203,104,52,399,229,299,548,145,274,63,204,377,205,136,227,54,91,185,74
"SEC24C",47,90,289,188,240,74,38,281,197,174,465,160,197,108,229,349,143,307,323,196,92,274,105
"IFI35",77,81,212,57,331,31,44,382,96,144,123,211,29,64,447,400,62,565,95,32,298,431,351
"CDS2",4,231,685,28,493,41,36,354,29,210,10,305,66,29,410,494,67,590,115,49,85,51,180
"CTDP1",52,105,304,113,255,107,28,306,178,209,375,268,196,69,296,335,72,393,305,199,72,157,168
"MRPS15",382,87,144,264,190,106,112,398,162,242,98,154,249,215,194,154,286,142,374,146,212,138,111
"RAD17",73,147,178,288,129,137,58,217,204,196,217,148,319,142,260,273,276,158,364,161,259,216,128
"FAM32A",39,136,376,109,355,69,45,274,52,288,182,215,93,75,302,405,134,649,292,94,90,133,134
"ASF1A",130,72,74,237,92,104,64,351,215,236,163,409,385,65,210,238,306,52,317,366,67,317,68
"SKIC2",32,144,461,143,269,103,26,239,59,293,44,323,102,107,270,400,110,638,273,158,80,64,197
"IL1R2",8,333,300,43,654,41,24,262,1,372,3,626,36,32,179,315,57,686,204,13,88,6,245
"MCM3AP",42,81,373,109,184,64,23,184,193,164,610,190,163,67,282,347,146,201,465,148,73,353,64
"YWHAG",31,85,340,88,250,83,43,278,196,167,284,208,189,74,331,295,131,472,343,323,109,118,79
"VPS35",45,101,432,136,320,79,44,251,180,203,141,140,171,40,389,354,181,498,277,172,93,137,132
"PPP3CA",3,194,574,36,400,68,45,428,40,204,26,214,56,53,300,442,66,766,205,51,100,44,198
"ARID3A",26,185,694,63,468,84,63,328,100,122,21,143,46,28,341,416,84,474,295,84,70,178,198
"INPPL1",11,237,624,83,406,45,35,302,39,205,28,110,64,51,273,454,67,814,295,46,75,51,192
"SPEN",7,199,557,66,418,40,50,244,88,169,40,193,37,37,275,737,56,687,176,72,49,52,254
"ASB6",15,94,252,298,218,109,37,256,107,166,199,178,303,111,295,450,182,223,466,114,136,163,127
"SF3B6",69,173,335,213,268,110,74,299,138,334,84,229,169,87,270,308,204,410,218,91,126,142,147
"PDCD6IP",21,186,503,56,425,66,35,357,71,194,127,180,54,41,342,453,99,689,246,75,90,52,134
"ARHGEF18",18,228,582,64,369,42,55,438,89,245,47,164,79,25,248,437,43,702,187,44,108,63,217
"RXRB",32,136,453,208,316,83,42,270,100,187,174,147,142,56,317,478,205,393,337,102,82,83,148
"CRLF3",26,92,487,201,440,67,48,499,47,159,44,153,148,62,331,379,160,397,278,51,123,164,132
"TRAPPC8",48,134,390,86,350,80,64,324,121,174,169,214,118,42,321,485,91,607,249,101,89,110,118
"ARHGEF11",9,110,712,41,533,54,29,450,27,100,0,195,44,10,306,693,63,638,221,20,87,48,93
"MKLN1-AS",60,45,282,351,125,184,77,283,209,255,206,86,280,203,218,324,263,152,292,107,198,187,96
"ETV6",36,167,421,75,372,74,57,322,42,153,19,207,65,38,326,458,87,660,182,52,100,176,390
"PLAAT4",612,37,96,14,109,51,122,99,434,61,86,62,39,182,150,82,23,176,45,17,86,1753,135
"HNRNPDL",14,310,362,55,378,58,46,202,110,293,97,233,39,87,226,426,93,761,301,104,45,45,182
"HCCS",95,51,154,281,124,85,38,257,266,233,229,373,289,61,181,345,187,163,232,180,55,520,67
"PPTC7",14,134,512,36,452,53,49,396,34,133,22,175,76,26,398,570,76,679,187,53,87,52,251
"SPCS3",13,208,535,29,455,46,38,325,96,250,24,238,35,56,290,363,101,789,227,61,95,40,150
"ATP2B4",23,160,415,75,256,90,44,265,47,241,233,69,76,79,500,555,71,726,162,95,77,91,112
"EIF4E3",14,234,469,26,346,92,56,348,9,249,11,191,36,21,421,363,94,907,214,47,83,59,159
"TUG1",16,116,449,95,262,98,37,306,229,175,293,189,90,63,206,495,84,535,247,89,75,105,193
"CSF1R",3,111,887,25,523,82,31,207,28,280,19,96,62,13,519,702,70,307,298,42,44,38,58
"OLA1",81,93,155,311,127,93,106,342,106,280,100,141,253,175,288,333,342,116,500,140,144,121,98
"ARFGAP2",63,107,295,156,275,81,50,249,158,251,340,206,162,92,256,381,140,379,238,145,95,191,126
"ATP5MF",442,62,117,299,142,114,91,223,225,315,122,154,132,119,275,160,487,54,247,172,142,176,158
"XRCC6",42,130,393,66,367,60,49,249,187,289,155,210,59,70,287,379,126,714,223,86,62,78,145
"LSM1",261,110,171,275,193,110,180,210,99,167,157,116,257,134,271,265,317,149,318,140,223,202,96
"TRIM28",14,192,493,57,368,41,34,321,182,218,58,221,92,70,331,449,83,621,230,99,52,56,139
"DMAC2L",262,68,187,360,120,131,73,136,133,373,179,114,335,134,287,358,208,88,341,61,138,234,100
"FAM91A1",15,205,500,71,328,48,58,326,42,186,68,238,62,39,267,427,45,823,176,65,75,48,308
"NRAS",132,127,224,242,202,101,75,179,232,253,323,148,78,132,221,315,190,318,245,231,154,168,130
"AP2A2",49,76,311,347,242,116,50,299,101,195,43,217,227,102,376,378,190,273,298,110,120,193,106
"EIF1AX",135,93,229,251,174,147,33,251,215,152,87,146,266,99,222,249,481,233,226,216,133,263,112
"AHSA1",67,107,211,269,163,107,58,189,214,168,648,237,187,49,291,231,192,159,262,222,122,167,92
"WDFY4",6,278,532,40,404,55,67,450,105,116,40,377,43,23,237,648,50,439,224,35,103,49,91
"TBC1D10B",13,118,451,59,310,49,51,316,74,281,30,306,62,49,232,372,80,877,182,193,60,35,211
"IGLC2",5,278,271,9,247,54,36,35,1783,25,189,41,9,65,357,192,76,133,291,13,56,29,213
"NDST1",5,82,557,27,578,61,46,380,15,214,3,218,90,30,258,438,70,596,219,103,94,98,221
"CSTA",12,400,516,35,500,71,42,309,4,274,5,314,58,26,321,381,109,499,239,44,98,23,122
"ZBTB22",84,129,156,316,226,181,62,328,125,178,129,235,214,97,267,348,266,198,345,90,115,213,100
"ATP6V1C1",60,74,234,54,254,72,81,240,284,85,1073,117,139,52,306,209,103,261,249,126,94,155,67
"PLK3",4,392,158,22,273,33,68,172,8,462,13,473,36,84,72,525,27,1132,184,18,15,19,197
"BRD10",46,108,220,199,267,64,81,228,230,141,343,105,139,75,319,365,106,231,315,349,173,162,120
"CDK19",22,185,393,77,413,48,48,373,29,162,106,204,71,22,233,552,99,748,192,100,110,58,130
"GOLGA4",42,89,226,243,180,67,26,272,267,99,360,136,167,77,246,347,151,412,327,187,113,206,130
"PLIN3",10,179,462,39,381,73,41,408,32,266,17,219,43,34,331,348,101,777,223,42,76,77,191
"DDX39A",27,318,300,58,360,77,47,242,119,300,87,312,32,70,238,559,108,514,323,87,34,44,111
"JOSD1",39,273,259,146,277,119,61,281,244,306,73,346,156,128,131,363,130,373,108,83,89,207,175
"SYTL1",11,226,640,78,245,74,46,327,67,340,28,292,18,54,236,396,92,556,262,40,119,34,185
"PFKFB3",3,635,258,33,223,49,36,129,16,259,7,141,21,92,261,203,54,1376,215,36,57,28,233
"UBE2L3",71,145,317,120,297,82,55,277,159,270,168,211,128,62,286,399,178,361,257,125,140,124,130
"ARNT",26,65,382,201,277,79,55,264,89,209,175,127,151,108,356,535,122,331,206,149,144,170,138
"NPC2",17,87,383,30,510,45,36,441,27,247,20,304,72,28,316,431,107,744,129,43,56,74,208
"RPS19BP1",36,126,224,123,201,88,60,311,144,271,129,198,112,101,278,282,352,368,320,184,190,122,135
"C1orf52",103,125,204,239,190,121,68,217,158,185,202,133,203,92,252,221,240,270,293,255,202,240,140
"LRCH4",18,167,585,113,384,56,48,401,37,186,34,278,72,33,234,581,98,461,237,71,73,72,114
"SNX6",36,149,455,54,407,59,45,408,48,210,46,242,67,24,348,442,106,667,194,43,115,76,112
"HSD17B4",19,71,375,144,198,92,6,350,201,129,457,222,294,30,225,359,179,233,250,122,78,203,114
"HSDL2",12,203,622,47,416,82,54,430,16,175,9,230,50,18,264,503,116,602,234,41,104,39,84
"HCFC1R1",66,35,245,365,179,52,88,306,75,182,52,115,126,152,312,252,392,180,439,248,209,149,129
"ITGB3",8,50,170,14,66,261,33,521,27,98,29,270,381,34,157,162,275,86,304,480,108,737,77
"HEBP2",6,304,715,32,346,54,45,369,19,261,2,110,29,27,280,594,91,423,286,31,61,39,219
"ATXN2L",58,137,391,104,295,101,88,256,169,152,133,153,111,76,284,428,117,489,271,208,82,81,154
"ECD",48,65,254,415,205,100,54,350,131,231,74,187,224,91,183,403,204,215,372,107,173,150,102
"PIK3CG",16,177,501,40,501,67,48,310,46,184,6,172,54,32,345,409,78,668,212,58,129,66,218
"TXNDC11",83,106,191,142,169,79,93,171,307,260,268,128,146,102,249,358,123,409,264,161,78,295,152
"SIGLEC10",3,96,394,40,332,38,28,853,17,217,16,285,23,18,389,329,54,787,221,16,64,22,89
"ARHGEF6",10,228,532,42,513,68,31,337,58,124,27,184,40,34,315,495,74,669,178,60,113,68,128
"BRWD1",61,211,170,262,251,59,85,103,99,106,173,181,188,84,286,351,280,279,329,378,170,125,97
"RAB14",15,125,473,53,399,65,30,354,76,168,182,177,99,32,341,428,98,565,229,73,112,86,148
"SMIM10L1",123,116,197,247,205,103,96,375,141,284,116,117,193,185,192,158,267,151,279,113,345,228,91
"EXTL3",4,244,431,51,497,42,52,332,19,235,8,202,51,29,251,622,40,630,301,22,67,20,170
"TMEM115",56,89,227,115,206,195,116,324,159,196,312,207,138,84,283,290,134,257,408,242,89,104,89
"TRIM33",49,162,460,96,382,56,29,296,38,145,62,180,75,73,345,476,77,476,245,167,107,103,221
"WDR37",107,140,315,270,185,96,49,216,182,168,177,150,255,78,279,304,209,265,245,157,123,180,166
"UBL3",16,157,436,24,351,54,53,344,26,205,47,265,83,29,323,427,52,895,200,48,103,35,142
"NDUFA6",212,212,159,232,182,102,71,161,97,292,66,158,197,104,213,338,276,242,263,207,173,147,209
"TTC21B",90,86,135,296,88,130,70,194,317,214,399,215,219,88,265,258,153,132,189,164,98,419,91
"TMED4",37,124,390,153,284,98,35,283,111,248,164,236,143,107,241,355,127,397,293,101,100,142,138
"GPR108",10,174,455,52,424,72,48,409,19,202,17,295,63,22,273,425,97,674,191,41,115,57,168
"DPP9",38,87,198,293,199,88,56,217,167,164,92,119,141,173,293,312,252,347,379,185,192,136,174
"HNRNPD",15,322,439,78,292,58,37,273,114,211,51,323,43,56,209,379,87,697,156,102,75,90,195
"TAOK1",20,167,389,102,366,64,30,232,101,177,153,149,100,35,254,474,85,679,264,89,113,79,180
"SAP30BP",28,151,338,158,287,52,37,262,92,317,59,300,98,58,199,338,83,717,223,91,86,100,223
"MRPL42",390,135,189,221,94,124,118,111,221,231,125,105,259,182,255,197,224,82,194,221,181,272,159
"MIEN1",84,69,132,339,330,141,88,249,167,302,213,68,208,201,278,354,193,131,281,34,215,73,139
"DUSP22",29,119,439,112,375,83,49,334,78,248,33,227,68,46,219,476,126,481,259,146,122,116,98
"DPF2",21,91,446,73,412,73,23,440,83,144,146,149,124,40,332,536,130,329,286,58,108,81,157
"DGAT1",25,138,441,114,271,60,51,418,45,221,21,286,64,47,251,438,73,647,300,67,123,32,147
"ELAPOR1",8,79,411,68,195,25,143,198,5,28,0,272,70,37,459,471,63,1379,71,3,125,7,161
"FAR1",12,241,517,58,447,64,41,297,35,185,19,154,42,9,282,381,96,736,186,42,79,52,302
"RNF38",37,125,350,148,297,62,58,321,67,173,69,215,108,66,238,446,113,657,215,113,124,73,202
"GALNT5",50,47,193,140,149,110,30,573,160,147,501,100,342,76,60,265,234,207,497,167,64,108,55
"POMGNT2",61,35,303,257,116,106,26,464,106,182,27,223,399,143,164,424,247,160,187,198,38,286,120
"MTCO1P12",97,197,281,285,67,68,76,137,63,490,49,69,235,151,402,347,507,130,126,269,79,48,98
"SNX8",94,81,232,286,328,99,71,210,93,192,56,199,207,118,321,269,258,89,368,126,200,251,114
"ADAM19",3,289,701,62,507,49,30,236,131,153,34,165,37,15,285,359,72,551,322,13,125,48,73
"SYMPK",36,78,287,302,212,94,41,228,186,185,100,166,120,115,313,344,233,237,272,272,134,152,151
"ACSF3",51,99,299,302,247,149,62,169,60,470,66,273,227,73,147,425,212,183,249,36,114,241,103
"STX17",89,112,117,206,140,175,42,174,295,200,340,158,218,94,228,190,143,134,299,259,199,344,97
"PYM1",69,51,197,417,139,60,61,157,93,239,46,112,153,208,342,290,353,135,365,272,227,127,139
"ADNP",36,98,328,108,240,98,33,378,186,158,324,177,161,44,295,328,150,319,272,152,84,124,157
"BAZ2B",8,195,433,84,353,31,36,310,56,124,67,209,46,32,250,582,65,798,156,36,79,53,246
"PRR14",17,189,451,91,332,37,68,413,36,219,31,304,60,34,242,397,96,625,236,76,61,36,198
"FNIP1",32,122,451,34,262,47,35,313,80,111,189,179,55,34,266,331,84,933,212,82,70,50,276
"PPM1M",1,188,561,47,439,46,33,400,27,221,12,248,49,18,228,322,100,800,228,25,70,30,151
"NT5C2",2,205,560,41,445,57,56,281,19,252,7,171,30,26,301,488,74,572,235,43,111,44,219
"UQCRC1",53,101,360,197,294,68,44,292,102,310,58,153,123,104,306,376,214,338,278,98,167,97,106
"YTHDF3",18,211,337,50,348,64,41,332,54,229,140,225,59,24,316,329,93,801,180,52,73,71,189
"EIF2AK4",50,64,135,418,137,42,41,159,152,144,156,78,190,117,268,341,456,114,534,239,141,155,103
"SORBS1",69,62,98,101,115,97,53,271,227,169,671,187,318,88,131,184,103,58,565,179,108,306,72
"STT3B",10,217,544,46,355,69,25,287,98,170,33,161,66,45,313,421,133,538,245,146,106,65,138
"SAR1A",44,212,280,61,338,47,42,228,81,267,168,261,100,74,201,297,102,771,201,69,50,68,268
"SBNO1",30,125,275,124,287,69,45,211,102,154,181,206,123,83,329,324,127,495,260,347,107,95,129
"SMARCC1",14,152,262,248,247,44,17,238,156,181,109,259,115,72,320,432,209,388,292,155,95,103,118
"EIF3L",22,82,340,209,395,45,36,405,183,183,193,83,95,117,311,412,177,322,224,128,92,86,82
"SLC35E2B",22,93,371,194,350,56,35,332,98,196,171,115,104,82,287,534,80,439,290,67,69,112,122
"DNAJC3",12,269,468,31,377,69,57,331,47,171,12,200,74,20,364,291,104,741,204,41,83,44,208
"CCDC186",54,108,302,104,205,93,41,279,176,123,543,198,114,74,219,301,98,396,242,182,78,167,120
"HMOX1",53,41,393,37,389,62,219,188,62,243,282,98,72,48,481,303,90,585,213,91,30,130,105
"CWC25",20,223,315,64,239,47,48,165,45,300,157,385,50,53,175,336,94,908,201,106,36,69,174
"MIR23AHG",7,135,543,47,374,49,17,302,12,210,5,412,45,19,133,473,73,733,362,20,24,13,202
"RHOT1",52,155,280,210,291,86,68,306,74,120,73,154,188,32,421,354,186,398,257,144,183,52,126
"IPO5",21,57,230,349,189,75,37,274,100,219,81,127,222,156,340,288,340,149,388,133,207,150,76
"IL10RA",9,225,377,23,362,45,37,146,66,270,32,167,48,64,355,419,48,878,187,37,41,58,312
"GDF15",111,34,59,51,57,190,124,190,73,126,1541,84,229,127,235,156,193,21,233,224,63,48,36
"TBC1D23",86,67,256,157,206,107,50,270,145,222,310,198,214,53,196,290,215,273,251,216,81,188,152
"GNG11",32,59,180,46,113,212,34,504,24,149,40,475,280,60,120,105,248,131,179,416,136,538,120
"FLACC1",69,95,174,205,142,121,96,329,157,123,182,215,158,83,160,360,269,139,300,272,207,261,81
"BCAS3",91,82,192,206,197,126,88,201,122,157,232,219,214,51,190,322,185,173,245,347,155,292,110
"TRIM52-AS1",202,76,176,311,143,65,134,172,250,179,159,285,149,141,179,490,183,100,210,160,179,108,145
"UQCRFS1",83,157,221,270,214,102,51,197,130,314,84,150,194,113,237,327,197,292,271,132,175,128,155
"TOMM7",65,166,226,188,155,88,29,479,145,196,197,256,120,84,171,434,221,244,309,117,74,68,159
"CARS2",9,241,578,101,479,77,40,286,24,303,16,158,28,19,193,374,94,504,257,52,69,35,252
"SLTM",47,180,313,168,226,69,83,240,241,146,115,148,100,101,225,365,137,344,216,283,122,204,109
"ANKRD12",18,167,358,72,311,54,37,256,147,132,206,156,105,45,304,418,60,586,230,97,91,141,190
"MS4A6A",28,223,757,34,456,61,29,194,37,297,16,86,68,6,559,363,86,421,263,25,62,46,64
"F11R",9,110,452,36,484,51,52,438,9,277,8,248,51,11,303,408,86,678,187,55,46,52,128
"ARLN",60,209,315,61,283,72,65,327,162,245,39,199,52,49,371,236,187,631,160,116,100,76,159
"WLS",14,99,247,28,540,91,61,470,12,106,0,163,53,15,196,324,138,1205,267,31,42,20,51
"RHBDF2",11,116,337,39,314,32,51,310,57,150,23,179,29,48,368,432,43,721,125,32,152,47,556
"ATP6V1F",122,95,225,317,201,72,89,238,121,346,65,138,186,145,266,218,322,215,242,163,186,92,107
"PAFAH1B2",43,125,263,83,201,68,40,206,97,183,325,283,60,58,235,223,164,848,210,150,57,58,191
"HLA-H",272,44,111,42,166,8,6,279,203,65,6,537,50,12,313,148,281,715,97,142,184,248,238
"IRAG1",10,100,384,29,368,41,63,286,5,204,0,177,36,12,228,598,63,1123,135,28,54,27,196
"CD300LF",11,118,546,41,446,42,22,387,7,266,1,186,36,14,326,566,58,667,168,33,66,35,124
"ETNK1",143,159,215,225,200,123,87,171,134,127,149,130,285,89,303,193,200,151,340,245,148,184,165
"TOR1AIP2",58,143,233,93,189,83,49,274,125,159,505,271,95,45,158,264,142,540,237,128,64,132,179
"POMP",155,164,218,133,162,88,39,296,149,300,263,244,171,75,198,260,183,274,163,132,94,292,112
"CCT3",96,162,224,171,156,107,52,193,302,179,394,204,135,121,222,303,221,123,182,190,216,98,110
"DPYD",25,154,489,25,588,64,34,287,6,181,16,137,52,20,481,438,86,447,205,47,118,106,154
"ARHGAP15",15,245,568,53,392,46,36,310,25,212,9,227,34,20,309,433,109,637,185,45,64,49,136
"HTT",24,110,259,275,149,84,43,214,135,208,145,147,208,84,289,404,119,159,390,198,75,283,156
"DSTYK",40,77,220,180,159,96,32,172,294,97,690,176,203,77,190,264,111,177,322,190,79,233,72
"RBM5",34,186,660,80,324,28,47,353,50,129,91,159,57,34,268,479,57,539,229,49,69,58,170
"RHOQ",9,142,485,37,427,38,44,445,39,155,9,230,56,16,288,347,52,853,191,10,61,30,186
"DDX39B",8,301,523,75,293,37,47,189,40,266,42,261,21,61,204,423,45,678,231,29,57,26,291
"PARP4",4,115,489,49,399,60,29,315,68,132,75,89,51,46,395,535,85,613,175,43,130,63,188
"ARFGAP1",16,105,392,197,239,64,41,276,79,233,65,145,116,98,276,424,141,378,350,87,158,94,170
"TEX2",41,66,212,313,185,108,38,334,180,122,217,168,172,106,255,217,192,195,350,194,97,312,67
"TRIM27",3,73,475,65,376,77,57,452,55,205,35,176,79,7,426,413,75,555,282,45,74,40,95
"TBCB",75,91,195,162,195,92,115,206,119,192,46,91,99,139,317,321,311,234,219,531,117,140,127
"BBLN",18,54,168,305,210,79,33,465,70,224,30,224,160,93,149,414,229,314,210,135,149,285,109
"PPIP5K2",89,178,207,76,489,98,47,215,106,191,91,131,93,111,270,384,152,510,226,104,114,149,92
"ABHD3",33,169,573,77,372,49,53,340,57,197,47,228,129,12,288,349,56,552,155,39,96,54,197
"RPL23A",90,116,154,231,257,125,34,657,295,110,121,249,117,79,145,151,347,73,164,158,149,192,107
"GATAD2B",20,149,364,88,268,54,47,274,123,146,184,200,111,46,262,423,104,483,261,118,85,95,215
"SPG11",11,161,483,31,408,38,57,293,66,146,37,143,72,20,303,557,54,620,209,52,120,56,183
"PI4KA",5,150,527,98,327,59,44,256,85,158,53,175,94,61,291,500,94,475,261,99,77,74,155
"SF3B4",16,119,339,84,290,59,32,273,93,286,75,266,85,43,279,378,106,668,211,75,80,72,188
"PTOV1",39,118,315,218,199,67,38,271,87,170,122,254,144,95,255,349,168,365,347,229,92,64,108
"IP6K2",70,83,272,130,173,66,55,199,201,157,685,132,126,94,184,310,103,357,265,120,85,153,88
"REPS2",23,139,398,196,300,88,37,348,39,263,17,222,50,51,164,414,164,551,217,77,106,105,139
"DHX8",24,93,337,110,289,71,57,314,92,163,331,219,104,60,232,365,99,498,230,105,74,110,130
"RBM8A",39,120,206,256,177,97,48,171,149,175,172,183,250,139,164,295,212,173,369,274,172,152,113
"MORC3",59,135,359,69,282,69,44,408,94,132,218,162,77,69,311,450,82,305,223,122,96,156,181
"MOAP1",33,142,160,150,178,81,62,177,247,216,655,196,198,56,142,200,148,284,265,181,79,148,91
"COPB2",38,55,310,150,278,79,62,319,145,182,244,138,118,55,279,409,114,249,287,139,100,234,104
"PSMC4",89,87,232,264,194,66,71,186,149,265,101,149,129,118,279,269,229,225,287,293,157,137,111
"FHL2",62,59,189,244,76,87,40,300,208,313,96,227,243,166,178,192,290,108,204,231,79,394,95
"GSR",20,126,379,190,313,94,21,288,125,161,172,171,87,59,342,278,232,296,244,116,132,151,84
"CDC42EP1",236,16,112,195,179,65,127,283,185,43,142,143,229,5,488,334,85,25,665,76,374,33,39
"NUDT1",70,62,200,335,216,94,36,381,114,173,61,213,216,109,162,357,297,68,240,143,199,210,121
"AGPAT1",81,54,202,275,191,135,45,319,130,147,88,145,184,106,342,290,301,189,246,156,157,228,64
"NAA60",64,70,223,114,208,90,65,202,121,197,244,183,152,98,334,288,349,354,313,107,68,98,133
"FUS",11,266,408,60,424,32,32,281,45,191,14,331,14,47,198,429,52,676,134,66,35,42,282
"TIMP1",3,144,253,63,420,114,40,298,29,339,24,149,129,43,216,289,183,574,183,153,63,255,102
"PELI2",12,205,451,37,331,71,55,330,24,136,10,306,48,35,239,383,64,737,180,46,70,71,224
"PTGER4",8,75,391,25,501,54,18,456,10,106,2,150,45,60,223,576,38,1021,170,15,30,27,61
"NKG7",13,454,159,14,171,59,35,163,58,455,13,77,32,270,428,624,166,145,153,86,71,86,328
"LY9",79,49,292,257,121,73,47,333,171,219,120,97,147,77,125,441,370,173,406,89,36,221,107
"ETS2",8,276,452,44,326,36,20,232,28,226,5,182,60,38,267,272,61,1050,178,25,48,33,182
"FBXW2",36,132,280,160,266,78,29,233,239,183,207,152,130,63,249,303,179,281,304,142,109,134,158
"CHCHD3",38,69,151,450,173,73,39,414,30,197,55,65,283,157,301,261,267,173,369,127,139,65,137
"H2AX",78,31,123,70,118,106,87,232,301,123,960,205,132,60,179,188,167,82,314,269,51,130,27
"BLTP1",10,281,335,41,331,23,36,252,32,144,19,177,14,37,231,648,46,608,126,32,144,66,397
"KATNBL1",15,94,580,49,528,54,17,385,11,234,15,137,49,35,278,501,80,565,162,21,43,26,150
"KXD1",48,108,222,281,214,108,47,320,75,265,120,195,177,80,259,244,237,188,248,257,127,99,109
"MTDHP3",296,2,66,0,1,120,442,204,70,294,4,80,243,87,235,65,99,101,272,899,122,279,45
"PLD6",6,0,42,7,14,3,6,7,38,5,3554,4,23,163,35,17,10,14,29,11,16,12,9
"NCLN",13,234,458,99,337,59,33,238,56,237,17,322,43,60,196,336,105,535,290,48,47,39,220
"AUP1",41,159,356,101,322,99,25,310,108,222,58,185,101,88,253,324,186,488,214,122,70,77,106
"CASP9",29,61,157,128,174,102,52,418,121,212,120,274,270,114,220,251,235,223,185,143,159,227,139
"MFAP3",19,35,213,295,182,89,32,143,214,106,615,62,87,222,212,175,155,190,399,163,143,185,75
"ABI3",28,87,220,339,191,54,47,262,132,181,41,170,206,145,279,442,121,239,228,58,87,225,228
"CERK",5,115,746,40,341,45,19,299,43,199,17,207,65,34,212,469,49,679,160,25,60,17,161
"GGA3",19,88,501,69,344,54,31,265,101,130,139,155,83,45,413,453,85,398,250,66,91,104,122
"PDLIM2",10,111,445,50,366,31,34,355,20,271,4,332,51,20,209,410,53,797,184,15,52,26,159
"PRPF18",74,105,199,196,163,111,81,152,143,206,402,127,130,127,190,297,135,221,346,174,137,154,130
"MAPK13",7,208,437,93,343,52,47,301,25,213,28,219,61,25,151,722,60,451,288,28,57,38,145
"SLC20A1",36,71,174,82,319,46,35,221,140,150,668,158,73,56,202,239,84,484,232,152,59,151,167
"ZFR",40,161,307,187,214,40,59,238,142,155,108,139,97,97,309,319,167,336,296,261,116,94,117
"EPS15",45,106,364,80,276,73,39,276,124,186,145,194,100,40,309,384,97,449,207,99,104,177,121
"TGFBI",0,171,686,11,533,51,24,176,19,273,5,52,43,11,408,512,55,519,236,27,42,31,107
"CCNL2",38,143,504,87,307,44,51,302,50,188,87,258,40,60,213,448,60,539,245,45,82,35,163
"MAFB",1,84,291,14,414,39,22,122,20,425,17,86,31,33,266,385,41,1417,128,23,18,14,98
"PSMB1",38,163,353,65,322,59,40,255,81,243,90,339,80,48,219,321,113,607,171,74,85,61,160
"APH1A",13,172,333,27,381,61,45,296,45,290,28,249,72,51,269,297,72,734,192,31,63,49,210
"SIRT7",16,162,481,64,314,47,37,318,57,202,73,232,55,59,209,359,80,634,205,76,75,46,177
"LYSMD2",22,78,472,25,382,56,47,497,14,134,7,148,60,15,433,428,69,555,102,29,179,58,166
"NBN",36,125,353,16,363,48,54,275,26,171,18,135,43,43,347,309,55,728,146,29,163,131,362
"MZT2B",123,67,147,454,227,64,104,220,66,286,39,103,37,171,256,76,428,152,234,224,233,104,160
"UBA7",17,149,454,63,261,39,32,383,84,130,35,208,49,55,234,481,58,616,119,52,139,105,211
"PGS1",17,256,495,65,369,36,54,360,19,143,11,137,25,24,283,353,47,728,243,32,85,23,168
"SFSWAP",44,92,297,118,206,67,45,140,248,165,654,161,106,57,210,325,138,282,215,96,73,135,99
"SNX27",8,148,711,56,460,39,31,339,19,93,10,134,35,7,240,572,58,513,173,25,70,46,183
"SNX13",41,140,337,146,266,69,41,281,139,189,234,177,111,41,246,271,119,438,244,63,93,135,147
"STARD3",8,127,342,45,336,33,32,336,41,239,29,347,32,22,243,354,54,842,202,24,36,30,214
"PRF1",9,280,181,24,191,47,32,102,72,496,17,68,24,339,516,652,9,115,146,20,92,128,407
"UBE2Q1",31,118,370,127,284,85,30,343,111,158,96,185,143,84,251,322,165,469,208,88,92,93,113
"DDX23",15,93,408,134,371,45,34,261,104,187,106,169,61,35,309,408,134,391,240,173,83,106,98
"ZBP1",13,103,199,48,259,26,42,385,38,145,23,298,13,51,327,539,45,468,75,35,189,84,558
"RBM22",26,140,415,74,365,53,46,315,76,198,228,182,76,50,237,350,106,477,182,76,75,63,152
"ANKRD27",70,55,215,157,161,71,56,205,239,130,659,122,152,70,216,171,154,146,291,211,85,240,84
"PEF1",75,58,193,183,181,75,54,215,181,187,284,161,189,132,229,308,165,315,200,101,149,176,149
"RUBCNL",6,410,398,44,421,37,48,174,38,338,14,306,36,21,184,468,49,531,161,14,30,22,210
"CEP57",106,127,126,226,87,140,71,178,120,144,175,190,326,113,238,191,229,115,245,397,127,187,97
"ATP8B1-AS1",57,72,180,273,188,95,67,263,169,235,246,118,287,96,207,275,188,95,241,129,148,170,154
"MLLT6",8,193,314,31,270,48,27,246,94,227,43,161,8,128,340,501,51,593,234,29,74,39,291
"GSTP1",47,139,417,120,245,62,52,152,113,256,33,87,67,93,450,310,214,339,348,189,87,48,79
"ADPGK",15,163,529,49,363,43,45,291,41,198,13,197,38,29,204,451,47,602,231,42,83,24,246
"DMXL2",17,159,413,19,251,43,56,285,11,159,11,123,37,16,294,650,30,767,130,32,85,44,311
"SUZ12",57,142,307,141,304,69,45,342,135,141,57,189,121,64,204,404,188,388,183,135,100,118,106
"FHIP2A",42,162,267,108,226,51,47,226,114,117,276,171,91,67,293,280,105,463,228,117,121,173,194
"RNF20",40,84,286,228,209,55,47,251,157,183,122,170,176,97,268,335,129,220,219,100,158,307,98
"SERPING1",32,50,112,39,210,25,111,309,17,66,19,246,7,46,446,466,17,681,40,22,245,205,525
"ARL8A",11,184,384,46,350,39,39,276,23,229,10,249,51,28,247,294,70,848,181,17,68,34,257
"CENPV",78,66,90,102,101,219,64,249,244,250,622,187,288,142,177,87,149,43,417,94,103,132,30
"CD4",1,175,486,17,463,40,26,257,58,204,25,101,101,8,519,411,65,593,178,24,69,31,78
"GBF1",36,101,320,194,247,68,35,253,138,169,192,140,94,80,257,393,112,341,226,157,90,150,132
"MAP1LC3A",20,133,206,178,185,95,36,149,225,220,192,410,96,48,122,299,216,354,120,154,128,116,223
"PTPRA",97,201,210,32,162,249,85,186,254,135,78,231,237,35,138,260,228,335,129,69,221,203,145
"RBM12",20,85,237,117,216,51,27,216,253,171,588,224,109,58,179,225,123,373,225,95,49,158,119
"PDCL",63,69,114,179,113,87,63,185,296,153,630,141,179,91,208,229,158,140,275,204,103,163,72
"STEAP3",79,48,154,254,162,111,35,325,61,666,59,123,241,72,313,175,129,144,228,121,143,210,60
"MRPL55",41,70,156,283,178,140,52,196,186,186,98,190,199,204,198,222,299,100,240,202,181,164,127
"RUNX3",9,409,229,20,189,29,19,153,64,388,34,140,15,404,284,380,19,543,99,15,57,49,361
"BTRC",73,40,125,142,72,104,58,242,285,155,891,51,109,95,134,185,155,72,197,188,116,361,56
"PANX2",5,117,601,32,366,60,35,311,12,316,3,305,36,15,187,387,75,628,198,9,37,11,155
"TMEM120A",11,152,347,65,343,61,21,336,32,254,15,201,68,25,226,309,147,616,297,51,119,52,153
"LIMS1",18,84,312,54,154,174,40,424,69,144,59,189,209,39,229,215,197,226,193,350,81,354,83
"FCAR",12,364,297,19,362,63,64,200,8,342,2,175,32,47,172,364,92,741,216,38,59,53,173
"ADAMTSL4",19,245,419,84,277,26,15,253,26,208,13,222,26,20,247,635,52,514,186,21,52,48,286
"ATF7IP2",206,23,82,197,54,30,49,138,511,89,206,33,175,64,202,81,331,40,671,267,64,324,53
"PHIP",25,289,364,63,303,52,57,258,82,128,116,164,67,46,216,435,60,483,218,90,70,93,204
"SNU13",41,126,174,184,209,119,24,181,147,150,197,151,311,166,228,240,200,235,164,147,153,192,140
"MAN2B2",4,165,513,32,424,47,39,365,27,164,8,174,40,32,226,487,71,628,199,38,72,31,90
"VAMP4",228,103,162,266,172,114,69,159,128,179,100,85,229,121,226,197,451,100,157,159,179,187,105
"LCOR",28,121,258,169,189,76,35,247,135,130,152,156,116,37,229,403,136,427,272,172,75,107,205
"RBMX",44,141,270,78,220,76,47,194,189,227,307,151,113,82,287,293,140,312,260,173,66,95,109
"PRPF38B",10,183,470,80,257,51,54,266,67,165,114,158,60,56,245,470,84,425,207,140,78,37,192
"ZNRF1",97,35,333,303,85,131,88,229,240,136,110,103,95,106,342,210,248,104,437,100,86,187,64
"IPMK",14,165,320,19,297,65,64,226,10,237,4,265,33,11,244,449,64,868,167,27,98,16,203
"YJU2B",31,64,316,280,212,133,54,342,76,232,100,187,157,69,213,290,174,232,239,77,95,128,165
"PCK2",160,41,161,121,70,262,43,390,419,75,31,209,146,106,152,188,289,65,171,176,104,386,97
"ACAA1",14,159,406,171,323,48,37,276,64,234,43,167,84,47,243,377,88,499,282,43,100,32,124
"PPP1R2",51,184,286,119,259,82,62,261,69,222,46,272,134,58,188,267,164,601,172,75,80,68,140
"PANK2",30,104,285,106,317,52,36,310,104,146,74,182,149,117,290,347,125,384,121,80,128,173,199
"KDELR1",47,69,187,165,166,71,44,254,193,123,244,142,288,78,313,276,231,241,210,210,168,79,59
"C21orf58",72,46,361,199,157,113,47,304,139,239,228,56,208,213,261,164,138,94,265,143,181,174,51
"RALGAPB",21,111,259,79,234,78,26,276,143,154,253,211,136,44,238,387,114,449,207,95,52,163,121
"CNNM3",42,87,293,182,198,75,40,252,154,160,202,181,155,64,271,430,110,203,270,179,91,115,93
"H2BC12",138,124,295,57,273,143,68,257,86,154,58,395,152,31,176,216,133,330,224,155,67,217,98
"PDE2A",109,74,130,119,128,383,136,237,137,138,255,85,139,159,241,103,186,92,216,111,160,315,190
"GPATCH8",34,109,213,184,185,77,97,212,184,119,395,117,114,88,263,240,75,232,267,212,122,174,129
"PCIF1",56,89,366,74,241,74,87,333,92,146,60,221,143,70,202,308,121,438,212,156,82,94,177
"QSOX1",8,144,599,18,437,73,33,169,24,197,4,192,86,28,215,317,151,589,188,85,94,49,140
"BST2",31,106,270,40,307,38,41,297,98,192,107,151,32,51,472,418,43,488,62,42,210,103,233
"CARD16",34,164,399,34,248,64,46,354,32,194,13,266,28,14,317,335,43,662,135,16,112,112,210
"C19orf38",12,218,567,33,379,78,38,312,14,183,6,166,33,21,267,330,126,564,202,25,106,46,104
"RAB22A",44,109,254,129,333,45,47,264,212,205,230,181,117,48,205,251,129,385,220,101,95,88,137
"MFNG",5,112,447,71,369,71,26,306,57,209,18,336,85,38,210,428,77,489,193,36,56,42,147
"ERO1A",1,127,541,13,492,50,46,373,22,153,8,97,61,8,215,253,109,719,229,59,62,30,159
"NDUFB7",158,64,142,270,207,103,62,188,144,198,91,134,139,132,182,284,381,122,345,79,131,164,102
"PTAR1",76,199,310,185,277,56,28,300,142,131,200,209,105,56,153,275,133,386,163,54,101,175,106
"CCNJL",8,289,484,65,253,98,71,331,17,229,1,182,77,26,318,331,96,282,219,29,125,32,256
"CLIC4",72,103,160,62,195,154,43,537,189,95,51,365,403,29,203,176,248,236,161,100,43,144,50
"RNH1",22,124,384,74,278,80,33,174,120,229,30,127,151,75,377,286,156,436,236,125,61,101,140
"SGTA",43,79,275,182,274,55,68,289,96,254,71,156,107,112,240,300,179,317,321,80,119,97,105
"ARHGAP1",11,127,450,44,405,58,37,298,64,137,48,175,82,24,257,463,94,552,257,34,55,35,109
"MYL9",2,18,147,61,39,117,18,623,18,115,21,277,425,16,104,74,592,93,228,373,58,349,47
"KIF13A",3,178,482,20,423,47,25,318,8,132,5,157,49,17,228,475,46,753,168,21,89,31,134
"IKBIP",5,89,526,34,336,79,37,438,21,205,0,359,62,9,303,527,98,364,154,16,46,26,74
"CAPN2",5,159,402,21,298,100,22,260,98,249,49,109,94,64,367,355,97,316,189,137,74,225,115
"PRKDC",4,225,343,59,251,48,25,302,71,164,43,208,42,26,188,491,79,786,170,47,28,43,159
"CHD3",16,292,404,115,299,48,34,178,65,245,28,206,54,53,245,365,71,511,249,41,64,66,151
"CTCF",35,77,320,103,261,79,31,279,133,102,165,151,128,42,265,351,126,330,304,201,61,171,82
"CYC1",128,80,275,236,238,70,60,141,111,297,56,203,149,101,306,243,168,198,254,141,114,131,97
"LMF2",9,145,413,75,279,47,33,305,66,264,12,309,39,47,215,394,54,590,180,39,48,45,183
"AP5Z1",28,104,410,89,280,47,32,270,55,249,75,283,52,60,188,395,94,559,165,50,58,55,192
"SEC13",43,94,254,112,241,76,54,249,166,193,42,194,138,163,208,249,196,450,270,101,81,99,117
"VPS4B",21,113,395,59,355,44,34,391,66,139,114,157,54,33,303,392,66,581,182,42,81,27,140
"PRKAB2",48,40,159,235,62,139,22,171,280,126,879,132,260,37,135,120,279,101,205,106,75,133,39
"RPRD1B",33,73,166,145,165,62,34,221,165,162,354,179,229,92,213,241,125,292,333,168,95,124,110
"RMND5B",59,37,178,684,137,229,43,360,83,201,36,69,287,70,221,219,180,80,151,84,181,123,68
"PLP2",15,203,499,29,365,68,41,153,39,288,20,181,45,19,210,249,112,638,259,60,125,40,118
"MANSC1",10,144,512,44,450,58,35,301,8,232,1,186,66,15,217,491,109,419,249,31,75,32,86
"ATL2",53,105,253,240,211,107,115,136,145,247,113,101,141,126,146,259,131,188,324,213,149,208,56
"NCL",21,227,293,50,246,52,30,205,225,158,91,182,65,106,350,358,90,404,130,168,66,135,115
"IL1B",3,30,414,88,506,26,23,282,9,131,0,42,34,82,525,245,71,863,142,18,123,56,53
"WBP4",75,141,106,244,126,107,66,186,241,124,322,169,114,106,222,181,162,120,268,135,143,289,117
"CAPRIN1",16,128,382,64,342,56,31,310,96,101,54,123,72,51,313,402,104,504,176,111,65,133,128
"GARS1",98,129,99,87,101,273,51,458,280,85,43,289,376,57,95,229,256,127,105,73,76,278,94
"LRP1",3,178,729,30,471,25,14,139,23,215,17,29,85,15,409,635,37,275,243,29,35,32,91
"MICU2",132,118,221,149,178,58,61,207,236,148,195,140,101,99,175,222,207,313,219,136,93,213,137
"SIPA1L1",6,168,420,34,342,45,30,244,29,177,7,171,33,24,167,387,44,848,148,32,66,49,286
"LARP4B",17,113,396,67,339,36,25,294,82,147,77,182,67,24,274,392,71,593,200,109,87,49,115
"CAPN12",141,54,166,254,99,126,110,555,689,132,8,68,237,180,229,51,0,68,324,71,116,60,16
"IFITM1",54,84,189,30,245,47,30,424,44,109,17,254,25,45,479,331,87,476,60,18,143,182,381
"TOP2B",28,185,366,36,266,69,28,182,143,152,158,145,67,44,224,406,104,450,175,137,88,105,195
"FAM193A",15,70,219,181,211,51,44,248,245,207,98,195,75,53,352,332,103,328,243,137,111,140,92
"PRELID3B",94,105,193,186,185,49,51,210,133,205,229,179,149,82,247,268,174,190,333,138,120,138,89
"SLMAP",40,118,372,106,284,85,41,265,130,131,238,113,84,49,234,334,110,365,259,117,77,115,74
"PCCB",115,91,121,238,81,138,49,188,142,219,183,146,216,121,210,239,235,92,185,228,159,235,109
"SRP9",66,143,333,116,270,61,36,223,91,279,171,161,111,57,251,271,123,420,198,76,78,79,124
"OTUD4",43,99,155,184,128,92,47,176,131,96,345,179,273,72,197,228,123,166,338,267,81,224,91
"MAP3K7CL",41,58,332,89,79,119,35,405,66,157,94,293,308,50,67,167,156,172,150,304,103,382,107
"IDH2",43,102,262,269,209,95,43,289,125,208,56,124,171,112,222,289,197,277,263,76,86,103,112
"LINC01094",53,40,255,250,98,185,39,330,54,177,279,70,235,376,131,215,126,204,268,40,89,163,55
"TOB1",22,175,299,36,255,57,19,251,129,75,358,258,62,23,155,318,87,587,294,69,33,71,97
"ZMYM2",39,149,282,93,172,62,50,241,144,103,310,177,182,60,165,281,147,292,190,201,76,114,200
"ZMYND8",76,57,232,115,147,94,39,214,185,122,385,224,95,93,185,290,109,167,249,264,57,270,61
"RFX1",46,90,296,148,194,80,48,233,143,172,295,147,121,48,271,274,132,368,224,125,61,115,96
"FEM1C",14,112,161,64,155,69,22,248,169,105,510,222,162,45,124,172,82,655,197,141,35,98,161
"ZNF131",54,153,184,150,333,81,66,312,84,133,70,134,223,88,220,200,218,135,208,226,198,140,112
"NCK2",8,89,294,30,254,91,29,505,26,160,19,231,179,21,169,259,155,423,171,205,91,247,63
"NUP58",25,291,313,90,323,112,34,191,144,182,174,135,133,37,234,227,141,227,248,113,93,130,122
"SRRT",11,197,308,76,259,40,43,248,73,250,47,275,59,54,160,358,91,530,179,133,71,65,189
"MUL1",58,61,149,128,144,76,60,166,203,203,330,159,154,107,316,239,82,275,227,157,173,122,122
"CD300LB",14,66,568,44,407,20,23,573,4,225,8,180,25,11,169,430,49,615,98,7,57,28,88
"STIP1",13,59,196,42,152,55,42,170,377,150,989,192,88,33,216,200,70,226,129,127,31,95,56
"ANKRD13C",62,110,104,222,127,124,96,169,165,110,382,115,263,105,197,157,155,93,326,253,132,171,67
"SNAP29",61,101,213,182,169,110,60,270,141,121,75,157,108,94,211,282,270,297,237,126,116,201,96
"TP53I11",15,260,435,29,436,62,69,267,10,171,11,113,22,31,237,320,93,445,248,50,107,39,227
"DNAJB4",86,15,110,132,100,65,47,211,238,99,1011,193,143,58,104,145,107,43,225,201,44,254,65
"MYNN",229,131,106,146,137,120,122,182,138,243,239,211,151,88,161,149,214,136,173,205,134,215,66
"NSD2",22,38,259,440,94,49,29,242,80,295,48,41,90,119,295,273,162,228,401,139,117,153,80
"FBXO11",36,101,246,122,213,93,61,256,132,146,224,208,107,66,217,285,129,331,191,175,95,139,120
"NFAT5",26,139,307,81,222,57,54,213,78,111,250,136,120,47,167,424,73,283,267,263,80,94,197
"IDH3G",42,81,209,202,145,106,71,196,107,196,68,139,196,141,255,314,216,236,134,150,163,165,156
"TMED2",39,202,313,22,284,43,30,297,93,214,61,239,57,35,256,338,97,644,173,67,43,28,113
"ANAPC5",83,131,277,92,221,82,40,270,137,188,96,124,102,126,217,288,163,300,181,127,84,250,108
"NAA38",125,124,200,231,233,111,62,146,59,136,51,119,103,114,267,215,426,150,313,169,121,128,82
"HEXB",4,147,563,14,409,43,47,288,40,179,3,167,54,7,342,347,93,577,192,19,62,33,54
"PLEKHA2",5,213,354,33,316,56,41,320,66,210,31,175,38,62,271,323,66,588,136,59,104,52,160
"SLC7A7",4,132,527,16,412,46,23,155,31,387,16,87,61,12,408,431,56,560,173,8,47,27,60
"TOM1L2",26,89,227,298,149,59,29,200,88,192,138,180,198,80,206,324,181,226,312,82,200,117,78
"LY96",39,176,391,26,373,63,66,412,8,219,4,221,32,11,292,319,66,553,139,13,73,49,133
"ACLY",24,98,324,85,307,59,72,280,111,152,28,114,55,76,285,482,78,459,210,92,76,96,113
"IKZF5",120,117,167,95,178,65,58,148,204,134,479,230,141,62,156,205,134,275,256,89,85,184,92
"PEX26",23,34,156,233,136,70,10,135,203,219,719,103,198,136,130,268,108,118,300,68,148,107,49
"HDAC2",69,201,158,195,130,125,79,189,168,138,145,113,193,98,190,275,158,138,186,292,142,141,147
"HIF1AN",29,78,300,189,220,71,32,219,110,201,325,142,104,67,222,328,96,378,216,99,41,64,139
"NLRP6",2,71,416,66,333,33,37,364,3,177,1,294,44,10,248,602,50,409,186,17,66,11,229
"SVIL",6,178,447,25,304,44,25,321,7,126,5,123,25,18,257,488,46,699,168,55,87,60,155
"SAFB2",22,124,361,103,250,54,34,298,112,175,118,263,46,34,197,374,95,472,188,115,50,91,91
"ZNF148",39,134,261,51,292,67,53,275,113,153,129,178,59,40,265,316,134,588,150,102,78,56,132
"TAF10",36,91,195,286,241,77,46,274,151,208,97,194,145,89,175,205,328,167,158,37,121,201,137
"BCKDK",13,78,321,105,286,43,52,244,66,246,21,233,96,67,185,389,140,423,239,81,101,49,178
"PGRMC1",3,47,231,21,80,138,24,565,21,147,39,273,317,34,95,129,222,176,170,343,86,393,102
"FRMD8",11,109,369,42,362,42,26,279,38,194,33,276,72,29,221,380,66,621,195,46,58,38,148
"MRPS16",105,95,189,225,180,74,60,176,127,215,156,76,181,172,220,207,236,109,354,92,140,168,94
"ZNF267",10,77,361,26,339,25,22,282,17,231,11,249,29,19,215,290,29,901,116,22,73,45,261
"KHSRP",8,116,379,70,333,34,33,232,127,183,49,188,58,50,252,292,75,669,228,70,33,44,126
"RBM41",81,130,106,363,75,60,33,181,291,133,220,115,155,82,173,266,144,75,270,298,184,161,52
"ANXA3",53,323,209,51,224,84,120,206,11,141,4,45,44,24,452,234,215,511,251,137,118,51,138
"DIDO1",27,118,370,97,244,49,22,219,94,125,108,162,136,54,213,414,105,437,262,87,75,74,154
"PI3",3,31,104,30,107,4,15,213,4,373,1,197,18,7,169,340,15,1504,450,19,3,9,30
"TTLL12",51,55,256,242,207,52,56,295,127,89,79,329,73,86,476,227,72,129,425,52,43,183,41
"CYREN",93,38,202,67,191,93,54,196,153,81,702,110,81,48,213,245,52,233,183,49,74,364,120
"RIDA",275,59,59,215,80,78,164,118,88,220,102,104,171,100,190,175,246,130,173,273,61,392,166
"ALKBH7",86,94,118,96,163,61,75,135,143,208,105,160,290,71,282,182,265,152,248,312,156,116,120
"PIP5KL1",58,53,272,227,144,60,56,274,106,252,54,141,249,127,244,268,141,98,253,60,179,215,106
"STX6",38,108,215,176,186,63,42,268,91,122,220,180,215,84,253,221,199,275,162,140,144,135,100
"ENTPD1",12,206,487,35,353,58,47,214,32,257,15,152,36,6,225,395,79,475,244,33,78,41,153
"TTC17",83,105,238,58,215,36,30,188,213,132,215,130,55,42,296,377,70,414,376,146,60,89,63
"UBE3C",34,56,208,95,254,74,20,254,169,183,222,142,248,50,212,328,136,249,259,122,65,180,67
"AP1S2",13,119,432,40,508,64,35,245,30,227,21,121,94,19,341,278,129,423,181,66,82,85,68
"ALG13",151,127,119,209,76,158,72,224,174,187,186,99,235,141,160,179,235,116,188,145,160,162,110
"PHKB",35,97,268,175,196,91,21,245,165,224,87,148,172,84,186,336,187,222,181,143,90,170,86
"CDC73",38,136,183,168,241,74,35,281,72,164,81,200,185,43,191,259,133,394,225,143,95,126,137
"PSMA4",50,142,283,55,318,48,54,211,85,214,73,250,27,37,253,306,80,569,141,37,73,113,185
"VPS8",15,156,468,58,350,57,28,373,35,140,24,166,83,26,171,410,73,422,159,64,78,65,176
"MRPL23",108,60,151,412,110,180,90,173,124,124,70,126,176,105,234,202,179,108,329,83,109,209,131
"CRNKL1",47,87,271,103,226,62,49,225,133,146,316,151,101,59,207,327,94,288,249,140,92,109,110
"CDH1",87,32,162,142,62,83,23,237,190,157,475,56,146,87,260,215,91,28,245,332,109,337,35
"FCHO1",2,110,653,64,271,27,29,386,25,167,10,221,37,10,200,438,62,463,189,9,58,20,139
"GNPTG",25,91,226,174,194,99,28,250,53,213,72,202,205,111,280,278,148,273,241,110,109,97,111
"RUSF1",64,58,227,267,245,78,92,265,103,185,71,102,218,95,191,373,130,148,262,103,90,152,68
"MBNL2",74,70,107,115,75,136,75,118,287,100,746,184,221,72,112,142,101,88,163,188,34,351,27
"MARS1",13,277,475,58,276,45,31,269,69,190,20,261,26,41,194,337,68,504,150,33,67,28,149
"TMCO3",31,165,377,70,275,68,38,248,156,197,174,206,71,33,191,310,112,341,190,44,46,78,156
"ZBTB34",13,177,485,29,394,22,19,327,20,84,28,221,44,15,207,388,53,601,137,28,62,28,186
"HNRNPM",28,181,260,85,226,47,47,176,131,248,97,149,54,56,276,345,75,450,199,107,57,79,191
"SMARCA2",4,188,381,16,333,49,30,307,57,165,28,155,61,55,213,411,57,567,164,57,71,75,120
"STK38L",14,127,334,65,308,44,58,301,54,133,144,178,67,40,251,326,91,508,149,55,80,73,156
"DCTN6-DT",154,31,33,135,166,31,241,359,289,194,26,27,180,88,308,37,289,5,166,263,429,87,17
"DGCR8",26,90,161,195,218,63,75,186,32,212,20,180,252,41,276,249,73,196,417,282,129,131,50
"MTMR6",4,131,331,24,335,55,42,325,19,216,7,284,44,20,258,301,51,654,159,27,93,33,141
"TP53INP2",1,202,215,28,358,38,21,163,29,335,60,352,56,53,68,401,48,700,122,37,20,46,199
"CEP20",131,121,144,175,113,105,96,158,285,159,220,49,169,112,279,162,194,102,191,150,204,172,58
"ARMC6",114,31,308,202,185,102,26,349,236,266,213,64,127,82,108,218,154,124,298,34,120,128,58
"AEN",39,46,90,75,126,58,47,182,138,140,1028,251,163,83,87,127,137,176,173,145,28,121,85
"GIGYF2",46,76,234,82,145,47,35,219,224,125,615,135,81,49,188,252,68,293,281,114,50,134,46
"TOMM20",79,124,271,107,258,83,26,248,190,183,200,110,105,82,197,284,144,285,176,127,82,80,97
"ZDHHC20",19,163,411,34,230,73,36,211,215,166,126,95,91,58,305,229,68,385,177,190,60,80,115
"GOLM2",11,152,348,28,316,51,63,403,37,159,11,221,50,20,174,320,67,644,182,39,87,53,98
"H2AZ1",15,170,419,36,258,46,27,265,44,268,13,240,47,23,188,268,109,629,169,31,69,44,156
"ANKLE1",89,74,250,212,83,95,45,222,193,221,229,132,134,92,195,289,111,52,227,182,114,228,60
"UBXN7",39,106,239,67,180,57,27,164,156,120,459,137,77,65,209,293,79,363,246,166,39,108,133
"TRAPPC14",8,159,596,86,347,31,52,299,13,122,8,172,38,22,135,409,64,448,237,19,63,16,184
"MLST8",58,58,111,317,155,109,69,175,83,164,62,80,176,189,294,223,242,77,325,103,277,101,76
"AHCYL1",17,110,320,83,286,41,42,224,75,158,53,154,99,59,247,289,119,537,196,94,104,98,115
"C5orf22",46,83,100,171,107,126,42,195,127,128,87,74,246,99,225,351,253,99,286,228,128,196,116
"THOC5",17,154,375,98,254,63,36,331,51,174,33,173,70,60,234,351,131,429,183,54,94,67,81
"HCAR3",14,25,450,33,582,48,47,546,4,51,2,76,15,15,369,356,65,548,139,24,28,38,33
"EIF3F",12,108,396,33,261,51,26,209,188,246,166,144,63,54,299,320,115,335,194,54,57,68,106
"BICD2",3,100,614,38,362,42,35,329,41,58,28,100,58,15,217,386,80,439,184,122,73,89,90
"LSM12",58,70,138,276,183,83,68,171,46,203,112,90,198,167,253,216,213,157,296,140,176,101,86
"COLGALT1",4,189,506,43,404,55,26,243,51,163,11,105,44,12,215,363,79,523,249,46,69,26,74
"AGER",40,171,338,109,247,31,53,250,148,175,28,299,37,38,119,341,105,452,189,39,47,56,187
"FCGR1A",23,23,150,18,206,26,69,171,7,63,2,156,10,14,218,230,50,1730,92,31,47,52,106
"CAPN7",55,80,200,155,233,55,36,207,170,149,323,175,180,56,192,222,162,231,214,124,107,84,83
"MSMO1",227,63,61,79,67,63,152,212,217,196,348,151,125,32,85,209,185,70,222,359,30,281,59
"ZNF687",9,120,336,13,309,15,30,241,36,240,63,178,52,40,166,343,35,754,174,42,49,39,207
"LCN2",5,115,17,5,41,61,22,425,3,34,2,55,45,20,153,284,671,192,414,654,46,72,154
"DNTTIP2",61,222,176,105,187,69,50,187,114,190,281,224,114,91,158,218,137,335,213,93,53,128,83
"PCYT1A",19,113,382,51,305,48,34,300,36,172,50,189,52,46,283,332,74,506,161,36,74,84,137
"RNF41",61,71,245,88,333,66,53,221,92,180,115,129,125,59,237,354,162,309,199,120,104,86,74
"MAN2A1",16,110,244,98,183,56,37,248,123,169,258,157,117,53,195,283,75,359,224,182,71,129,94
"GOLGB1",20,146,235,99,180,54,31,153,112,129,280,154,51,49,235,371,57,380,179,121,57,137,250
"BHLHE40",3,168,227,22,213,35,37,202,13,286,4,177,12,95,298,400,27,929,122,13,22,16,158
"MYO18A",21,108,362,92,227,73,31,455,69,190,66,149,66,33,188,361,100,330,203,101,60,113,81
"VHL",42,63,258,128,212,63,48,163,107,123,77,117,86,119,284,248,276,280,338,128,122,100,97
"MCMBP",17,97,530,14,438,55,52,314,36,101,19,104,56,13,287,369,89,373,277,31,88,37,81
"SNW1",49,129,215,127,225,72,56,193,152,175,152,195,101,80,180,299,107,323,178,158,96,111,103
"MRPL18",52,59,180,151,170,55,107,159,459,102,637,75,198,46,157,94,59,110,199,75,130,131,65
"ICAM1",14,176,187,21,300,19,36,118,4,269,5,219,29,109,192,291,19,1116,99,13,31,18,182
"YARS1",32,108,128,150,137,138,31,274,144,148,70,217,340,89,225,302,175,118,188,61,97,190,105
"MFSD14B",8,304,642,26,325,63,44,176,23,117,19,71,23,11,241,232,84,398,139,69,96,49,304
"SUGP2",29,147,278,186,186,62,45,221,97,142,64,118,133,81,228,293,119,255,282,177,75,118,128
"TBC1D14",3,167,464,23,506,36,23,292,19,136,15,120,27,9,212,422,40,594,210,18,52,15,60
"CCDC9",26,110,274,108,178,37,13,166,54,177,124,251,121,50,214,186,107,611,186,92,64,145,167
"GLRX3",55,149,104,223,138,77,52,170,81,218,103,134,172,117,256,241,206,75,320,252,135,87,96
"ATM",6,289,522,32,375,55,33,191,102,108,35,124,39,62,216,440,59,342,193,16,81,38,95
"LYPLA2",49,117,324,52,307,40,39,306,55,170,67,190,63,63,178,332,111,443,241,73,60,70,102
"MYO15B",5,303,444,100,222,35,35,191,34,200,12,192,30,36,182,356,57,456,224,35,50,42,207
"EGLN1",15,119,333,18,423,62,37,440,11,104,1,146,68,2,317,368,68,548,204,17,78,27,40
"ZNF628",34,58,152,284,188,104,58,153,88,185,93,102,111,90,376,285,148,193,264,112,149,134,82
"BEST1",7,94,636,63,373,41,21,239,1,188,3,227,44,21,180,362,54,420,187,15,65,18,183
"FBXO38",23,91,427,73,261,54,30,290,79,152,140,138,75,31,209,306,102,354,206,96,89,69,145
"ABCA1",3,95,423,44,334,32,15,248,14,280,2,187,31,12,256,432,40,423,93,18,69,108,280
"ZNF33A",9,146,398,57,247,36,50,319,63,102,42,219,45,22,183,469,41,553,201,40,54,38,104
"APOL1",20,59,238,52,311,17,35,292,27,149,26,170,29,34,291,466,36,623,61,16,126,148,209
"SCAF4",33,82,206,138,149,68,48,281,138,133,335,175,99,69,173,208,102,221,239,288,70,115,63
"GLE1",23,70,196,172,130,54,28,157,160,151,357,62,85,124,244,271,91,191,301,167,177,99,118
"ITPKB",14,151,412,38,340,45,44,296,54,124,8,180,37,17,243,409,50,623,125,20,61,48,88
"RLF",31,106,219,90,188,39,40,162,105,153,310,187,69,63,189,227,97,439,214,123,66,122,181
"TNFRSF10B",4,131,448,38,340,25,25,211,11,189,13,227,51,14,217,414,34,586,170,19,44,6,203
"PSMD10",173,96,161,75,127,78,56,177,192,151,420,134,173,76,143,218,144,170,159,133,69,206,88
"PRP4K",29,160,284,101,236,69,36,223,97,122,149,133,107,73,208,336,83,345,199,91,79,136,117
"ELF2",33,179,223,59,239,40,47,236,95,128,117,162,61,33,139,418,55,517,178,61,68,74,249
"FMR1",17,115,342,64,254,36,27,248,106,99,144,213,44,25,216,376,85,344,128,88,73,142,221
"MRPL28",31,71,183,205,178,63,49,207,100,224,171,147,91,56,201,147,162,343,221,163,108,170,115
"NDUFB4",89,103,154,135,135,78,48,250,190,256,142,123,120,128,140,205,203,236,123,92,174,129,153
"KIZ",45,101,151,109,146,48,35,186,80,105,212,155,934,52,88,202,101,166,149,89,82,84,84
"MFSD6",33,19,113,245,50,99,55,198,285,138,587,116,81,103,174,123,90,69,426,127,43,192,38
"ATF5",108,19,159,226,147,85,51,456,157,83,221,93,200,116,206,261,151,120,217,103,94,43,87
"DDX42",28,129,296,185,182,31,29,187,167,143,236,136,81,59,181,278,49,224,198,125,75,244,135
"SMCR8",5,145,382,17,304,16,24,226,45,143,65,194,40,20,219,345,39,650,151,16,65,45,237
"TWF2",2,99,440,39,305,59,25,331,33,209,7,224,55,26,224,287,67,510,181,24,62,50,132
"ZNF641",4,127,375,74,617,26,17,484,13,181,5,160,51,12,190,320,65,400,160,19,48,25,17
"RUNDC3A-AS1",64,71,175,183,196,87,66,277,103,221,177,103,234,51,152,223,140,67,306,114,128,194,56
"MAP3K5",1,167,521,15,304,38,24,213,19,157,7,163,33,15,265,367,45,590,104,31,90,50,168
"MOSPD2",9,81,526,34,394,37,34,351,7,116,2,156,44,8,266,399,80,382,184,24,85,30,135
"PTPN1",20,124,283,37,272,43,30,227,110,170,62,172,49,23,213,257,61,750,144,49,51,58,178
"EAPP",167,132,187,57,214,43,46,205,107,156,172,281,43,57,191,242,100,458,169,102,45,111,96
"TCF20",21,95,307,59,311,35,48,280,78,107,68,212,57,30,202,459,60,507,128,55,64,71,125
"SRSF4",10,127,351,60,279,47,28,351,37,109,41,166,47,16,241,331,86,571,136,36,90,59,159
"C17orf99",178,35,96,268,71,124,124,117,71,135,19,72,103,248,133,459,163,138,178,81,180,238,144
"TLN2",33,41,275,281,107,81,9,137,173,155,80,142,159,134,148,220,114,117,240,93,55,505,75
"XIAP",19,103,188,158,242,62,27,239,164,109,218,110,103,36,291,228,117,287,187,94,90,179,120
"MSL3",25,222,444,43,218,58,41,215,38,179,17,89,28,18,371,260,64,442,208,46,113,60,167
"SUMO2",52,116,337,53,303,49,42,248,96,177,39,170,58,50,254,228,114,488,145,91,60,79,116
"THUMPD1",16,93,93,49,195,46,51,141,168,89,889,66,100,54,142,149,90,283,267,198,20,99,63
"WDCP",37,82,147,214,121,101,31,267,134,132,171,77,142,95,234,331,128,105,261,153,131,142,124
"MANBA",2,152,469,39,376,46,25,332,16,124,16,136,37,13,236,410,69,473,137,52,76,31,89
"ERCC2",51,21,118,334,176,104,63,200,64,186,52,75,156,83,257,259,105,117,443,200,123,99,69
"CNOT6L",14,123,321,17,294,43,26,219,81,151,64,151,26,94,197,322,39,553,122,49,72,55,321
"PUM1",45,73,327,51,241,41,44,223,122,124,395,97,81,60,258,288,81,309,170,124,52,87,60
"CAMLG",78,128,170,125,252,99,59,261,97,185,81,162,181,41,166,228,200,267,147,195,66,77,86
"CYTOR",260,98,140,106,157,120,96,36,200,155,351,74,91,134,159,165,156,88,100,164,144,249,106
"REX1BD",34,94,241,163,243,105,47,230,122,220,67,255,204,76,153,218,137,164,168,74,102,126,104
"KANSL1-AS1",36,37,135,166,438,44,17,93,428,128,97,53,116,94,62,156,116,292,86,251,52,98,347
"DNAJC8",103,135,212,81,236,63,37,192,110,168,114,158,94,67,149,299,144,375,214,98,66,125,95
"KCTD5",52,69,129,148,128,78,61,149,123,144,127,128,147,122,293,242,181,210,266,148,152,140,98
"ERN1",5,155,343,43,251,32,16,181,42,164,29,260,71,43,202,395,61,518,191,42,39,24,226
"C6orf120",65,73,145,153,143,98,64,245,146,150,131,112,251,79,174,167,290,150,247,94,134,141,80
"CKAP2-DT",680,140,93,191,82,117,111,187,165,119,158,108,120,92,83,109,147,57,146,133,93,138,62
"CNOT3",12,58,385,83,285,57,25,261,73,119,96,158,76,34,240,410,95,348,222,82,45,78,88
"GARRE1",30,42,177,122,169,81,33,255,154,128,366,156,148,77,136,258,72,116,307,243,64,136,57
"WBP11",13,91,203,71,185,50,38,195,88,180,175,153,67,56,207,256,142,471,218,217,68,57,126
"CMKLR1",58,32,59,393,274,88,30,179,97,83,211,391,83,42,177,99,81,249,361,41,161,94,42
"LMTK2",20,165,302,94,281,43,48,193,56,104,77,136,57,35,158,366,64,427,190,66,51,103,287
"DGKD",10,236,321,53,336,43,31,197,89,142,20,144,66,44,186,289,65,409,212,55,97,88,185
"CST7",31,281,134,44,130,103,48,117,49,350,1,29,13,126,246,233,213,522,258,24,155,56,154
"MTATP6P1",110,256,300,186,86,20,83,164,45,402,20,102,173,50,129,209,333,232,40,144,54,72,105
"ZFC3H1",14,194,342,59,263,34,20,247,74,133,170,136,47,27,195,352,35,456,158,67,54,70,165
"TPT1-AS1",66,52,185,357,118,86,40,180,144,206,65,128,185,156,159,225,257,58,192,100,180,96,75
"GALNT2",34,83,199,142,191,86,34,188,136,162,111,98,130,98,216,267,149,267,248,139,83,175,70
"NIPAL2",185,75,137,186,137,68,148,192,213,117,85,82,123,110,220,276,110,84,284,84,168,155,67
"FAM149B1",42,95,165,257,79,84,69,316,59,137,80,129,208,120,185,287,204,144,217,76,146,108,98
"GOLPH3",15,97,287,65,284,60,28,214,102,161,72,143,50,36,264,367,113,414,210,65,72,75,107
"GGA1",28,91,213,175,174,61,26,199,68,185,50,183,115,74,185,220,188,531,152,64,99,75,144
"MIDEAS",15,108,350,36,252,27,32,220,51,151,70,141,33,48,180,390,38,646,119,71,35,58,228
"PLPBP",45,54,187,158,204,68,41,198,112,151,105,67,122,104,263,292,193,252,254,90,154,112,67
"ATG4B",30,74,300,93,232,49,43,242,84,212,33,160,81,54,213,327,109,432,222,57,84,49,111
"GAB1",39,54,217,114,102,55,41,222,244,107,530,101,95,57,161,221,85,269,171,96,74,140,95
"CEACAM4",13,139,534,43,368,29,51,142,5,169,0,140,31,6,140,421,36,459,238,32,92,34,162
"PCBP1-AS1",14,159,236,84,266,16,16,273,24,108,32,133,43,18,205,482,54,772,114,13,49,25,144
"USP14",55,66,157,297,162,72,36,143,155,160,80,109,175,82,229,226,201,85,221,189,156,138,82
"RBM19",36,70,141,336,124,76,37,172,118,159,82,93,161,165,200,232,133,116,348,177,104,127,68
"ATRX",25,113,189,123,190,46,36,191,169,114,243,109,69,50,193,331,96,315,203,175,43,131,118
"RABEP1",12,64,157,227,132,99,33,189,124,182,165,66,207,128,262,189,194,143,221,115,169,138,53
"PLXNB2",2,136,521,27,435,34,19,139,38,260,12,40,71,16,450,367,39,298,181,16,42,42,77
"ARHGAP35",16,94,184,183,167,62,36,222,87,116,106,140,131,55,227,388,107,179,260,265,73,68,95
"MCRS1",55,77,211,159,161,90,39,151,64,163,69,106,173,130,249,266,140,247,271,76,114,132,118
"BRAT1",4,110,468,43,209,19,19,246,38,203,12,262,41,24,123,305,56,714,83,16,39,16,209
"TNKS",26,70,159,166,140,54,17,159,127,118,349,118,159,80,218,243,122,164,268,201,105,106,90
"CYSLTR1",10,66,305,27,387,31,45,514,13,118,9,243,52,19,164,352,43,457,69,30,140,56,107
"PHF2",10,108,417,31,339,19,34,241,24,116,12,172,39,27,203,456,56,615,160,28,40,25,85
"KREMEN1",10,124,217,74,188,65,32,187,23,148,14,75,41,59,235,230,86,846,357,28,54,91,72
"PRKAA1",10,96,370,18,274,44,33,250,44,116,41,130,55,33,256,357,122,521,179,81,63,40,123
"GOLPH3L",60,89,103,158,84,113,72,169,190,100,643,76,83,92,132,174,188,84,222,97,84,118,124
"GPR160",42,140,253,25,254,60,80,189,71,185,88,151,19,122,212,128,115,561,226,69,89,100,76
"KSR1",21,110,313,101,265,38,38,281,33,219,27,146,69,47,176,392,57,358,190,66,97,88,122
"PLD3",4,107,473,33,335,52,27,192,50,281,12,149,72,23,242,264,64,485,208,28,56,35,61
"USP22",13,83,441,39,331,37,32,256,74,147,51,173,61,40,180,376,70,347,154,123,43,50,132
"ARK2N",17,115,200,32,142,29,30,174,25,122,30,295,30,22,199,218,45,1053,131,31,78,65,163
"TBCEL-TECTA",33,73,99,206,168,120,43,231,90,271,144,176,265,78,108,161,106,142,233,121,108,179,89
"LMNA",72,48,146,45,62,95,106,210,83,282,444,122,147,62,111,105,180,122,245,316,45,151,44
"SRA1",29,128,269,51,291,53,59,216,41,368,56,210,28,60,180,276,79,342,185,43,86,53,138
"BAX",11,156,396,40,267,55,44,213,36,204,75,224,36,25,144,327,66,514,152,22,57,25,149
"PPP1R12B",6,209,497,58,337,25,43,195,27,106,38,122,25,16,155,623,42,264,187,38,35,36,153
"PRCC",30,46,221,99,210,62,38,199,159,135,177,273,71,47,171,233,83,325,286,99,78,102,92
"FKBP1B",50,111,141,186,243,106,72,390,32,189,37,94,142,77,208,129,208,108,169,158,197,93,95
"JMJD6",11,290,125,31,135,39,20,181,96,227,135,260,17,40,117,224,72,816,168,60,35,38,98
"CXCL1",0,46,459,91,619,29,15,327,1,279,0,141,24,5,103,380,95,371,150,19,18,5,57
"CAMP",10,131,87,14,70,73,50,448,4,88,0,77,54,25,144,331,454,293,263,379,43,80,115
"CPNE3",9,108,279,28,304,46,38,248,45,101,16,118,45,25,280,304,154,502,188,152,88,56,99
"PIGX",2,108,283,32,254,62,31,352,18,191,11,235,34,7,238,318,39,690,109,15,32,33,139
"ATXN3",40,96,135,206,158,70,54,215,154,147,233,140,190,59,193,198,136,176,194,81,123,136,98
"PIN1",44,73,205,172,148,73,34,167,69,253,68,125,98,122,220,249,231,239,241,113,133,58,97
"THBD",2,160,256,11,169,29,16,167,15,196,8,178,44,9,248,621,23,843,124,10,13,6,78
"MAP3K8",32,284,170,45,153,49,42,159,73,181,132,191,64,133,118,213,82,588,100,152,41,85,138
"PPP2R5E",20,77,164,97,142,77,26,185,137,100,413,123,157,28,231,227,172,224,231,96,59,150,89
"STRIP1",53,78,187,118,146,65,35,178,142,112,209,137,123,78,214,249,118,223,202,200,82,173,102
"CRK",11,75,255,57,179,29,34,195,60,171,230,237,70,22,200,189,54,691,151,72,54,60,123
"SREBF2",25,85,263,99,143,63,19,201,302,147,77,111,69,82,317,263,100,206,259,70,40,159,115
"TCTA",29,56,229,162,170,104,53,227,92,227,148,101,165,49,222,260,109,171,265,68,129,98,75
"NFYC",10,104,387,55,268,46,33,280,40,150,27,158,65,25,212,289,77,447,200,51,89,61,134
"SIN3B",13,129,535,89,279,27,30,219,57,144,37,110,65,38,169,356,68,342,142,70,62,65,162
"UHRF2",60,106,183,107,151,102,62,255,145,141,158,163,104,78,163,255,109,164,189,203,64,152,92
"HMGN4",19,128,326,18,296,44,41,347,45,220,18,265,37,15,253,299,57,444,102,24,52,61,94
"COPB1",25,107,338,37,266,57,29,199,129,151,82,122,60,41,278,283,55,435,148,60,71,59,170
"OSM",8,82,310,55,609,44,10,378,9,40,6,120,7,11,217,544,133,251,275,28,15,14,33
"TNKS2",29,116,390,34,285,27,31,243,77,109,91,128,40,40,244,348,77,441,124,56,68,40,154
"CHORDC1",67,131,117,108,56,84,36,94,527,60,615,256,47,31,130,46,101,40,87,359,54,87,56
"ADISSP",61,61,260,104,176,67,29,217,282,153,34,229,255,81,123,240,214,95,143,106,89,126,42
"INSIG1",21,83,172,28,129,61,27,209,159,197,34,158,58,47,167,231,77,604,159,134,31,146,255
"PCDH1",27,44,65,221,121,59,17,552,36,169,64,143,184,19,167,336,189,63,303,156,47,175,30
"LMNB1",7,212,287,30,291,37,39,161,54,93,14,134,16,35,491,262,87,417,160,39,79,71,169
"EMILIN2",2,97,481,11,338,44,30,225,28,199,11,54,56,12,439,278,36,475,191,36,63,33,45
"USP48",56,157,260,113,236,44,35,188,114,123,86,118,130,128,116,261,98,202,180,91,81,248,118
"EZR",8,156,231,32,182,34,35,177,167,224,89,102,44,129,266,251,40,495,120,54,54,28,264
"CCR3",2,49,559,68,354,8,35,235,6,196,5,138,25,7,292,626,21,288,96,16,54,26,74
"SERTAD3",52,143,149,24,169,65,58,301,62,134,329,221,29,32,106,194,83,476,236,152,34,21,110
"NUTF2",102,52,164,169,138,62,62,180,131,183,159,160,154,63,159,197,208,123,199,173,70,209,62
"ZSCAN16-AS1",184,19,98,253,131,53,85,144,135,200,200,138,91,103,206,105,317,59,289,82,151,68,66
"ITGA4",8,140,301,47,203,50,22,131,121,134,65,113,50,54,277,328,42,643,99,60,69,71,147
"EDEM1",6,155,271,44,270,19,25,163,111,144,25,169,44,25,218,272,52,688,114,49,49,33,227
"NEU1",36,70,266,75,260,89,25,277,36,174,99,103,133,52,277,299,152,277,217,45,60,64,87
"ST7",54,37,92,339,81,114,49,232,166,128,179,220,174,59,134,125,196,109,172,171,133,144,64
"CBX6",4,232,349,35,215,22,30,148,39,191,16,277,17,58,137,242,59,753,98,31,40,35,138
"P2RY10",1,19,624,27,280,45,10,601,34,59,20,230,76,19,221,201,54,428,134,15,23,22,21
"CDK2AP2",51,48,214,108,238,71,42,207,184,124,77,125,101,43,241,216,210,171,183,200,99,147,63
"PSMA3-AS1",9,175,342,62,226,44,25,222,60,110,156,181,61,36,178,339,62,423,187,27,41,52,145
"RSBN1L",15,85,345,30,323,41,26,322,50,117,169,152,60,13,205,383,69,275,136,72,65,68,142
"KRAS",18,148,244,23,310,50,37,281,43,133,31,230,53,42,227,306,60,500,153,41,40,24,168
"CDK9",23,120,209,130,188,52,40,211,82,197,102,248,77,72,146,301,121,347,154,87,71,83,100
"MT-ND4L",100,233,377,188,74,20,55,151,34,288,39,47,93,55,132,317,384,168,69,110,33,52,141
"FXYD5",5,129,402,22,300,68,21,192,75,186,42,124,43,42,250,281,53,417,172,63,87,87,97
"CLDND1",149,134,133,104,133,85,47,139,177,169,277,117,108,48,183,187,184,180,170,121,82,115,115
"KAT8",9,111,298,76,303,27,28,229,67,198,74,240,38,18,194,315,56,423,183,54,74,21,121
"NUP62",21,53,189,137,207,73,32,176,99,134,51,126,114,67,289,242,164,164,245,320,121,53,80
"JMY",59,60,108,95,58,77,47,130,206,52,693,151,105,61,159,138,89,75,292,233,24,182,61
"EVPL",32,24,38,444,122,23,7,83,29,223,46,105,243,34,230,145,195,50,787,77,56,113,48
"CENPBD2P",19,72,160,168,244,65,36,204,48,119,62,155,126,69,258,215,183,243,321,179,101,37,69
"DNTTIP1",8,106,317,50,288,28,39,306,20,148,8,257,22,12,190,331,73,495,179,24,60,25,161
"HYOU1",41,87,218,116,126,46,26,170,202,114,333,162,133,70,240,189,111,119,249,142,45,152,51
"OSTM1",13,78,350,48,364,56,54,231,42,145,40,117,63,28,228,294,83,459,146,98,70,42,87
"STK26",12,142,398,34,350,63,43,270,38,116,31,148,82,38,144,332,61,304,163,61,87,52,166
"STXBP5",9,165,364,51,258,42,39,243,12,131,3,143,25,18,182,339,49,741,139,24,64,19,75
"TAF1",15,76,264,116,180,63,27,211,100,106,194,107,131,56,167,306,113,257,183,104,105,123,131
"YKT6",11,104,256,82,258,43,22,206,59,201,49,221,45,72,196,298,93,503,147,47,47,62,113
"EGR3",2,30,149,41,617,35,14,162,3,285,6,219,6,35,31,608,54,635,131,15,2,7,46
"SRSF6",28,178,265,57,242,59,40,166,86,167,124,150,82,72,161,299,138,291,194,112,45,85,89
"HK2",6,137,557,23,348,98,43,271,14,74,8,77,31,3,281,241,59,380,175,31,86,51,135
"DAPK2",3,189,481,50,327,43,14,268,4,145,0,185,16,6,152,418,68,392,210,22,40,15,78
"IL2RB",5,354,121,22,142,64,17,89,49,249,13,59,16,399,293,439,12,73,62,10,65,143,429
"SIRT3",100,27,63,313,187,99,31,84,118,112,159,20,166,244,160,61,165,52,390,196,19,334,23
"ENTPD4",8,111,354,38,238,19,29,168,112,81,188,152,51,44,202,271,39,519,173,45,36,42,202
"HMGN1",5,218,223,31,202,64,24,237,101,192,29,177,14,66,166,271,124,436,179,100,42,64,156
"MEGF6",1,115,507,63,192,13,23,200,12,157,8,154,20,19,137,409,58,614,247,23,34,7,108
"VPS50",103,53,91,134,86,79,34,228,130,113,264,302,151,65,111,183,117,55,286,201,56,222,56
"MTF1",18,151,231,45,202,39,30,207,114,162,224,158,59,40,179,227,55,527,137,77,47,78,112
"AIRIM",73,50,78,167,79,68,39,400,165,127,431,107,214,47,68,263,82,27,290,45,51,172,74
"H2BC4",81,78,247,30,260,56,53,292,70,103,83,209,89,47,180,368,95,364,116,61,53,99,83
"PRRG4",21,49,357,11,379,60,59,407,9,71,3,176,50,9,202,252,137,514,94,22,118,63,54
"TRA2A",33,166,229,69,305,56,22,241,76,157,145,139,36,33,178,378,84,308,194,67,54,54,90
"ART4",104,13,112,60,71,71,30,181,218,98,919,94,75,51,109,171,112,26,184,176,49,160,29
"TTYH3",3,94,414,17,357,47,19,213,41,229,18,65,85,20,332,261,80,412,165,41,49,39,108
"FHL3",12,38,323,23,376,29,33,176,8,134,1,258,36,19,206,330,38,718,142,30,86,17,73
"PHYKPL",19,204,334,157,193,34,44,197,52,142,20,96,28,98,272,367,103,252,182,58,34,143,77
"COA8",48,45,141,401,122,90,17,276,76,213,66,181,150,87,94,202,261,107,146,35,207,44,96
"LEMD2",11,114,283,106,269,48,20,185,52,130,40,123,66,39,223,281,82,464,235,62,100,32,137
"SMARCA5",17,160,270,39,246,38,39,212,74,162,72,161,46,34,209,235,66,553,143,69,53,57,142
"ARFGEF1",14,110,309,38,281,37,25,208,72,93,55,92,89,17,242,334,81,443,197,89,60,77,132
"EMC4",148,51,121,200,113,108,69,118,119,198,115,99,181,128,236,189,126,121,202,82,103,202,66
"TRAPPC1",39,90,218,118,249,63,36,218,123,158,50,149,71,46,204,201,149,302,210,99,87,137,78
"GTF2A2",117,72,134,171,127,105,65,191,92,177,173,95,129,59,185,164,184,132,339,123,84,100,76
"WRNIP1",78,70,248,70,198,70,42,169,142,113,241,190,154,65,123,129,133,150,289,179,53,129,59
"ELMO1",13,98,362,29,412,60,24,240,25,103,30,129,45,17,135,363,68,531,164,43,41,49,111
"TEP1",7,113,366,37,316,15,41,201,37,85,18,178,24,14,247,416,23,602,75,17,45,30,185
"CENPT",102,63,119,175,99,75,60,139,139,164,137,118,156,141,186,145,199,135,221,186,75,144,112
"MEA1",63,54,154,177,153,90,41,199,81,150,37,134,110,120,234,222,244,164,195,165,97,121,84
"MTDH",17,147,273,48,242,49,34,199,193,186,77,71,50,33,309,270,80,346,174,118,58,50,65
"ADCY7",13,132,396,20,303,36,31,207,70,113,215,74,40,32,239,485,22,293,126,32,72,52,84
"UTRN",7,164,241,34,266,36,15,161,65,129,32,91,26,84,214,435,34,445,120,18,72,71,326
"RASA3",7,112,273,17,198,75,30,235,62,161,27,182,65,74,203,319,78,299,128,156,59,135,187
"SQOR",38,119,233,58,332,60,87,265,29,164,10,174,66,20,174,229,82,360,150,173,114,43,101
"FANK1",163,67,127,97,61,85,109,83,130,117,393,30,47,122,231,87,232,32,340,208,130,128,61
"ARFIP1",11,88,305,32,296,57,64,356,26,110,34,193,48,22,207,360,44,428,164,42,48,37,104
"SLC25A51",31,10,120,351,141,31,75,101,184,111,269,92,15,110,159,387,187,180,139,69,115,98,101
"SART1",10,111,256,68,263,38,25,237,70,132,52,155,34,30,237,282,71,506,151,39,75,78,154
"C1orf116",43,50,130,80,254,76,121,281,92,98,217,111,118,56,172,110,100,94,204,391,106,120,48
"ATMIN",41,69,173,118,108,59,25,198,231,105,138,106,120,62,225,195,192,212,208,215,79,144,46
"MAP4K2",12,131,405,32,218,68,26,225,42,124,21,188,72,25,115,330,136,380,179,67,47,56,167
"SSR2",9,158,297,36,288,45,27,196,70,267,18,211,43,33,193,209,65,481,161,22,44,23,169
"ZNF655",37,131,251,86,160,42,47,130,71,189,200,111,40,75,175,270,94,365,213,58,69,71,180
"LINC01128",28,70,100,225,71,65,14,291,123,178,202,167,284,74,107,255,109,119,104,96,72,195,114
"SREBF1",20,102,302,55,321,20,25,303,46,290,18,155,35,50,144,342,45,387,120,24,45,44,170
"ANO6",3,79,248,5,183,124,21,298,25,123,10,198,210,25,175,146,107,213,129,316,91,274,57
"KANSL3",33,66,195,151,118,63,37,145,147,140,124,198,174,34,195,235,80,211,233,97,49,235,100
"APBA3",19,42,155,148,163,65,54,218,156,107,46,114,166,113,236,219,228,195,213,148,132,57,63
"SESN1",39,54,102,79,86,62,41,175,207,97,655,166,142,48,137,147,123,108,195,123,19,192,60
"STYK1",54,19,120,177,58,138,24,285,248,140,422,114,223,51,71,170,64,77,163,42,50,287,56
"PLEKHF2",29,121,287,39,283,45,39,204,57,152,84,182,56,18,206,306,98,475,135,52,31,52,100
"TINF2",34,93,248,47,272,57,39,212,61,171,46,131,57,60,205,268,96,436,143,56,67,100,150
"DHX15",19,121,258,48,214,35,24,231,94,134,180,119,59,54,216,296,90,379,165,72,64,44,132
"EOLA2",91,42,115,173,174,93,14,104,59,178,95,91,165,105,266,272,300,122,229,36,184,76,63
"ETS1",11,226,187,29,161,42,24,107,276,240,87,57,32,223,250,280,44,232,146,23,68,73,229
"PGLYRP1",4,123,188,23,161,100,45,302,7,162,0,80,46,15,163,157,307,430,340,170,93,46,85
"RNF144A",13,67,118,331,161,55,18,195,57,82,167,65,112,124,224,236,175,202,255,190,92,64,44
"DNAJB9",67,150,71,96,148,58,48,157,121,131,421,156,75,35,108,174,106,270,185,274,36,111,48
"RSPRY1",22,69,157,139,132,58,24,203,146,132,248,148,140,70,184,186,184,162,211,138,121,95,76
"TFIP11",31,69,212,131,187,55,39,219,85,144,117,207,111,48,144,241,68,344,206,147,83,108,49
"ANXA6",0,216,382,18,178,47,38,148,236,238,97,49,28,94,288,291,67,222,121,59,56,45,124
"ATP2C1",26,52,203,123,202,59,20,273,147,128,185,144,115,39,138,325,95,197,136,96,58,235,46
"MON1B",7,78,314,37,223,29,36,206,42,149,70,151,47,20,204,255,52,678,154,31,64,34,161
"SPN",16,129,354,44,147,52,14,138,143,203,83,68,46,100,305,385,121,174,163,145,51,67,94
"SCAF8",24,73,213,66,174,45,37,200,145,95,390,185,83,52,178,256,83,249,153,72,35,129,103
"VPS37A",70,91,166,185,121,81,60,161,103,137,144,150,194,64,235,192,177,105,193,107,95,155,52
"SLC25A28",8,169,224,60,173,44,25,168,69,154,69,211,58,42,151,235,50,636,100,35,50,117,188
"PPCDC",18,45,216,67,181,21,25,307,17,218,7,289,26,24,129,290,32,752,95,19,46,37,173
"TMEM184B",2,138,364,46,359,26,14,231,14,140,4,156,40,31,204,349,56,468,154,20,42,15,161
"CD2BP2",3,120,356,33,286,33,24,207,42,169,44,162,49,28,180,311,49,567,147,16,49,35,123
"LTBR",2,67,372,43,274,18,32,256,5,178,9,122,23,14,310,430,45,532,174,19,37,18,52
"CEP350",19,122,232,76,243,51,26,162,114,75,171,120,52,46,205,300,53,374,227,105,66,94,98
"NPM1",26,194,276,19,174,54,21,129,292,217,94,114,29,87,263,215,102,278,127,76,65,65,114
"CEMIP2",4,141,272,31,331,28,33,202,43,143,15,92,26,90,304,327,45,460,111,31,93,35,172
"CHD8",6,99,322,67,273,44,29,221,71,94,95,85,44,35,179,363,71,469,127,53,64,56,156
"ME2",10,131,263,20,411,31,27,308,41,140,13,151,47,19,221,339,66,324,234,29,67,56,73
"TMED5",19,114,252,30,219,54,37,177,60,193,44,161,52,42,202,200,87,670,152,42,37,37,139
"SIGLEC9",6,84,238,32,350,14,24,369,13,83,2,93,20,7,286,632,32,370,156,14,35,32,126
"MIA3",29,90,290,100,236,32,47,252,61,100,74,117,52,29,179,344,74,374,134,76,85,124,118
"PIP4P1",43,97,290,54,210,34,28,164,98,159,192,220,31,44,183,202,64,499,110,95,23,50,126
"DCTN1",30,138,265,97,234,56,33,218,55,99,25,99,68,47,280,310,126,286,141,178,74,96,60
"KLHDC8B",5,17,396,156,81,39,23,353,122,58,35,71,581,11,81,345,55,111,167,79,55,104,68
"FXR1",41,130,137,114,139,73,40,183,146,121,327,127,98,47,199,205,105,234,117,179,48,126,76
"UBE2A",36,157,258,30,206,41,54,217,76,177,111,163,46,51,190,255,77,405,141,90,65,48,115
"SLC9A8",7,169,295,43,205,33,42,147,16,178,23,120,43,36,132,337,49,537,191,22,47,37,295
"RCBTB2",8,70,356,34,520,26,19,303,14,102,7,140,41,7,178,404,50,388,138,20,74,23,80
"SCYL2P1",38,41,102,79,101,103,51,137,164,179,541,59,127,55,107,171,106,68,211,224,87,216,29
"JMJD8",31,20,120,206,142,53,37,153,108,132,98,76,122,161,251,248,174,76,328,166,149,88,56
"BTK",18,103,438,32,304,86,37,272,72,108,46,112,41,17,213,297,64,288,115,78,75,91,86
"MRPS7",93,40,56,194,80,87,56,95,96,143,105,59,109,137,332,181,235,74,218,241,129,80,151
"DHRS9",10,18,249,42,461,47,38,605,11,84,5,120,44,8,220,256,42,328,137,24,79,63,99
"UXT",190,79,146,127,123,121,60,272,135,151,145,158,76,68,113,134,216,121,124,101,123,91,114
"SPATA13",14,179,281,38,173,44,43,164,33,103,34,93,35,30,233,236,41,644,161,34,85,75,208
"DEPP1",95,9,17,30,12,111,126,73,128,37,1328,25,44,73,119,61,155,17,118,224,15,151,12
"BICRAL",25,123,298,41,227,32,31,264,66,110,76,153,71,21,207,351,61,360,125,39,78,98,122
"MPO",2,186,52,0,41,56,35,211,285,42,26,98,35,13,130,482,370,59,167,325,53,128,183
"MORC2",47,53,129,124,101,96,29,172,167,92,359,137,146,56,154,226,95,78,233,234,45,148,57
"IRAK3",10,211,366,23,327,28,48,179,12,88,4,89,42,3,262,234,38,454,201,41,76,32,209
"MGME1",59,68,154,107,158,92,35,194,176,121,338,145,108,52,140,179,107,122,159,89,87,216,71
"TMEM170B",4,269,288,10,206,34,36,124,6,196,2,272,35,16,125,194,54,761,121,25,34,15,148
"HMGCR",8,101,414,29,350,42,40,291,28,119,21,75,55,12,248,375,43,374,151,19,76,39,63
"SEPTIN6",4,143,213,11,237,67,28,266,152,129,58,160,49,61,198,225,73,401,112,61,71,99,152
"ZFYVE27",26,80,297,74,261,49,21,273,93,121,192,141,66,44,153,278,104,332,139,33,42,63,84
"PSMB10",11,92,332,26,339,25,36,292,31,189,18,187,26,16,159,296,57,445,101,19,96,57,115
"LIN54",25,67,172,128,180,65,57,239,64,135,213,251,195,43,123,129,87,218,166,115,62,130,96
"MLLT1",3,132,352,38,350,25,38,182,32,169,5,106,44,22,233,275,61,418,263,37,29,23,121
"SMARCD2",1,95,380,29,300,31,28,263,71,111,20,170,45,25,205,271,72,439,131,37,53,39,138
"NPIPB3",39,9,239,270,144,81,45,230,57,82,68,65,179,70,245,199,84,113,223,71,159,202,78
"EEF1A1P5",14,217,312,57,130,139,8,136,65,132,71,53,93,44,235,165,278,89,81,428,51,78,75
"MPIG6B",5,20,114,16,41,160,20,378,13,71,17,180,182,22,99,114,244,88,161,405,59,484,56
"CMTM3",5,121,265,21,413,47,21,307,22,196,6,154,39,27,183,233,66,498,123,24,67,30,79
"ATP1B2",44,21,139,259,64,70,37,270,82,175,61,162,279,49,160,169,180,90,183,134,38,227,52
"STK35",31,48,224,63,153,49,46,175,163,127,275,144,70,31,170,251,80,289,224,128,62,67,75
"POM121C",4,116,279,57,370,36,18,221,50,122,31,138,60,63,175,361,35,372,141,68,60,36,130
"KEAP1",33,76,168,105,185,104,31,158,144,138,90,169,102,51,243,243,114,157,160,237,66,107,61
"CXorf38",9,84,373,38,251,40,33,243,36,109,9,172,37,16,173,350,57,549,100,28,60,19,155
"PEX2",164,79,138,125,100,57,46,146,138,157,566,84,107,55,112,152,156,152,146,40,77,99,43
"TMEM9",128,72,122,255,156,146,62,272,101,204,79,118,137,57,113,166,166,133,130,52,107,90,67
"UQCR11",94,59,148,213,135,60,71,149,125,183,274,71,116,70,204,199,154,92,223,50,99,56,87
"DENND10",16,86,394,30,278,37,31,277,15,232,7,122,37,8,251,221,57,414,197,32,60,38,90
"JDP2",7,132,315,18,225,36,36,273,7,134,1,265,37,13,138,261,90,637,113,15,30,17,130
"SECISBP2L",21,55,195,53,176,59,41,153,114,71,263,143,99,46,174,254,65,296,183,205,70,95,99
"BTBD1",39,64,161,78,141,81,21,160,139,99,267,90,124,72,251,161,150,230,290,128,39,89,55
"CDK11B",22,157,238,57,181,29,27,161,49,135,46,240,54,41,151,309,73,453,139,64,59,102,141
"MAD2L1BP",85,69,176,77,105,66,52,165,200,108,204,140,120,77,144,143,67,289,93,164,112,177,95
"INAFM2",0,89,314,22,230,47,15,258,21,153,13,171,56,9,147,222,74,423,146,137,49,207,123
"THAP12",23,101,225,135,188,46,14,192,92,166,57,173,151,48,169,274,203,223,149,93,48,91,64
"CNOT4",39,41,132,94,111,66,36,167,152,79,453,114,153,55,151,179,73,101,217,175,70,201,61
"HTRA2",44,45,241,133,187,79,19,346,64,124,34,182,109,53,116,249,189,245,124,68,58,96,115
"HNRNPA3",25,143,230,133,115,29,20,104,95,161,97,101,172,89,219,262,112,257,197,112,44,53,147
"YWHAH",11,55,244,20,189,102,25,383,71,116,34,143,100,25,195,246,155,214,174,198,51,118,46
"VDAC2",31,91,188,59,139,90,28,204,65,144,210,167,193,55,163,186,136,251,129,86,101,80,117
"PIK3C3",43,79,249,75,210,57,39,209,49,121,191,149,73,40,184,279,75,279,133,101,77,98,101
"DDOST",8,154,313,12,271,27,29,208,196,137,56,105,27,48,231,285,76,331,146,46,51,54,95
"ADAT1",49,46,123,209,86,116,44,167,170,172,35,140,157,54,114,192,142,167,214,177,81,179,71
"ESYT2",9,147,312,37,210,57,12,112,48,101,21,144,44,64,255,358,68,492,81,54,46,38,195
"REPIN1",21,113,256,103,204,30,13,247,80,121,28,113,78,28,202,312,84,327,186,113,96,46,104
"SMIM12",36,61,232,118,198,97,45,172,70,165,133,113,147,34,150,175,178,208,173,117,85,98,98
"MTIF3",73,106,142,195,120,22,100,168,143,174,52,43,95,100,161,246,128,118,194,78,169,215,60
"CORO1B",5,79,341,36,311,38,41,211,41,143,12,140,30,18,180,403,65,469,129,20,41,55,90
"HIP1",6,46,503,60,197,15,12,111,14,42,5,71,35,12,133,761,25,414,78,23,29,33,271
"COPG1",16,112,303,42,241,34,38,192,81,138,55,111,42,42,284,250,56,395,135,44,62,76,146
"ATP5MG",180,72,99,212,94,88,45,119,160,157,183,80,139,67,141,167,193,99,152,124,108,151,62
"DEGS1",14,101,327,33,295,73,28,241,46,134,17,104,38,18,260,276,113,361,158,53,97,39,66
"SENP2",21,84,223,108,197,72,18,150,152,105,132,117,83,41,170,218,107,320,133,70,95,163,111
"MRPL14",171,56,111,83,238,65,120,143,57,106,92,96,96,64,107,132,334,141,167,291,67,87,63
"PIGT",25,85,205,112,190,52,28,251,73,150,44,101,79,95,166,329,105,325,156,104,72,46,93
"PDS5A",54,117,168,136,178,38,24,125,173,108,73,132,73,39,245,296,112,206,215,139,98,71,65
"SKP1",96,71,104,157,76,86,63,137,124,105,469,100,111,65,104,133,110,115,203,138,121,100,93
"ZBTB11",44,131,172,90,134,58,44,115,82,62,113,125,103,51,195,140,67,297,234,371,73,85,94
"NCOA3",12,93,303,28,296,38,29,187,58,113,55,85,42,39,188,299,27,532,105,48,68,80,154
"PPP2R1A",10,54,303,38,286,46,30,191,101,175,93,105,62,38,224,222,91,408,175,38,69,36,84
"RRM2B",11,75,362,38,312,22,18,311,28,77,27,120,43,13,227,304,51,418,132,30,78,33,149
"SRRM1",9,84,302,35,220,24,24,206,45,125,55,142,44,41,167,302,60,580,115,55,55,32,155
"KATNB1",17,76,249,124,163,94,45,151,74,123,80,136,110,81,249,254,111,240,173,74,66,92,92
"PCYT1B",224,16,47,205,32,266,148,63,231,21,196,36,96,134,42,41,307,8,26,404,27,273,31
"TXN2",113,70,177,156,159,100,67,167,76,203,67,106,94,142,139,186,156,150,151,55,134,99,107
"RTF1",14,135,303,34,318,18,39,215,57,129,27,153,48,20,176,253,52,520,141,39,52,36,93
"MEF2A",27,80,300,38,189,48,33,182,84,82,82,62,71,37,261,281,101,359,181,112,77,92,90
"TMOD3",16,83,292,45,276,46,19,257,23,110,28,118,80,29,291,287,68,359,172,59,80,50,80
"SLC50A1",98,92,68,141,91,66,14,160,64,144,31,70,313,217,180,116,189,74,153,65,78,393,49
"AGPAT4",91,70,110,118,63,80,47,89,139,106,414,56,207,122,157,86,81,62,222,141,88,248,67
"ATG12",43,102,244,63,189,69,43,185,78,135,114,127,83,64,202,212,89,294,162,62,89,90,125
"PHF20",14,129,293,24,313,26,23,238,59,113,43,192,37,25,171,273,61,410,114,38,52,31,184
"STIM2-AS1",98,84,85,282,85,19,12,265,100,144,83,154,401,72,81,146,231,55,159,37,102,45,123
"RNF144B",10,129,344,25,352,41,25,257,4,121,7,143,24,4,213,280,34,398,147,19,74,20,191
"USP47",22,94,106,153,106,63,23,149,208,87,394,75,129,44,145,199,129,117,182,116,67,175,79
"COQ10B",50,97,172,49,194,45,32,174,63,96,243,188,52,26,178,184,86,498,108,110,55,72,89
"CNOT2",20,120,173,93,161,63,50,169,116,130,197,116,112,63,160,232,67,226,183,117,58,82,152
"SNF8",39,46,103,232,115,70,49,158,94,142,39,125,135,114,205,177,254,114,213,92,150,107,84
"ACRBP",19,49,159,38,80,132,41,433,23,116,18,212,197,33,58,134,228,90,72,255,73,344,52
"HSPA9",10,174,148,57,161,31,30,99,116,159,143,174,72,64,167,162,87,478,161,141,47,64,105
"ARMC10",77,74,158,215,65,81,59,268,51,183,17,113,81,68,159,105,167,177,267,204,117,98,43
"DLGAP1-AS1",102,50,145,238,71,111,60,179,138,283,141,69,117,51,74,207,186,50,144,83,109,155,84
"SERINC5",34,44,206,45,134,59,22,111,92,78,739,48,95,56,165,153,50,218,207,135,41,72,42
"SRXN1",20,18,229,460,253,87,62,151,90,250,53,100,69,71,221,100,182,88,154,29,81,63,14
"SYNJ1",13,105,254,75,230,43,18,189,45,115,71,143,98,32,204,284,55,324,136,90,67,85,169
"TXNDC16",76,104,147,99,109,106,31,121,149,100,224,147,141,57,137,166,151,110,189,188,87,143,62
"TGIF1",43,33,110,71,103,82,54,149,179,62,493,240,134,42,104,121,166,82,193,153,41,146,42
"CAMTA2",4,116,256,131,299,45,25,220,30,146,15,112,45,25,184,308,89,364,171,42,54,64,96
"RALGAPA2",5,174,314,20,313,28,34,192,16,105,3,138,22,14,206,388,29,500,135,34,52,23,93
"CRTAP",1,80,432,11,356,37,21,150,26,176,9,80,64,12,282,257,76,461,150,43,37,35,41
"GGNBP2",5,143,277,22,176,31,17,180,28,159,24,182,25,36,149,320,60,643,108,61,45,29,117
"R3HDM2",18,77,247,119,164,45,30,185,95,115,51,170,74,50,159,279,122,314,210,70,108,66,67
"HLA-DPB1",2,145,381,36,320,36,30,115,158,158,78,66,49,43,267,203,12,444,86,12,40,62,91
"PHF11",65,83,211,32,207,20,36,199,46,112,27,152,19,40,271,317,64,353,63,29,139,113,232
"TM9SF4",3,91,246,32,223,39,35,150,60,167,25,107,61,19,251,318,47,522,162,30,43,51,148
"ZNF639",80,94,63,219,112,33,39,115,224,138,157,218,98,18,223,209,114,89,188,178,114,72,35
"TSC22D2",42,109,127,60,137,31,40,134,60,112,224,207,66,43,146,165,91,464,130,213,49,108,71
"TGFBR1",12,103,286,14,274,38,28,254,16,121,6,168,15,12,186,262,75,579,147,25,49,38,120
"CPT1A",45,68,226,70,140,76,14,125,170,88,336,199,111,19,326,158,91,108,161,52,123,78,43
"MLKL",9,82,309,43,195,31,15,165,15,136,6,122,12,21,284,375,37,399,144,14,108,43,261
"ST6GAL1",12,101,215,34,141,79,17,169,207,95,91,138,104,49,239,269,56,315,139,77,56,175,48
"CA8",114,91,68,187,36,71,58,307,85,49,222,79,166,35,42,56,97,76,337,316,132,170,31
"INTS11",15,96,300,94,195,32,23,158,76,159,38,134,49,43,187,329,97,371,151,92,73,29,81
"MYO5A",0,138,318,41,365,21,21,187,37,94,11,115,29,39,196,369,46,354,174,24,60,30,151
"ZFPM1",73,31,189,219,194,45,47,244,225,132,187,62,49,38,210,160,155,75,122,53,130,113,66
"ATXN1",9,177,227,25,196,28,25,220,30,165,50,116,36,22,189,297,40,515,141,23,59,42,186
"POR",11,110,406,40,267,46,28,177,25,162,18,118,30,17,226,334,50,387,159,30,38,21,117
"SRSF9",8,129,284,18,211,33,29,221,69,186,31,179,47,18,165,242,80,520,125,45,23,31,123
"PRDM2",11,93,370,35,268,29,23,197,43,87,22,103,39,32,215,325,32,533,143,37,42,27,110
"RPN2",9,151,321,13,256,25,17,154,172,166,31,98,28,50,248,265,56,354,146,63,41,50,101
"PPIG",12,138,336,69,208,34,30,203,55,187,51,208,33,17,114,233,54,440,124,50,50,47,118
"ZNF316",11,140,367,31,221,13,23,212,18,116,9,206,13,27,132,434,31,531,103,14,26,22,111
"CPEB2",9,162,160,16,163,33,21,130,34,102,280,216,27,16,82,235,20,556,75,116,51,21,284
"CLCN7",14,101,316,119,200,19,28,132,86,142,93,96,48,52,219,357,86,246,182,66,68,49,88
"CS",11,75,300,37,193,45,18,167,74,142,43,109,52,45,246,277,106,425,153,58,77,52,101
"VOPP1",0,151,397,16,356,28,32,117,84,227,18,81,35,44,237,201,65,408,118,16,31,25,117
"HTATSF1",18,86,142,150,103,28,15,165,117,98,64,131,117,59,153,211,215,163,156,366,88,87,71
"DDX21",10,224,147,32,145,26,17,73,83,265,52,142,26,46,143,159,43,852,85,42,23,42,122
"FAM222B",39,21,87,233,96,74,46,186,194,74,272,52,100,74,181,127,183,118,172,70,94,279,26
"QARS1",7,112,327,63,201,49,32,128,111,179,65,84,45,70,220,280,135,264,153,79,67,38,87
"PTP4A3",36,54,229,18,234,37,24,181,18,228,4,204,53,19,69,367,41,468,198,14,29,22,248
"NACC2",4,76,407,39,214,19,27,163,9,142,2,251,49,11,181,301,25,485,162,12,43,12,160
"PHF8",19,81,216,75,180,56,28,189,92,116,119,114,115,41,220,235,82,304,189,104,53,101,63
"PURB",7,114,241,35,223,31,17,156,44,152,45,203,41,30,133,312,60,572,147,36,37,29,126
"CLINT1",17,90,304,62,199,34,27,157,102,96,117,91,43,36,157,230,92,401,167,127,61,59,121
"AP3B1",13,83,260,80,259,37,50,264,29,74,41,107,42,36,207,265,74,434,129,69,88,37,110
"DYNLT1",36,198,386,36,211,31,25,229,17,85,12,185,38,29,253,192,38,353,91,10,94,63,173
"CAPG",9,133,227,21,317,43,40,190,48,140,15,77,45,9,324,254,88,360,208,38,92,40,66
"HNRNPR",17,117,195,33,219,38,27,169,133,155,79,104,42,44,220,283,76,388,146,76,46,58,114
"UBP1",38,94,217,62,170,40,30,177,91,124,69,83,66,48,179,233,106,308,213,149,67,130,85
"APOO",180,30,100,62,45,205,131,17,159,71,274,22,162,180,217,104,85,45,251,108,145,154,31
"RASAL3",3,142,438,38,238,46,27,173,74,147,10,93,21,39,155,323,73,306,161,31,68,29,142
"KLF10",2,212,115,13,167,8,15,160,31,308,28,247,26,29,89,350,24,751,131,15,15,11,28
"PDPK1",19,107,228,41,232,34,20,243,63,84,141,110,78,40,159,318,45,344,167,41,47,69,143
"MCM5",32,79,217,147,262,50,43,77,140,115,96,69,77,109,238,205,75,176,192,130,81,80,82
"TNFSF14",6,30,391,29,190,32,26,266,7,163,0,88,29,39,306,221,53,490,146,10,54,52,142
"IKBKG",67,67,213,86,90,63,106,127,184,144,55,76,124,119,279,180,95,143,133,91,111,150,64
"B3GNT2",58,77,276,28,90,34,31,142,66,141,130,135,101,74,170,153,137,350,196,165,73,71,67
"PSTPIP2",24,198,224,29,251,78,24,179,6,82,9,95,40,26,259,158,98,376,143,111,112,144,99
"CX3CR1",9,26,335,14,356,27,15,175,34,106,10,14,68,26,587,415,47,125,192,26,70,60,27
"PDCD4",12,187,239,39,186,31,29,200,60,80,131,147,18,34,160,250,47,473,93,66,43,46,193
"PUF60",8,82,247,79,201,49,8,182,96,199,84,132,80,43,151,278,103,332,132,101,51,48,78
"TREML1",5,33,112,18,29,169,20,381,23,107,27,143,194,28,99,62,205,74,160,315,78,441,36
"NINJ2-AS1",36,51,234,207,146,48,41,162,154,159,191,56,92,25,69,128,91,135,188,43,274,87,140
"PPARA",32,56,150,210,138,55,23,137,118,113,104,49,129,96,231,298,180,86,205,85,85,134,43
"ADI1",58,106,169,141,141,87,67,165,57,173,21,116,93,60,103,148,147,178,128,394,111,61,25
"RAN",144,94,205,60,194,43,25,158,142,183,87,88,69,61,209,192,146,216,135,68,53,93,84
"TAF6",53,22,137,211,98,69,18,255,94,82,75,128,170,89,191,179,164,124,226,124,73,132,35
"DYNC1H1",26,100,282,61,207,27,24,128,92,86,59,67,46,49,300,371,33,228,189,115,63,72,123
"HNRNPH3",13,186,314,39,205,24,25,235,29,101,23,217,17,23,141,286,37,495,81,24,30,36,166
"ZNF335",23,84,221,117,176,44,31,184,82,121,98,101,71,60,176,322,64,227,193,80,75,87,110
"AKAP10",14,97,266,41,218,54,31,220,128,62,199,124,69,18,214,247,74,303,138,45,41,68,75
"LRRC41",32,56,67,470,96,37,119,84,125,139,20,174,69,161,217,196,118,69,182,168,67,39,41
"NRARP",103,17,32,74,81,126,89,136,334,68,454,103,77,44,132,71,268,37,200,101,2,181,16
"TMEM33",8,77,326,33,317,36,24,246,19,105,21,105,50,9,255,285,77,386,128,22,50,45,121
"DOK2",8,99,365,52,212,77,24,188,43,231,24,97,75,39,280,194,86,179,157,115,65,54,80
"IGHG2",3,106,188,22,330,80,16,37,486,11,91,16,2,54,183,250,33,129,569,16,35,43,44
"H2BC5",102,84,89,66,163,81,43,175,177,58,191,301,229,30,111,89,77,55,138,120,48,280,35
"KDM1B",3,104,369,19,301,28,31,181,16,113,22,89,41,9,187,363,50,461,124,32,63,20,116
"ZNF428",45,81,96,292,198,47,46,128,112,116,25,54,80,77,246,157,195,73,146,223,169,87,49
"DAPK1",30,147,327,32,507,28,42,103,13,72,8,129,39,15,208,261,22,512,72,32,60,28,53
"NACC1",20,94,211,31,253,53,52,161,45,156,23,156,43,47,185,231,58,395,191,98,56,41,140
"NDUFS1",59,69,209,94,152,61,38,150,112,141,174,114,85,50,188,189,96,210,169,88,90,128,73
"SLC25A53",119,32,119,219,133,73,61,128,77,104,167,100,89,125,231,146,147,82,217,104,113,55,96
"EPN2",65,22,169,163,111,66,73,214,109,93,149,61,138,76,172,223,147,77,173,172,54,144,65
"CDKN1A",5,51,171,22,94,89,16,314,26,157,24,220,213,29,105,142,91,308,86,237,51,254,27
"PCNX3",12,111,299,46,227,19,20,164,43,153,27,163,32,41,131,281,32,497,133,24,38,23,211
"TRIM11",23,88,194,90,123,47,21,175,53,108,170,138,104,41,152,167,102,266,268,149,77,78,93
"AP3S1",18,155,229,34,218,44,21,206,22,147,12,157,47,30,150,231,124,475,134,57,72,41,101
"CHD1-DT",324,24,78,207,166,148,46,169,158,104,259,120,133,36,28,204,217,56,76,34,97,26,15
"SLC35A2",29,38,156,126,134,79,35,144,127,127,258,86,115,81,136,181,121,189,204,111,72,106,68
"TPRA1",61,61,168,115,164,65,83,215,58,113,30,140,246,70,157,202,66,116,188,130,100,120,55
"ZNF3",33,59,154,148,81,81,41,200,72,146,148,125,161,78,130,221,119,172,160,64,95,147,86
"MFF",33,53,156,137,109,78,54,362,167,103,58,111,146,51,157,147,136,165,137,43,174,82,59
"MIB1",31,63,148,83,159,63,61,185,125,109,131,204,122,26,184,189,88,197,198,172,55,75,49
"BRD7",20,78,185,233,121,36,39,186,91,139,42,83,111,63,163,233,92,241,180,87,116,91,86
"XPO1",14,101,294,47,349,49,23,226,107,67,75,64,39,40,272,324,62,148,177,55,47,76,59
"MAPK1IP1L",13,144,134,55,181,41,41,144,113,168,68,134,77,73,136,209,84,390,164,58,79,67,139
"HCG18",23,70,102,328,102,58,20,216,65,81,101,45,172,83,213,159,222,97,204,64,79,89,117
"CCDC157",61,8,85,317,174,36,60,146,38,114,42,34,77,76,286,163,219,37,258,178,181,69,50
"MDM4",12,224,254,55,159,29,26,117,64,150,43,172,41,29,126,374,46,362,129,9,42,27,219
"ABCA2",13,255,232,62,144,26,30,261,14,242,10,97,21,80,124,328,43,327,185,9,23,35,147
"CDKN2C",176,84,70,134,71,142,49,175,117,106,246,170,217,32,81,92,163,79,114,121,67,147,55
"AVL9",69,93,319,83,234,35,20,175,116,104,35,108,41,51,154,263,43,347,168,41,53,30,125
"CNOT7",18,130,284,41,223,39,47,173,72,126,58,158,69,33,156,203,103,370,144,57,42,55,106
"MIB2",11,171,370,51,160,36,18,171,30,123,18,182,35,81,131,288,31,429,153,35,22,25,132
"CCT5",13,62,259,36,274,57,12,180,72,180,60,105,35,22,281,275,47,399,128,48,60,46,51
"SORT1",6,70,302,12,276,21,16,222,7,83,3,70,28,9,256,253,52,629,145,71,45,30,93
"BRMS1",8,84,231,87,208,30,17,221,57,203,74,130,49,36,131,274,66,382,181,30,57,48,93
"C2CD2L",29,98,237,92,178,59,23,228,38,79,92,223,108,20,143,246,86,212,160,98,96,84,68
"CDK13",22,116,247,46,277,47,44,227,68,72,39,148,60,28,174,285,46,296,157,109,59,50,79
"MLX",13,68,354,54,282,32,36,211,32,115,17,144,39,15,174,235,74,440,132,22,55,31,121
"CTBP1",2,95,337,69,263,45,14,196,71,144,17,94,43,43,182,294,56,365,134,48,44,41,98
"HTATIP2",28,87,231,33,227,33,34,329,36,146,28,159,34,21,163,324,76,323,98,40,66,100,77
"BTBD7",14,74,155,149,123,39,30,147,149,124,261,74,113,63,140,235,85,167,198,69,75,113,95
"INTS3",3,115,405,40,247,34,24,214,45,129,20,100,19,16,221,318,27,404,140,24,39,21,86
"INPP4A",7,166,334,29,231,48,27,182,57,138,23,109,19,54,167,292,31,371,132,25,87,32,129
"MIOS",50,83,131,86,105,109,35,186,130,121,119,169,220,52,128,159,89,112,132,72,82,233,86
"RHBDD2",22,87,225,102,166,62,40,241,63,141,37,157,66,39,168,233,94,387,148,38,46,38,88
"POLR2B",14,79,281,57,231,52,25,188,69,99,115,101,61,34,184,317,39,294,145,74,70,52,101
"STRN",13,129,239,62,227,62,30,206,71,71,33,153,48,32,167,265,94,350,179,78,52,29,90
"SEC11A",16,92,297,39,240,21,23,236,47,198,11,125,51,11,203,263,83,355,133,35,55,29,113
"VPS26C",13,75,321,44,250,25,37,253,38,125,24,129,72,19,186,285,90,341,111,63,47,49,79
"ARHGAP42",55,30,44,123,53,49,17,132,455,54,242,58,117,106,68,106,51,57,190,42,70,539,17
"CBFA2T3",9,53,339,40,258,21,35,234,28,122,22,146,24,12,234,331,30,458,139,23,38,38,41
"RFX2",8,95,207,42,120,64,34,235,6,151,12,147,22,26,250,194,76,724,124,19,25,10,82
"PRPF6",10,67,303,52,251,31,18,205,79,161,48,138,53,26,154,284,67,368,139,51,29,47,90
"MAP1LC3B2",110,60,87,143,61,50,66,224,66,176,93,48,92,60,270,90,170,64,156,274,63,165,82
"NFKB1",6,94,318,22,364,23,25,165,40,110,26,111,25,20,275,198,46,479,131,19,73,21,79
"ATP5MK",321,85,122,133,90,58,23,237,51,170,37,113,153,46,150,135,197,120,122,82,69,89,66
"ZNF281",12,167,321,32,296,63,50,218,18,164,15,159,30,18,144,155,38,401,152,16,46,28,125
"SLBP",6,89,303,32,202,35,27,301,40,143,5,169,56,24,165,321,74,353,124,37,35,43,83
"ELOA",50,62,157,142,130,59,59,148,67,73,52,73,104,97,157,128,250,161,210,223,92,134,38
"TSN",49,99,152,100,157,37,33,120,83,154,174,136,141,50,142,168,133,176,185,132,98,71,76
"RAB32",24,108,276,16,247,97,29,216,19,206,6,144,42,9,212,199,150,207,154,79,58,116,50
"FRG1",195,114,90,117,123,55,49,212,66,140,72,124,107,34,121,201,118,146,169,70,62,174,103
"CCDC127",82,18,67,83,42,122,42,63,237,135,351,102,112,57,96,141,128,31,79,74,61,477,60
"PPBP",6,49,111,37,32,158,7,480,13,112,18,153,196,19,98,28,301,70,196,216,78,242,39
"OTUD1",16,102,247,54,228,31,8,206,82,65,68,141,77,20,185,203,68,466,132,81,56,30,92
"MAOA",71,102,25,107,9,18,3,265,135,23,162,31,30,52,4,413,151,15,168,209,80,532,52
"ZNF117",2,124,250,46,189,25,22,577,2,77,5,113,28,3,32,527,22,81,230,13,57,16,216
"FHIP1B",11,112,393,45,278,29,17,289,14,146,21,108,42,9,173,299,49,288,165,28,39,20,81
"MED29",50,89,134,73,219,32,35,147,72,188,113,150,52,39,122,188,95,388,167,55,48,77,123
"NCOA6",22,107,193,65,225,33,29,177,81,93,96,79,64,36,181,326,79,277,167,87,52,90,97
"UBA3",50,122,287,32,166,45,32,166,68,138,176,101,52,30,181,207,75,299,139,48,73,64,105
"ZFP91",18,99,213,24,217,41,22,173,72,101,87,119,39,39,155,187,57,445,122,160,39,55,171
"HEATR5B",14,70,122,147,112,48,31,139,123,79,231,92,96,50,159,230,89,191,155,172,81,101,122
"MIS18BP1",30,77,230,83,192,42,38,253,94,97,93,91,111,19,176,310,78,179,195,76,46,86,58
"ZHX2",31,58,213,102,196,66,31,153,102,144,41,117,155,85,130,194,120,220,129,70,61,89,147
"EIF4G3",17,109,222,46,267,32,36,160,42,110,23,127,33,44,207,321,45,250,179,77,66,74,164
"RANGAP1",32,61,206,114,104,60,29,187,181,117,81,55,67,70,220,220,102,144,172,147,87,118,76
"ANAPC11",87,50,161,95,133,61,25,140,79,139,62,133,82,67,213,157,200,188,230,96,105,67,79
"SETD5",14,131,254,57,220,28,29,172,54,89,72,99,70,39,155,275,68,332,162,54,50,45,179
"KAT7",14,132,174,42,170,43,30,150,51,111,170,136,64,39,134,186,40,510,138,69,31,95,116
"FAM111A",9,74,338,27,322,17,54,294,19,74,18,108,17,19,111,439,40,364,95,32,38,43,91
"ERP29",9,149,254,42,277,32,18,176,117,146,40,89,33,26,253,250,68,316,104,30,82,29,102
"CDC25B",22,43,159,141,94,101,33,316,110,180,116,75,84,89,157,218,128,90,151,53,45,156,80
"IKBKB",7,109,407,42,287,26,23,173,33,112,8,91,26,31,150,337,30,390,149,23,41,22,123
"CCT7",38,74,175,102,147,62,23,161,125,181,58,96,85,107,214,240,125,186,130,78,84,57,90
"FAM76B",24,106,199,101,140,57,56,218,65,102,105,103,81,74,147,224,63,278,203,72,46,83,90
"ZFYVE16",4,114,360,19,251,28,28,175,5,82,5,97,20,8,192,280,32,601,134,34,36,22,110
"FOXJ3",9,79,233,51,223,49,24,183,74,91,162,107,51,33,154,260,45,369,146,67,45,79,102
"RPL18AP3",119,63,153,94,160,89,34,284,147,80,140,101,120,82,100,133,134,54,88,123,87,186,60
"NFYA",14,104,134,49,204,22,28,226,55,140,217,156,34,20,87,317,58,421,153,57,26,35,73
"TRIM26",3,87,250,13,240,21,23,225,46,146,16,154,20,28,185,273,27,508,92,15,74,28,155
"NISCH",4,107,318,37,226,28,28,172,39,128,20,142,28,42,138,403,26,419,130,28,47,45,73
"FAM168B",11,101,268,32,191,35,17,131,62,139,25,143,47,43,141,224,43,622,102,41,36,35,137
"MRPL36",90,113,71,231,103,62,26,255,82,169,51,153,152,60,98,115,135,93,130,96,172,101,67
"C4orf46P2",70,55,55,143,49,76,56,109,230,125,515,86,124,63,80,90,122,62,120,60,45,218,71
"OTUD7B",48,37,78,168,58,65,27,124,197,91,353,118,150,72,143,155,118,61,162,114,62,186,36
"POU2F2",6,63,375,36,394,30,31,143,89,103,39,76,43,14,297,277,39,274,113,29,31,23,96
"MEF2C",2,48,243,14,348,26,18,199,73,66,22,184,33,25,168,341,24,307,118,21,34,28,276
"SPTLC1",31,94,259,58,209,28,24,150,86,144,70,112,63,35,151,221,97,339,145,100,52,65,85
"ANKZF1",40,86,282,89,162,51,19,190,95,62,133,112,44,32,130,251,83,209,218,76,57,93,103
"RAB4A",43,39,175,167,95,60,58,434,51,143,40,79,134,58,92,157,122,163,142,43,69,217,34
"SNX11",12,55,358,26,331,52,12,259,36,107,65,69,44,13,154,310,58,236,167,16,80,38,112
"UBQLN1-AS1",44,25,50,66,27,146,12,457,72,68,396,81,67,116,41,267,49,178,89,25,23,78,232
"HINT1",282,110,107,62,144,39,19,87,97,150,39,104,30,117,210,133,101,198,133,78,103,147,118
"DAPK3",19,74,177,106,159,36,37,226,82,109,50,139,83,38,187,237,103,336,180,37,63,48,80
"PIAS4",25,56,175,79,102,67,23,164,108,106,97,136,92,65,227,167,90,235,145,189,84,87,87
"BTNL10P",50,28,136,145,71,87,48,180,163,121,359,81,110,96,86,154,106,61,198,80,57,156,32
"RAB6B",301,33,106,155,37,63,56,142,104,109,40,57,107,138,216,120,205,27,150,176,55,193,15
"CYB561A3",16,58,185,168,157,37,27,189,74,147,51,68,167,82,200,235,91,218,229,34,73,52,45
"TAF1D",39,104,158,106,165,47,40,188,90,124,94,108,103,44,133,190,152,147,139,173,88,58,110
"ZC3H18",2,105,315,26,307,29,21,206,43,138,22,165,41,20,167,286,35,370,116,27,48,23,86
"TFG",18,96,137,69,148,50,24,198,75,91,91,121,111,57,170,172,114,425,112,88,69,37,123
"CIB1",17,138,131,48,193,30,32,151,84,216,34,217,58,53,132,193,70,377,129,45,56,42,149
"MTMR12",26,57,162,134,83,40,39,173,55,114,39,128,95,41,169,290,127,308,206,135,47,67,58
"BRD3",23,28,273,93,171,44,27,261,83,80,57,86,95,22,160,328,57,199,222,69,58,67,89
"USP8",10,101,209,47,204,46,29,170,87,96,227,89,49,44,163,248,66,302,138,60,46,58,102
"VPS37B",3,106,178,36,228,54,23,179,34,210,33,161,64,47,108,211,62,392,173,32,67,35,152
"ZFX",19,61,227,39,111,41,21,182,75,125,307,104,47,54,100,144,81,417,125,61,56,77,113
"FBXW11",20,66,189,110,170,43,14,200,111,91,112,133,90,18,193,210,71,242,161,139,79,57,66
"KLF16",10,101,221,29,191,22,31,161,41,88,20,184,50,27,173,197,49,575,151,79,70,14,101
"LGALS1",4,103,303,21,239,46,14,116,30,362,7,45,47,7,295,200,86,332,171,24,35,24,70
"REC8",22,96,126,45,95,22,34,113,57,168,18,235,27,55,84,229,28,397,45,17,45,74,549
"RSL24D1",102,181,162,58,180,53,28,170,97,166,101,155,71,52,131,200,103,235,108,70,52,28,75
"CLK4",39,88,203,69,147,49,16,183,91,109,215,132,68,56,150,174,79,195,133,140,52,85,104
"NFATC3",9,103,142,47,204,56,46,164,101,89,72,108,106,55,149,291,96,242,107,170,88,63,68
"IGBP1",35,77,194,102,138,91,40,244,100,97,108,84,40,54,215,217,143,170,106,79,77,72,86
"WDR46",49,51,148,181,133,52,98,112,107,156,100,64,88,92,212,187,65,94,205,78,74,154,68
"ACSM3",20,14,51,116,193,82,27,103,87,120,326,16,250,51,189,76,149,8,347,129,92,92,23
"FAM78A",1,59,442,43,270,31,18,216,78,84,8,67,53,25,232,310,48,214,128,57,64,37,76
"PDE3B",3,89,313,26,293,23,29,210,7,104,9,157,26,14,175,287,39,413,126,21,65,22,110
"SPART",33,61,237,71,233,42,28,146,99,96,118,127,59,29,142,250,128,183,130,143,62,83,60
"GPAT3",8,106,357,23,337,51,35,228,4,107,5,90,28,5,191,294,63,359,92,23,60,32,61
"NFE2L1",18,83,314,52,216,42,29,201,84,88,64,94,42,29,255,196,63,286,184,60,44,57,58
"EDEM3",19,77,308,35,262,30,20,198,76,85,116,121,30,20,185,269,43,258,185,54,46,46,74
"NMRK1",54,115,102,134,95,93,44,136,54,194,42,171,109,53,95,208,189,194,79,72,111,170,43
"SAMSN1",10,349,127,10,149,19,26,47,11,224,24,171,10,31,106,41,25,904,63,8,62,25,114
"FAM83F",78,34,82,337,122,65,31,92,119,69,42,66,93,68,132,280,104,64,270,55,95,208,49
"GCC2",16,73,161,33,87,54,32,68,188,56,532,86,31,35,178,175,56,181,108,78,31,177,119
"PIP4P2",15,131,355,22,241,50,35,306,1,62,1,128,70,11,203,208,94,271,119,36,82,45,69
"XBP1",11,139,194,29,226,43,25,93,359,105,33,50,45,60,259,217,53,172,153,40,61,70,118
"ECPAS",29,90,181,132,117,28,16,124,83,101,68,92,102,54,178,240,86,212,219,123,108,108,63
"ZNF865",6,89,317,34,216,32,16,280,26,129,7,139,25,18,144,215,45,532,124,26,24,16,94
"TST",55,57,266,46,154,82,45,240,68,148,79,86,89,39,237,176,125,189,157,59,49,70,29
"CKAP5",20,53,106,125,88,62,22,145,161,84,274,73,106,64,235,207,141,51,137,106,72,179,33
"EEPD1",5,77,316,34,338,28,21,248,5,152,3,123,32,3,129,280,39,396,156,14,42,14,89
"RANBP3",36,89,231,78,205,33,24,152,65,135,88,125,64,47,156,235,58,309,154,65,39,55,101
"SOS1",29,81,153,86,190,47,32,175,154,80,63,70,60,49,153,225,62,246,130,56,102,242,59
"ZCCHC8",63,60,103,74,97,56,36,116,119,140,404,89,116,44,111,151,92,131,145,190,28,112,66
"GNL3L",12,82,207,81,142,40,15,138,98,137,102,153,77,45,155,212,74,282,157,85,60,94,93
"SRSF2",19,213,230,36,155,25,38,143,69,159,33,144,22,72,124,202,70,391,147,52,22,29,146
"MXD3",13,116,374,44,197,41,41,199,33,172,25,199,27,21,121,199,81,251,170,24,41,26,125
"PAG1",9,94,186,13,137,17,27,250,35,115,13,115,24,22,207,234,21,637,112,31,27,37,177
"SPAST",24,97,247,43,192,34,25,166,64,71,87,153,75,20,160,238,75,425,105,62,52,44,80
"AFF4",11,105,204,26,166,19,36,145,104,109,105,114,28,51,161,253,38,418,124,68,32,31,189
"SEC61B",52,110,196,86,162,47,25,160,103,155,77,127,108,33,164,190,120,233,141,75,61,54,56
"SMS",15,79,266,63,191,56,25,204,34,134,7,136,101,27,176,226,88,343,157,49,31,56,67
"MAPRE2",21,88,175,65,147,79,32,177,77,148,94,124,58,79,154,211,116,220,102,49,82,126,105
"GPR27",8,150,331,37,276,56,53,256,0,92,0,145,21,1,189,225,44,282,236,18,44,14,50
"MPHOSPH8",10,98,266,89,228,29,25,245,51,72,50,123,57,17,136,288,63,275,156,60,36,66,88
"CTSH",6,93,361,7,280,33,24,93,95,148,78,56,44,7,332,256,46,270,167,6,44,30,51
"ZNF652",2,95,330,30,236,24,21,231,20,90,18,147,46,15,165,230,42,410,128,13,28,25,181
"LRFN1",2,64,264,23,166,21,30,197,4,141,3,238,12,14,121,236,38,523,88,10,47,21,260
"RELL1",0,115,216,16,128,29,17,139,3,116,5,351,33,17,99,143,27,816,96,6,83,5,62
"RNASE2",5,344,240,37,371,19,3,37,16,124,1,126,7,3,208,152,142,529,67,65,3,5,18
"GLTP",6,101,248,13,314,36,13,176,22,195,2,171,21,13,140,229,45,479,135,20,21,18,103
"EIF3I",51,86,171,90,135,38,24,126,108,214,104,99,68,75,176,211,103,274,133,33,74,47,80
"RNF152",5,20,24,71,43,91,16,167,101,159,1117,64,44,19,66,131,62,7,36,87,15,132,42
"ACSS2",28,43,255,101,186,38,25,168,58,94,84,110,59,29,260,221,79,269,135,56,91,59,69
"RIPOR1",1,78,287,48,177,20,22,232,24,91,8,122,35,13,182,332,46,483,138,20,24,28,106
"E2F3",5,91,316,29,274,31,19,204,16,108,21,134,34,42,172,273,49,383,101,40,23,21,128
"TNFAIP6",46,29,154,20,270,20,51,181,3,101,3,90,17,23,294,185,33,463,69,12,212,61,177
"ARL8B",20,66,237,54,197,47,26,189,53,130,61,88,40,27,215,214,93,365,114,82,53,79,59
"TRERF1",6,100,306,11,280,13,26,215,15,104,0,161,27,15,253,231,32,436,100,24,47,22,84
"RIPK1",4,72,264,19,184,25,18,194,20,118,10,124,17,31,159,292,28,556,104,14,67,29,158
"OXA1L",8,66,330,24,211,31,24,153,74,144,30,108,29,23,186,281,73,322,135,41,49,27,137
"FCHSD2",2,103,261,27,230,18,32,157,60,86,20,153,34,15,170,168,38,617,102,25,35,26,126
"CTR9",22,75,201,36,209,34,20,212,95,92,188,86,62,35,163,228,72,229,142,81,46,107,69
"ABCG1",5,33,407,38,370,29,14,238,13,121,8,71,36,13,205,309,40,274,94,9,67,27,82
"DDHD1",35,23,112,74,73,72,26,103,151,60,710,27,74,50,119,160,54,79,118,169,27,115,72
"PDK3",16,158,324,28,246,41,28,195,11,108,8,109,40,15,112,261,49,353,142,44,65,37,112
"STAM2",36,55,192,51,204,49,26,248,60,73,246,117,57,22,154,249,79,138,163,61,82,52,87
"DENND1C",3,123,315,40,225,19,23,201,48,165,14,144,23,33,133,223,31,397,100,14,39,19,167
"ZNF672",22,53,177,63,170,66,60,143,59,115,33,103,78,39,153,242,70,339,180,132,77,66,59
"IFT122",43,34,126,188,58,85,22,206,94,108,80,56,186,95,126,163,230,72,135,82,65,154,90
"PRKAG2",9,63,258,28,210,23,23,232,19,129,5,129,26,9,218,263,34,512,85,12,86,18,107
"GCC1",8,53,180,118,197,34,11,137,128,93,102,120,59,21,159,243,37,381,144,64,51,75,78
"TP53BP2",41,56,164,69,134,43,30,137,141,86,299,93,64,62,189,145,59,289,111,93,31,91,66
"ARL4C",6,353,102,18,158,19,27,36,85,255,26,89,10,305,190,240,11,174,84,3,33,35,232
"ZNF292",3,133,309,16,263,27,19,232,12,92,10,79,25,22,167,302,32,329,109,22,63,36,189
"NLK",17,34,191,161,126,53,25,183,93,159,141,111,126,66,120,151,99,114,173,78,74,137,55
"SFT2D1",15,117,227,56,237,33,30,179,40,150,47,147,31,32,152,229,71,265,103,49,79,46,152
"RAB3GAP1",39,63,163,107,123,70,28,160,75,91,131,92,73,58,168,160,88,207,175,121,97,93,104
"RPS6KB1",44,93,104,148,145,58,46,99,106,59,179,96,113,46,124,139,89,126,230,231,66,67,75
"SCFD1",41,104,116,112,89,63,46,182,102,112,145,88,122,85,120,190,104,151,159,67,72,121,92
"BMAL1",11,130,322,38,190,23,22,178,9,148,3,139,27,20,105,197,34,557,117,11,52,24,124
"HLA-DQB1",7,53,529,33,64,16,0,4,223,154,53,622,26,62,178,54,42,100,82,39,32,10,97
"CCT6A",34,83,173,87,150,39,10,110,160,109,87,76,78,66,243,181,131,157,142,178,81,36,68
"CHMP2B",18,95,256,33,197,40,16,148,36,169,43,144,28,33,171,206,32,478,79,34,49,44,130
"HVCN1",1,61,435,27,297,40,21,305,42,85,19,119,32,3,166,301,56,247,121,11,39,23,28
"TMEM222",18,37,231,102,177,42,16,194,57,161,58,124,66,45,154,229,114,259,157,21,58,55,103
"UBE2N",40,76,149,83,143,68,35,180,82,158,54,105,69,69,180,193,102,232,139,84,86,60,91
"PFKL",8,106,313,41,236,39,23,127,108,170,28,90,35,26,171,209,78,296,149,47,43,36,96
"FAM13B",11,77,184,45,148,38,19,145,43,124,197,89,54,44,151,218,30,342,192,67,67,52,137
"PRDX3",26,76,308,7,303,33,21,174,32,133,14,83,32,7,252,250,74,353,134,31,41,17,73
"SUGP1",23,46,184,136,135,54,15,148,57,152,65,133,107,87,135,256,86,183,143,64,80,108,77
"H3P6",29,92,224,25,271,28,59,180,45,187,46,114,50,7,131,270,45,193,107,66,44,107,152
"WDR20",36,48,160,55,134,57,22,152,130,79,337,99,72,24,148,137,65,205,216,92,41,91,72
"JUN",2,58,382,62,520,19,10,249,38,60,13,48,26,34,114,237,57,122,317,34,15,11,40
"TMED9",4,134,225,44,214,41,10,142,156,181,141,98,39,37,148,169,54,303,139,36,24,39,89
"UBN2",20,36,100,59,63,50,22,106,148,45,615,62,60,45,110,165,78,101,198,205,59,78,42
"VPS16",36,75,249,73,165,35,31,207,48,101,21,143,30,56,130,236,82,369,170,32,44,57,75
"CCT8",39,86,199,54,168,65,24,86,161,119,227,70,65,50,173,182,81,141,117,137,70,75,73
"TUBG1",20,35,63,247,58,62,48,151,79,109,38,45,65,184,159,104,238,95,208,192,62,111,89
"MYLK",8,21,82,27,36,78,19,109,69,46,644,83,128,35,149,60,105,38,198,197,35,269,25
"ZNF385A",1,76,412,17,344,26,17,77,30,183,7,61,46,12,244,310,27,346,116,10,21,10,67
"STAB1",0,126,388,23,377,19,22,102,22,169,5,21,34,10,245,314,18,265,210,21,24,15,28
"SENP5",27,54,125,96,127,29,23,113,99,121,225,96,147,46,128,158,107,211,197,76,79,99,72
"SNAP23",11,89,262,21,284,53,24,257,42,97,21,136,33,22,169,180,46,282,152,67,77,48,80
"NSL1",86,64,181,88,118,65,47,209,46,112,62,101,41,52,223,237,132,233,178,32,50,46,48
"LZIC",19,57,126,122,98,43,34,125,92,139,143,74,133,81,178,169,145,116,168,122,92,98,73
"MARCHF5",68,70,155,66,166,54,58,152,62,100,168,74,80,39,158,199,108,246,158,67,55,71,72
"ZNF776",26,58,177,67,113,31,28,167,114,99,288,94,85,36,95,170,53,186,201,129,61,65,103
"WDR45B",10,108,175,36,177,18,21,150,22,130,46,159,34,44,141,317,76,428,135,29,31,41,117
"MFAP3L",28,34,121,110,84,71,30,190,165,109,76,158,115,50,114,127,155,70,159,177,116,144,41
"ZMIZ2",8,95,313,87,169,22,13,120,82,82,66,69,56,45,193,263,79,238,178,40,56,82,88
"EIF4E2",37,72,214,75,209,49,27,160,70,154,74,113,38,37,166,247,117,263,108,46,60,38,69
"TRAF3IP3",3,129,324,23,181,26,27,124,78,181,18,117,21,33,205,237,27,267,108,19,44,37,214
"SIN3A",2,75,220,9,207,31,17,139,46,109,33,102,27,39,165,212,46,603,118,80,33,23,106
"SLC25A5",19,94,211,48,199,39,29,133,109,232,50,91,44,35,175,177,80,309,122,93,39,27,86
"GPLD1",31,29,63,133,58,38,23,146,156,100,432,104,137,58,109,140,77,74,135,152,59,149,35
"NAA10",84,34,130,194,115,53,29,193,95,151,34,101,93,72,99,140,189,167,157,67,113,60,67
"PYCARD",1,80,309,29,303,58,18,250,10,183,5,128,22,9,170,190,82,293,141,7,63,13,73
"ACOT9",11,95,200,29,121,22,39,203,10,121,13,210,9,29,102,227,36,479,65,14,62,17,321
"ATAD2B",32,72,123,102,120,28,12,167,107,108,178,112,78,52,127,241,84,141,130,122,83,149,67
"NDUFB3",224,145,139,54,98,76,46,136,52,169,105,104,53,54,194,131,134,160,134,60,42,60,65
"PITRM1",36,53,117,93,61,61,13,102,132,89,116,61,173,126,115,151,102,58,132,86,113,393,52
"ZC3H13",24,52,178,70,150,36,15,155,133,76,253,125,61,28,176,242,65,175,143,61,28,93,96
"YBX3P1",21,28,99,208,118,95,40,261,101,145,53,120,91,66,98,130,154,59,116,216,66,95,53
"UBR3",12,70,182,51,146,53,23,155,38,83,106,104,46,46,160,198,81,306,175,205,66,47,78
"IRF2BP1",39,33,129,112,163,60,57,116,123,72,133,130,68,34,162,232,120,109,191,198,70,44,35
"RABL6",9,64,244,79,145,52,20,199,90,128,24,110,42,47,167,212,111,265,208,55,39,52,67
"TLK1",3,99,163,57,134,47,20,232,46,122,39,92,108,31,143,171,147,240,135,114,81,118,85
"TUBGCP6",16,113,247,72,175,20,35,153,80,93,86,116,37,70,119,253,67,296,135,50,63,34,97
"CEACAM1",9,41,174,12,205,37,41,276,4,90,6,97,17,10,224,435,66,319,69,72,53,52,117
"VPS41",21,58,275,47,224,37,14,251,29,107,29,102,64,30,144,222,100,322,97,69,39,42,102
"CD24",3,78,65,13,35,42,17,159,40,35,12,40,26,13,177,230,512,99,202,427,52,33,113
"PXK",24,143,278,34,260,66,41,158,43,100,41,86,43,28,143,234,56,223,123,42,90,73,94
"MNT",5,82,272,26,179,19,20,127,39,157,55,149,22,14,125,191,41,545,98,50,44,28,134
"VAC14",30,26,128,170,61,76,30,136,72,126,60,53,100,100,180,236,166,101,276,104,56,80,55
"NBAS",18,51,116,165,78,73,19,168,89,137,110,79,115,64,175,235,95,77,138,134,94,131,60
"RCN3",7,163,296,62,121,33,19,188,0,157,2,258,5,7,45,368,28,426,110,7,22,14,83
"CPSF2",24,58,179,44,180,61,39,165,91,73,68,143,86,30,223,226,52,146,202,117,84,77,52
"PPP1R7",19,52,222,104,151,49,28,175,57,157,49,136,74,67,131,208,82,208,147,76,74,90,64
"PSIP1",12,131,291,45,182,50,15,193,53,87,41,117,97,28,157,175,83,297,106,64,44,60,90
"ORAI1",1,74,156,15,124,47,24,214,26,148,14,202,49,34,159,214,51,569,110,31,52,38,64
"MT-TP",46,134,270,91,56,66,29,58,27,307,24,27,127,54,85,327,230,71,99,179,20,42,46
"BIRC6",13,95,247,38,269,19,17,150,80,99,42,79,43,40,183,330,31,240,124,75,34,42,124
"FPGT",108,52,124,101,74,51,19,96,173,78,480,92,78,50,152,81,72,66,112,93,86,119,57
"ABHD13",25,139,200,28,183,41,36,163,40,102,59,190,46,21,132,182,45,449,104,32,46,15,135
"POLR2F",69,56,106,95,122,59,32,199,134,150,136,94,58,75,122,161,183,173,154,89,29,63,54
"PNKP",27,85,321,68,231,39,47,125,30,112,26,134,21,68,94,217,82,287,153,48,48,48,100
"TAOK2",5,86,272,26,200,26,17,205,23,83,30,155,36,17,138,287,51,447,119,20,37,26,105
"ITCH",13,102,207,18,193,26,21,206,57,115,46,134,40,30,152,240,47,406,126,30,29,41,131
"BTNL8",9,54,260,58,267,37,19,348,0,70,1,165,29,6,147,243,44,340,125,21,69,23,73
"ZNF493",36,31,85,107,44,61,44,162,102,207,77,94,239,21,224,181,28,78,241,137,39,108,62
"B3GNT8",15,37,430,50,284,31,29,279,19,162,4,79,62,8,130,252,63,132,155,15,61,39,69
"FHL1P1",65,28,93,69,55,60,34,148,244,71,725,46,67,23,94,58,73,42,119,91,49,122,26
"INPP5A",53,82,156,65,172,39,46,351,50,142,40,123,61,19,152,147,65,257,169,37,67,57,49
"SRSF10",26,158,246,47,199,45,33,116,62,81,113,88,72,54,141,221,73,275,109,57,44,41,98
"ZXDC",12,83,253,91,154,34,26,179,33,103,36,157,68,29,142,217,68,300,154,66,38,36,119
"RLIM",8,118,143,24,125,19,38,115,20,122,61,183,32,17,159,175,33,619,97,40,40,38,171
"SLC2A4RG",10,52,148,202,107,37,21,156,35,161,11,61,59,94,223,159,143,225,258,60,47,58,70
"F5",4,193,320,20,206,46,24,157,10,94,1,47,28,2,237,251,54,215,222,20,141,30,73
"PLAA",24,77,67,143,76,52,30,167,110,83,164,124,88,48,173,151,86,157,169,181,49,118,57
"NECAP1",18,101,130,34,133,31,30,81,64,107,216,165,45,33,88,183,37,591,90,41,37,38,94
"TAF9",66,74,77,126,79,62,30,126,162,132,261,67,141,55,88,130,123,126,130,78,81,127,46
"ZNRD2",52,47,99,68,122,50,42,85,179,93,371,153,99,69,88,69,116,100,156,83,72,111,63
"RSF1",12,78,173,62,194,26,45,132,104,85,169,96,48,26,101,257,55,302,105,97,74,64,81
"U2SURP",27,100,193,47,184,47,30,138,88,117,79,93,31,56,132,226,37,333,135,71,55,83,81
"CPSF1",8,67,267,117,199,41,22,126,78,97,40,99,97,54,141,179,117,176,172,63,36,80,106
"LAGE3",116,21,119,136,177,80,59,95,98,168,6,50,216,80,100,117,56,79,196,48,105,212,48
"SMAD4",38,74,200,23,135,27,19,165,75,93,140,149,44,25,144,160,63,358,142,70,43,53,142
"PDLIM5",60,57,172,28,160,47,28,139,63,77,53,84,87,61,205,144,57,316,116,76,38,245,67
"ASB3",41,72,80,111,77,109,65,110,146,91,176,85,144,59,102,156,118,90,178,111,88,99,66
"CBLL1",40,54,152,46,161,27,24,155,89,76,280,132,83,46,195,205,36,200,123,86,40,61,62
"ANO10",34,43,159,133,117,50,60,143,74,115,144,79,124,76,104,179,114,187,144,42,102,88,59
"ZC3H12A",9,107,119,9,141,17,23,118,9,269,11,145,4,93,74,128,12,791,85,13,18,16,158
"VIRMA",22,72,174,82,173,36,20,117,96,85,196,70,72,36,185,220,77,152,186,65,59,103,69
"XAF1",59,32,88,32,134,16,43,177,142,46,52,50,11,51,235,318,10,186,21,23,143,330,165
"RNF4",4,71,252,20,229,31,16,180,38,138,18,148,18,21,200,221,54,431,87,25,31,24,106
"SEPHS2",5,88,284,25,259,38,21,194,36,107,26,115,34,14,160,303,69,284,113,31,43,20,93
"TMEM63A",8,77,251,80,181,24,32,242,51,88,18,101,41,20,141,274,55,260,146,73,49,79,71
"ZC3H4",16,64,247,30,211,43,31,231,85,114,79,112,27,9,150,308,52,267,117,42,34,39,54
"CIAO1",7,86,260,33,292,35,22,196,58,98,38,97,49,33,179,242,42,251,148,24,45,42,83
"LEPROTL1",5,85,334,17,311,47,34,216,23,121,5,130,33,24,172,205,46,261,81,34,57,32,86
"CDC123",5,102,195,23,165,33,29,204,24,164,12,174,32,9,207,211,60,439,95,27,34,16,97
"HARBI1",64,26,64,141,68,42,23,175,188,131,245,155,181,57,49,64,58,38,98,82,66,301,41
"RNASE6",6,62,302,20,277,22,3,87,18,115,6,150,24,6,146,304,49,538,164,8,10,15,23
"ELANE",2,108,46,0,55,27,26,121,191,30,9,70,51,16,72,314,530,33,174,299,24,80,76
"SPTY2D1",6,86,164,20,191,27,25,119,38,95,197,153,35,23,114,217,57,484,93,45,50,37,77
"MTOR",14,65,164,161,142,55,9,158,95,85,73,54,67,78,199,159,116,151,194,112,56,87,57
"FBXW7",8,112,173,40,130,42,28,148,64,83,96,114,44,32,127,241,20,353,129,58,28,47,233
"RTRAF",53,84,104,115,103,45,34,115,90,126,78,75,99,108,138,151,151,142,126,143,104,82,82
"YBEY",68,43,172,76,66,52,46,112,123,149,89,121,174,65,100,108,82,93,242,22,75,97,173
"MOSPD3",36,41,72,131,107,87,38,116,80,63,59,115,148,140,175,159,145,75,156,94,85,141,83
"TENT4B",25,98,126,120,121,41,36,148,68,76,53,77,74,57,179,183,104,168,196,162,64,60,110
"CRYBG1",4,107,345,20,216,25,21,181,28,58,22,52,27,14,230,222,29,407,88,29,74,76,67
"CCPG1",4,100,265,47,200,39,19,187,36,96,44,106,46,12,130,221,56,343,143,54,44,55,92
"WHAMM",24,67,94,85,116,39,25,150,128,100,227,112,86,54,124,167,49,185,140,91,49,159,68
"BANP",7,58,282,34,185,28,20,204,34,116,97,106,30,18,153,186,43,448,106,19,45,26,93
"ZC3H7A",13,94,201,21,190,33,27,135,35,144,24,104,26,20,107,210,41,520,110,28,29,58,168
"KRCC1",106,88,193,59,157,48,43,213,63,83,66,109,115,38,164,210,113,108,151,59,69,48,34
"TBCC",7,73,343,25,183,25,24,203,24,127,22,180,39,22,148,148,43,420,89,24,43,22,102
"UGP2",7,123,234,29,222,46,19,250,37,108,37,93,37,19,157,206,66,275,121,45,46,53,105
"CTTN",24,33,109,66,71,96,22,151,81,88,134,156,143,49,114,69,119,46,159,244,55,265,40
"FASTKD5",25,74,131,106,116,42,34,83,92,87,182,95,91,45,151,119,123,202,141,125,118,89,63
"LINC00963",1,79,234,20,166,11,16,224,1,123,1,153,21,7,143,302,51,484,126,17,24,15,114
"ZNF646",13,73,330,30,291,23,28,232,16,57,16,106,23,20,154,351,40,280,104,14,32,35,63
"ING1",7,114,181,18,170,45,45,180,48,74,26,160,42,8,105,151,68,435,87,156,60,44,105
"KMT5A",32,93,145,52,210,55,27,182,74,135,67,102,55,23,106,184,111,329,95,89,26,36,101
"NPIPB2",37,218,55,148,49,137,37,134,126,77,210,51,60,61,97,95,69,57,164,241,48,105,53
"TASOR2",31,40,80,50,114,45,47,62,132,46,599,23,33,87,115,124,54,142,191,123,18,119,51
"ANKRD17",15,82,177,66,171,28,18,152,126,68,173,72,51,32,177,220,46,249,140,77,34,56,90
"CNDP2",1,48,272,16,329,26,21,112,70,111,48,75,19,27,237,254,28,373,74,8,47,30,94
"ABCB7",54,41,75,113,87,52,24,95,199,113,316,56,90,70,117,133,139,62,119,102,66,143,52
"DDX3Y",15,247,1,69,364,1,27,2,60,224,0,244,0,0,241,459,0,0,209,110,43,0,1
"NELFB",12,71,196,75,150,45,20,163,90,123,61,121,72,35,153,177,114,248,161,51,47,83,49
"RNF7",59,54,104,121,157,86,40,122,163,193,75,116,84,65,142,153,102,122,122,53,55,79,50
"WSB2",28,58,211,27,262,38,29,222,16,92,10,92,35,20,225,162,46,441,124,37,68,26,46
"IL1R1",30,143,156,56,186,39,26,179,47,111,191,112,46,40,82,175,73,154,149,32,68,73,146
"FBXO28",23,48,115,67,125,45,24,134,113,73,367,96,68,30,124,149,62,243,120,81,40,74,91
"TTBK2",24,54,136,131,106,42,19,123,125,101,210,64,143,65,133,151,97,118,138,106,91,93,42
"EML3",0,134,287,46,208,28,19,165,38,137,7,145,38,26,132,283,37,308,143,8,24,9,89
"HYAL3",26,105,106,112,139,86,51,126,31,232,21,158,144,42,85,178,69,96,178,142,72,46,60
"UBE2W",4,96,303,26,245,20,30,221,23,68,13,113,37,11,197,243,46,283,104,23,65,23,111
"INTS13",34,74,107,143,81,71,48,167,101,108,147,133,148,61,81,137,114,60,123,76,100,105,84
"IGHA2",0,75,148,10,474,32,14,13,536,4,41,32,4,58,245,48,67,114,225,4,65,29,64
"UBE2Z",6,62,226,24,223,28,21,180,60,93,27,130,24,32,175,219,63,366,126,39,42,44,92
"GNB4",7,62,218,15,238,35,11,198,9,70,6,102,25,1,299,300,42,348,97,33,74,32,79
"PPM1D",33,43,181,44,133,53,45,147,88,82,287,90,57,21,133,198,79,145,155,147,28,59,53
"CPVL",1,122,331,9,336,23,8,48,27,206,5,32,48,0,179,267,29,389,152,11,31,15,30
"NSA2",16,59,177,75,152,46,19,192,113,129,118,72,66,68,215,223,103,144,102,57,59,41,49
"ABAT",13,89,290,33,285,38,28,215,9,108,12,103,35,14,143,98,71,361,157,47,48,58,38
"NAPB",29,54,90,149,55,47,36,96,126,82,137,82,141,93,137,183,104,77,137,142,70,140,86
"HAX1",64,53,174,57,118,87,21,197,66,150,42,80,99,83,111,192,130,201,145,38,56,54,72
"PLB1",1,96,279,24,216,22,17,148,5,85,2,131,23,1,103,493,32,339,117,6,30,13,104
"DHX16",6,63,249,73,179,42,20,195,70,87,73,75,72,39,147,216,92,194,174,48,45,64,62
"LNPEP",6,112,227,18,169,25,29,101,68,82,25,89,45,33,208,334,33,316,92,65,62,36,110
"RBM26",26,102,243,78,169,34,29,139,65,93,69,80,30,35,149,252,51,235,140,83,31,67,85
"EPB41L4A-AS1",55,55,82,113,133,72,42,96,128,78,363,112,117,46,56,84,155,82,108,113,38,97,59
"SPATA2",19,30,112,57,89,26,24,124,141,103,228,92,125,30,145,142,79,261,179,87,55,80,54
"LINC00957",15,30,201,110,73,50,24,130,93,63,188,19,89,71,246,203,69,59,299,61,30,102,56
"NUTM2B-AS1",46,56,172,124,129,48,34,129,151,144,41,66,88,68,198,125,89,153,99,121,94,59,46
"UBXN11",5,136,347,44,198,17,25,108,26,141,22,100,23,21,170,248,47,262,173,77,17,19,54
"HERC4",18,96,262,58,225,27,17,186,40,122,40,117,45,21,149,259,76,202,107,48,48,56,60
"HERC2P9",66,37,143,85,125,63,14,71,207,119,225,2,52,90,114,195,94,154,97,123,38,102,61
"SDSL",28,13,119,181,56,64,32,131,41,86,61,61,66,119,208,214,146,81,298,52,92,67,60
"HDAC4",5,60,247,16,185,27,24,138,6,118,5,124,32,24,213,169,31,496,109,36,57,29,124
"SPON2",21,387,37,5,37,14,23,74,39,259,19,34,14,274,238,357,9,52,128,3,27,40,184
"GALNS",0,124,245,31,245,34,14,208,12,107,28,141,21,16,130,268,49,322,147,24,28,20,59
"HMGCL",46,34,160,149,70,62,23,99,57,114,165,68,182,74,149,172,89,106,112,48,95,107,91
"BBS12",76,11,35,35,41,28,28,97,204,54,1039,54,76,26,45,55,61,19,97,70,21,73,26
"SNRPB",23,93,197,27,156,45,27,109,78,215,23,157,22,36,130,155,67,407,114,24,37,18,109
"MTHFR",28,42,158,141,151,35,31,119,35,80,81,70,80,80,172,226,92,156,166,83,82,70,90
"CLTA",23,41,284,21,239,37,20,161,66,144,27,77,54,17,213,228,71,229,140,42,39,43,51
"TMEM131",11,74,287,39,241,28,19,140,68,96,69,55,43,26,180,228,52,264,109,44,50,39,105
"NEDD8",130,53,57,180,114,58,37,97,155,121,55,54,87,102,160,76,167,93,115,108,120,73,54
"PHB2",13,105,251,28,199,31,27,139,94,170,45,88,27,23,173,238,59,276,114,39,25,29,71
"RBM18",64,53,116,93,149,65,45,118,83,114,154,121,117,67,132,114,52,141,157,68,83,92,66
"STARD10",3,97,174,16,172,30,20,205,3,126,5,134,22,7,155,202,51,608,113,14,37,14,55
"GALC",10,114,238,37,196,23,20,161,20,116,26,138,36,41,106,180,53,461,68,21,35,26,136
"NKTR",8,176,299,46,139,21,16,104,27,79,16,87,18,28,100,354,14,321,124,25,26,43,190
"PAF1",4,89,195,49,214,22,18,198,48,136,54,121,34,18,110,225,61,358,92,40,35,36,103
"CIAO2B",94,65,127,97,102,49,41,149,121,97,57,69,79,86,133,139,149,142,171,92,43,83,72
"MMP25-AS1",6,128,480,46,105,20,24,169,0,52,3,98,22,2,120,323,24,287,153,18,25,26,126
"HCG27",3,59,280,48,97,27,15,287,1,127,5,231,18,6,74,181,36,432,45,10,30,25,216
"FCHSD1",8,117,265,40,155,15,23,155,19,111,5,151,16,16,107,246,24,427,163,9,41,12,127
"VPS37C",15,37,249,112,156,58,23,191,51,125,21,99,55,16,184,238,51,273,125,38,34,32,69
"FBXO48",56,110,81,150,102,74,18,209,103,113,78,156,111,46,72,106,131,55,83,101,75,127,94
"TRAPPC12",4,64,372,47,237,27,15,169,41,93,19,142,20,17,137,215,36,314,127,21,62,24,48
"ANP32E",15,93,174,122,124,43,10,161,80,134,57,104,69,43,89,142,110,227,134,107,53,80,79
"SPG7",12,99,277,47,165,19,14,158,79,93,65,112,28,36,115,268,34,274,151,29,50,36,89
"MED21",119,81,59,79,81,69,53,65,168,59,142,58,126,26,85,65,119,98,215,211,65,132,74
"PRPF38A",18,89,208,51,145,29,27,132,44,143,45,110,39,40,153,234,88,352,77,45,61,36,82
"MGAT3",123,30,133,84,68,57,19,154,149,105,336,73,97,64,129,112,44,34,205,78,36,103,14
"TMEM175",14,81,307,62,132,27,24,132,38,140,36,168,33,46,108,218,58,300,125,31,56,25,86
"CKAP2",50,65,64,127,86,64,58,141,88,143,77,96,73,77,100,153,121,108,136,160,66,150,39
"BLTP2",3,102,273,35,300,11,12,152,58,99,11,67,38,16,171,255,42,270,126,52,42,23,83
"TRIM56",11,94,266,28,205,25,13,162,31,45,22,72,22,5,199,296,16,329,89,36,74,43,158
"BFAR",21,76,130,58,140,66,63,106,83,154,68,109,67,40,134,177,102,234,114,104,77,42,75
"E2F1",60,17,58,86,38,124,44,112,103,95,46,107,85,32,132,114,111,37,149,239,56,359,36
"PGM2",7,67,401,20,308,35,17,219,20,75,3,58,27,17,176,253,53,235,148,13,41,17,30
"RTCA",20,72,159,85,87,58,24,157,90,103,113,141,79,40,115,218,103,148,120,49,50,75,134
"GOLGA2",6,114,195,25,172,14,14,148,36,101,47,143,11,15,77,268,40,472,67,37,33,41,162
"UVRAG",42,48,161,46,73,41,40,145,74,126,230,55,68,70,125,138,62,253,94,53,47,160,87
"ANKFY1",7,95,229,31,177,13,25,184,19,50,23,83,26,18,251,313,26,362,66,32,79,28,100
"GMPR2",18,70,220,49,235,37,16,204,41,103,28,105,19,40,93,198,40,378,89,33,72,35,114
"MTA2",4,87,268,25,177,26,18,146,75,117,47,77,41,42,191,255,43,291,110,48,30,40,79
"TSNAXIP1",17,38,66,323,64,87,14,146,54,193,38,87,149,52,97,181,74,61,174,140,84,82,16
"GTF2F1",1,86,154,90,127,22,16,138,71,98,44,128,87,44,141,258,43,341,119,29,59,61,78
"IRF8",2,184,280,23,217,29,13,66,91,101,36,103,56,42,229,181,15,213,110,11,39,64,128
"SLC9A1",7,83,255,16,255,18,22,225,26,110,4,80,32,17,143,190,35,357,135,28,36,30,129
"ZFP90",19,69,212,168,133,47,18,248,68,71,70,71,160,32,75,205,67,79,180,36,44,105,53
"COPS6",42,60,132,110,103,63,15,130,61,101,45,97,105,72,144,174,106,188,159,115,75,55,74
"BIN3",1,98,171,16,163,19,18,141,18,202,19,228,12,21,105,187,34,475,77,9,22,17,169
"TPGS1",58,26,119,132,110,74,39,137,72,103,83,72,88,46,153,158,138,87,268,47,62,90,59
"CAPRIN2",36,32,155,77,56,55,32,156,74,97,74,57,155,132,125,198,133,58,176,49,64,180,49
"ZNF710",6,70,381,8,196,19,22,179,15,85,11,84,15,16,161,284,19,428,70,23,34,9,85
"MYCBP2",4,99,225,17,253,41,13,125,47,99,26,70,20,37,185,272,31,263,98,20,56,50,168
"APC",16,59,227,56,190,30,15,158,29,109,104,80,44,18,160,305,40,256,117,45,48,51,59
"FAM177A1",20,88,197,42,178,34,31,162,28,142,37,143,69,45,110,183,79,260,116,60,38,81,73
"BTN3A3",10,72,308,10,234,19,36,149,22,82,15,90,19,28,190,307,17,330,53,6,46,64,107
"MYO1D",25,36,68,197,49,43,40,152,76,62,45,106,132,81,191,168,164,50,215,81,70,132,28
"SLC25A11",11,65,259,91,193,45,20,169,53,126,19,105,38,36,174,190,75,242,139,34,66,26,34
"XPOT",51,78,147,62,90,192,12,296,96,87,60,77,81,33,124,144,119,116,93,71,51,77,52
"HHEX",2,49,335,22,166,29,9,145,32,105,18,77,34,8,196,157,55,420,126,28,94,27,74
"CD300E",0,80,273,11,264,18,10,96,18,177,13,35,11,13,250,193,24,475,86,14,22,14,107
"SIRT6",28,42,204,76,204,28,28,165,43,116,12,131,52,33,133,233,61,247,106,75,67,34,86
"IRAK4",4,131,270,26,171,19,27,163,27,90,5,107,19,21,166,252,43,336,163,12,35,25,90
"NUP210",6,164,231,25,168,31,26,54,138,129,48,37,20,88,272,306,20,119,108,54,25,42,91
"TECTA",32,49,68,117,82,74,25,93,98,100,89,140,138,69,72,125,90,76,175,175,97,168,50
"EML4",8,115,297,20,178,11,17,182,41,104,13,55,14,20,109,237,22,400,115,27,37,10,169
"LYPLA1",15,84,233,14,206,33,22,138,26,115,16,72,39,17,161,181,79,476,92,20,48,41,72
"NUMA1",8,87,242,70,134,23,22,95,49,93,46,71,45,57,176,255,58,239,145,55,35,106,88
"ITGB2-AS1",2,109,354,38,249,20,19,149,28,102,1,237,4,8,71,206,24,292,155,13,43,13,60
"SNAPC3",64,39,110,217,59,71,32,127,88,81,54,39,194,45,160,145,167,72,137,61,84,118,32
"TAF8",48,60,138,80,136,54,34,143,105,82,207,101,63,19,140,142,90,151,135,53,61,62,90
"DCAF7",7,30,265,43,218,51,9,192,69,98,65,72,51,17,249,236,44,177,120,52,45,50,33
"MFSD10",5,112,198,20,161,28,9,100,21,210,11,136,20,36,115,211,108,375,124,39,38,14,102
"ROMO1",377,44,98,97,65,42,31,77,91,170,88,68,37,121,111,62,228,45,113,75,34,69,48
"MAML3",8,49,210,67,126,45,26,209,62,88,76,92,100,7,103,166,73,264,143,117,43,76,39
"TBC1D2B",4,75,286,21,191,15,33,181,16,67,4,110,18,9,184,202,47,402,111,29,42,21,120
"LIN7A",9,123,258,35,226,23,37,281,5,69,2,138,37,10,124,102,68,364,111,25,61,10,69
"RBM10",17,95,213,25,216,41,22,166,56,103,53,134,25,16,139,228,37,277,121,38,50,34,81
"RNF216",1,109,339,25,268,11,16,159,45,107,13,122,22,22,148,181,27,344,95,18,37,14,63
"ALDH3B1",1,88,225,23,224,20,27,109,16,93,5,77,38,15,154,225,129,244,173,28,49,140,80
"MAP3K13",120,57,94,226,75,45,51,70,68,130,55,47,81,148,148,102,128,106,77,34,143,93,85
"SVIP",50,92,91,103,88,98,38,171,103,110,47,68,112,50,97,103,166,119,87,164,47,130,48
"SCOC",132,55,58,153,51,41,25,86,137,74,52,50,78,46,150,93,199,42,177,331,75,44,32
"MBD3",62,80,84,135,129,43,44,97,42,75,29,105,46,39,205,103,101,58,248,198,137,60,59
"ESYT1",4,87,296,61,170,34,19,82,122,115,29,86,46,41,269,186,37,194,133,29,45,31,62
"PDCD2",24,60,130,99,132,58,23,117,63,163,57,72,119,60,137,185,128,163,157,52,84,48,47
"POGZ",5,57,167,30,113,24,11,140,92,89,171,118,34,44,142,172,41,350,117,42,34,46,138
"TRIM41",11,59,185,61,130,27,19,136,69,105,76,83,54,47,177,204,81,212,140,116,49,82,54
"ASXL2",27,65,190,38,177,18,19,117,74,61,168,63,41,36,177,164,22,315,141,91,47,62,62
"CEP19",7,38,305,20,126,25,14,287,9,88,17,62,36,3,185,269,46,353,116,13,54,41,61
"BBX",17,57,220,44,159,37,25,130,96,63,149,53,56,27,159,177,45,293,97,61,48,78,83
"HDAC3",22,60,150,52,166,58,14,117,44,98,48,94,123,51,176,235,120,201,107,69,52,76,41
"MIGA2",63,58,167,119,130,53,13,129,83,111,33,88,58,61,87,164,87,185,149,91,60,129,56
"PRDM1",7,31,279,25,203,9,3,200,56,30,1,46,15,20,237,262,13,486,75,15,53,17,91
"KLHL2",1,108,261,18,185,27,26,204,18,60,9,91,13,6,196,232,43,366,147,9,60,17,73
"SLC35A4",8,51,201,38,217,39,21,164,42,133,41,71,66,57,218,216,45,207,140,38,48,38,71
"PPP2R3C",71,92,115,150,194,76,52,128,66,126,39,63,66,13,129,246,106,123,113,59,30,30,79
"COASY",8,73,246,25,176,24,20,126,67,138,83,136,33,22,128,209,40,326,120,25,32,25,83
"ADAM15",3,74,268,61,182,35,11,176,37,194,29,55,52,17,146,228,107,181,138,50,15,36,68
"FKBP5",2,103,195,18,149,37,24,203,56,94,26,65,33,9,211,159,100,304,231,19,77,26,21
"UBAP2",33,30,89,162,60,60,23,127,97,128,60,55,109,95,134,165,55,100,115,108,80,233,43
"CASP3",16,87,211,22,151,34,18,139,64,86,42,116,43,30,111,189,35,403,105,51,46,61,99
"UBE4A",9,43,296,39,172,30,15,124,36,83,144,83,30,19,120,323,31,258,117,22,41,65,57
"M6PR",5,76,238,15,224,25,23,139,58,112,33,89,37,20,200,202,61,324,108,42,25,33,66
"ASNSD1",136,55,74,94,44,117,39,73,110,156,155,56,40,28,56,239,91,31,181,134,90,77,76
"LYRM1",94,54,152,57,144,38,24,157,60,83,96,93,54,41,147,184,60,269,104,38,57,66,79
"PKN2-AS1",131,70,47,128,51,113,71,156,73,125,50,105,127,36,84,106,71,53,82,78,86,231,76
"GPR65",3,149,142,19,207,23,30,182,4,159,5,162,15,49,119,136,26,499,42,3,46,25,104
"MEMO1",75,57,83,183,72,49,47,189,91,125,24,150,84,61,98,106,89,76,196,106,94,74,20
"SMNDC1",7,84,187,24,172,18,31,177,30,123,40,137,34,22,159,195,37,356,91,44,59,31,91
"CDK5RAP2",16,65,190,84,86,63,15,220,69,112,77,107,76,39,107,201,61,157,186,45,25,60,84
"ATP5F1C",31,110,162,38,169,56,25,106,87,125,63,97,52,38,160,190,86,192,104,53,71,49,80
"GLA",88,89,119,25,141,60,50,173,79,35,105,162,63,32,86,90,111,171,130,151,34,92,58
"GLB1",9,65,338,23,224,34,12,191,27,119,14,66,63,7,156,205,76,285,98,27,35,26,43
"CTC1",3,138,322,47,153,25,12,146,33,69,20,112,19,33,81,311,27,322,113,21,14,11,110
"SENP7",35,105,174,68,142,27,18,149,48,70,101,113,26,30,119,250,59,217,124,38,73,50,105
"ATP1A1",10,53,210,46,198,31,22,126,79,140,55,56,43,50,160,210,54,316,116,43,36,38,46
"APEX2",76,44,100,78,85,66,90,91,71,93,73,94,125,83,152,96,104,54,115,154,107,123,63
"AARS1",74,55,87,63,54,137,25,299,205,59,40,189,149,24,100,106,122,36,53,47,45,138,29
"ENY2",44,101,165,55,124,32,25,142,40,148,57,154,33,27,134,150,92,251,129,63,40,36,93
"FAR2",1,54,179,9,80,28,16,227,10,126,5,164,34,1,144,198,62,500,77,35,56,25,101
"AAGAB",44,68,95,93,79,45,30,102,159,86,151,55,84,43,225,170,66,137,127,46,59,82,84
"CDK17",17,68,152,38,103,33,19,135,49,76,52,127,48,43,134,171,50,386,66,39,72,59,192
"FHOD1",3,105,253,20,192,13,20,135,9,152,12,208,9,22,96,196,38,354,96,20,22,21,133
"SSH1",1,86,256,11,239,37,15,103,16,84,5,82,46,47,120,228,43,396,98,50,23,59,83
"MAP3K12",10,34,154,146,71,47,23,152,90,85,63,94,118,51,155,209,96,71,119,68,98,95,77
"TOB2",11,45,198,22,171,35,14,179,94,76,143,94,41,22,162,197,59,254,124,77,25,24,59
"DHX32",68,22,124,63,35,157,49,84,102,55,300,74,103,68,141,72,116,23,197,80,44,116,32
"SAMTOR",31,72,175,105,108,39,27,157,96,72,205,70,97,27,94,149,87,189,102,43,47,76,57
"SAMD8",1,130,183,21,117,13,27,175,11,107,7,135,23,22,112,192,20,598,60,12,18,5,135
"USP21",39,37,144,103,104,31,46,168,93,73,103,85,88,52,127,152,71,164,162,95,40,107,40
"CD58",40,95,168,18,207,28,36,165,3,151,3,130,8,16,117,259,49,284,121,17,40,38,130
"DLG1",33,71,111,122,75,51,23,132,116,102,223,90,102,48,124,147,61,122,144,55,42,95,34
"FOXN2",7,95,300,27,158,19,19,168,27,48,8,80,30,18,249,174,44,309,93,38,81,35,96
"CBFA2T2",63,38,116,37,71,127,139,90,57,73,134,103,135,120,87,106,84,113,111,151,12,116,39
"DDIT4",23,292,45,31,144,21,5,152,55,143,36,235,11,81,43,214,31,269,94,28,8,15,143
"HSPA4",25,51,195,27,174,46,16,110,106,79,229,72,33,28,160,152,41,211,103,81,39,42,99
"GZMM",43,82,84,72,96,53,23,60,61,196,181,56,85,91,121,164,59,80,159,105,54,82,107
"ERAP1",3,53,219,13,282,27,25,154,36,126,9,94,24,32,149,233,35,298,84,30,51,47,89
"TXK",62,46,78,4,34,94,34,161,270,91,147,95,208,25,121,91,71,20,214,4,6,218,19
"SLC27A3",3,48,247,60,162,13,11,242,14,125,2,64,17,19,183,259,64,306,86,15,94,33,44
"FAM168A",12,127,301,30,180,18,23,122,10,84,23,93,37,12,119,244,30,308,122,33,24,19,135
"PIK3CB",5,44,204,21,175,64,25,160,45,48,33,140,68,9,142,173,54,339,130,70,52,70,35
"FCMR",1,79,274,11,201,27,27,95,219,196,92,120,15,24,144,247,24,112,67,9,42,10,69
"GUSB",7,100,166,24,148,16,11,134,51,185,14,94,22,25,140,174,69,445,96,30,22,25,106
"SLC22A15",2,98,377,2,175,19,35,152,2,74,4,111,30,2,146,285,38,284,113,17,29,24,83
"SH3BGRL2",2,20,88,8,62,118,14,295,22,79,47,162,201,29,50,54,158,56,164,229,28,173,40
"ITFG1",16,47,140,115,84,53,37,166,43,87,50,84,106,69,133,151,119,163,126,86,102,79,42
"SLC8B1",7,80,294,39,168,28,16,170,11,126,26,65,16,24,159,187,49,359,143,34,36,22,39
"ESRRA",14,37,260,27,155,36,14,170,33,68,25,134,48,12,151,178,56,324,104,31,48,42,129
"UBE3A",27,64,113,71,108,37,14,67,131,70,164,104,77,44,163,146,77,113,160,173,57,49,66
"SAP130",9,53,196,58,107,47,32,162,46,60,46,72,69,41,83,190,70,337,111,81,53,74,96
"GPR107",4,94,237,20,192,16,7,166,18,89,23,95,22,14,161,232,40,363,105,42,30,33,89
"IQCE",7,71,304,48,176,50,14,129,20,119,9,79,44,28,162,235,44,246,136,43,44,29,55
"CPNE2",7,87,255,6,176,31,18,196,10,95,2,98,62,6,114,226,89,275,182,58,25,27,46
"NUDT2",44,44,41,114,96,31,30,89,100,144,226,57,135,99,140,196,101,67,105,33,84,72,43
"CTBS",2,83,192,15,180,15,20,192,14,97,5,195,24,5,123,239,46,386,107,6,31,19,94
"SBDS",19,98,49,52,65,58,21,100,48,87,122,191,133,42,107,155,73,215,135,185,32,67,33
"NDUFA10",14,72,149,72,145,32,17,134,65,134,99,89,64,59,123,212,83,175,124,42,64,40,78
"RASA2",2,149,200,13,207,18,22,143,22,91,6,107,22,41,134,183,34,308,75,11,50,23,225
"RGS3",2,74,268,17,132,10,15,184,24,131,3,36,19,17,231,311,62,244,149,25,32,20,80
"SPPL2A",12,89,184,22,188,19,22,155,16,96,11,121,17,18,171,153,31,434,116,19,36,26,130
"USPL1",20,76,115,45,101,19,15,132,118,55,455,96,22,21,70,134,53,204,78,73,31,58,95
"CARS1",6,80,212,46,137,42,18,158,47,75,20,133,37,20,120,193,48,317,136,18,39,38,145
"CFP",5,68,286,37,272,16,20,229,4,111,0,155,11,2,70,194,60,288,129,14,31,25,57
"MR1",38,75,171,39,208,27,31,116,80,74,192,78,30,45,147,133,33,283,48,12,38,96,88
"MTPAP",20,62,119,90,69,58,9,93,82,83,248,60,220,41,96,215,71,115,162,35,31,69,34
"NABP2",23,54,115,211,108,52,19,136,106,194,56,108,90,49,73,159,92,51,131,65,104,54,32
"ELAVL1",13,50,134,77,142,65,23,116,109,95,39,72,72,43,187,167,85,198,133,110,28,58,64
"SYNE3",26,90,185,46,111,34,34,108,82,71,111,51,87,53,143,136,80,144,161,114,26,105,82
"RANBP2",19,95,162,49,115,21,12,103,83,128,66,57,47,46,144,167,43,320,86,69,62,57,128
"CNTNAP3",7,183,350,0,46,60,25,53,0,161,1,94,30,23,152,107,55,269,208,6,69,21,158
"SAR1B",71,64,94,102,105,61,27,94,83,80,128,106,125,43,119,107,127,122,162,89,69,42,58
"RNASEL",3,13,289,23,215,18,14,257,13,44,7,58,35,5,182,282,55,271,81,21,58,56,76
"RRAGD",3,89,283,16,262,11,17,247,3,99,0,100,13,6,150,185,50,303,90,28,30,32,59
"AK2",20,88,213,35,231,27,20,113,71,157,46,51,31,19,163,196,80,164,140,55,29,52,74
"ANKLE2",3,115,251,26,191,22,17,158,31,85,32,124,27,17,108,231,32,315,105,26,36,24,99
"HIVEP2",3,61,193,23,263,6,22,152,21,53,4,50,11,10,136,446,17,273,93,15,50,16,157
"CWC15",42,62,117,66,90,32,31,118,82,140,227,139,74,27,124,117,47,197,93,53,41,95,60
"FUBP1",12,155,139,34,119,24,16,100,91,118,122,77,20,44,151,178,32,262,97,64,25,65,129
"NCBP3",7,96,240,23,185,13,17,144,19,102,14,87,16,17,127,262,35,386,111,27,23,26,96
"NKAPD1",22,37,110,91,102,42,20,105,91,85,332,64,98,48,137,192,65,79,164,57,48,47,37
"TM2D3",41,90,168,37,160,42,19,140,59,94,48,141,45,24,119,100,78,344,108,23,54,48,89
"CPSF6",15,80,173,127,117,48,21,114,61,143,63,78,60,62,130,176,75,154,107,74,49,58,83
"LRWD1",13,172,233,37,138,11,25,158,19,83,10,142,35,23,97,228,41,257,69,26,38,39,174
"PDXK",0,117,272,28,204,41,24,99,64,94,6,71,8,20,189,219,46,271,157,38,30,6,64
"POLG",4,74,205,34,207,30,12,147,52,101,48,78,54,44,175,204,45,248,144,41,19,33,69
"SERPINB9",9,59,88,5,170,20,20,93,31,48,18,90,19,52,212,141,12,588,66,25,80,35,187
"ATP13A1",19,66,180,87,153,31,19,133,82,87,45,64,42,43,214,190,73,175,103,48,58,49,105
"RPS6KA5",0,89,214,26,178,24,26,199,15,98,13,140,33,3,108,266,20,306,88,12,69,9,130
"ARRDC1",1,83,310,44,223,23,6,149,9,98,9,148,17,10,124,222,44,272,131,5,34,11,91
"NEMF",12,102,130,134,62,64,26,110,37,121,68,94,103,31,166,173,66,156,156,77,51,58,66
"PRRC2B",8,118,206,22,251,34,17,90,61,75,25,56,41,31,167,254,25,294,101,36,41,25,83
"AAMP",39,65,128,79,82,26,32,58,89,146,70,66,42,67,224,166,83,141,172,117,66,45,57
"MIR4432HG",31,28,106,56,22,36,32,112,76,115,64,65,132,133,191,333,127,40,138,26,59,74,63
"SYNE2",8,218,124,35,123,17,19,78,24,77,14,32,15,47,107,317,11,321,136,13,52,26,245
"AATF",1,93,224,28,208,31,16,166,26,101,25,101,18,30,141,239,37,310,107,28,32,26,70
"PRR33",0,78,215,33,91,5,12,96,4,167,2,195,14,15,42,171,2,596,84,12,15,7,202
"TNK2-AS1",45,38,51,213,72,26,7,53,80,131,129,53,117,26,81,219,77,86,195,165,75,78,38
"SCNM1",13,57,190,42,160,33,40,177,36,110,53,156,28,17,131,204,73,232,85,20,56,52,88
"NDOR1",36,65,189,93,117,47,29,120,112,105,72,102,37,37,85,200,73,169,90,78,64,71,60
"USP39",18,60,196,51,117,44,33,134,62,119,29,108,63,33,115,165,79,227,98,103,64,63,70
"NOD2",12,65,242,78,312,7,48,245,12,83,3,81,23,27,139,171,18,245,79,19,63,16,62
"FBXO46",21,41,129,52,75,49,33,115,42,94,49,110,103,34,172,206,80,198,160,76,28,113,69
"DCLRE1C",36,42,97,63,138,60,20,136,78,83,209,84,84,23,126,199,35,146,133,59,47,86,62
"EFTUD2",9,36,184,52,190,26,27,125,69,111,53,62,41,46,171,209,84,226,112,66,56,45,45
"STK25",14,56,157,108,96,39,13,78,57,143,33,73,44,74,205,196,113,138,162,90,61,39,56
"GM2A",0,173,249,10,297,12,15,145,49,100,20,21,19,8,147,104,17,468,89,5,37,16,43
"KIF1B",0,102,145,8,252,26,16,111,15,70,0,62,22,10,117,148,36,549,122,40,37,49,106
"SH2B2",8,76,118,16,116,6,28,105,48,199,12,203,11,12,85,161,13,613,77,5,13,14,104
"ANAPC13",11,91,187,46,196,31,19,225,28,106,6,147,38,18,104,171,51,254,76,27,46,36,128
"CEP63",20,63,287,34,167,24,18,210,9,72,0,107,23,7,67,287,34,294,92,15,10,19,183
"PIK3IP1",19,105,124,20,134,27,23,84,172,77,123,122,25,20,100,169,35,313,100,33,18,65,134
"SPCS1",20,62,163,63,160,38,8,148,93,99,51,98,56,51,87,207,91,262,102,34,36,68,45
"TNFAIP8",6,54,314,25,221,45,30,147,62,52,31,46,22,6,187,189,77,257,84,44,67,41,33
"GBA1",4,70,274,15,218,24,27,165,9,96,11,66,41,16,128,234,74,246,111,38,68,51,52
"POLR2C",19,80,166,39,130,40,37,115,47,165,44,85,42,62,133,218,49,264,108,28,46,50,71
"MON2",17,63,233,29,228,31,13,109,63,59,71,82,36,38,138,246,25,216,104,44,40,49,102
"PNMA1",41,47,113,37,54,56,26,185,52,45,77,188,120,40,100,74,128,50,101,176,39,252,35
"INAFM1",25,33,168,82,68,41,13,175,37,129,63,203,79,39,121,112,50,322,76,36,47,64,51
"NFKBID",4,129,79,7,90,17,21,47,6,235,2,294,3,58,22,119,8,638,33,7,16,8,189
"UVSSA",10,91,255,50,146,15,31,105,35,72,35,74,40,24,81,257,34,281,118,50,61,31,135
"SRGAP2C",21,26,59,49,42,40,10,102,145,23,513,105,92,50,83,114,37,153,108,85,12,86,75
"TAF12",15,82,223,35,165,52,20,198,25,97,39,153,33,16,118,156,62,313,99,14,36,31,48
"UNKL",30,61,189,64,120,20,30,230,79,66,114,64,42,29,88,188,34,223,145,43,39,31,101
"USP3",14,130,181,39,220,28,24,130,18,106,36,87,15,24,112,182,45,274,74,26,28,32,204
"UGCG",17,80,130,16,118,39,27,125,47,60,72,76,35,28,149,137,105,244,121,117,32,136,115
"CAPN10",15,54,152,159,138,25,22,132,83,88,37,98,51,36,153,154,74,124,200,48,70,71,39
"GTF2A1",19,53,212,62,226,34,17,195,37,75,48,80,58,19,152,129,56,193,95,81,42,42,96
"RALGDS",35,36,109,218,130,30,33,87,85,130,42,38,63,45,130,139,146,80,119,100,50,126,50
"THAP5",23,39,135,49,122,28,17,158,55,101,136,127,64,21,111,148,56,265,165,30,29,67,75
"BCR",5,66,136,22,133,45,8,152,43,127,9,102,45,83,121,178,37,353,60,40,51,111,93
"KIF2A",3,48,126,7,94,90,6,308,40,66,25,91,133,13,95,116,100,114,105,143,65,186,45
"DHX30",58,42,96,135,108,40,21,83,105,92,78,75,33,27,235,171,75,61,238,105,75,40,23
"DOK1",5,45,342,21,209,26,16,193,18,82,8,81,28,4,175,176,56,249,90,45,41,39,67
"HSD17B10",41,43,84,109,108,46,26,111,71,107,28,47,96,61,152,129,168,97,144,144,120,53,31
"TSPAN33",5,41,111,52,89,58,16,335,11,52,36,98,127,31,48,81,122,89,138,171,23,228,53
"CREM",47,78,75,67,80,69,46,85,45,99,54,100,124,116,102,70,115,102,100,146,79,50,163
"KCNE3",8,26,447,22,226,18,14,215,6,24,6,33,25,4,206,194,40,274,94,30,49,20,31
"LINC01002",4,140,220,52,188,23,28,45,1,110,1,61,20,6,92,241,33,470,169,6,27,8,67
"MORF4L2",19,97,106,26,101,26,32,111,84,169,148,173,12,24,71,146,55,307,72,67,9,32,125
"ERLEC1",32,59,73,108,81,65,56,103,122,67,93,46,77,75,138,170,129,91,176,52,66,89,43
"RPGR",31,86,125,55,78,47,20,99,63,101,139,89,57,25,141,168,85,160,115,111,46,84,86
"CYTH2",10,76,162,59,136,24,15,187,33,57,38,104,45,18,71,209,75,268,169,96,37,40,81
"MORF4L1P1",28,72,104,105,112,40,42,99,82,82,76,108,136,34,97,115,72,98,112,114,72,151,59
"UBQLN2",7,44,223,16,212,46,12,183,34,69,11,75,43,13,207,167,72,282,116,52,36,32,56
"DDAH2",6,125,141,35,124,23,22,129,34,146,24,198,6,27,99,163,26,410,67,19,37,12,132
"DDX41",18,101,194,25,141,46,15,122,75,135,31,96,32,40,122,162,66,235,146,55,25,47,76
"ZSWIM6",2,85,236,22,193,21,22,126,11,77,8,75,22,15,128,209,18,359,105,19,41,13,196
"TRIM59",30,19,51,66,49,43,23,155,114,115,598,57,89,45,75,81,63,23,132,41,29,68,36
"SCLT1",2,81,154,32,100,31,28,192,20,113,29,132,44,20,114,209,57,349,59,15,31,46,143
"SMARCA4",14,63,162,122,152,39,18,133,86,77,31,76,42,55,164,172,101,159,135,75,46,41,38
"DNAJC13",12,87,210,7,184,13,13,138,60,57,47,67,26,17,185,235,48,273,93,48,57,64,59
"HS1BP3",1,61,319,29,198,23,15,200,11,99,5,117,34,13,159,230,37,261,80,20,21,26,41
"EPC1",13,66,152,50,148,29,30,169,80,82,164,68,50,22,153,177,47,209,104,40,44,42,60
"CSAD",0,120,291,27,115,10,20,140,3,82,4,158,15,6,73,286,16,350,95,12,24,15,135
"ELK4",11,41,117,187,81,39,37,120,114,88,108,60,75,35,132,132,49,180,80,74,55,69,113
"GOLT1B",125,47,133,107,104,48,47,136,59,96,40,50,103,51,85,141,105,124,109,66,77,72,71
"AGO1",3,93,270,18,204,12,17,106,22,85,10,89,35,9,127,255,24,328,91,16,41,34,105
"CGRRF1",109,60,82,141,71,61,63,114,30,118,54,74,141,44,91,186,138,100,113,27,66,49,62
"ARMH3",22,36,129,143,114,38,19,108,103,82,88,49,91,50,135,147,89,109,148,66,91,91,44
"EIF4A3",2,75,239,35,213,27,16,93,59,103,23,127,13,24,161,164,45,332,103,33,19,36,49
"RNF138",7,120,145,13,173,14,37,126,19,120,9,155,18,26,109,123,32,506,61,23,47,11,97
"BMPR2",47,61,81,62,70,103,38,162,110,25,151,79,54,54,84,124,69,141,131,72,69,125,78
"TAPBPL",14,53,207,25,236,24,14,204,33,74,11,156,36,35,100,185,28,286,63,23,34,62,85
"ADGRE1",5,69,254,40,162,52,25,66,9,105,1,50,27,7,370,50,30,371,165,25,61,27,16
"GIT2",5,112,230,15,215,15,30,195,19,97,9,113,18,6,109,205,29,276,98,23,34,35,99
"COA5",185,130,104,93,84,29,56,91,53,91,62,70,50,91,151,168,51,123,113,25,58,41,67
"THOC2",21,61,136,70,96,37,19,126,72,84,109,45,53,51,167,204,57,99,152,99,59,111,58
"GOSR2",24,31,83,151,82,27,23,85,56,122,200,32,93,80,120,133,78,78,178,68,94,74,73
"RNF111",10,74,211,22,178,12,30,175,35,73,105,83,26,12,149,228,39,243,86,22,37,28,105
"ZBTB4",10,51,223,77,134,17,8,186,54,74,58,64,62,65,127,258,53,109,89,76,39,67,81
"NDUFC1",140,26,57,166,45,59,24,49,61,86,95,63,117,52,132,68,177,83,156,59,38,191,36
"PAPOLG",37,62,212,31,153,30,26,172,47,55,151,78,60,17,132,219,41,125,104,64,46,45,73
"PTPN11",8,78,164,69,149,27,13,103,62,70,44,69,34,45,136,183,65,231,108,135,53,63,71
"SZT2",15,74,220,73,158,38,16,78,47,95,71,60,61,41,153,198,44,173,105,47,46,79,88
"GMCL1",3,75,230,18,195,27,31,193,21,62,6,102,23,15,130,201,48,325,94,32,42,20,86
"MYO1C",15,54,66,174,62,44,26,148,59,52,37,82,90,43,172,189,155,45,147,91,65,114,49
"PTPN2",16,107,119,89,168,44,10,124,60,123,29,93,39,51,115,163,77,192,110,52,60,53,85
"TTC7A",2,75,246,36,205,22,10,101,81,120,24,41,32,20,220,209,44,323,75,11,19,16,47
"ATP5MC2",2,75,282,21,214,24,10,130,74,160,37,86,37,17,141,144,35,260,105,31,16,26,51
"PSMC6",43,69,202,49,158,28,21,129,71,89,88,98,55,19,117,144,60,193,148,70,29,48,48
"GOLGA5",19,44,157,67,139,28,13,111,104,52,204,79,81,28,111,144,49,135,161,57,36,97,58
"ILF3-DT",41,36,78,49,77,30,28,99,114,87,309,69,102,68,71,96,108,81,142,122,58,91,18
"CCDC6",17,45,57,317,35,8,19,44,32,128,5,19,27,66,58,50,704,43,58,11,16,201,12
"DCP1A",33,39,112,59,123,36,34,85,47,53,187,72,46,49,125,137,59,298,107,90,42,72,66
"HPS4",15,34,100,82,79,33,15,113,139,107,254,85,130,36,85,124,33,109,110,64,61,127,35
"TARDBP",7,88,247,33,165,17,25,103,94,102,82,86,19,33,137,173,25,273,89,47,26,23,76
"GPATCH2L",12,93,176,44,157,24,25,115,63,56,121,95,34,42,95,190,21,268,112,51,37,32,106
"TMEM219",8,45,175,38,132,33,11,229,24,135,17,106,49,5,129,161,75,313,92,36,22,74,60
"MTG2",15,42,162,53,183,34,18,155,56,120,49,107,63,33,122,157,40,211,95,26,55,84,88
"PTPN23",12,54,143,74,133,25,32,123,80,100,53,65,44,45,139,227,68,155,119,144,43,28,61
"VARS1",12,41,153,148,99,34,14,142,88,99,44,58,71,70,150,191,114,69,139,73,67,52,39
"SLC35F5",36,68,157,56,150,40,16,138,76,71,160,70,56,14,110,200,79,162,105,54,43,35,69
"CCDC90B",84,50,85,138,85,58,32,113,48,125,90,68,105,45,101,189,101,118,94,60,79,63,32
"GZMB",21,251,47,5,109,19,11,59,37,233,5,53,11,178,202,227,2,46,42,7,29,80,289
"KCNQ1",3,63,263,10,154,15,18,200,7,69,2,141,20,6,112,224,24,343,127,8,46,8,100
"PKIG",189,21,23,130,39,31,25,90,60,52,325,45,133,33,66,109,133,26,137,34,81,40,141
"SMC4",30,59,111,53,107,38,22,185,94,81,100,54,80,51,120,190,67,142,126,85,35,64,69
"ZMPSTE24",17,53,178,20,167,26,16,194,49,78,58,153,39,15,133,196,37,261,111,46,40,35,39
"PDE7A",12,85,192,43,187,18,27,205,57,77,45,117,25,28,118,221,37,189,94,11,39,46,86
"PPM1G",10,101,180,50,198,44,12,117,65,106,25,84,37,25,127,220,43,236,116,37,27,40,58
"VNN1",9,113,332,14,235,30,68,171,15,78,1,55,28,4,79,88,24,193,184,21,85,45,86
"MAZ",30,38,138,126,105,52,21,173,64,95,35,106,52,50,119,119,121,145,162,59,60,42,44
"C3orf62",19,107,179,35,181,34,32,132,43,94,27,117,33,17,100,195,39,238,122,45,34,53,78
"PRUNE1",10,34,151,30,127,51,26,212,30,73,43,132,99,13,99,176,64,186,78,147,23,97,53
"CCDC97",8,53,195,23,215,29,12,167,31,93,15,87,14,22,162,245,58,232,75,26,78,24,89
"PSMD11",19,58,120,68,117,29,31,103,101,78,135,71,42,43,97,133,89,183,127,143,54,36,75
"RPAP3",6,71,218,10,219,24,16,215,17,61,9,82,18,10,134,160,21,364,69,29,75,42,81
"FYN",7,87,230,14,207,36,15,82,48,139,11,46,26,67,213,195,26,109,157,42,41,56,96
"LINC01506",8,112,237,19,210,31,21,165,2,171,0,128,16,11,165,160,33,248,83,12,19,11,88
"MAP1S",8,39,248,25,169,32,21,170,22,122,8,89,39,17,141,227,45,252,79,54,21,50,70
"LMBR1L",1,114,250,23,170,17,9,132,31,81,6,134,19,19,109,207,30,317,94,13,25,8,137
"MAN2C1",18,101,231,77,124,29,13,66,39,96,23,96,60,67,143,154,63,157,145,47,38,60,98
"RFX7",15,53,76,126,92,41,34,122,156,80,92,62,81,51,107,175,69,42,117,100,82,132,38
"OFD1",23,85,106,134,84,49,21,135,70,64,109,68,62,69,91,129,65,140,100,81,89,95,73
"POLE3",46,65,121,61,103,51,29,65,62,110,76,75,97,57,123,158,83,124,120,75,70,56,115
"TBK1",16,82,193,31,149,13,35,119,52,84,131,89,19,16,131,193,22,286,65,46,19,38,113
"G3BP1",11,66,154,42,127,31,18,118,119,89,78,61,66,49,172,144,48,172,95,140,32,40,68
"LILRB1",4,111,225,23,217,28,17,70,50,131,16,101,18,7,198,225,46,225,129,10,16,35,36
"UPP1",16,188,164,22,154,37,9,50,13,211,0,76,5,28,159,121,53,335,127,13,47,20,90
"F2RL1",3,18,341,7,301,30,19,160,0,44,3,74,43,2,166,158,48,330,60,13,38,10,69
"GLS",13,82,177,33,143,24,9,95,70,101,23,106,14,28,149,208,31,286,76,38,29,29,173
"OSBPL9",10,96,194,27,155,24,20,153,72,61,35,79,29,25,129,176,48,285,72,30,69,38,109
"B3GNT5",5,113,129,14,187,28,23,122,2,113,7,103,10,12,83,185,30,566,57,21,38,10,76
"MLLT3",17,12,56,34,39,47,47,151,116,67,510,61,123,50,40,64,72,26,66,175,17,101,41
"SLC22A16",45,39,152,107,90,27,24,187,86,139,26,48,135,37,93,146,62,69,100,43,91,151,31
"LINC-PINT",4,127,196,15,153,18,9,121,3,108,3,226,12,18,101,228,42,345,80,13,13,10,81
"RAB33B",4,49,212,7,192,31,24,239,10,57,2,130,15,4,192,180,55,247,78,25,72,24,77
"TOR4A",3,32,289,21,170,22,14,123,15,122,15,71,34,9,153,131,52,395,121,20,27,21,64
"ARHGAP21",14,40,102,49,97,41,18,143,168,57,59,116,112,35,84,98,62,84,119,117,48,217,43
"MCTP1",6,89,224,16,220,38,24,177,4,56,5,81,33,1,119,146,46,335,72,53,45,51,82
"PABPC4",10,82,167,60,134,45,11,137,112,122,64,55,47,39,140,188,72,170,106,38,39,37,48
"EDEM2",11,59,222,22,210,17,21,192,49,67,13,107,18,5,130,215,51,271,93,20,53,28,48
"RIPK2",7,169,116,9,117,32,30,92,22,97,14,90,27,34,111,155,27,503,43,13,52,40,119
"RPL13AP5",24,100,89,73,107,51,23,124,96,65,68,85,73,43,107,129,85,49,60,232,52,131,52
"SMU1",4,60,167,13,157,30,19,132,60,133,35,122,25,23,159,133,26,368,64,24,45,35,84
"CASP10",28,53,122,30,114,40,11,75,117,68,435,53,27,21,131,131,52,101,62,55,45,44,101
"MGST3",221,49,92,40,54,51,36,101,83,93,162,71,94,48,89,114,143,67,80,68,36,85,38
"DDX52",94,27,57,117,61,50,40,71,119,76,196,51,66,48,114,103,74,41,133,83,75,172,46
"RABGAP1",20,51,126,84,101,37,20,99,80,79,100,72,63,34,144,178,58,145,131,109,74,63,45
"DHX38",5,60,199,54,131,29,13,149,61,68,53,100,42,25,110,203,35,266,107,36,40,57,66
"ITPR2",2,88,150,33,133,42,14,110,61,60,34,59,56,22,119,244,40,248,97,65,54,87,91
"SEC24B",12,73,151,37,134,20,20,108,31,103,47,82,30,25,161,173,32,361,86,51,19,43,110
"GMEB2",14,50,164,40,129,15,19,144,25,126,30,104,31,37,106,148,70,301,128,63,19,29,114
"GON4L",17,70,210,44,170,26,32,128,55,64,72,86,27,27,129,197,37,228,116,24,44,39,64
"RRN3",0,30,38,18,65,61,31,225,180,80,29,93,141,10,153,47,148,80,193,97,14,155,18
"ZFAND2A",87,115,53,31,73,23,15,98,60,82,127,122,88,50,70,194,69,247,95,32,54,53,68
"ZNF664",13,42,75,138,104,25,18,183,128,94,33,86,60,32,112,130,64,82,197,123,18,126,22
"ETFDH",31,36,68,40,55,41,10,103,136,57,507,83,64,23,80,92,67,68,108,74,43,81,37
"TRIM24",14,50,151,44,167,22,26,160,79,85,133,82,38,30,115,159,48,144,144,42,44,62,61
"CRADD",110,44,70,101,71,77,46,84,67,121,109,38,70,46,91,117,107,70,89,81,93,156,40
"ACKR1",0,41,0,0,1,0,1,0,0,1,401,0,0,1,0,820,0,0,1,1,306,1,322
"VPS29",53,102,105,54,131,33,30,136,22,115,35,101,42,23,123,195,69,216,117,55,43,23,74
"BAG5",10,83,157,38,123,13,20,118,49,74,69,125,21,23,86,174,50,380,97,69,20,31,66
"NEK6",7,48,301,10,286,16,17,130,9,59,9,75,35,10,133,162,24,345,91,29,60,15,24
"REST",7,79,160,33,125,30,17,107,77,64,111,93,59,25,111,159,44,258,105,74,23,67,67
"ING4",55,41,190,40,161,27,16,167,38,97,73,120,32,18,90,173,58,227,77,40,32,53,69
"AMMECR1",75,24,78,86,43,43,47,95,122,92,139,77,122,78,67,149,103,50,150,62,52,104,35
"UBLCP1",6,68,202,9,190,26,23,162,12,126,17,100,24,9,139,181,50,288,92,14,36,29,90
"ATP2A2",3,85,216,11,164,13,24,115,65,106,19,53,28,43,208,131,18,281,108,51,29,39,82
"RWDD3-DT",72,14,100,129,87,62,33,171,140,81,135,85,114,38,69,111,79,47,88,53,94,65,25
"ZNF586",10,104,216,41,122,26,17,145,45,95,156,105,32,20,81,135,38,239,91,51,20,28,75
"UNK",48,52,78,108,68,41,22,121,153,66,163,34,62,71,108,133,88,89,99,49,69,88,79
"LANCL3",32,26,25,178,11,75,29,69,81,69,166,23,95,146,97,84,111,23,154,134,62,112,86
"SAP30L",9,64,213,31,169,23,34,150,53,46,22,92,35,5,177,167,44,273,131,18,33,34,63
"VAV3",5,164,211,13,188,30,18,133,21,54,3,81,17,26,107,174,31,305,109,15,68,27,84
"MAT2A",3,115,311,29,153,16,11,105,80,88,79,33,22,44,134,182,19,179,99,43,12,31,95
"SHFL",44,47,123,39,156,15,22,161,66,61,31,88,22,67,100,129,26,195,46,22,83,168,172
"HSPD1",12,74,197,23,135,26,8,109,133,80,97,29,15,49,192,185,66,126,83,114,23,39,67
"NFIA",11,35,112,149,60,40,12,156,75,98,24,148,150,29,75,100,55,61,130,72,47,201,42
"TBC1D5",1,54,217,15,185,28,26,114,37,86,18,71,24,21,134,207,25,357,123,35,27,22,55
"JOSD2",76,53,85,118,66,62,71,78,67,83,15,55,28,70,176,51,128,80,146,192,77,74,30
"MBD4",9,93,180,19,224,37,20,156,54,104,27,94,24,13,93,105,56,289,101,29,38,30,85
"MIA2",2,80,268,29,173,28,22,157,22,64,2,111,21,14,112,208,38,275,108,14,41,25,66
"ATF2",21,69,178,40,142,30,26,128,68,72,117,69,57,20,155,172,52,164,98,49,46,40,66
"SOAT1",4,108,295,18,179,55,17,133,16,66,4,51,30,13,192,178,34,245,96,17,26,24,78
"YBX1P10",11,51,87,228,74,42,10,264,45,97,7,112,95,39,53,123,101,48,75,108,56,112,39
"SIPA1L2",6,81,162,19,112,27,26,147,5,73,1,55,6,6,189,202,21,438,86,14,26,13,159
"MACF1",4,220,150,22,116,32,9,61,74,69,18,33,21,39,150,275,24,114,86,63,77,83,133
"LRBA",10,18,143,154,43,38,16,87,50,57,26,37,117,25,85,82,70,62,86,240,87,295,44
"ERAP2",1,79,296,24,215,5,9,196,77,197,11,77,11,13,15,339,0,54,42,14,154,15,27
"FAF2",15,55,114,25,126,20,18,86,60,125,142,121,36,25,93,108,41,413,94,28,24,35,67
"IGLC3",4,219,109,7,163,6,9,9,621,11,82,4,1,44,151,4,9,39,271,3,33,10,62
"CCR2",0,9,444,23,312,21,2,73,29,53,10,11,25,1,354,184,29,107,99,15,27,27,15
"IGHD",3,51,452,22,119,28,26,41,150,68,56,11,48,48,206,218,32,177,35,17,12,26,24
"RBBP7",16,80,117,97,75,28,34,93,47,118,28,89,39,93,132,119,72,194,137,106,57,20,79
"DEFA4",13,108,6,0,12,20,17,103,29,12,9,53,68,13,54,289,478,22,144,312,7,53,47
"PCGF3",20,67,83,59,104,22,36,66,53,108,53,55,19,27,123,208,56,244,192,78,50,41,102
"OXR1",27,61,166,76,157,35,16,176,33,58,42,79,84,15,119,167,65,224,84,34,49,62,36
"SLC39A7",5,60,172,25,146,25,10,117,51,80,135,106,16,22,107,192,36,299,101,29,27,23,80
"ZNHIT3",2,16,71,209,26,143,3,264,18,137,5,123,6,44,98,272,89,79,14,73,8,102,62
"GLO1",66,50,55,84,52,33,40,55,142,85,77,49,74,41,126,149,165,56,199,82,64,77,41
"POM121",8,66,201,28,162,13,10,122,41,86,22,93,36,34,137,226,24,257,107,35,21,28,105
"NUDT16",5,55,198,23,138,22,11,199,29,77,25,119,22,4,161,223,48,252,101,14,29,54,51
"DAXX",5,48,201,22,154,30,19,147,66,82,51,70,26,21,150,232,62,189,123,38,38,29,56
"SPATA2L",9,85,81,11,134,17,35,91,6,210,9,231,8,23,36,86,23,608,50,16,16,3,71
"STX12",13,27,174,22,125,23,6,133,41,51,159,80,41,17,159,180,51,272,108,31,40,33,73
"SYNE1",2,239,140,42,118,17,9,34,53,87,23,44,7,75,158,229,25,156,128,16,38,39,176
"RPS6KC1",25,41,116,82,99,52,11,117,101,59,157,44,84,39,98,130,83,88,126,62,56,147,37
"GAB3",10,79,187,41,192,11,21,130,38,82,90,80,36,22,112,267,28,197,84,30,28,35,53
"TMEM242",72,20,69,92,50,35,21,102,134,77,336,50,101,45,89,76,30,42,109,112,45,128,17
"DELE1",11,74,244,46,180,19,23,130,26,111,30,70,24,25,115,181,32,252,122,20,40,15,61
"NSMAF",4,56,210,24,168,23,12,132,30,67,10,83,14,12,156,235,62,288,103,21,32,25,84
"RO60",32,60,137,38,106,32,33,110,36,107,39,96,45,47,102,152,24,244,122,115,23,49,102
"BTAF1",12,89,203,25,134,24,16,81,53,91,84,95,22,38,94,169,33,226,122,33,39,58,109
"MADD",1,59,211,17,127,36,19,99,32,76,13,97,57,40,137,170,21,188,92,102,53,80,123
"MRPS21",100,77,66,81,47,39,35,63,207,86,63,40,38,56,116,75,142,66,70,86,103,105,89
"STRN3",28,33,79,31,64,47,22,113,81,75,284,111,70,25,89,129,66,108,136,99,39,75,46
"CCDC47",14,84,139,41,155,33,18,141,52,100,55,95,23,17,111,188,28,239,92,72,36,59,57
"TENT5A",4,120,170,19,105,4,8,115,14,63,7,98,12,35,198,239,35,337,38,41,50,24,113
"TMED7",9,67,169,6,185,27,25,169,26,71,23,121,16,11,155,128,32,375,81,11,33,22,87
"KHDC4",19,45,193,37,93,26,18,142,81,48,224,62,35,12,112,144,65,206,81,55,36,44,68
"PGLS",6,69,255,31,191,19,18,123,13,138,7,122,16,21,112,169,55,252,112,12,31,13,61
"VTA1",28,58,154,104,116,44,27,119,85,51,72,26,66,25,154,140,90,60,142,100,76,64,44
"MAGT1",20,74,143,17,136,25,11,109,40,96,33,120,30,22,147,161,47,368,70,29,20,20,105
"NUDC",11,59,130,63,99,31,21,130,158,79,115,94,34,25,116,140,50,195,78,71,40,57,45
"TRADD",2,52,213,33,167,26,20,170,31,116,16,142,23,16,101,202,44,228,104,20,29,22,64
"VAMP5",234,46,71,45,65,30,90,98,54,112,17,45,29,18,118,70,45,144,62,42,69,287,47
"EI24",24,33,98,118,86,40,14,120,85,114,48,62,90,36,125,184,116,69,126,86,75,61,26
"FAM83D",90,19,51,42,90,67,15,128,110,111,117,166,109,77,90,89,44,32,125,120,16,106,21
"PSMD7",26,64,92,91,78,55,17,90,53,109,111,137,50,34,94,133,57,145,105,91,53,108,42
"LINC00877",2,50,127,15,130,33,17,131,14,129,34,123,15,13,111,160,20,487,79,8,17,28,90
"MRPL43",25,14,55,196,92,29,24,149,122,101,141,54,60,41,63,90,75,69,173,100,105,22,33
"SACM1L",13,85,209,56,149,17,16,123,44,61,41,64,57,22,118,208,50,160,100,57,35,33,115
"EPM2A",27,67,22,45,317,15,75,85,10,50,12,64,87,12,72,65,57,131,126,369,77,37,9
"ISG20L2",0,47,203,18,198,32,12,175,34,65,12,89,16,20,135,172,48,303,83,39,51,13,66
"MAFF",22,91,53,19,168,39,14,113,83,93,122,140,50,70,47,137,35,254,94,56,24,52,55
"NAGA",1,78,268,8,244,28,18,92,22,113,15,30,42,10,208,174,38,226,110,20,29,23,34
"API5",54,48,122,43,101,37,14,85,139,88,115,60,40,32,202,126,64,85,165,66,36,59,49
"GTF3C1",14,46,170,48,106,41,21,93,56,89,51,63,30,53,182,218,40,215,87,79,25,35,68
"P2RY14",8,21,165,15,169,17,13,156,3,30,2,101,17,6,302,106,45,454,20,3,82,44,49
"TIMM8B",170,54,91,81,66,50,31,78,45,122,44,49,30,35,115,123,138,134,185,84,39,39,25
"SAP30",24,77,80,95,67,72,18,101,64,52,54,202,132,19,103,92,129,43,72,114,45,126,45
"TBRG1",13,56,235,32,127,36,18,148,44,87,81,92,37,19,99,205,45,173,99,33,43,43,61
"TTC33",48,49,82,107,40,61,18,126,66,57,62,89,150,36,155,101,92,89,171,102,48,57,20
"DYNC1I2",36,68,115,95,94,43,12,87,77,100,82,52,61,40,174,122,108,65,107,95,86,67,39
"NMNAT3",26,12,116,292,70,99,21,178,45,19,28,91,121,29,53,101,87,78,111,42,105,47,54
"SERTAD1",66,43,76,28,91,45,38,96,83,103,284,47,16,35,67,112,68,227,138,94,18,22,28
"TMED1",18,31,102,122,126,61,23,146,19,79,54,52,113,49,130,134,96,84,154,68,83,32,48
"VTI1A",9,73,118,72,90,41,23,110,43,115,56,53,60,45,89,161,70,206,153,47,87,42,61
"YIPF1",11,51,218,25,148,43,30,190,14,88,10,75,37,21,205,133,56,227,107,19,44,27,45
"MRFAP1L1",23,32,182,30,138,26,9,174,128,74,254,48,38,18,105,154,48,102,68,35,36,56,45
"OSBP",9,39,135,36,133,18,25,105,61,104,77,98,48,34,86,102,50,344,100,85,36,30,68
"PPP1R3D",2,58,256,26,191,20,25,163,12,69,3,118,23,5,97,144,35,329,81,30,37,19,80
"SMARCD1",8,57,156,52,154,16,20,129,68,90,46,57,39,37,104,194,70,226,97,44,47,40,72
"APOBEC3G",17,77,121,21,134,22,21,171,79,81,18,72,15,38,132,205,32,296,38,15,30,67,120
"BET1L",14,36,122,51,115,22,13,105,27,94,168,102,37,39,97,142,73,279,74,41,29,31,107
"RGL4",8,132,264,21,93,31,9,190,5,124,0,77,5,16,48,129,84,293,116,28,36,18,91
"STARD3NL",5,64,160,26,208,23,29,174,23,94,25,115,44,17,137,160,57,231,88,18,32,41,47
"ITGB5",2,11,102,12,37,62,11,246,12,105,16,116,160,14,41,51,92,55,140,197,39,265,31
"TMCO1",12,94,199,13,227,29,19,146,47,133,34,64,16,16,119,157,28,249,83,24,32,34,42
"CPTP",14,22,108,112,106,28,30,106,88,98,16,100,31,30,143,190,87,146,136,73,78,34,40
"TNIP2",5,74,237,31,138,28,14,118,42,107,12,93,25,12,132,147,28,347,122,18,18,29,37
"VAPB",15,40,145,58,121,29,19,107,44,95,37,88,48,37,113,172,99,202,94,39,63,57,92
"PPIB",4,81,187,22,165,26,24,129,114,123,28,119,25,34,146,145,49,173,85,23,44,19,48
"FBXO25",31,26,62,124,64,48,27,130,76,89,62,50,69,78,100,109,158,56,170,64,83,80,56
"IL15RA",26,31,104,161,90,52,17,111,33,118,64,28,136,71,80,233,36,101,84,16,54,110,56
"PEX10",27,13,81,144,62,31,19,125,82,91,79,57,123,76,80,147,115,51,158,38,116,69,28
"DRG1",56,47,76,94,99,21,26,110,94,148,55,46,64,49,107,128,120,79,119,94,82,55,42
"PIP5K1C",10,54,157,55,127,29,15,125,45,45,13,81,48,36,161,217,67,184,143,51,40,51,57
"TUBGCP3",5,55,292,19,233,18,11,126,30,54,4,56,22,12,117,175,39,299,112,25,47,23,37
"EIF5B",14,58,96,135,80,34,21,115,74,52,117,140,48,51,102,140,69,56,118,107,41,100,42
"VDR",3,55,187,14,215,15,13,136,8,120,3,128,23,10,72,127,24,374,57,30,28,22,145
"FAM118A",15,49,95,133,143,24,12,112,76,113,38,142,87,34,83,162,77,110,98,19,33,109,44
"PSMC1",19,64,120,74,113,30,17,137,51,106,82,72,58,29,109,169,116,119,102,57,58,64,40
"IGKV4-1",2,230,49,0,120,31,26,12,569,27,53,19,0,54,168,93,26,50,77,11,25,81,82
"IGLV2-14",2,271,75,3,169,20,14,9,905,12,59,2,1,15,47,32,9,38,63,5,19,18,17
"GPR155",3,55,143,16,180,20,6,130,6,59,3,86,14,8,178,144,17,369,94,8,47,8,210
"MTND1P23",0,168,219,206,6,11,2,158,25,0,2,121,67,0,79,3,346,268,45,0,29,46,2
"TIA1",20,87,260,24,161,34,19,109,32,79,32,59,29,23,105,169,58,206,126,43,43,25,59
"ERCC6",16,31,114,65,107,31,15,139,107,60,291,69,68,20,71,159,35,104,105,40,44,72,38
"SPTAN1",5,96,200,9,125,29,8,105,83,68,70,47,13,34,183,178,32,243,98,41,25,22,87
"DORIP1",28,27,77,75,60,21,48,109,47,59,38,93,91,30,323,81,77,69,83,28,74,225,37
"VPS13C",1,146,189,24,225,16,7,72,38,84,16,55,15,23,151,253,21,215,86,32,32,21,78
"ZDHHC12",5,52,132,41,156,36,33,177,18,97,6,94,52,28,103,157,64,265,104,23,33,44,77
"SDF2",8,77,158,11,147,29,30,144,18,175,23,105,31,7,86,155,41,321,81,13,21,17,98
"IL2RG",9,79,174,26,198,12,19,162,26,103,7,108,13,16,117,140,34,303,108,7,58,17,58
"AIP",9,60,215,40,143,22,22,135,70,86,19,73,15,18,131,176,65,254,103,20,46,32,39
"CLSTN1",6,165,177,21,175,14,10,66,79,122,24,61,18,33,174,182,19,201,102,19,20,19,85
"DOT1L",15,63,120,65,114,13,23,70,69,140,22,67,40,42,111,125,57,192,112,71,52,41,167
"GARS1-DT",3,124,222,44,87,19,14,96,24,99,10,140,17,17,46,251,16,278,91,18,12,20,143
"VPS9D1",2,75,163,38,135,16,19,96,13,131,4,113,7,14,110,166,18,319,86,9,37,14,206
"BMF",7,42,161,31,151,39,9,107,120,68,87,79,90,15,118,145,86,195,82,30,35,43,49
"TIMMDC1",68,44,111,98,51,43,15,96,114,64,68,47,37,51,178,123,102,131,145,44,64,76,19
"ARFRP1",25,44,116,107,84,25,9,85,68,96,84,66,81,52,154,111,85,86,129,51,74,90,66
"SMC1A",5,45,200,16,212,21,10,133,64,54,18,67,15,24,196,191,32,257,78,46,23,28,52
"PRPF3",12,88,191,42,124,13,23,133,23,84,44,85,34,14,81,262,36,237,92,32,30,35,71
"INTS8",12,51,212,31,245,20,13,163,34,43,52,62,18,10,121,199,22,230,110,22,40,43,32
"ITM2C",2,129,165,11,161,28,16,33,303,41,16,81,20,50,180,80,44,99,93,28,48,45,111
"DDX46",5,78,148,21,167,21,18,188,35,74,51,54,30,24,116,194,25,317,80,34,29,22,51
"MPND",18,31,79,203,54,40,22,92,36,76,20,60,30,76,106,84,185,78,124,143,78,96,51
"ADAM17",9,60,174,13,111,20,21,118,15,105,67,91,31,16,120,201,28,319,88,14,45,33,80
"IRF5",1,50,259,14,187,27,8,127,21,57,16,33,31,9,178,234,27,199,86,14,69,17,115
"BANF1",15,41,113,56,117,31,18,82,167,107,173,103,67,42,108,125,77,88,45,45,41,57,60
"LRRC59",1,58,138,21,152,28,14,127,88,110,31,88,23,39,126,132,37,334,78,48,35,19,51
"WDR33",13,54,192,54,166,24,12,114,39,87,50,78,28,14,128,175,41,229,98,56,34,33,59
"JARID2-AS1",15,7,94,221,73,35,36,137,39,93,25,61,72,55,130,88,79,57,166,74,91,82,46
"CREBZF",26,126,186,24,111,25,19,97,60,91,69,126,26,26,68,149,70,191,83,61,38,23,80
"INTS15",15,47,157,51,125,36,12,165,31,66,3,109,57,33,118,186,60,223,132,34,29,22,63
"BRD1",7,45,210,23,123,21,14,88,42,76,43,80,15,20,99,213,37,326,95,30,32,25,108
"RPS6KA4",4,71,199,34,186,23,9,114,22,171,8,54,33,21,163,188,27,237,91,6,28,15,65
"IMP4",17,46,94,136,125,40,14,121,83,144,35,72,49,49,87,129,97,70,117,50,105,53,34
"KCTD13",18,44,186,78,87,31,8,111,58,87,50,79,47,30,113,163,42,170,167,25,51,63,59
"POLD4",24,49,101,134,104,53,12,98,68,75,167,53,45,25,88,163,64,82,139,29,72,61,60
"ZNF276",4,82,131,24,132,13,23,115,13,170,8,165,3,28,76,173,22,332,76,10,25,10,131
"BCL10",4,69,193,3,146,23,16,173,11,74,22,125,19,14,86,174,30,374,74,22,24,15,74
"WDR6",19,38,189,41,119,38,33,109,93,87,86,72,19,53,137,138,53,181,94,67,19,34,46
"STXBP2",18,116,173,47,99,19,17,135,22,122,9,154,22,19,59,141,44,255,85,20,18,29,140
"VEGFA",26,37,154,62,119,22,16,181,54,56,37,92,66,25,98,182,47,116,147,141,18,34,32
"ADGRG1",4,143,95,30,89,28,13,47,28,193,10,25,13,136,190,332,13,66,102,8,46,40,110
"COX17",113,45,46,128,67,73,48,69,56,108,49,27,14,55,126,96,150,71,153,65,68,74,60
"GAS2L1",9,17,111,24,39,72,12,215,12,72,19,131,164,18,48,69,83,77,100,167,35,231,36
"POLB",18,55,193,8,197,16,13,215,7,56,9,82,28,18,127,177,33,274,27,12,61,34,101
"TAPT1",28,55,118,71,101,34,21,130,82,102,64,82,59,21,123,145,60,121,137,67,54,45,41
"PLOD3",18,48,162,108,101,35,17,85,73,104,56,81,35,24,133,147,91,111,130,66,41,43,51
"TOPBP1",7,96,162,20,190,23,11,126,29,75,11,66,24,16,117,211,38,260,85,44,39,20,90
"RPL21P75",51,25,109,187,60,66,27,106,66,96,88,168,106,33,119,49,33,38,74,60,93,40,65
"PI4KAP2",34,19,156,128,51,44,25,148,102,43,90,44,50,32,102,61,49,86,217,43,69,88,75
"SP4",26,49,72,36,71,38,33,96,63,72,199,107,58,39,91,115,54,162,135,97,29,71,43
"SRSF7",13,133,176,41,136,35,10,62,44,110,39,55,17,40,154,175,70,198,107,30,23,20,68
"HIPK2",6,83,135,30,140,29,15,75,57,71,21,47,51,52,139,157,37,188,108,70,60,101,82
"PLAGL1",2,61,404,8,117,18,8,124,7,62,2,84,23,11,81,155,12,370,60,4,32,7,102
"SLC11A2",61,43,85,56,46,34,23,119,111,88,266,43,43,69,81,98,55,61,79,72,50,114,57
"NFIC",0,65,193,20,217,8,10,128,5,50,1,73,27,1,135,267,21,291,113,13,31,19,63
"GPANK1",11,28,148,40,161,46,12,138,82,97,68,121,38,9,97,161,50,180,107,37,25,57,37
"MYL5",36,57,57,118,85,38,23,126,55,152,19,118,108,30,85,151,65,57,121,38,111,78,21
"SBF2",6,66,213,9,179,19,17,123,8,40,6,78,22,10,138,174,28,353,72,11,70,18,87
"ZNF384",11,50,120,40,173,21,23,149,30,82,28,87,58,60,123,210,50,166,68,33,46,67,52
"ARVCF",44,28,126,161,69,18,15,130,73,103,24,81,70,43,109,141,97,37,136,55,74,69,43
"HERC6",76,22,41,25,57,12,12,141,192,19,75,39,21,39,110,155,19,99,13,18,49,392,120
"LNPK",62,42,115,38,62,24,23,65,49,55,188,49,115,66,68,173,106,105,114,65,39,43,80
"UTP6",8,35,177,15,267,15,17,158,28,85,19,78,32,6,142,223,24,228,72,18,28,31,40
"CIITA",3,122,270,26,213,4,21,69,88,82,26,61,17,26,109,221,14,258,45,9,15,14,31
"TRIM5",20,36,114,28,103,31,35,140,74,59,152,70,24,18,132,163,54,179,43,27,81,63,98
"TSNAX",58,59,145,73,122,28,10,115,27,97,54,99,67,16,124,93,91,166,114,57,49,32,47
"VPS53",4,71,132,38,105,27,17,122,34,104,35,73,45,30,88,215,52,268,82,42,25,44,90
"CCSER2",8,70,125,48,121,17,8,153,31,67,30,91,38,11,156,185,48,227,91,58,58,29,72
"CRBN",91,68,84,44,82,56,31,141,48,65,129,58,58,41,86,143,66,83,83,92,53,76,63
"MTX1",14,54,220,39,92,42,18,132,30,146,14,83,27,17,118,152,47,230,144,28,31,15,48
"EXOC8",0,70,193,9,136,15,14,141,13,60,14,147,8,13,82,184,22,408,56,20,18,15,101
"PSMD5",32,54,96,64,103,39,24,84,92,62,103,52,58,45,113,111,153,88,134,77,51,74,29
"RPRD2",17,36,135,37,117,21,15,106,93,46,123,66,63,21,123,178,53,185,87,67,43,72,34
"RUNX2",3,70,192,30,144,13,14,150,16,37,4,131,26,8,108,216,17,389,76,14,19,11,50
"CASP2",6,61,283,49,161,13,7,90,32,71,35,85,41,13,109,142,38,177,119,42,43,33,87
"RSL1D1",9,68,174,29,163,30,9,65,102,129,102,46,45,43,143,138,59,138,78,32,47,51,37
"CHST12",21,87,78,40,74,55,16,133,69,99,31,97,61,51,140,125,86,77,85,115,52,92,52
"CCDC88C",1,115,159,60,108,15,8,111,103,100,15,64,33,55,115,197,28,159,80,43,27,87,52
"IFFO1",0,80,289,25,192,14,10,156,17,77,4,66,13,15,85,219,25,232,103,14,15,4,80
"PEAK3",0,38,251,38,264,24,9,223,6,52,1,40,29,2,174,210,46,88,118,13,54,18,35
"ST3GAL4",5,117,181,35,136,29,12,140,4,102,0,61,17,19,133,158,38,267,141,13,39,27,59
"NUDT5",0,47,182,23,98,23,36,161,24,150,7,149,15,4,114,157,32,336,71,8,21,15,57
"HPSE",6,89,128,27,148,22,29,136,17,71,3,49,42,14,134,240,37,299,90,20,25,22,79
"LRRC28",20,39,56,164,61,60,52,69,52,46,28,61,86,24,132,111,168,96,124,71,108,58,40
"TDRD7",22,49,124,17,144,12,16,163,17,39,14,63,8,9,187,187,15,270,48,21,120,42,139
"CCL4L2",0,8,136,140,264,6,2,266,1,14,0,134,6,7,80,378,12,201,8,8,42,2,9
"PRR14L",3,87,180,34,161,16,9,125,30,48,40,62,15,6,115,234,14,272,126,10,23,26,88
"EIF4E",42,46,79,29,74,39,25,101,93,66,230,65,46,23,92,109,71,116,98,110,43,77,47
"AGAP2",5,78,186,45,144,29,16,148,18,136,8,139,8,18,93,141,46,248,80,9,29,13,83
"CA4",4,270,200,10,107,39,13,46,0,118,0,105,7,3,24,91,43,371,101,5,26,7,130
"FOXK2",8,27,120,111,98,42,18,107,62,79,40,78,70,52,109,137,76,140,122,44,34,93,53
"PPFIA1",4,73,205,23,204,23,14,119,24,63,23,69,33,16,91,228,39,208,105,35,22,26,73
"ZNF266",5,54,265,20,164,19,11,125,28,76,92,98,22,16,81,157,36,243,94,24,25,18,47
"SEC24D",5,59,193,13,174,9,12,162,42,65,8,71,17,16,134,191,31,294,47,13,82,11,70
"POFUT2",8,105,77,25,83,18,13,73,26,132,73,185,22,25,54,127,28,430,58,24,11,13,108
"TOP3A",3,70,241,18,186,23,11,131,13,56,4,79,19,5,97,241,37,234,99,15,33,10,93
"AGPAT2",8,74,201,8,159,27,6,123,13,92,5,83,18,8,119,152,51,347,100,21,30,33,38
"BCL7B",17,75,102,20,105,27,20,109,30,147,27,95,34,45,108,118,59,321,77,42,32,28,78
"NDUFB6",89,49,124,19,111,22,22,145,25,146,20,111,30,9,104,129,58,284,37,29,35,46,71
"SLC30A6",35,64,106,75,91,51,20,114,71,79,88,71,80,53,92,140,70,81,115,65,43,59,51
"USP16",17,67,87,48,98,32,18,100,86,113,154,76,37,27,84,152,32,133,128,47,39,50,88
"FTSJ1",13,23,64,116,83,40,15,134,43,98,18,44,78,94,73,162,107,79,162,92,61,53,59
"USP11",21,25,84,100,70,47,31,53,57,55,55,38,89,75,150,160,53,110,137,88,63,86,64
"FAM174A",1,33,191,20,188,30,11,216,11,45,12,117,46,8,108,188,22,257,57,13,49,6,80
"VIPAS39",10,29,124,116,130,28,20,96,50,132,94,52,94,28,88,145,59,104,118,29,70,44,49
"UBASH3B",16,70,158,32,166,16,11,159,15,62,7,81,24,12,107,161,45,320,121,29,27,31,38
"RBM6",12,95,230,31,148,17,21,103,56,80,28,54,28,17,92,280,24,129,95,55,23,24,65
"MIR29B2CHG",14,37,161,39,72,14,22,102,26,78,56,175,21,17,76,207,19,305,86,27,16,23,113
"ARFGAP3",7,99,132,14,124,15,10,133,15,119,8,84,20,11,124,173,26,313,92,23,15,25,123
"DHTKD1",7,49,219,14,210,22,15,171,24,71,15,51,16,13,88,222,33,263,80,9,52,16,45
"FNBP4",19,59,191,33,122,11,12,94,66,101,57,81,19,26,119,180,26,202,87,88,28,22,62
"MOV10",14,34,125,38,93,11,28,143,23,63,11,91,8,42,129,191,15,288,38,11,66,68,175
"PRKRIP1",31,71,106,57,120,13,14,86,39,122,39,77,60,26,102,142,70,253,84,37,36,52,68
"AZI2",26,58,53,118,61,67,42,105,58,65,108,33,75,66,94,117,87,58,136,61,78,73,64
"ZFYVE21",32,26,119,122,131,33,9,108,74,66,41,62,129,35,95,102,68,81,102,32,82,120,34
"CCDC174",11,48,104,44,107,26,20,119,59,70,93,84,46,42,92,157,52,205,90,60,46,54,71
"AKAP8",9,88,154,31,131,15,10,97,24,114,45,87,15,15,62,126,14,428,66,26,16,24,100
"HMOX2",5,72,165,6,88,18,16,135,26,151,6,118,21,17,123,161,37,329,92,8,31,13,59
"RPS2P46",12,44,105,101,57,60,11,127,52,68,15,85,95,73,100,136,139,29,94,135,61,71,22
"TLNRD1",5,36,189,12,167,31,8,158,22,93,6,97,31,12,137,169,29,283,80,14,42,16,55
"EHMT1",6,47,142,90,127,14,4,82,61,60,43,60,47,42,109,186,47,156,109,53,47,63,96
"EFR3A",7,50,197,16,199,23,13,138,30,59,18,41,15,20,172,162,24,160,84,14,63,41,144
"PTPRN2",0,88,96,34,124,22,18,476,3,82,4,82,10,7,84,210,37,74,31,9,44,6,148
"NCAPD2",14,58,181,40,139,46,20,92,77,82,53,43,33,39,127,159,44,167,78,61,36,47,52
"RAB8A",1,56,117,16,179,13,20,217,4,100,5,89,10,24,99,224,21,277,61,19,30,25,81
"OSGIN2",13,78,143,7,119,35,17,119,11,87,4,109,17,18,97,227,43,353,59,7,35,15,74
"ASF1B",4,62,207,7,213,26,19,174,9,72,9,112,45,5,84,195,40,230,105,14,32,6,15
"ZNF200",2,14,165,13,124,26,24,156,7,65,6,186,22,12,128,180,29,271,69,9,40,16,121
"RNF34",33,24,200,44,123,26,19,120,31,52,15,41,35,33,138,173,40,180,97,48,45,116,51
"RELCH",6,95,197,32,149,13,15,90,18,81,36,102,11,21,67,162,18,312,89,21,30,27,90
"ZBTB17",10,68,160,37,149,22,7,115,30,108,38,113,34,21,89,146,23,273,75,15,32,22,95
"PLAGL2",3,46,138,13,108,17,14,70,32,73,26,62,28,12,141,132,35,514,58,19,24,37,79
"METTL4",56,32,86,35,85,53,41,135,79,63,100,36,103,37,76,131,100,108,85,73,50,61,55
"PHRF1",9,45,179,27,154,12,16,98,44,63,29,60,12,21,144,179,25,300,105,21,29,25,83
"RASSF1",7,83,205,21,174,8,14,126,14,104,9,73,11,42,134,214,29,193,94,14,21,15,75
"TMEM91",4,75,245,44,180,10,33,172,2,40,0,118,13,3,85,162,44,244,96,14,20,23,53
"SPPL2B",14,60,104,92,80,21,32,126,33,109,24,69,50,34,114,143,82,146,163,49,44,11,79
"TTLL4",2,77,248,25,149,14,14,114,15,109,1,72,20,4,68,252,15,308,73,6,20,9,64
"GYG1",14,119,137,15,125,32,26,103,26,89,12,30,21,14,143,136,105,223,119,60,39,24,65
"SLC25A45",21,44,79,91,84,39,14,87,128,85,145,43,65,33,102,125,82,74,109,43,58,71,53
"SLX4",15,17,93,65,51,33,4,72,85,45,217,101,59,61,97,117,66,86,118,128,20,100,24
"ALCAM",0,32,322,16,166,21,6,125,17,49,7,52,9,6,116,261,18,331,51,7,22,15,24
"MST1",71,33,97,106,68,40,28,111,45,81,102,57,56,57,120,119,62,38,117,87,53,71,54
"TGFA",6,76,279,9,191,18,9,130,6,42,0,52,23,3,207,132,35,274,101,7,50,12,11
"SCP2",9,63,122,80,121,29,13,81,36,85,17,41,69,41,110,104,96,123,119,82,50,135,45
"RPA2",16,72,171,14,153,27,12,103,49,101,41,98,34,21,143,154,35,197,97,19,26,33,53
"LTBP1",13,30,51,55,39,101,16,139,48,42,39,63,77,52,76,45,96,27,111,224,55,231,37
"CTNNBL1",27,32,86,114,67,34,14,103,60,93,55,62,58,63,98,128,129,102,96,39,33,112,58
"NUCKS1",14,66,117,21,85,30,13,147,74,114,42,45,25,48,185,131,49,139,74,62,50,51,81
"ORC4",49,59,119,43,116,33,16,86,59,74,177,95,43,26,81,135,60,150,68,53,33,48,40
"TBC1D9B",0,87,168,13,170,25,11,115,48,97,8,86,22,39,130,180,36,194,103,36,22,21,51
"CCAR1",32,77,136,48,68,34,25,90,70,75,51,56,45,41,118,138,62,105,108,100,51,71,60
"CTSW",13,123,59,4,64,21,3,55,20,202,8,47,12,187,127,245,27,70,72,30,27,90,152
"ZNF326",24,49,72,60,41,25,15,85,108,52,352,68,47,49,58,124,43,74,97,54,20,87,54
"RBM15B",8,47,183,30,181,20,17,114,67,90,40,78,34,28,99,157,37,205,97,31,22,15,56
"SEC23B",0,62,194,10,185,19,5,107,45,79,12,74,30,23,139,185,31,239,73,14,31,15,84
"SSR3",5,63,205,21,163,15,10,65,105,87,41,50,24,22,191,141,43,191,89,29,22,24,50
"MGAT5",0,53,162,6,101,28,20,133,30,53,20,57,36,10,117,186,37,312,95,64,16,51,67
"RAB5IF",15,95,140,33,181,24,12,165,13,148,10,76,26,11,102,150,54,212,54,33,40,7,53
"ALAS1",2,42,233,16,167,18,13,185,24,58,9,44,24,13,137,140,64,190,100,61,42,18,52
"SIRT1",9,45,139,27,173,15,14,168,35,61,93,57,33,26,95,183,39,207,88,43,23,21,57
"MED1",6,29,143,51,154,15,16,134,78,38,178,39,50,23,123,165,31,120,115,46,20,49,27
"POLR2K",71,51,80,98,59,61,26,65,102,104,120,43,52,62,105,78,82,109,93,26,49,64,50
"ZBTB48",6,52,169,39,152,26,15,144,22,66,51,102,22,15,97,216,31,207,81,25,27,16,68
"TTLL5",17,31,68,67,88,38,31,132,70,40,103,60,37,52,97,120,65,105,124,102,91,78,32
"STIM2",13,65,172,25,121,16,14,173,31,41,42,80,13,31,97,134,31,317,63,23,45,21,78
"CDC26",22,35,80,103,102,39,37,115,41,88,73,77,80,18,88,125,85,157,93,47,36,67,37
"CARD6",18,19,183,13,140,41,27,189,25,41,216,14,27,7,144,141,70,96,118,23,51,26,14
"SNRNP25",32,34,85,20,33,49,47,29,40,21,43,43,71,120,324,61,85,50,115,194,83,12,51
"DNMT3A",8,96,179,39,158,18,14,140,14,77,12,79,16,22,94,201,42,237,48,18,26,19,84
"IGKV3-20",5,138,168,3,124,26,11,29,458,27,95,1,5,37,161,77,16,33,63,5,26,86,47
"IDH3B",6,58,178,25,129,27,10,95,29,119,27,96,30,33,129,169,38,214,96,24,17,19,71
"LEMD3",16,77,109,15,124,17,17,95,31,41,52,86,21,28,117,176,39,304,100,41,27,25,77
"MED24",24,40,92,99,60,45,31,78,114,92,49,24,60,83,159,108,68,52,116,53,80,67,40
"LACTB",3,40,146,14,103,21,8,103,9,75,20,53,12,13,143,89,32,475,50,30,57,18,117
"MIR4435-2HG",64,45,79,46,67,50,37,102,101,80,155,26,52,41,96,81,77,103,90,56,64,70,47
"LINC00667",3,32,72,111,87,27,5,70,123,145,41,52,50,63,118,123,95,71,95,29,93,76,46
"RPL36AP37",19,107,69,69,42,68,13,182,58,26,40,103,109,39,69,96,96,21,43,101,32,170,55
"TASL",2,43,174,14,189,19,9,151,12,50,7,56,6,7,164,164,21,333,47,9,61,21,68
"RNF169",7,90,188,29,114,13,15,113,12,60,19,99,13,10,95,190,7,363,58,10,29,24,66
"MYH10",7,105,140,49,90,12,9,102,39,79,38,97,28,19,95,192,25,201,101,29,15,26,125
"PEX19",45,40,101,91,88,45,27,65,37,71,113,59,78,66,108,110,71,101,123,59,37,48,40
"TES",6,87,149,14,134,22,8,127,45,107,17,40,17,27,201,135,25,233,65,18,47,33,65
"LIN7C",31,40,103,110,74,49,29,67,43,79,109,84,87,38,88,66,86,84,126,49,48,92,39
"C15orf40",50,39,74,92,72,48,52,96,47,111,57,46,109,40,85,146,83,70,119,35,48,70,30
"PDLIM1",7,37,105,25,41,57,13,139,68,66,21,111,101,10,73,51,99,78,73,150,40,230,24
"RENBP",0,41,223,33,192,24,11,176,2,84,2,128,7,4,81,230,46,138,55,17,36,15,74
"C1orf162",5,98,169,45,172,20,10,92,26,90,20,88,17,12,175,95,43,242,66,12,32,20,69
"PPCS",23,46,190,24,115,17,13,114,41,79,26,103,30,4,104,151,41,236,95,27,46,28,65
"GCH1",28,72,80,39,65,17,11,84,23,52,34,75,73,32,121,111,37,230,55,24,40,162,152
"SETD3",19,47,126,43,121,15,11,123,49,70,21,62,61,35,106,158,80,187,112,45,37,39,50
"SH3BP1",2,64,234,17,148,25,12,126,14,61,0,82,17,12,96,90,23,407,82,10,31,13,50
"ST3GAL6",5,63,307,18,182,19,11,203,5,40,0,78,17,0,95,247,16,135,54,16,41,24,38
"TAFA2",31,32,101,73,96,18,16,81,105,77,240,52,54,17,56,87,69,139,73,54,33,52,57
"YES1",7,16,10,97,3,92,19,126,139,7,530,9,7,17,48,52,110,24,9,146,33,86,26
"ABCC3",4,12,128,5,35,78,13,216,10,52,8,122,132,17,59,57,70,81,75,178,25,217,18
"ACTG2",0,0,0,0,0,0,0,0,0,0,0,0,0,0,2,0,0,0,0,1609,0,1,0
"GTDC1",3,57,142,68,117,24,11,111,16,68,24,112,71,24,72,117,66,219,98,45,31,51,65
"RDH11",79,42,126,25,60,54,41,92,94,70,73,46,79,34,98,88,84,68,90,91,24,109,44
"EVL",3,144,138,25,96,12,11,72,100,89,45,56,5,69,82,247,15,115,50,14,45,63,114
"CKS2",309,28,42,37,62,56,31,93,120,67,104,59,77,25,55,65,71,51,76,56,24,81,20
"ATG7",4,52,188,16,173,16,24,129,8,63,3,106,26,8,133,165,22,238,87,16,42,20,67
"BAIAP3",1,53,154,26,67,10,8,147,14,160,0,214,23,14,111,252,15,121,87,7,7,4,111
"BCL7A",37,78,23,58,55,32,8,84,304,55,33,117,121,5,76,162,37,13,89,40,48,113,18
"MYSM1",3,102,173,12,136,17,12,108,26,75,28,64,18,27,82,211,22,251,71,20,23,20,105
"NRF1",39,42,103,75,75,40,12,82,111,72,86,68,78,32,113,147,64,95,109,38,41,49,35
"PARVB",8,27,84,64,50,77,16,100,24,92,21,49,99,26,67,148,94,76,173,141,33,108,28
"TAF5L",38,28,55,67,85,36,14,98,83,68,88,56,89,37,121,81,90,116,132,83,44,76,20
"WDFY1",11,43,123,9,133,16,19,156,22,53,22,78,22,17,114,174,17,358,49,14,12,28,115
"RNF185",5,34,125,20,168,10,16,127,20,118,28,111,21,9,107,99,17,384,58,18,17,18,74
"TUBA1B",13,63,120,31,141,40,12,175,49,103,15,33,34,20,107,161,77,147,98,59,44,27,35
"YAF2",98,56,104,48,79,28,23,107,83,65,140,65,64,14,76,103,46,117,97,64,37,40,50
"PIEZO1",2,81,258,20,124,9,18,61,79,128,20,47,12,21,158,154,40,178,73,27,14,24,55
"GPI",4,54,140,23,118,27,12,104,63,59,18,50,18,20,147,121,132,134,103,116,42,40,57
"SSH3",1,104,230,35,127,17,17,97,12,71,0,81,14,13,87,109,36,310,85,12,16,11,117
"KGD4",23,39,68,83,104,49,12,99,38,110,117,69,81,45,98,97,94,99,93,60,37,38,48
"HLA-DMA",6,45,201,17,184,8,12,74,55,106,28,90,20,18,102,175,21,250,54,10,14,32,78
"TNPO3",8,88,175,16,108,31,11,117,56,76,32,57,12,20,119,151,39,225,76,29,41,35,78
"ATXN7L3B",8,72,153,18,133,16,13,103,90,74,70,58,37,30,141,146,44,160,80,36,19,33,65
"CNST",25,31,117,29,66,34,19,123,46,32,97,83,86,21,101,127,58,95,76,159,37,97,39
"SKIL",1,89,92,9,108,6,16,58,14,175,6,153,7,33,103,111,12,413,39,9,22,10,112
"TIMM29",18,30,61,100,75,25,18,132,46,107,83,98,136,29,120,96,53,66,104,40,56,81,24
"PITPNC1",2,109,162,21,161,17,7,115,18,142,2,96,22,23,81,154,35,236,91,6,27,16,53
"TBKBP1",1,82,218,39,124,26,24,184,5,46,2,46,19,17,108,247,35,166,74,8,29,7,89
"TIMM13",29,53,70,75,131,44,31,73,128,86,43,79,22,22,100,100,53,57,150,65,90,46,49
"PLAC8",16,93,81,22,118,26,13,44,127,78,48,43,13,22,204,128,65,166,78,58,32,54,66
"ESS2",16,37,109,88,128,14,14,133,46,94,43,74,63,31,72,166,49,160,70,31,25,57,73
"RPRD1A",14,75,147,66,106,42,21,123,51,75,30,84,27,22,126,116,64,131,124,38,33,23,54
"NOMO2",17,20,94,93,95,37,16,79,89,51,71,33,49,33,130,125,52,94,171,92,31,95,23
"PMPCB",31,60,136,53,106,23,17,110,66,105,23,61,36,31,110,142,61,157,85,30,25,54,68
"SESN2",4,244,111,11,58,12,10,119,13,52,6,106,20,15,56,81,27,493,65,0,11,10,64
"CCNT2",11,64,187,25,106,26,15,127,29,74,48,60,5,21,61,182,38,210,88,21,28,28,133
"PFDN1",66,33,80,83,37,39,59,67,83,120,91,38,61,57,146,88,66,59,110,28,59,55,62
"ARL11",11,30,259,14,161,16,13,106,11,76,2,52,13,6,200,157,44,166,73,12,51,33,80
"CDC5L",1,59,227,15,147,22,16,143,11,53,43,59,32,10,126,168,26,227,75,16,30,18,62
"KLHL28",29,47,87,34,85,27,21,101,58,66,195,76,39,17,90,118,61,168,87,37,28,67,48
"ZAP70",2,229,72,15,75,23,13,33,58,156,6,30,8,156,93,258,4,79,62,6,15,14,178
"DUSP3",5,46,237,14,189,45,24,95,12,81,5,29,23,3,137,103,22,294,86,21,53,28,32
"FIZ1",19,33,82,139,61,18,33,103,58,71,37,40,54,69,128,91,82,69,133,77,94,64,29
"CNEP1R1",8,94,177,14,107,16,29,143,11,44,7,108,15,9,109,161,14,289,71,6,40,18,93
"GAL",6,1,196,3,0,4,3,16,5,1,3,104,4,1,744,289,2,0,9,1,191,0,0
"EIF2A",27,84,109,43,105,33,21,91,84,86,94,41,28,72,111,86,95,92,92,28,56,53,51
"ZPR1",9,34,85,112,81,26,10,113,35,117,64,53,50,63,81,180,75,121,92,46,60,31,43
"PSMA5",67,39,99,14,97,29,25,81,82,84,81,58,40,37,127,153,45,166,83,25,30,68,50
"LAIR1",2,74,172,22,149,20,10,88,34,147,32,25,23,21,140,128,51,131,118,62,20,42,66
"IFT74",37,38,38,90,35,46,40,73,88,59,166,59,66,20,124,88,68,23,177,86,58,65,32
"JADE2",8,50,150,13,141,7,9,146,48,42,26,63,38,47,162,183,27,211,36,10,28,31,98
"RSBN1",12,106,127,24,67,23,15,97,49,61,57,67,18,32,91,139,39,264,119,54,20,23,70
"ZNF438",9,40,166,37,229,12,10,97,13,50,5,70,27,13,155,149,25,220,51,26,30,53,85
"HIGD2A",43,27,82,124,62,75,36,103,78,93,49,41,118,39,107,39,82,67,90,45,53,56,62
"CBFB",6,59,162,7,158,15,12,143,50,65,16,64,28,14,150,117,40,242,78,25,31,27,61
"DNAJB14",6,72,158,19,157,12,23,147,11,64,2,62,21,8,130,197,25,273,47,27,24,13,71
"KIAA0586",19,39,93,87,54,42,16,85,68,31,220,41,47,32,82,139,70,63,117,93,29,77,25
"RBM7",22,35,62,15,60,30,20,60,81,70,324,81,27,26,67,68,52,183,95,86,14,52,39
"STYX",24,49,110,62,112,22,34,120,47,81,18,54,61,25,81,108,94,161,95,59,76,28,48
"LMO4",3,34,224,15,148,36,15,170,37,31,19,54,31,16,105,184,38,148,104,21,63,21,51
"BEST3",13,18,91,138,25,58,14,122,75,94,180,45,108,38,41,99,60,44,149,19,27,87,22
"HLA-DRB5",0,6,747,6,103,7,1,5,162,27,37,35,5,38,71,70,64,97,16,2,44,7,16
"KLC1",10,41,121,35,92,22,6,98,115,64,280,79,29,13,62,100,53,106,137,30,11,21,41
"ACAP3",2,79,225,54,115,12,7,107,6,119,21,121,11,15,80,164,27,233,86,16,10,7,48
"GRK5",3,63,145,14,123,40,11,227,14,42,7,100,37,16,95,134,22,194,71,56,36,70,45
"TNFAIP8L2",3,17,324,34,168,29,15,170,7,45,2,48,14,0,178,162,28,148,64,12,40,17,39
"CBX1",5,103,229,15,163,26,19,163,15,65,14,61,11,11,105,182,52,162,81,13,25,5,36
"HBA1",12,60,26,50,55,51,22,16,13,17,13,25,261,26,92,65,295,69,71,55,140,54,72
"RNF214",23,33,70,92,68,41,23,77,59,65,46,51,129,57,111,102,85,52,123,66,41,78,65
"DTX2",1,29,167,21,157,16,16,125,8,69,2,105,20,12,116,220,27,286,62,7,23,8,59
"GLUD1",4,73,184,9,155,21,9,63,52,105,16,63,16,17,158,167,34,182,79,29,28,22,67
"VPS18",0,44,202,8,139,13,7,98,22,109,4,106,26,8,96,123,38,301,58,12,16,21,102
"JKAMP",23,49,194,25,119,25,8,148,27,56,27,70,32,11,110,162,47,192,72,15,17,45,76
"AZU1",1,86,19,1,32,23,14,98,104,25,9,58,19,7,65,233,285,22,158,164,13,34,78
"SP140",19,40,99,16,165,17,29,159,58,56,25,47,7,14,121,159,10,219,11,14,95,49,119
"USO1",18,59,167,34,141,24,13,134,69,57,31,51,34,15,124,149,45,108,85,46,27,61,55
"FYTTD1",8,97,138,4,112,22,7,80,25,74,20,87,12,27,119,146,20,313,65,18,35,24,93
"KATNIP",4,78,162,22,83,17,12,101,21,96,25,83,10,14,98,198,31,295,49,14,30,11,91
"TIPARP",13,64,117,21,106,38,24,82,49,32,176,57,27,33,139,94,37,158,116,51,28,45,38
"TMEM65",5,68,210,12,139,19,12,126,15,47,4,98,27,8,93,160,21,293,74,13,34,12,55
"AURKA",36,20,66,51,59,59,26,133,45,94,139,80,71,28,68,76,71,35,146,128,25,67,20
"STX2",58,43,84,121,58,42,15,159,41,47,17,50,89,37,93,60,77,87,149,32,65,83,36
"DYM",5,59,119,51,122,24,24,103,38,93,20,62,30,20,115,142,56,224,85,49,50,24,26
"SLC23A2",2,42,205,26,179,3,6,112,20,32,2,64,14,17,78,209,5,197,63,7,22,10,226
"TPX2",28,25,50,94,47,54,32,129,46,75,48,105,68,59,56,124,87,34,122,99,29,104,25
"PLA2G6",12,55,104,76,85,30,15,112,48,63,108,55,58,56,88,161,43,81,63,28,35,82,81
"TRPM6",6,53,179,32,183,10,28,108,5,58,0,33,16,7,83,246,17,192,156,11,25,12,79
"MCRIP1",11,56,156,25,109,34,12,91,25,128,13,112,18,17,75,143,38,249,106,18,27,18,57
"HGSNAT",0,74,261,19,133,27,12,130,11,58,2,52,19,9,95,158,19,204,108,30,33,18,63
"THBS1",2,18,56,4,109,85,12,156,15,42,10,63,80,26,83,49,107,27,86,190,31,241,43
"TMEM258",61,31,78,90,67,33,30,118,90,93,44,51,19,49,93,73,127,79,79,60,60,48,61
"TRIM8-DT",6,31,168,19,171,14,12,124,4,91,8,77,21,10,104,178,36,272,96,12,27,5,48
"ZNF274",5,23,136,16,140,18,10,88,12,72,10,122,15,13,70,170,24,369,59,16,18,9,119
"ZNF333",2,63,219,17,120,12,8,88,9,87,3,65,5,7,63,280,21,277,53,7,16,10,102
"LUC7L2",11,74,117,69,101,18,23,78,51,68,61,75,64,46,89,103,45,135,78,71,36,51,69
"MAP2K1",4,35,158,15,143,16,17,107,26,94,15,84,27,4,132,163,35,266,70,25,21,19,57
"ASPH",3,105,130,11,162,5,21,155,3,78,7,61,24,13,85,135,40,316,34,11,25,14,94
"STAMBP",23,40,133,52,121,20,30,125,25,52,76,56,22,24,113,176,39,178,88,19,37,50,33
"BRPF1",4,61,153,24,116,18,12,102,16,77,9,90,10,20,84,107,19,435,56,19,21,22,56
"MBTD1",10,37,126,25,98,20,21,118,49,34,80,84,34,19,87,142,38,145,114,88,21,72,68
"ATP5PF",124,64,47,99,43,42,27,60,52,90,67,60,38,36,104,45,164,50,72,103,49,47,46
"C1orf198",9,10,35,55,28,61,16,130,72,25,248,53,129,50,95,61,98,26,69,102,39,89,29
"MGAT4A",5,78,117,15,94,18,19,98,10,97,2,82,9,25,151,181,27,277,87,26,25,15,71
"NEK1",19,79,54,92,44,33,43,72,92,45,106,63,66,43,117,98,81,29,93,64,58,96,42
"RFX5",17,27,120,73,109,23,12,76,87,69,85,88,45,23,105,155,19,149,70,30,24,72,51
"SLPI",2,51,69,5,44,6,15,196,9,133,4,90,6,3,81,97,103,357,135,96,1,6,20
"CWC27",25,38,54,111,44,31,18,71,115,62,205,19,69,46,76,122,52,59,114,50,59,62,26
"LGALSL",0,56,95,10,89,44,19,132,13,52,5,137,61,10,93,113,75,186,82,96,33,89,38
"EIF3M",11,85,148,19,132,19,16,99,60,111,26,48,26,17,138,136,59,168,67,20,30,31,60
"RRBP1",1,76,189,12,106,20,8,86,81,42,3,44,12,21,116,208,19,234,93,12,26,30,86
"TNPO2",8,45,145,63,80,20,10,74,54,70,52,62,52,35,90,161,38,143,97,79,35,43,69
"CD163",0,33,285,24,216,11,15,67,9,68,6,11,12,0,203,207,24,194,92,11,22,4,10
"CORO7",3,47,215,34,125,21,8,102,12,118,7,122,13,12,70,140,21,201,100,10,21,5,116
"ADSS2",2,41,138,14,194,14,10,104,22,69,12,49,22,21,144,160,55,143,120,43,20,20,105
"KLHL36",0,36,203,16,134,4,12,103,30,79,14,91,25,12,85,162,21,316,77,14,14,13,61
"MED4",21,47,85,51,96,24,27,90,29,96,52,89,33,38,83,135,95,129,102,39,52,42,66
"ELMO3",78,52,104,76,62,36,28,70,54,107,38,70,73,50,86,167,34,67,74,53,56,60,25
"SPIDR",3,71,188,11,182,11,12,84,26,81,11,91,11,14,92,200,43,186,114,12,27,11,39
"GJC2",23,20,73,91,107,69,34,111,21,94,20,110,71,11,90,141,41,26,148,82,47,47,42
"PHKA2",8,61,203,39,171,12,16,110,8,65,16,38,26,22,79,181,49,194,94,33,33,20,41
"UBL4A",16,27,105,19,46,39,32,139,37,92,24,95,69,26,79,85,63,131,98,116,24,127,30
"ZNF319",3,101,105,10,174,20,19,99,7,73,2,100,9,8,122,128,24,338,46,10,17,8,96
"ARL5B",18,91,56,13,60,9,34,57,29,32,64,108,18,45,59,110,16,470,42,30,33,32,92
"CCNT1",9,84,114,17,102,8,8,73,39,79,111,70,10,48,67,132,15,298,70,36,21,14,93
"RPS27L",61,57,71,40,67,30,19,109,73,95,218,81,64,33,36,61,106,100,55,39,27,50,26
"CLMN",7,36,235,19,168,13,15,136,4,48,3,77,23,2,94,182,14,274,63,15,25,31,33
"YTHDF1",2,52,150,12,153,20,15,98,36,60,16,92,17,8,108,187,27,267,103,16,19,7,51
"DMTF1",4,85,181,31,101,24,15,99,25,86,18,45,28,19,77,153,21,202,104,23,31,15,128
"DNASE1",9,41,90,73,59,27,7,78,74,59,183,58,48,51,108,110,72,66,106,71,35,60,28
"ZNF580",43,26,46,138,49,35,40,120,72,68,36,53,79,50,80,77,109,68,88,21,87,80,48
"ACADS",16,24,123,116,30,35,2,91,55,68,8,49,126,65,137,18,220,48,110,22,21,74,54
"VPS13A",27,59,93,85,44,55,29,56,57,60,92,34,40,35,106,150,59,56,103,132,33,69,37
"ATP1B3",9,33,83,32,110,96,28,65,59,224,23,68,28,56,97,87,52,160,65,29,33,16,57
"DCAF13",43,48,45,64,26,30,42,77,104,53,262,22,53,45,102,49,130,45,67,51,36,84,32
"ERV3-1",4,64,152,12,115,19,17,374,1,33,0,57,9,1,33,289,31,109,79,19,28,19,45
"IPCEF1",0,51,198,10,180,16,9,115,20,28,4,66,38,2,87,200,17,247,68,24,39,17,74
"TIPRL",39,50,148,21,121,18,20,135,35,56,41,71,33,23,112,134,73,150,102,29,23,34,42
"VRK1",70,26,54,93,24,27,28,133,80,108,16,54,61,47,79,106,76,62,80,62,105,90,29
"ALDH9A1",8,33,173,18,181,30,24,168,31,50,38,55,34,21,144,113,51,146,66,10,35,43,37
"PURA",38,18,80,94,56,28,6,96,80,58,25,53,94,17,127,49,126,54,118,114,34,127,17
"RIC1",6,58,148,18,169,16,20,108,39,47,12,66,29,16,108,153,15,220,104,17,25,15,100
"CCNK",14,28,86,82,66,28,17,131,36,46,135,70,55,46,72,106,28,187,98,47,29,68,33
"CYCS",32,64,64,47,93,21,18,81,86,85,73,58,53,38,114,117,75,133,72,70,28,59,27
"LATS2",3,48,132,5,132,5,13,80,8,93,4,135,16,32,83,106,29,413,48,16,19,8,80
"NDRG3",2,62,165,7,140,24,21,178,18,75,2,91,39,12,94,164,40,225,47,11,33,18,40
"FTX",5,54,133,65,68,18,10,56,109,40,275,36,36,12,86,136,25,73,108,36,24,32,67
"ING3",31,47,138,49,114,23,10,93,24,101,48,84,48,26,70,146,38,190,68,30,30,31,65
"RUNX1",7,82,209,38,140,15,17,87,19,93,11,52,22,27,137,117,33,171,98,25,30,16,58
"PSMA3",32,44,138,13,99,14,13,123,53,89,43,59,24,20,113,137,27,223,67,27,46,22,77
"GP9",2,12,67,26,30,120,14,217,13,49,6,107,90,16,34,47,118,38,77,125,39,217,38
"DPP7",6,94,169,8,175,15,9,63,64,98,21,45,12,24,107,179,26,152,92,22,31,18,70
"PC",22,24,94,156,31,19,22,101,28,78,14,53,109,55,42,87,37,35,189,66,53,164,20
"HSPBAP1",8,61,173,21,133,23,21,142,7,43,65,64,20,8,63,165,15,225,91,10,36,10,94
"BBIP1",20,73,120,49,111,34,20,104,24,70,56,53,20,19,85,154,64,129,67,45,45,69,65
"IGHG3",5,466,289,3,41,20,14,7,257,10,48,4,2,26,78,26,2,23,43,9,3,32,88
"TJAP1",15,30,103,38,101,21,18,103,71,58,169,62,24,23,97,128,43,140,104,32,27,39,50
"BPI",3,71,5,1,32,18,7,88,10,15,0,16,24,9,54,236,329,65,141,287,10,19,55
"SUMF2",21,44,113,69,75,25,5,100,45,91,83,51,50,46,92,127,100,76,105,53,36,46,41
"CD7",3,143,86,17,54,19,10,22,58,135,12,66,4,146,98,122,8,114,44,6,27,46,253
"CDH23",4,69,211,17,171,14,15,91,4,52,3,93,14,9,39,268,15,251,41,6,15,13,77
"TRAPPC9",5,67,119,49,89,20,8,87,22,71,9,113,35,24,107,118,64,250,92,42,30,36,35
"ATE1",13,32,73,30,54,29,17,90,109,48,271,24,70,24,109,77,74,87,121,38,33,51,17
"PNN",3,169,169,4,80,15,13,66,26,67,14,98,10,19,60,166,18,272,57,13,16,15,121
"MED23",12,38,167,16,124,14,14,71,44,49,97,44,25,17,119,153,43,199,87,36,40,27,54
"SPRYD3",1,28,238,14,180,17,8,118,31,64,1,69,30,5,144,141,22,206,91,10,23,8,41
"FNTA",21,55,152,54,132,24,17,87,48,66,66,45,46,23,66,147,61,141,82,30,40,47,39
"ORC3",32,34,97,80,66,22,12,107,44,87,51,90,78,50,94,113,99,50,49,64,49,67,54
"DDX18",6,45,105,20,125,16,22,84,57,127,64,60,24,33,109,118,46,188,65,44,47,34,49
"BUB3",16,56,166,10,129,27,8,125,54,68,15,77,19,28,101,132,30,213,72,26,30,20,65
"CCDC125",6,48,207,16,103,10,12,100,6,59,6,85,19,3,82,180,33,321,74,11,21,5,79
"METAP2",39,56,82,91,52,25,13,173,95,90,46,80,51,46,71,91,41,65,73,32,32,110,32
"H6PD",1,74,186,5,124,19,23,56,21,55,7,28,30,13,132,202,41,187,119,40,28,19,75
"SORD",49,24,47,29,42,39,16,80,138,49,216,56,30,33,81,63,189,80,77,80,10,36,21
"MBOAT1",6,83,269,12,131,31,16,87,5,40,2,72,25,5,116,128,26,250,65,5,45,16,49
"SRP54",8,53,149,18,132,27,21,108,47,62,56,65,15,18,99,144,38,181,88,22,40,33,60
"TATDN3",40,53,93,42,71,25,27,149,22,62,69,59,49,44,107,130,71,169,41,22,34,58,47
"TMEM116",16,8,144,14,17,20,55,20,51,70,43,4,152,205,15,3,304,160,68,58,11,40,5
"NOL4L",2,86,139,10,91,7,7,97,3,58,3,71,20,40,68,166,8,368,56,12,28,13,129
"MIR142HG",6,184,192,53,91,7,9,80,11,45,5,102,1,7,108,150,29,196,52,18,17,16,102
"SMIM14",16,51,142,20,147,18,19,130,56,67,17,52,16,11,136,151,18,219,66,13,40,18,58
"SMIM3",5,56,106,7,57,47,17,162,14,85,7,67,97,18,38,88,131,77,79,136,40,110,36
"CEACAM8",0,50,8,0,11,29,15,142,2,10,1,16,29,10,50,186,305,54,155,326,16,13,51
"MMP8",2,38,6,0,10,36,14,268,4,21,1,12,12,7,118,130,216,151,130,210,37,14,42
"DDX54",10,53,77,98,93,10,3,47,48,47,26,43,46,41,152,122,59,54,97,213,75,40,24
"ATF7",3,37,104,172,56,36,7,103,42,61,73,62,60,16,113,101,67,120,89,25,46,36,48
"FAM110A",4,34,156,20,122,20,20,127,35,55,17,77,50,20,95,145,54,183,69,45,32,49,48
"MRPL54",63,36,77,41,97,31,42,43,27,78,26,87,100,65,64,88,114,84,74,34,94,47,65
"PRKAB1",22,49,100,48,97,20,18,138,29,74,91,46,20,27,80,159,69,150,47,36,51,37,69
"RNF146",9,37,237,24,103,15,15,86,25,50,33,50,15,5,132,119,21,282,72,18,41,22,66
"SFT2D2",5,113,106,28,112,15,10,57,47,90,14,46,30,22,100,126,25,236,75,20,53,41,106
"ZBED5",14,73,202,29,124,24,14,118,29,54,52,70,27,12,97,140,20,132,115,23,30,38,40
"DZIP3",16,43,94,165,24,36,24,48,71,127,69,40,100,53,70,103,119,44,103,27,31,11,58
"DENR",2,80,146,21,117,43,15,120,51,62,26,47,31,15,112,177,41,162,70,24,41,25,47
"TMOD2",6,52,201,11,113,9,30,160,2,34,4,46,12,1,124,211,8,272,69,7,57,16,29
"HEXD",17,51,124,60,83,32,23,93,63,60,22,39,20,44,87,102,34,148,69,11,66,167,58
"LAMTOR2",21,40,118,56,88,29,21,113,38,84,21,76,33,38,115,110,97,129,78,38,59,39,32
"ARHGAP17",7,40,163,25,134,23,16,82,55,37,74,31,36,20,122,123,33,160,90,27,39,71,64
"SLC35B1",39,43,113,36,70,49,24,87,49,66,55,53,19,29,77,88,64,149,107,134,40,35,46
"GORASP1",3,61,151,14,99,11,9,141,28,46,19,62,16,16,96,197,23,265,53,15,39,13,94
"PBRM1",2,53,110,46,132,20,11,87,56,67,28,46,22,16,123,184,45,147,117,47,31,29,51
"SLC16A5",10,36,246,17,168,7,24,4,4,49,1,74,9,3,66,195,15,321,122,14,26,21,38
"ABCD1",1,39,173,13,170,8,6,155,12,64,4,54,7,13,148,154,22,186,78,10,40,13,99
"JADE1",12,74,114,12,61,18,10,76,20,77,8,63,12,22,95,151,17,415,45,12,8,21,125
"PYGB",6,41,178,10,77,43,12,147,35,85,17,55,44,14,78,126,54,141,71,66,26,65,77
"SSB",15,39,44,66,71,32,14,99,83,90,122,58,50,34,117,126,59,42,92,92,26,53,44
"CHD9",19,68,101,37,68,37,21,72,66,68,162,38,24,45,71,148,23,101,74,51,40,82,51
"LUC7L",34,70,93,68,69,35,22,81,56,63,93,74,31,31,91,68,67,113,92,105,27,23,61
"REM2",14,87,120,36,116,28,23,103,2,88,17,138,21,12,55,169,34,190,66,11,26,19,92
"RNF208",16,11,58,101,34,21,17,69,42,97,18,103,125,24,125,129,91,37,115,70,72,70,21
"CCL3L3",0,1,68,42,204,1,0,501,0,5,0,137,9,2,57,260,32,83,14,5,36,3,5
"HBZ",131,15,81,8,76,17,89,145,33,5,28,146,72,6,135,16,69,5,63,80,43,168,34
"ATF1",56,29,81,30,82,33,25,96,104,47,54,92,48,13,69,103,115,78,82,68,53,52,54
"DMAP1",11,24,107,71,95,34,16,129,37,68,21,79,49,38,68,146,85,117,110,28,34,52,44
"EPHB4",2,113,194,8,142,61,16,177,1,92,0,47,12,3,108,150,28,231,20,15,25,10,8
"WDFY2",0,80,248,11,144,8,16,63,6,62,3,67,11,8,87,178,21,256,64,12,34,19,65
"HPS1-AS1",81,30,36,65,25,95,48,41,74,55,119,36,100,58,80,74,75,24,150,51,81,33,31
"IER3",3,29,153,39,154,4,11,90,10,274,3,107,18,23,74,78,12,210,54,5,36,3,72
"PLXND1",0,63,244,6,150,24,10,50,16,76,10,15,26,19,154,169,21,193,85,15,29,19,68
"MDH1",87,51,86,34,65,32,16,54,68,84,39,32,70,71,112,94,104,91,71,64,42,50,43
"LPP",0,90,168,17,110,13,13,87,3,49,8,76,24,12,87,215,29,225,43,28,23,21,118
"PHKG2",4,84,134,38,92,16,10,102,16,105,3,112,28,16,60,156,30,237,72,25,46,21,52
"PPP1R21",3,41,207,15,147,18,19,154,21,39,21,48,28,5,115,158,37,195,71,9,40,24,42
"PLCG2",5,113,183,38,103,15,14,89,9,69,2,118,17,6,42,185,25,206,55,12,13,8,129
"CHAC2",83,35,32,96,47,32,36,114,53,130,78,60,77,25,47,77,76,36,126,57,44,54,39
"OTULINL",6,94,197,11,153,13,20,95,7,65,0,67,28,10,93,160,38,182,120,25,27,4,39
"RUVBL2",25,23,55,69,78,31,21,95,63,102,30,28,67,65,94,110,86,56,93,94,82,48,38
"ZNF317",2,30,122,46,128,17,10,79,26,74,109,44,30,30,108,174,36,184,90,19,17,18,59
"PLIN2",29,50,67,71,59,17,22,48,71,90,67,34,56,62,76,88,77,163,91,102,48,52,10
"EDC4",2,50,162,22,128,6,11,115,26,56,11,66,15,27,105,145,19,273,75,29,32,21,53
"LSM14B",3,49,168,31,112,28,10,99,49,60,26,61,46,12,116,138,47,183,89,22,31,14,54
"DBI",7,70,163,20,140,16,19,81,37,127,11,82,18,17,106,121,38,192,55,13,39,18,57
"ARHGAP19",4,87,153,12,90,20,14,100,13,71,6,114,12,11,91,199,21,228,88,11,22,24,55
"HERC2",7,36,134,64,48,16,15,93,44,36,66,17,13,43,41,69,34,103,42,414,21,55,35
"AHSA2P",2,124,248,39,119,8,16,83,16,50,7,89,12,11,67,142,20,177,81,14,19,14,87
"RGP1",4,25,92,114,110,20,12,110,39,75,11,65,24,47,104,124,68,136,105,9,39,65,47
"ACYP2",43,28,70,132,47,35,28,110,37,61,52,56,74,65,60,79,116,67,84,48,59,46,47
"PDIA4",2,93,129,10,127,22,18,67,239,54,28,32,12,24,174,113,18,98,68,12,27,30,47
"HCFC2",50,47,45,100,61,48,17,66,77,51,76,39,85,40,138,81,76,33,119,70,43,52,29
"RBBP4",9,61,168,16,135,20,10,85,77,53,24,54,27,14,125,131,35,163,85,32,29,30,60
"STARD7",4,58,145,16,136,12,14,84,84,65,36,48,15,19,141,122,25,186,72,15,21,30,95
"NAAA",2,31,69,0,118,15,7,88,4,91,4,40,15,2,171,267,30,390,29,6,40,11,12
"PTPN9",1,35,85,40,120,49,10,71,76,61,163,52,62,15,92,118,36,107,150,13,24,27,35
"INF2",4,25,96,10,53,42,9,163,39,51,72,100,115,31,54,89,70,43,115,107,32,103,18
"PSMB2",14,37,84,10,153,26,12,87,56,86,63,53,24,22,116,117,32,207,80,22,31,67,42
"DHX58",7,19,49,25,87,4,4,176,15,39,26,55,6,14,145,202,33,249,25,11,75,27,147
"RCBTB1",12,28,109,52,72,20,39,94,39,68,46,40,33,23,120,204,96,77,70,76,48,24,50
"ANKRA2",27,56,84,40,75,38,27,81,41,70,108,91,37,19,89,101,51,94,82,69,38,52,69
"LTN1",9,44,178,15,118,10,18,114,21,45,24,70,22,12,101,164,31,207,69,26,37,20,84
"FIG4",4,41,172,9,138,20,16,175,22,65,10,74,13,7,111,164,26,208,56,22,16,26,43
"MOK",22,6,21,110,77,13,12,94,87,23,182,29,8,36,114,67,103,57,195,58,51,30,42
"NUCB2",7,96,79,41,50,20,17,111,45,88,10,54,27,43,78,128,123,122,91,86,16,52,53
"BAZ2B-AS1",23,20,188,31,86,18,18,141,85,46,67,45,38,5,97,152,89,107,70,30,21,49,9
"CD247",6,158,53,10,68,15,18,41,42,127,13,23,4,150,141,243,7,36,45,14,20,21,180
"FMNL1-DT",4,53,267,36,159,5,12,138,8,58,3,104,9,6,59,167,19,138,73,5,25,10,77
"IFRD1",5,266,129,29,94,17,15,95,4,44,5,80,13,2,55,163,21,209,82,10,14,10,72
"TMEM94",7,53,140,16,145,9,12,101,37,73,19,62,13,21,126,139,38,233,83,14,23,22,48
"VAMP8",24,56,184,22,120,31,10,73,29,145,26,36,28,23,126,103,73,133,68,31,23,32,38
"APOBEC2",54,25,61,110,36,67,21,141,16,143,71,53,111,37,61,92,48,43,68,40,53,44,38
"CLSTN3",3,118,115,13,69,5,11,25,22,111,4,79,7,49,65,172,8,300,42,13,5,19,177
"MSRB2",4,79,66,9,167,10,28,158,4,92,1,60,7,5,81,183,44,210,91,11,29,24,69
"HOOK3",2,66,188,14,152,28,11,101,18,43,11,78,17,12,105,167,21,198,80,12,26,22,59
"STRADBP1",24,20,59,125,48,40,43,157,36,92,25,45,65,34,75,55,119,27,89,55,69,96,33
"SFI1",4,60,196,28,86,12,9,134,24,82,7,41,6,22,65,222,23,260,77,11,9,10,42
"CCNYL1",7,23,64,53,91,44,8,131,46,46,45,90,51,25,89,100,62,107,122,100,40,45,40
"CARD8-AS1",12,28,172,17,116,26,2,143,14,74,40,81,12,4,100,115,57,258,34,3,23,19,78
"DSC2",7,76,49,17,77,57,49,35,1,16,0,19,19,11,177,318,30,109,99,5,125,26,106
"DGKA",10,64,214,25,116,14,8,99,34,93,11,69,8,15,77,128,25,184,70,11,32,15,105
"ANKRD10",9,122,144,23,110,13,17,93,56,54,7,57,12,18,107,125,26,193,90,34,21,25,70
"PES1",5,15,83,138,86,39,13,127,40,92,64,38,82,29,95,117,41,39,111,28,54,56,34
"NSMCE2",64,34,78,64,65,29,47,113,54,55,66,40,62,37,75,80,132,50,60,62,57,67,34
"PIGG",14,38,165,46,103,10,16,67,24,75,45,60,22,16,90,146,36,188,121,21,32,27,63
"CLK2",3,45,232,52,158,16,14,95,30,41,18,32,26,21,94,186,31,130,84,18,18,15,65
"LIN52",6,31,39,57,26,116,15,24,41,119,29,68,124,86,43,112,32,46,198,22,65,116,9
"PDK1",25,67,103,39,83,39,21,56,45,58,40,87,53,7,84,62,43,143,68,37,44,145,75
"ATP8A1",2,96,130,18,108,24,7,105,34,65,17,82,22,26,71,166,14,167,67,51,45,18,88
"ACOXL",44,11,65,136,50,51,15,38,58,37,125,30,66,47,79,123,34,32,109,69,36,75,92
"HELQ",33,31,85,75,44,48,24,70,76,71,202,31,48,46,53,108,61,53,65,34,44,55,65
"RAPGEFL1",5,51,125,88,56,29,15,141,44,71,23,68,21,22,81,134,42,128,98,8,38,38,96
"RNY3P8",38,45,70,115,48,56,23,141,57,96,38,96,78,51,80,56,96,13,68,37,18,58,44
"ZYG11B",2,91,169,13,148,14,18,101,9,41,5,61,16,4,115,119,36,231,99,25,39,9,57
"CD9",5,36,142,8,98,52,8,129,6,72,6,129,48,20,105,65,47,148,51,68,26,81,71
"GSS",12,26,78,103,74,24,39,68,49,97,42,27,55,50,94,105,132,40,100,94,64,33,15
"ZCCHC3",8,32,145,24,78,16,13,93,97,43,78,75,47,24,87,114,66,146,107,42,28,37,20
"ZRANB2",11,102,151,29,83,23,18,88,49,45,58,63,19,16,104,143,45,150,55,29,25,30,84
"ATP2B1-AS1",7,44,184,32,213,17,3,94,15,92,13,119,17,10,61,122,46,179,93,10,11,11,26
"CSF1",9,11,233,24,118,16,9,93,0,49,3,45,22,6,71,198,14,319,52,16,45,24,42
"ICE1",2,41,89,39,86,5,8,100,78,62,189,46,30,23,92,96,36,142,102,31,24,52,45
"BTF3L4",21,59,123,20,114,25,15,125,28,93,31,77,28,18,102,125,40,175,82,19,43,14,40
"ELAC2",11,38,81,116,107,36,14,75,68,47,36,28,49,58,109,131,42,77,91,69,47,46,41
"TMEM273",0,52,88,46,147,19,9,137,13,209,0,119,9,4,108,165,26,130,27,26,59,11,12
"URM1",25,29,88,59,95,33,9,84,43,123,71,39,41,51,98,103,55,119,70,30,63,28,60
"ABCC1",1,43,181,13,139,19,7,65,64,52,10,48,13,13,127,168,20,250,57,30,31,35,27
"FCGR2B",3,52,247,10,128,19,11,51,10,25,6,147,1,4,29,368,14,117,21,13,30,17,90
"PEX14",244,33,70,79,60,34,35,57,79,71,49,28,30,43,79,54,92,38,70,58,47,36,27
"DLD",18,88,89,33,74,31,16,105,43,65,65,78,30,17,94,88,56,173,55,54,29,39,72
"VPS13D",9,62,132,10,158,22,20,70,35,72,23,49,16,23,82,243,24,149,83,26,17,27,60
"KMT2A",18,65,63,43,65,28,7,106,77,52,88,76,42,21,108,139,35,49,79,91,43,71,45
"HDGFL2",4,38,170,33,131,14,17,124,16,56,11,77,28,11,82,134,31,280,72,15,14,22,30
"MED22",7,46,204,29,140,21,6,94,26,77,24,83,21,10,61,99,35,191,106,13,30,14,73
"CYB561D1",0,37,253,16,154,5,4,85,10,47,4,77,7,8,80,163,35,229,91,18,21,9,56
"CUEDC1",2,71,172,15,130,12,11,118,3,66,1,72,5,3,71,121,26,287,103,3,42,16,58
"PEX16",9,58,98,38,101,19,13,91,26,122,33,106,38,29,81,135,39,163,78,14,24,21,72
"SSX2IP",30,49,55,53,34,47,24,101,58,52,36,65,75,39,47,87,127,39,71,118,51,103,47
"KIAA1143",13,48,170,28,97,56,15,102,39,75,40,58,44,22,57,92,73,156,130,19,22,16,35
"SETD1A",24,39,81,32,81,21,15,71,73,49,100,45,38,34,103,135,25,129,104,89,33,50,36
"TOMM22",30,34,69,61,101,25,23,66,63,109,93,33,29,44,79,103,81,88,77,87,41,20,51
"FAM199X",1,79,166,17,102,20,14,144,27,40,14,71,15,15,77,157,20,243,60,10,19,19,76
"GNPTAB",6,82,100,42,135,20,17,78,43,82,14,23,34,35,114,193,29,109,82,30,42,41,55
"NIPA2",2,44,96,13,119,26,18,83,39,78,42,85,14,17,103,146,34,284,54,16,21,21,49
"SRPK1",0,68,135,42,79,20,9,115,33,44,71,17,34,13,90,114,38,189,94,17,29,22,131
"TDG",30,41,106,56,96,24,23,74,38,84,88,64,50,18,71,87,52,106,110,84,24,35,43
"CEPT1",23,48,96,40,55,32,27,44,68,38,219,56,48,34,66,93,43,56,83,56,30,84,64
"EXOC4",27,38,88,55,85,34,19,64,49,60,33,38,48,41,119,104,60,90,83,97,55,61,53
"NUS1",23,40,89,45,83,20,8,88,83,78,106,48,53,38,108,99,46,86,103,36,36,47,38
"SELENOO",3,90,205,30,93,14,15,123,25,100,4,83,12,16,62,134,24,184,71,13,14,9,77
"TMEM134",18,28,80,103,71,12,14,86,58,88,27,78,93,38,108,95,96,49,102,48,55,28,25
"PAM",0,98,121,22,325,27,16,17,5,13,4,41,36,17,92,247,23,167,20,30,30,28,20
"SEPTIN1",26,33,62,124,51,25,21,83,89,75,29,56,33,46,107,143,81,41,116,28,46,34,50
"CHUK",8,60,139,18,147,22,17,126,17,43,21,62,27,10,76,119,27,228,88,23,28,28,64
"FAM228B",11,12,85,64,129,24,52,90,24,32,21,7,48,51,111,173,22,47,87,145,70,63,30
"EPHX1",89,20,62,85,38,20,39,66,45,37,8,53,67,56,80,54,97,31,139,114,43,138,15
"REL",13,62,148,13,138,9,22,94,15,64,12,41,14,49,85,148,13,281,42,21,27,27,58
"TRIM14",14,38,92,7,132,7,10,104,51,42,7,45,21,21,241,185,9,107,49,16,74,31,91
"LRRC58",8,23,82,24,55,32,21,47,130,32,179,78,38,16,73,95,44,80,144,47,12,88,45
"RAB43",14,38,75,95,108,12,17,80,10,81,1,55,63,16,116,136,37,165,141,21,27,30,55
"UTY",53,91,1,86,171,1,37,0,104,116,0,134,1,0,121,213,0,0,116,87,61,0,0
"BMERB1",18,16,66,101,17,69,18,83,77,36,240,33,52,45,95,90,75,33,77,65,45,22,19
"GRHPR",15,20,89,100,76,10,11,47,25,81,22,34,45,24,161,172,92,80,83,80,51,17,57
"C5orf15",17,40,130,7,150,24,23,107,39,83,33,66,30,18,119,121,31,175,78,7,19,31,42
"GTF2H1",28,38,76,31,95,19,18,72,71,45,218,33,26,19,90,122,37,118,81,38,42,43,30
"SDHD",11,57,165,13,130,21,16,94,25,66,40,74,21,6,110,133,30,208,70,13,39,13,34
"SYTL3",3,69,195,14,123,20,13,116,6,67,3,78,17,23,64,169,24,170,69,8,14,12,112
"BIRC3",43,27,60,11,105,16,121,35,92,44,112,36,15,43,89,61,20,200,28,22,24,112,72
"CLP1",7,62,94,16,74,23,13,73,35,51,69,142,26,8,64,93,27,310,60,39,17,28,57
"ELMO2",6,58,176,25,120,19,12,74,19,31,32,59,24,19,111,121,28,219,64,35,26,22,88
"MED10",12,43,85,62,78,21,9,99,71,76,146,56,45,35,91,97,40,94,87,29,40,32,40
"DGUOK",54,35,105,67,98,21,18,64,74,110,69,72,34,24,70,104,59,105,63,20,32,46,43
"DYNC1LI2",6,53,151,29,114,13,18,107,18,49,24,67,14,16,80,209,25,200,76,23,23,20,51
"ARHGEF3",10,49,125,92,93,19,44,33,38,37,21,17,22,36,183,103,62,119,39,120,51,41,31
"MRPL22",98,77,37,69,107,43,59,47,60,52,38,29,52,34,82,66,78,54,82,47,75,57,42
"APPBP2",16,38,127,35,98,26,13,115,48,41,102,68,26,12,87,127,45,111,91,43,25,29,60
"C15orf61",74,12,47,99,41,85,15,174,87,51,33,81,89,9,57,49,65,12,118,31,19,104,31
"DDX1",21,41,104,88,48,27,10,85,75,82,66,44,57,61,85,95,73,52,67,57,25,90,29
"JUP",6,7,262,11,194,18,15,162,45,33,16,11,6,4,234,76,6,26,58,10,19,10,153
"GPN1",33,23,62,78,54,36,16,94,67,75,146,22,87,26,104,68,62,85,91,31,53,36,32
"LTBP3",28,33,104,65,39,25,18,63,87,90,32,26,35,48,128,161,58,50,97,67,40,51,35
"SDAD1P1",21,26,52,94,43,68,28,80,95,58,152,25,41,27,91,63,55,20,78,86,46,107,24
"BAZ1B",12,37,162,16,123,23,12,98,69,44,29,38,20,15,125,165,24,143,88,59,29,22,26
"USP42",12,42,72,28,60,18,29,51,41,71,125,92,46,31,63,70,32,238,67,59,21,62,49
"CEP76",47,24,21,47,24,55,27,39,98,27,217,56,71,24,101,49,81,24,102,95,20,112,17
"ZKSCAN1",4,55,183,28,111,19,11,109,41,49,61,62,12,14,95,136,26,129,86,39,18,39,51
"ZNF444",31,31,72,72,35,26,32,112,35,41,24,73,42,34,247,50,54,71,116,54,54,33,38
"NDUFV1",3,78,165,15,90,26,11,74,70,85,16,55,13,40,93,113,35,200,69,16,18,18,73
"ARRDC4",18,46,103,38,125,13,15,120,23,58,29,66,22,32,48,206,25,208,45,35,16,15,69
"COQ8B",4,36,199,18,115,17,10,128,11,44,5,75,23,8,90,184,38,215,73,16,25,14,27
"EXOC5",16,40,130,40,133,29,8,108,31,54,29,37,19,18,96,117,51,128,99,68,29,30,65
"FAM120B",2,51,156,22,136,15,14,134,12,29,29,69,26,6,86,183,31,151,99,13,31,28,52
"PRPF19-DT",23,18,69,101,38,11,22,131,102,68,227,24,88,25,40,80,23,24,75,9,41,104,32
"PSPC1",2,74,132,17,147,19,4,96,40,99,38,80,14,18,73,138,34,158,69,30,28,17,48
"HLX",4,44,230,47,216,17,11,167,0,17,1,76,17,0,98,103,24,133,89,8,30,10,31
"PHC3",14,104,117,21,97,18,25,82,38,49,56,59,25,16,88,113,10,180,58,30,55,31,87
"C9orf153",65,46,28,44,41,47,87,48,21,101,46,17,65,35,135,89,50,27,144,78,48,62,48
"INO80",15,33,110,39,93,18,14,57,73,50,114,41,44,35,92,124,25,94,115,47,31,62,46
"SMIM29",3,39,149,19,139,25,26,129,16,87,6,89,14,12,87,139,39,187,49,11,33,16,57
"ADNP2",15,39,51,15,59,20,13,74,72,38,236,64,23,36,70,85,52,196,55,56,22,28,51
"C19orf25",16,32,122,42,99,32,14,108,52,69,60,32,27,25,93,134,59,117,76,30,30,49,51
"CERS5",2,46,186,15,137,23,6,90,10,73,5,94,11,3,102,138,25,230,63,10,20,14,65
"ETV3",4,76,93,20,85,10,8,77,12,44,75,97,28,22,82,128,36,278,61,26,8,57,39
"TNRC6A",9,42,106,40,59,23,4,62,112,45,167,28,24,25,75,120,34,109,81,63,22,70,46
"AP5M1",12,39,151,53,120,26,14,87,30,57,64,40,25,6,127,130,46,108,82,25,33,45,44
"PIP5K1A",2,43,161,13,119,22,11,81,23,69,25,57,15,8,112,130,17,215,74,31,26,14,96
"NXT2",45,28,55,41,47,37,42,71,46,58,72,31,54,77,60,132,94,82,76,88,29,62,35
"ELF3",31,3,18,20,17,37,16,96,36,15,684,14,37,27,26,31,105,17,43,31,24,16,17
"EMSY",12,42,158,22,117,17,18,100,34,56,86,56,12,16,73,123,21,155,89,43,25,32,54
"PDCD4-AS1",9,50,126,13,157,5,7,89,33,59,65,109,24,10,51,92,30,242,56,31,41,22,39
"PSMC2",37,50,92,42,87,29,16,76,94,74,72,43,28,34,99,94,45,97,71,58,36,62,24
"SUPT16H",1,53,146,25,121,11,5,104,58,57,45,54,13,23,113,151,29,163,56,28,13,34,57
"ZFYVE19",9,17,67,39,54,29,18,63,27,52,48,38,13,32,70,105,477,68,57,20,34,10,13
"USP1",5,61,139,2,118,14,14,88,32,46,34,40,18,23,105,146,46,206,61,19,39,33,70
"CDC40",19,57,154,12,118,19,11,119,29,49,21,57,29,12,103,163,33,167,49,28,33,21,55
"MARK4",1,29,157,11,124,14,11,96,10,59,6,97,29,15,63,211,15,197,76,28,20,27,62
"NUDT16L1",20,29,167,15,104,20,12,87,24,70,17,110,36,25,84,103,26,230,61,23,26,25,44
"GTF3C5",19,39,124,30,98,15,15,96,43,60,76,65,31,37,92,120,26,163,73,37,28,36,34
"CC2D1A",8,30,104,77,79,12,37,110,31,74,15,47,34,31,93,152,36,165,93,30,34,37,27
"KIF1C",3,78,172,11,164,19,11,137,15,61,8,29,17,16,111,119,12,172,102,8,29,13,49
"SLC9B2",26,26,15,129,23,50,19,69,114,36,83,37,31,48,81,99,124,31,122,71,44,67,11
"PPM1B",21,54,90,54,67,17,16,83,41,39,21,110,31,11,85,91,53,163,82,82,34,18,90
"RCC1L",14,12,55,95,48,37,12,54,87,65,44,32,46,65,154,53,62,43,146,76,88,33,30
"RIF1",9,43,122,30,92,17,13,103,30,21,25,43,13,23,133,171,18,180,55,39,60,43,68
"GIT1",1,45,204,23,104,12,14,99,30,94,9,84,20,16,97,126,19,201,66,8,23,12,43
"OTULIN",4,90,139,20,111,21,13,87,36,49,32,53,24,30,97,112,14,222,75,23,26,16,56
"REXO5",40,13,39,42,46,38,33,49,131,61,272,27,87,48,46,31,79,15,78,51,21,85,18
"LYRM4",77,18,31,94,40,38,24,65,57,32,56,17,96,100,82,50,106,31,126,22,93,33,61
"SLC12A4",3,37,208,30,130,22,10,113,14,53,4,65,19,9,87,161,20,213,54,13,28,10,45
"CNP",8,31,101,9,118,17,13,58,46,52,27,54,30,22,138,141,39,193,43,16,59,40,91
"ZNF37BP",21,44,78,97,70,24,9,57,95,62,146,37,38,27,50,131,41,53,90,37,30,65,44
"EMC7",10,41,128,28,122,18,4,113,24,58,21,88,34,24,104,89,28,236,61,19,12,36,47
"FGD2",1,51,217,20,139,28,13,44,76,69,33,20,12,6,162,115,11,138,101,7,28,21,33
"LINC00853",60,9,92,54,42,51,15,84,134,33,105,37,31,42,100,85,94,50,60,39,82,26,20
"RFX3-DT",27,21,16,80,17,49,48,37,48,74,82,24,73,46,67,122,74,33,152,74,36,101,44
"HIVEP1",11,47,135,35,120,16,24,92,11,55,3,37,14,17,102,121,12,164,64,32,29,40,160
"MAN1A2",12,56,81,58,99,32,13,80,68,63,48,45,22,24,136,101,51,85,98,71,33,26,39
"DDX59",9,58,119,71,100,18,9,104,23,82,15,41,18,27,90,142,59,123,79,50,44,27,32
"TMEM185B",4,54,99,16,132,10,15,80,12,84,7,47,16,6,124,138,24,233,133,25,25,12,44
"ATPAF1",9,32,77,98,58,30,18,72,110,71,61,60,53,32,95,85,51,79,65,28,57,63,35
"FAAP20",21,56,105,7,69,25,32,92,37,90,9,84,18,12,90,75,74,166,105,45,41,23,63
"SPINT1",1,23,215,13,179,8,9,183,1,21,0,72,12,3,80,103,56,206,85,4,31,18,15
"RCC2",4,52,135,10,118,10,11,87,105,85,16,30,15,24,137,129,24,159,48,27,36,28,47
"CCAR2",6,58,108,22,122,19,8,65,30,89,17,70,11,22,106,112,23,232,76,11,19,18,91
"CRY1",10,40,45,56,27,26,14,109,71,67,121,90,124,30,71,88,61,45,80,56,23,43,38
"DLGAP4",4,39,171,11,112,18,8,158,14,98,3,78,5,8,109,103,17,226,61,10,22,8,51
"YTHDF2",11,49,123,15,144,21,13,67,31,71,27,77,19,13,102,138,33,199,58,26,20,16,61
"MRPL20",18,47,73,67,103,31,5,76,58,57,34,71,47,14,115,70,106,85,80,50,46,46,32
"RNF220",19,37,106,82,117,23,9,78,61,51,39,34,43,34,91,93,54,118,98,32,31,27,54
"MFN1",9,56,152,10,115,9,11,127,28,53,41,53,10,7,64,150,28,196,69,14,24,20,84
"MOGS",4,69,147,24,137,8,13,86,43,50,17,65,22,21,95,100,31,204,88,19,18,18,51
"SPCS2",12,45,112,19,101,17,11,124,68,77,46,66,18,19,97,100,36,174,54,22,35,38,39
"TRPM7",28,52,113,27,106,17,6,79,42,73,89,37,38,32,69,121,34,138,73,34,23,54,45
"RBP7",2,106,171,16,166,39,22,108,2,68,3,62,9,3,100,89,36,153,84,5,45,9,30
"SLC8A1",2,46,137,14,154,37,7,81,1,72,0,53,4,4,105,197,39,160,81,16,26,5,87
"ABT1",4,43,143,8,143,13,14,101,37,102,36,89,13,16,87,100,39,208,37,14,11,11,58
"CEP164",11,35,120,61,67,13,15,78,52,67,33,48,30,20,85,155,26,177,70,20,45,41,58
"RGS16",5,12,30,52,21,36,19,61,158,56,183,3,47,13,42,92,53,23,101,166,12,121,21
"IGKV1-5",5,180,43,4,150,39,9,11,374,11,44,3,6,19,131,54,27,33,94,3,26,15,44
"TIGD3",6,14,179,17,127,16,6,195,1,47,0,97,27,4,74,122,22,245,73,4,20,3,26
"SEC23IP",5,31,128,47,98,24,8,96,57,41,102,41,24,18,98,130,37,139,85,33,28,23,31
"KLHL5",6,24,157,8,122,30,4,62,13,36,10,58,31,7,155,80,42,266,57,35,25,35,60
"TPP2",7,66,157,15,64,35,5,107,46,64,34,63,21,28,92,121,36,102,62,33,24,39,102
"KLHL18",8,54,126,29,72,7,9,75,15,99,29,110,11,15,78,123,30,270,56,17,12,19,58
"CXXC1",3,48,190,21,126,19,7,104,71,62,23,55,11,16,57,130,33,163,72,25,25,13,46
"DNAJC10",2,78,151,8,158,21,15,95,59,63,22,62,28,18,109,113,20,150,71,20,14,11,32
"SIVA1",3,92,129,26,109,9,16,75,30,90,11,107,14,15,62,108,25,255,63,7,22,3,49
"CCN3",2,35,346,5,71,23,4,146,0,34,0,136,12,2,45,208,20,136,26,1,12,8,47
"ZNF227",30,30,63,83,59,54,25,92,62,81,54,88,33,20,53,76,129,58,64,41,53,44,25
"ESCO1",7,67,94,15,92,6,21,75,47,63,55,73,32,22,73,100,28,285,50,8,22,22,59
"RBM14",14,27,115,40,92,20,12,92,58,60,63,55,49,12,88,128,57,101,95,55,15,48,19
"CD151",2,25,66,5,49,45,13,178,14,85,6,69,49,12,45,75,50,89,97,119,23,164,34
"AMN1-AS1",2,30,294,16,105,15,11,91,3,110,0,137,7,0,47,131,25,169,44,8,17,6,45
"FCF1",14,56,78,52,81,32,9,65,80,65,105,82,27,19,70,140,47,93,72,18,36,36,36
"GINM1",5,41,162,29,101,13,6,116,10,66,10,75,12,12,62,108,39,269,75,27,20,13,42
"MRPL41",55,38,53,18,54,26,28,130,131,69,27,57,60,24,105,73,101,40,91,36,30,49,18
"NAMPTP1",7,128,92,4,118,10,13,79,1,95,0,78,21,7,77,83,14,341,25,8,9,14,89
"PITPNB",6,46,128,8,108,17,12,114,27,93,21,52,21,11,98,145,31,199,75,18,18,26,39
"TTC38",1,75,77,20,116,12,16,29,25,141,15,40,23,63,191,121,31,87,35,19,33,29,114
"ZFY",37,47,0,107,61,0,39,0,137,61,1,104,0,1,144,132,0,0,233,138,71,0,0
"OBSCN",13,19,64,127,17,24,4,73,111,62,49,65,58,25,75,176,23,25,99,56,27,76,44
"GCN1",8,47,118,69,94,25,9,63,93,77,58,33,25,26,135,113,32,72,64,47,31,24,48
"MTMR2",20,17,88,212,14,33,19,66,107,55,44,105,67,51,69,60,55,29,58,47,31,46,18
"RUNDC1",5,23,185,9,117,17,16,116,18,29,24,30,16,4,101,159,31,199,56,20,31,21,84
"FBXO42",14,50,164,20,105,20,13,78,45,48,36,71,35,9,67,124,27,215,58,13,23,24,51
"LONRF1",2,59,123,14,97,2,3,97,7,68,6,68,8,6,43,94,6,468,64,7,10,3,55
"BAK1",3,70,144,8,90,21,10,91,49,80,26,73,4,21,64,63,14,256,22,13,52,29,106
"TAF4",2,47,163,36,105,27,9,108,39,52,24,66,36,14,71,159,32,128,96,31,21,24,19
"CAMSAP1",16,25,78,85,91,22,12,94,39,49,35,54,65,33,89,105,24,59,115,86,34,68,29
"CD79A",1,72,72,11,111,19,27,27,371,69,176,11,3,47,73,20,14,78,33,0,14,11,47
"ZNF654",23,42,94,19,89,18,10,105,28,48,109,66,22,27,93,122,44,131,57,63,20,37,40
"PDHA1",17,27,89,80,49,33,15,88,41,54,39,41,48,34,93,121,79,96,62,55,42,74,29
"DBN1",8,50,104,12,51,16,12,84,16,258,7,91,15,13,41,145,35,169,38,16,6,40,78
"SCARB2",3,35,154,15,124,26,6,59,32,49,11,25,16,15,165,159,22,175,54,19,53,21,67
"MS4A3",9,56,40,6,33,34,6,92,14,26,1,17,7,4,52,125,386,40,79,232,11,11,23
"TMPO",15,78,110,24,126,29,4,69,72,111,26,30,18,25,101,122,44,103,58,30,18,49,42
"BLZF1",15,33,103,13,79,14,19,106,40,51,138,72,31,18,87,106,32,119,58,35,36,42,56
"ZDHHC6",11,36,161,39,128,21,9,93,27,57,20,50,16,12,95,157,36,188,64,15,24,10,34
"BTBD2",1,49,174,39,99,18,10,102,36,58,12,54,51,12,75,172,25,147,73,27,21,16,31
"SMC3",6,53,142,16,96,17,13,99,56,46,45,38,18,22,103,131,37,164,63,28,18,31,59
"RAB3GAP2",6,48,178,19,104,22,13,86,38,49,26,24,22,18,91,148,14,162,94,21,31,30,56
"EMC9",70,13,45,85,64,32,16,105,80,49,9,121,71,38,33,83,60,33,60,33,38,104,57
"CHERP",9,31,118,15,141,13,7,115,20,66,24,55,22,17,71,150,30,228,81,20,17,19,27
"LIMK1",0,70,195,21,40,7,32,36,28,94,15,44,14,21,77,165,24,137,22,16,16,26,196
"LONP2",7,45,98,58,74,20,3,90,57,78,33,62,32,34,105,106,83,77,99,42,32,25,36
"TSHZ3",0,48,183,10,165,16,12,128,2,34,0,33,2,7,94,229,7,125,109,5,50,7,30
"SUPT7L",25,38,69,35,53,34,21,52,86,33,165,37,45,45,83,92,64,75,88,44,27,47,37
"CD33",1,40,222,24,176,7,14,113,8,55,0,26,16,2,130,175,38,122,73,14,10,15,13
"NAPRT",2,68,121,34,119,7,14,90,10,133,2,54,18,8,111,112,29,155,100,14,22,24,47
"SLC38A1",0,91,75,4,67,8,10,26,123,56,34,52,1,112,99,146,14,75,47,23,33,41,157
"DSE",3,32,170,10,173,19,10,122,6,63,3,54,17,4,77,136,20,195,54,23,27,47,28
"WASH9P",9,19,122,85,79,17,31,86,45,45,20,41,48,26,72,89,75,84,78,67,64,37,54
"DPM1",3,62,109,10,88,12,17,85,24,73,10,91,13,8,76,118,26,286,56,14,20,15,75
"TEPSIN",5,70,157,23,94,12,12,91,8,81,31,79,17,11,57,164,21,181,65,18,22,13,57
"ANKRD28",8,36,82,8,32,30,25,89,36,47,13,118,30,12,75,52,25,352,52,32,24,44,66
"SYS1",11,34,105,46,75,23,12,78,17,73,38,58,51,24,121,107,51,177,63,35,29,22,38
"KPNA2",23,45,73,24,46,16,16,109,70,100,70,42,73,43,65,81,83,67,58,72,41,37,33
"IPO8",5,37,167,17,145,12,2,109,44,35,6,37,4,11,103,161,21,216,54,21,32,20,27
"PTPN7",4,119,101,14,64,5,10,63,45,139,9,70,11,32,58,89,23,181,38,26,17,26,141
"RREB1",3,53,147,26,93,3,17,87,29,45,13,62,25,16,83,151,10,233,56,13,10,39,71
"ZNF12",7,43,107,54,66,6,11,67,63,50,93,61,37,23,69,102,34,166,90,24,25,22,65
"CEP170",2,61,137,8,153,8,13,72,15,47,19,46,36,8,78,119,13,200,59,10,18,22,140
"FGD4",4,68,132,6,100,14,10,85,5,28,2,72,15,14,73,64,21,280,59,21,42,11,158
"SELP",7,15,77,5,33,72,5,166,8,26,4,74,88,14,40,38,102,38,81,121,34,210,25
"TRIM4",15,18,98,52,83,22,14,86,61,53,59,55,16,31,116,111,36,70,133,52,22,59,21
"MLEC",3,51,141,8,117,8,6,71,98,59,25,28,27,19,146,111,31,138,85,31,16,21,42
"TM7SF3",3,58,119,69,96,27,12,92,27,63,22,26,25,22,91,161,59,108,64,41,35,35,27
"MKI67",16,31,70,68,20,27,5,128,85,56,65,29,18,64,101,104,39,49,64,92,26,93,31
"PDCD5",20,33,72,74,77,46,26,51,76,68,13,34,62,49,46,51,110,64,109,53,43,84,20
"MEAF6",12,39,99,48,104,22,18,73,30,72,18,58,31,21,90,124,57,140,61,47,46,26,44
"PDS5B",8,65,125,14,128,23,5,65,16,61,13,64,7,11,87,159,24,246,59,20,14,23,42
"PPHLN1",17,65,198,21,102,15,7,93,33,67,40,32,13,10,80,126,35,138,62,20,32,15,58
"PARP11",38,37,48,54,57,29,19,54,30,56,63,60,67,21,85,95,74,78,108,36,55,44,69
"STAG1",2,57,121,13,145,11,19,109,33,50,10,52,20,14,78,140,17,209,58,16,36,22,45
"ARSB",12,56,140,24,87,18,8,99,9,61,1,67,17,14,127,128,27,231,54,15,19,19,43
"MPP7",6,34,85,7,62,38,30,80,13,81,14,55,21,15,92,110,52,213,59,14,38,29,128
"CREB3L2",9,50,94,26,83,25,20,116,50,27,61,40,40,11,94,137,30,96,84,36,37,54,55
"SLC39A9",2,49,147,6,167,20,16,83,22,45,33,31,18,13,104,129,27,194,62,21,17,17,52
"SNRNP27",34,44,53,42,67,30,10,54,68,93,64,37,31,41,83,97,66,72,77,23,45,108,36
"C2orf49",24,34,113,36,85,18,11,49,56,66,128,65,26,18,52,103,51,154,55,26,33,12,59
"FEM1A",5,28,29,116,66,17,6,34,40,53,32,46,55,25,91,192,85,44,116,96,36,21,41
"ZEB1",9,72,105,21,119,20,13,154,21,36,19,48,15,14,84,123,18,200,46,13,30,35,59
"PDIA6",0,64,105,3,118,24,12,76,108,71,21,33,19,20,158,101,34,147,58,22,22,28,29
"PGRMC2",16,45,98,37,74,20,8,102,61,49,67,85,20,32,69,84,34,160,39,62,30,25,56
"PTDSS2",7,22,126,115,53,26,12,93,39,56,21,30,83,27,109,58,47,51,162,32,47,29,28
"FCER2",30,7,32,65,40,66,16,134,100,39,60,15,72,22,42,59,85,46,15,100,43,163,21
"EYA3",5,29,197,17,77,16,18,79,29,56,35,44,27,16,69,85,32,227,64,19,27,31,72
"ASAP3",13,11,21,115,12,66,24,29,35,60,69,44,41,40,93,101,81,18,195,102,26,61,13
"DOP1B",4,46,169,16,133,16,10,113,18,35,10,46,18,4,69,173,27,189,63,36,33,14,28
"PRPS1",27,44,88,52,41,37,15,92,54,86,18,46,13,49,85,93,72,100,49,52,33,76,48
"SUCLG1",42,54,107,30,102,40,11,77,40,76,16,56,20,24,80,76,86,139,75,41,30,14,34
"CNTRL",1,58,132,19,118,7,12,68,60,28,68,53,7,8,104,149,15,149,40,21,49,31,72
"DGKQ",3,53,195,14,167,4,10,50,15,48,12,108,5,29,44,159,3,189,43,7,11,12,88
"MXRA7",9,51,13,55,8,49,2,171,24,82,14,53,1,20,107,11,53,369,99,1,6,55,16
"NOMO1",11,34,63,155,39,14,4,61,85,56,63,27,79,31,86,115,27,95,83,49,17,59,15
"UFM1",6,76,145,11,112,14,3,85,44,68,54,52,19,16,91,120,26,175,59,18,16,13,44
"EAF1",8,45,50,39,67,16,4,64,55,57,157,53,44,32,69,80,37,191,79,17,20,42,40
"GIMAP2",10,14,137,19,110,17,13,159,17,36,10,30,13,8,162,170,15,75,40,11,101,39,60
"HINFP",36,12,61,72,84,16,16,52,58,66,176,52,41,7,61,101,42,59,76,52,40,55,31
"KAT6B",16,27,49,26,45,23,22,50,86,29,254,24,36,42,77,87,31,88,80,54,25,67,28
"HES4",8,33,3,4,35,5,24,93,5,28,11,348,0,12,66,32,7,199,2,6,69,4,271
"MACIR",14,41,47,38,40,35,22,42,101,34,166,89,58,27,36,56,47,52,97,112,17,59,35
"OLFM4",3,103,3,0,12,16,15,126,2,16,0,0,14,18,29,44,455,40,162,85,26,34,62
"MEX3C",19,76,73,5,72,16,7,43,40,78,71,50,20,22,81,106,22,252,69,43,26,21,52
"KIF22",21,42,71,72,43,38,13,47,46,64,39,49,68,35,79,89,65,53,81,82,36,90,40
"RECQL5",15,30,131,59,68,30,9,77,40,46,74,48,64,39,77,118,46,75,91,31,22,37,36
"RRP8",30,19,63,28,65,33,31,38,103,57,228,45,65,27,60,78,39,49,39,31,53,45,37
"SOCS4",14,34,115,22,34,11,17,54,20,61,21,35,166,115,44,68,28,192,77,13,41,29,52
"CCDC167",79,22,32,82,35,37,56,38,39,63,24,19,50,66,102,68,83,33,106,31,55,82,60
"ILF2",22,71,91,18,80,25,8,62,84,96,63,37,11,36,116,102,60,124,32,29,25,25,45
"KLF4",0,74,205,5,247,38,11,38,4,30,8,19,28,1,101,172,23,99,122,10,9,7,10
"KLHL6",4,34,158,12,86,26,1,95,41,32,13,41,9,5,97,108,29,230,47,70,26,49,45
"ARHGAP23",11,9,101,62,33,16,7,60,32,48,39,18,113,29,182,166,12,45,95,32,74,47,26
"DAGLB",14,34,98,25,76,31,13,124,25,56,42,37,42,32,83,124,49,124,75,54,30,32,37
"ARHGEF7",6,64,123,16,74,21,15,58,25,43,28,52,27,31,96,97,52,177,69,59,26,24,73
"PEAR1",6,12,65,34,21,25,7,136,22,45,19,95,123,24,40,116,39,28,92,100,20,168,17
"CUTALP",22,53,115,34,136,25,13,80,52,91,52,44,22,20,58,53,20,135,127,14,29,48,10
"IMMT",11,32,120,38,93,14,13,67,67,52,35,38,44,41,95,102,61,81,68,55,45,58,23
"PRNP",5,71,117,21,87,5,10,70,13,108,12,41,20,36,98,82,32,243,97,10,15,6,53
"RABGGTB",29,48,58,19,44,17,22,30,90,44,269,23,31,27,77,65,52,49,60,53,15,81,49
"SF3A3",5,42,95,41,69,12,10,63,61,113,16,119,9,20,96,118,28,167,42,41,22,17,46
"ZNF354A",3,73,74,61,70,17,10,165,47,56,14,45,65,33,91,85,25,59,106,38,24,38,53
"PIP4K2C",6,35,123,30,113,17,13,95,21,41,27,52,16,21,92,106,57,210,69,15,33,16,43
"EPHB6",6,30,165,12,127,17,12,113,23,57,15,74,16,32,79,94,21,161,97,30,37,10,22
"RFK",204,27,78,31,33,32,37,32,42,40,36,53,37,29,81,43,109,41,101,48,23,76,17
"GTF2I",59,37,108,59,223,14,4,45,30,87,20,18,53,16,104,64,28,64,42,16,98,45,15
"MMGT1",1,54,138,15,86,24,15,98,11,79,11,53,13,14,84,137,29,262,48,15,20,12,30
"INO80C",77,39,55,53,33,43,21,53,70,64,44,20,34,70,74,62,64,42,74,86,38,87,45
"BMP6",3,17,73,7,25,66,17,158,11,45,2,83,51,11,29,49,49,89,48,177,30,188,18
"PSMG2",34,49,87,48,72,36,18,83,31,53,59,62,61,20,90,97,55,83,84,37,24,35,28
"SLCO4C1",2,99,173,9,173,38,18,108,3,17,1,38,22,11,76,109,39,105,75,16,63,13,37
"WAC-AS1",5,74,118,43,94,18,17,67,28,56,21,58,34,21,43,124,34,141,90,26,64,24,45
"NGLY1",9,73,124,28,101,14,23,101,43,43,18,46,15,17,100,140,46,111,80,27,17,20,47
"ACKR2",20,5,53,82,27,28,11,112,47,93,82,60,50,39,35,117,32,54,147,27,16,75,30
"KLHL8",4,36,176,7,149,34,8,159,3,10,5,39,9,2,106,138,24,178,61,14,35,24,21
"DNAJC15",58,24,61,33,47,34,35,40,65,91,29,66,43,72,61,67,46,85,50,61,38,100,35
"SDHC",14,54,135,8,72,21,7,79,22,125,30,71,26,5,88,99,45,177,48,23,33,19,38
"SH2B1",1,63,177,11,100,12,9,90,29,56,7,57,6,22,71,150,8,212,70,8,24,5,51
"FCSK",17,37,70,62,63,10,13,46,34,73,41,53,65,48,126,94,71,56,87,42,53,48,29
"LYRM2",108,22,59,58,33,22,7,47,69,94,96,22,50,26,94,64,78,50,75,39,38,61,26
"ALDH2",1,97,172,7,104,13,17,57,4,85,2,20,23,6,121,123,70,148,95,29,11,12,20
"MYBL2",12,24,55,70,41,24,21,68,133,77,33,19,32,56,76,68,88,42,114,70,16,64,34
"NEPRO",32,52,78,33,54,18,18,57,87,44,153,32,16,24,69,88,47,98,74,51,44,26,42
"PPP2CA",14,53,56,44,58,23,19,100,38,41,90,102,53,16,50,83,47,139,87,52,19,31,21
"DENND2D",1,60,99,25,73,28,11,78,85,37,159,14,42,19,105,123,22,67,87,11,25,30,33
"C22orf39",9,34,94,60,75,17,15,97,74,58,53,65,68,38,63,55,52,97,67,26,25,62,29
"EXOC6",20,62,109,17,89,11,14,118,17,54,9,60,30,6,98,97,37,210,42,12,51,23,47
"TXNL4B",23,24,76,44,83,29,11,79,26,41,83,82,66,19,63,88,36,98,75,34,18,112,23
"PCSK7",8,54,106,50,83,20,14,66,34,56,27,37,24,29,106,116,36,110,84,37,32,48,55
"PTDSS1",3,34,138,21,141,11,9,70,50,62,26,47,11,18,110,112,64,128,71,35,13,26,32
"IL12RB1",11,43,73,9,88,18,5,130,18,68,9,94,6,41,43,136,7,292,30,3,19,31,54
"RBBP5",4,44,142,14,103,16,10,111,25,45,45,30,16,12,112,159,20,136,70,9,37,34,34
"TECR",17,37,91,94,63,31,6,94,37,78,8,35,39,39,80,102,64,112,50,43,41,35,32
"DNAJC27-AS1",93,31,49,89,26,32,23,87,72,70,25,75,74,15,43,63,111,26,28,42,45,75,33
"MVD",10,55,91,53,31,23,8,55,77,76,21,45,10,42,112,164,38,104,59,14,21,29,89
"MTMR1",3,59,140,10,142,13,2,110,20,33,8,35,18,13,104,110,25,226,34,13,23,21,64
"PF4V1",5,12,52,11,16,85,13,91,11,64,4,86,141,5,26,16,27,70,43,189,30,222,7
"UBR1",6,55,87,34,78,13,10,55,55,40,113,41,10,32,110,107,30,112,54,41,17,54,72
"IWS1",8,42,174,28,98,33,6,92,21,37,35,31,23,16,99,151,33,96,71,25,41,19,46
"COPS7A",12,36,126,29,124,24,5,81,20,82,9,48,15,16,85,126,50,138,99,26,13,25,35
"MRPL57",19,37,55,65,54,26,13,96,66,58,23,46,67,39,55,73,120,41,81,87,41,33,29
"ZNRF2",5,42,132,30,114,17,10,94,13,65,13,35,16,18,113,96,45,166,87,29,19,39,26
"COX6A1",90,21,34,66,77,37,23,59,49,95,39,73,50,41,69,46,104,36,60,32,43,31,48
"DALRD3",21,39,89,80,68,35,15,113,46,47,4,56,41,27,78,82,75,104,56,19,46,27,55
"HIRA",18,30,85,58,59,31,6,81,55,56,13,97,58,31,75,63,31,74,82,41,34,85,59
"LRRK1",1,68,148,10,154,21,8,79,13,39,7,55,16,6,95,198,11,159,61,10,29,10,24
"ECHDC1",2,92,207,10,123,21,13,58,15,65,14,46,7,6,87,152,22,119,53,12,29,15,53
"LRP5",12,4,38,62,56,63,18,47,98,35,30,21,34,9,274,77,24,30,96,45,15,110,23
"C2CD5",2,36,157,6,164,25,8,113,35,35,7,41,22,16,82,112,14,122,62,15,51,14,80
"ERGIC2",10,31,136,16,123,31,13,111,32,37,56,32,13,6,78,112,16,175,40,14,44,28,65
"FITM1",15,29,63,64,57,42,34,71,40,71,48,51,51,27,85,82,34,51,63,69,29,67,76
"GATD1",12,30,75,69,72,24,7,52,42,68,82,30,34,34,114,117,41,70,93,68,44,13,27
"PEA15",4,60,133,14,102,28,13,63,19,101,35,14,24,28,147,104,42,131,57,26,15,35,23
"CCDC92",6,24,56,55,45,29,11,138,17,78,13,89,49,13,101,47,58,74,60,82,15,128,29
"GPS2",21,35,36,137,99,28,10,152,37,63,26,34,38,30,74,38,87,31,65,42,59,54,21
"TRAF6",1,46,81,10,119,15,8,89,18,43,18,66,17,12,81,155,21,208,60,23,28,27,71
"MCU",1,41,103,15,85,27,13,94,11,37,9,115,23,2,49,104,43,227,78,40,22,17,60
"ANKRD49",26,53,119,19,86,20,13,77,40,54,77,64,25,22,66,74,33,160,70,27,23,28,39
"HSBP1",6,51,117,8,125,10,13,120,4,89,12,72,23,11,86,92,32,181,47,17,27,13,59
"TPCN1",1,55,170,34,137,13,14,60,14,85,30,17,26,16,113,136,20,113,92,13,16,16,24
"ELK1",5,26,86,36,92,27,11,80,35,87,12,87,33,37,85,108,38,149,70,29,15,22,44
"GASK1B",0,35,241,1,228,13,7,50,4,48,4,12,16,2,176,98,13,116,105,8,19,14,4
"PET100",57,28,35,37,48,23,38,73,60,77,134,82,36,19,62,62,56,72,71,39,29,36,40
"KLRD1",10,134,53,13,74,18,9,47,19,123,1,27,13,51,117,222,5,30,49,6,36,56,100
"KRT10",88,18,44,27,64,63,52,36,28,58,34,136,48,57,69,63,81,51,43,35,48,47,23
"FAM89B",19,22,53,89,106,59,23,110,65,66,17,65,84,26,64,21,91,19,61,27,42,54,29
"ACSS1",7,72,142,22,95,21,10,41,96,69,39,31,10,30,96,114,14,93,65,24,36,38,45
"DNPEP",27,42,101,61,79,23,20,43,54,57,26,56,58,46,82,68,33,61,67,46,46,75,38
"FAN1",26,46,54,44,68,13,17,42,28,72,33,68,67,36,87,123,47,107,80,51,25,41,34
"ARL6IP6",5,39,140,16,94,25,4,102,25,41,12,49,21,7,130,130,43,147,76,12,51,10,29
"PEX5",9,43,67,23,82,26,26,87,44,51,45,61,39,18,72,71,51,113,81,75,42,59,23
"ACTR1B",0,50,160,8,108,17,8,86,32,67,9,57,10,19,86,84,48,231,56,16,10,9,35
"CFAP97",37,37,80,329,52,31,30,63,60,55,39,19,32,47,35,66,19,29,40,7,20,50,29
"USP5",24,24,71,88,74,26,14,34,51,41,23,19,34,30,122,101,78,43,111,75,69,34,20
"ZBTB37",6,71,160,23,104,6,15,74,13,32,15,72,11,2,47,201,5,157,41,16,13,10,112
"ATP6V1H",22,45,85,24,110,33,15,73,40,55,59,25,33,20,87,100,49,75,83,59,35,41,37
"LRIF1",10,11,96,41,89,25,6,88,53,40,155,63,36,9,121,104,21,86,50,29,24,20,28
"SIGLEC7",2,26,131,14,98,13,12,133,2,68,0,67,8,2,102,184,16,235,61,5,2,1,21
"DUSP16",1,30,135,9,75,6,4,144,3,62,1,53,15,3,104,174,24,235,57,15,7,4,41
"MED30",18,43,85,37,83,19,9,70,44,64,51,48,36,21,80,95,50,118,62,50,22,41,56
"OR2T8",21,11,23,49,19,36,42,46,9,22,9,111,87,19,88,19,131,34,70,216,46,73,20
"OSBPL6",45,26,19,153,45,64,8,144,12,34,19,5,18,88,14,13,194,16,52,58,56,115,2
"RING1",5,51,128,13,121,20,9,52,34,93,6,80,10,9,59,116,27,203,67,11,6,7,73
"ACOT13",30,34,49,56,59,36,22,71,38,57,71,46,44,30,95,93,39,53,82,71,37,45,41
"RFESD",64,20,35,68,34,31,17,85,94,81,196,31,59,27,45,38,66,19,51,46,18,53,21
"HINT3",6,27,109,21,123,17,6,114,38,26,71,54,14,15,115,118,21,132,50,22,35,23,41
"VWA8",21,28,24,101,29,10,6,51,17,54,6,19,187,81,96,27,79,41,125,104,32,22,38
"EIF5A2",106,42,14,85,18,10,20,95,69,45,46,26,26,39,50,49,74,22,121,89,25,110,16
"MLLT10",14,46,103,57,86,18,6,82,55,75,15,39,12,18,82,100,91,106,81,43,25,28,15
"POLM",5,56,178,22,92,4,1,81,12,87,13,84,26,7,72,161,15,130,49,11,13,26,51
"ESAM",1,15,50,12,25,59,13,134,12,45,23,87,78,25,32,29,100,36,69,108,9,198,35
"SLFN5",3,73,64,3,39,13,13,16,101,25,37,48,8,49,121,195,2,146,38,6,32,119,44
"TFCP2",4,25,133,27,110,29,12,57,32,44,40,18,18,27,97,123,25,138,78,61,25,37,35
"CWC22",5,51,145,6,98,11,17,112,26,57,23,56,18,10,92,126,22,130,51,17,33,20,67
"KRI1",10,45,83,70,38,38,16,56,41,43,53,64,57,38,94,80,22,52,39,102,26,76,50
"LSM3",43,61,61,23,84,17,17,80,37,98,16,75,29,22,75,76,37,139,59,33,35,36,40
"TRMO",43,30,60,41,61,22,29,69,44,57,95,33,60,17,75,74,25,128,82,36,33,46,33
"EPRS1",20,45,138,37,87,36,15,66,73,56,24,32,23,19,115,96,49,75,43,35,22,52,34
"ABCD4",22,28,95,55,45,17,8,52,41,68,77,47,67,37,79,79,61,65,50,22,44,81,50
"CCDC59",25,64,69,26,74,40,17,80,31,70,50,88,20,13,48,117,39,168,51,31,29,8,32
"MAN1B1",3,22,167,23,62,6,4,89,23,81,10,73,18,16,62,127,25,212,63,11,26,11,56
"SPOCK2",0,66,144,4,73,7,5,40,79,87,27,25,21,58,93,139,12,140,21,5,13,3,128
"MICB",2,21,103,9,123,10,13,89,11,48,20,59,13,11,122,111,37,170,40,16,40,23,98
"RBM17",6,82,113,12,143,17,16,83,45,55,35,41,13,21,67,100,26,137,38,24,33,21,61
"RPS15P4",39,35,62,76,65,28,14,130,70,51,35,53,49,28,51,42,70,25,50,55,53,76,32
"ZBTB43",5,37,60,20,31,12,10,56,81,35,195,40,65,31,77,53,27,169,69,38,12,32,34
"AGAP7P",2,16,62,36,66,20,5,100,1,47,10,29,26,7,32,205,11,375,29,3,17,17,72
"ALS2",24,31,79,42,44,26,22,41,85,53,214,37,33,19,81,65,49,36,71,50,26,36,24
"HAT1",19,60,110,18,88,16,6,55,35,103,8,82,28,12,74,78,27,205,51,20,36,19,38
"RAB20",2,81,51,21,47,20,22,66,6,125,3,56,5,3,113,132,16,241,45,2,13,5,113
"COG1",18,27,96,49,56,16,13,69,47,58,100,31,56,25,55,131,27,90,74,42,19,57,31
"PHF5A",10,45,88,20,90,20,12,83,35,64,38,64,39,20,64,128,27,171,85,12,21,14,37
"SOCS5",19,13,48,21,48,18,19,76,67,35,238,38,49,14,54,65,52,66,90,83,22,29,23
"TNRC6C",6,27,93,110,52,28,4,81,73,38,39,56,40,36,48,117,26,91,53,29,36,61,43
"B4GALT2",6,21,55,72,64,46,45,151,33,41,9,30,62,24,111,76,24,62,97,54,26,61,16
"C3AR1",0,14,58,12,200,12,6,34,5,28,4,49,15,19,132,43,22,382,67,18,11,30,25
"DDX27",7,62,97,18,83,18,10,53,46,69,84,72,13,17,83,116,18,129,70,31,8,28,54
"BTBD10",7,36,167,4,135,6,12,94,12,23,6,35,15,12,107,149,22,178,78,13,22,11,41
"COA1",4,56,105,25,88,12,11,87,23,67,21,86,13,7,68,164,21,135,91,17,10,24,50
"MFSD5",5,21,145,11,126,16,5,101,17,94,24,45,13,11,88,130,21,169,60,13,13,12,45
"PCNX4",10,41,177,39,104,27,12,71,16,61,33,40,33,17,111,80,35,108,61,19,18,20,52
"PHACTR1",0,72,94,12,131,7,8,54,7,110,3,141,8,17,11,37,13,346,30,6,20,4,54
"TBC1D13",6,12,91,44,148,17,8,79,29,62,23,37,37,25,63,100,60,120,67,67,10,44,35
"AP3M1",0,44,149,12,136,12,12,91,32,51,9,45,19,11,96,144,23,142,48,15,28,17,47
"CCSAP",3,67,119,22,87,14,9,110,9,20,4,85,22,3,64,87,15,286,53,12,19,17,56
"FNDC3A",0,79,130,8,99,16,10,62,22,40,7,40,10,10,87,131,17,198,63,12,31,25,86
"GIMAP6",5,29,167,6,95,17,5,52,26,46,9,12,21,19,187,167,20,68,53,8,58,26,87
"SUPT20H",3,83,165,10,149,16,10,129,9,39,8,20,10,4,95,138,24,124,58,17,19,18,35
"TBC1D2",3,25,228,17,181,18,4,108,5,40,4,21,30,2,120,117,25,67,76,9,29,14,39
"RNPC3",9,47,143,30,90,10,10,92,34,48,29,59,16,14,54,172,22,151,47,18,22,13,51
"POU2F1",35,59,74,38,71,22,18,60,61,45,91,36,35,18,66,83,28,80,65,43,15,49,88
"ASB1",25,31,58,84,66,27,20,71,43,49,36,74,50,20,79,72,43,40,107,62,42,49,31
"KMT5C",18,45,70,34,126,20,8,89,39,40,3,80,19,15,68,65,53,173,87,35,25,28,38
"ARID2",17,60,110,23,67,17,15,68,49,39,100,37,21,23,100,103,19,119,49,46,23,40,32
"HMBOX1",15,56,82,56,59,22,25,59,35,39,43,28,53,29,76,87,56,77,114,29,60,47,30
"COQ2",19,24,38,38,55,50,14,48,49,76,59,56,75,25,101,81,59,72,91,65,19,31,31
"NCAPD3",14,22,75,32,30,40,17,31,26,41,18,42,103,81,97,90,131,37,52,123,19,21,34
"PAPSS1",3,32,139,9,69,18,3,51,30,100,12,36,15,8,100,261,49,107,30,12,30,10,52
"TRIP11",15,19,70,20,66,15,9,62,105,29,193,53,31,10,66,123,24,65,77,27,19,55,23
"CDKN2AIP",23,31,123,28,71,16,8,67,49,51,89,48,34,16,79,91,46,81,85,61,27,26,25
"TESPA1",0,27,15,99,9,5,39,21,104,24,167,20,100,112,10,35,54,6,10,0,117,148,53
"TPRN",37,26,47,40,47,54,21,118,61,77,50,86,35,27,47,64,75,31,84,87,18,32,11
"NIBAN2",1,25,160,11,132,12,5,48,9,114,1,21,13,7,162,68,17,234,57,7,6,3,61
"CLASP2",15,33,84,36,58,23,8,94,58,37,39,34,38,31,76,75,71,75,79,69,55,38,47
"PANK4",6,24,165,15,118,14,11,77,17,64,16,75,21,10,80,97,20,156,78,17,22,12,57
"EHD3",9,12,70,11,21,63,24,111,39,28,23,48,79,28,42,67,41,27,60,148,19,168,33
"SLC44A1",4,46,119,9,83,21,16,69,54,57,6,38,26,9,95,113,45,138,64,60,17,42,40
"ZNF609",7,41,165,21,106,18,19,58,24,47,14,50,14,12,81,147,10,187,58,12,23,27,30
"GATA2",0,7,252,58,104,25,9,91,27,39,30,70,32,4,50,105,26,57,67,26,20,38,33
"MTHFD1",28,27,25,139,19,10,20,43,35,37,21,19,39,78,119,58,70,23,113,78,54,100,15
"XPC",7,40,145,13,112,17,9,109,9,45,11,70,14,4,74,172,11,177,41,4,23,17,45
"DHCR7-DT",52,6,75,38,27,15,21,58,66,185,58,54,57,14,69,79,121,15,37,33,14,43,31
"GABPA",8,41,105,18,95,12,12,85,47,46,71,54,45,9,87,121,32,115,53,17,37,20,37
"GALNT3",5,31,161,3,109,27,11,96,6,31,5,19,15,13,103,104,37,233,29,16,41,22,50
"FOXO1",4,32,119,23,92,14,15,67,51,47,65,53,18,13,87,94,27,174,92,13,11,17,38
"UQCR10",68,11,30,68,40,23,32,63,99,66,43,42,43,67,68,46,65,49,91,14,43,52,43
"CAMKK1",2,57,134,14,68,5,10,61,2,89,0,68,5,4,51,147,3,228,39,5,24,12,136
"PHB1",22,22,47,48,49,31,6,90,43,68,18,44,61,55,90,105,68,43,78,66,52,29,29
"PRR7",9,35,67,30,49,31,17,82,41,132,44,116,7,22,25,62,34,194,60,10,16,24,57
"ABCF3",5,53,142,20,85,9,6,59,33,64,19,87,15,21,68,95,9,223,43,27,10,10,60
"PFDN2",14,33,59,55,54,25,22,83,53,70,38,53,53,29,50,72,54,84,60,68,40,56,38
"TBCA",15,61,149,19,84,26,7,78,35,62,11,48,22,18,91,97,41,123,71,47,25,16,17
"LINC02863",14,33,188,24,52,46,35,65,47,56,78,33,10,23,68,92,13,106,46,22,38,23,50
"SIAH2-AS1",108,11,38,69,11,51,19,74,77,37,50,26,70,30,44,25,115,9,66,52,67,88,24
"KLHL9",25,45,167,25,105,34,11,61,23,70,48,42,17,25,101,110,42,73,46,20,28,12,30
"PCSK6",11,23,31,29,19,54,20,132,35,42,55,43,61,23,63,25,63,21,188,73,26,108,15
"PIGB",4,57,113,11,58,10,11,118,1,61,2,89,7,11,50,101,32,254,47,14,25,8,76
"CCL4",8,36,135,37,109,18,11,65,9,32,0,182,7,35,70,162,7,152,36,3,20,3,22
"DTX4",0,30,115,12,174,6,10,84,7,71,0,95,14,4,21,138,5,177,37,5,14,1,139
"INO80D",6,62,89,26,79,11,7,50,38,64,62,47,31,14,61,125,22,140,79,18,21,23,84
"NRROS",0,27,156,17,96,12,3,36,15,88,8,61,16,16,105,86,15,285,41,15,12,10,39
"STING1",0,38,158,14,95,11,16,64,26,61,17,40,14,16,121,170,28,124,77,19,17,13,20
"STK11IP",6,81,150,9,137,8,8,80,14,78,8,68,4,7,60,102,16,171,70,18,6,16,42
"ZBTB1",8,105,124,12,71,10,12,70,15,65,12,40,11,28,71,111,16,218,48,18,17,12,64
"EIF4HP2",0,17,72,115,57,38,6,57,35,52,31,27,85,44,116,87,39,29,100,16,45,38,51
"GSDMB",30,43,70,49,69,28,12,76,35,61,63,59,27,27,42,104,43,61,76,42,50,54,36
"MAML2",3,20,121,12,167,6,6,96,17,11,5,23,6,5,69,117,6,316,65,3,9,10,63
"SLC67A1",5,21,95,42,123,3,10,135,0,58,0,70,16,8,64,185,18,227,33,1,11,5,26
"FUT7",6,50,150,23,99,12,15,143,11,62,6,47,5,0,90,90,54,146,53,9,13,18,53
"NFKBIE",1,55,83,10,91,3,19,65,13,129,9,54,11,22,77,79,6,308,37,7,29,5,42
"BAG4",12,40,80,71,51,40,11,68,25,27,34,65,64,14,71,57,85,147,70,42,16,20,44
"LINC02506",0,143,14,14,10,224,18,66,10,5,17,79,36,14,161,0,42,13,0,147,121,2,18
"SNTB1",4,34,144,9,90,8,10,64,12,58,13,54,18,15,136,85,25,178,50,35,30,61,21
"CHD7",1,46,107,17,109,8,9,83,12,31,15,49,3,10,41,177,17,215,93,11,15,9,75
"SLA2",4,28,42,4,25,42,9,136,21,48,9,44,57,53,50,55,56,44,60,63,21,159,123
"C2orf69",11,38,68,89,49,32,4,68,32,35,68,51,47,17,63,88,84,94,75,24,33,56,25
"GPR132",2,32,152,14,89,14,6,36,23,82,5,64,6,12,67,98,20,296,48,1,14,5,65
"ZNF23",33,6,46,46,27,17,26,54,58,49,256,28,36,47,67,51,19,29,100,45,19,85,7
"CMTM5",4,16,52,7,12,73,12,162,5,54,13,88,99,13,35,22,82,20,63,119,21,153,25
"ATG5",9,45,74,31,117,28,15,87,23,63,45,50,33,12,64,94,49,135,56,29,20,24,45
"NCAPH2",3,75,93,6,95,14,8,67,35,112,7,108,5,15,36,98,23,205,44,12,11,9,66
"AKAP7",112,43,51,51,30,36,41,138,42,31,98,22,29,40,36,58,49,34,73,30,36,50,16
"ALMS1",0,11,58,130,37,17,7,88,37,75,15,14,51,39,90,110,57,48,108,58,45,19,32
"GNAZ",5,7,85,33,62,48,6,132,14,31,13,62,105,5,40,85,38,50,72,132,25,89,6
"GGA2",1,75,126,11,110,20,8,26,88,57,52,23,7,29,82,115,8,111,43,30,8,26,88
"PSMG3",34,19,52,74,27,16,24,91,37,70,6,83,99,21,39,73,26,66,51,19,14,149,54
"CHMP7",6,20,129,25,110,27,16,63,63,70,86,21,24,10,73,110,18,103,65,9,26,38,31
"GET4",15,10,26,21,37,7,20,35,126,34,404,20,54,17,35,40,41,14,70,26,22,60,9
"MTREX",9,21,121,51,68,20,10,79,36,39,81,31,43,30,78,103,27,86,75,37,32,38,28
"RASSF4",3,57,201,15,126,16,8,33,16,56,82,34,13,23,86,124,25,100,71,16,6,9,22
"DUSP11",21,22,116,10,117,15,9,116,40,57,67,49,7,11,68,98,32,127,61,14,23,25,36
"LINC01410",2,39,163,46,109,7,3,99,1,13,1,17,21,3,89,278,22,96,68,9,28,7,19
"TESK1",10,28,89,68,63,20,4,73,66,49,13,60,30,20,85,138,37,93,84,43,34,18,14
"COMMD6",11,59,128,10,109,14,11,111,35,75,10,45,19,9,88,93,37,127,59,14,28,18,28
"DMXL1",9,49,112,26,112,20,16,55,54,37,32,36,22,33,61,125,16,140,66,35,18,29,35
"E4F1",10,45,129,40,109,12,2,74,18,41,16,75,9,9,54,110,14,198,74,28,12,13,46
"ERI1",7,37,82,31,67,19,9,87,34,62,39,60,42,34,69,55,73,121,35,41,31,39,64
"GRK3",2,43,155,11,170,3,10,69,34,55,12,24,21,6,90,94,20,135,69,19,33,47,16
"KCNK6",1,41,143,16,118,11,7,100,21,38,4,60,24,9,73,122,17,149,48,43,12,35,46
"LPAR6",3,14,147,8,164,5,10,94,36,39,25,30,19,10,107,123,28,114,50,7,41,16,48
"LRRN2",33,28,40,39,46,40,15,138,68,53,73,58,54,34,27,97,33,56,47,20,14,99,25
"SCAMP4",4,35,114,6,103,15,7,61,22,71,6,86,4,14,77,130,28,218,43,8,15,13,57
"WASHC1",8,7,135,63,84,9,44,43,45,28,26,36,70,46,47,69,79,36,33,91,58,45,35
"AOC2",0,50,154,28,116,5,13,115,2,50,0,66,7,4,45,223,13,133,61,4,9,6,31
"FTLP2",21,12,28,83,73,26,24,145,87,52,32,54,42,27,54,22,83,24,54,40,39,82,31
"PIP4K2B",3,61,116,33,101,18,3,88,40,48,20,41,15,26,79,147,24,140,47,13,22,31,19
"TRAF3",0,32,120,8,102,10,4,66,35,45,9,47,10,7,82,90,17,305,46,13,5,9,73
"SSBP2",16,25,112,32,136,16,12,88,14,47,11,56,18,16,62,138,29,104,72,32,25,31,42
"UPF3A",19,62,106,61,46,52,14,58,42,72,26,40,53,30,39,101,53,48,40,29,35,83,25
"FAM13A",95,33,38,30,18,32,9,33,29,48,69,20,60,43,35,60,23,39,41,29,38,285,26
"CAND1",11,41,111,24,97,19,9,57,74,47,39,35,20,19,122,90,28,104,59,58,20,15,33
"NF1",5,43,109,17,124,15,6,74,8,31,5,33,14,11,129,173,44,136,66,6,8,24,51
"MED8",23,22,82,40,86,20,13,84,39,56,64,48,38,16,73,89,42,94,76,19,24,38,45
"ZBED4",22,36,79,16,74,22,7,53,47,24,47,33,16,11,77,115,85,208,74,23,19,14,29
"MEPCE",13,29,82,32,80,15,15,65,32,32,71,69,24,15,33,88,24,171,75,62,9,40,54
"TMX1",9,58,114,7,118,15,9,82,34,55,12,48,12,13,126,105,31,145,36,12,15,22,52
"ACBD5",5,69,131,12,94,15,7,48,19,19,9,43,15,16,85,123,29,198,66,19,49,13,45
"COPS9",94,36,58,36,36,18,25,64,35,97,52,31,47,29,104,55,51,45,122,31,23,18,21
"DCTN5",24,23,133,16,125,25,14,104,34,35,41,30,33,14,83,71,24,121,59,23,21,32,43
"FAM13A-AS1",0,84,149,31,48,2,8,63,2,56,1,64,10,3,46,191,8,182,44,5,6,11,114
"WWP1",6,42,72,33,64,25,10,82,84,64,164,25,28,21,64,73,38,75,39,39,16,50,14
"MRPL44",7,26,109,12,91,9,8,111,23,41,25,58,17,5,88,84,18,206,54,22,26,29,58
"TSGA10",38,22,58,68,38,45,14,68,78,59,96,57,52,26,32,68,60,43,59,36,46,35,29
"IRGQ",5,55,55,20,23,18,12,25,40,58,125,92,16,18,80,82,15,214,64,27,13,21,48
"ADAP1",2,43,220,21,115,15,7,59,2,97,1,53,14,8,72,75,21,163,61,5,24,2,45
"GNA15",3,22,152,6,81,18,5,77,16,69,3,49,17,13,90,80,40,223,40,21,11,38,51
"MMUT",18,30,56,51,63,32,14,101,44,49,88,63,60,12,57,60,54,75,63,34,16,49,36
"NECTIN1",6,35,134,16,162,23,9,72,11,61,6,52,13,6,58,148,35,87,87,42,19,26,17
"TM2D1",56,33,62,40,63,15,13,48,37,55,59,27,34,20,61,95,50,82,77,84,38,35,41
"INTS10",4,68,111,42,89,15,8,64,30,42,23,39,33,24,84,110,59,104,72,32,36,12,23
"PABPN1",4,67,125,37,72,13,8,76,17,51,22,83,7,8,41,108,29,200,43,37,23,15,38
"RNF135",8,42,126,7,159,19,15,76,5,47,2,74,13,6,85,107,20,166,68,18,24,0,37
"WDR91",3,49,125,27,80,12,6,64,13,57,9,75,19,18,64,119,20,186,57,7,15,15,84
"ARL5A",14,38,82,42,80,27,21,51,43,55,20,39,42,21,78,70,99,72,73,63,43,27,23
"LINGO3",4,49,139,20,134,7,17,134,13,61,3,57,7,2,59,135,23,112,71,8,16,14,37
"PFKFB2",5,63,114,31,74,21,4,81,24,49,75,44,35,19,71,84,22,82,46,30,27,68,53
"PRMT1",10,41,91,23,77,23,10,39,79,54,32,39,30,25,101,85,45,123,59,44,30,23,39
"WRAP73",8,39,170,11,137,11,17,91,26,36,25,35,19,14,57,105,8,172,64,25,9,13,30
"CMTM7",0,30,181,12,136,15,13,125,41,102,7,67,16,4,107,95,15,41,37,11,22,5,39
"IGHV3-30",1,350,35,3,38,5,6,14,384,5,66,2,0,7,29,38,0,16,6,7,8,24,77
"MYDGF",7,74,111,9,72,20,6,55,149,78,30,28,16,18,78,65,34,93,75,16,21,27,38
"PLA2G12A",5,38,53,79,39,42,12,133,15,46,6,53,49,26,62,31,69,33,75,106,53,86,9
"PYGO2",5,26,141,19,87,19,17,80,42,37,30,40,31,11,101,128,26,111,84,31,11,18,25
"CCDC93",1,60,171,15,93,7,19,78,12,49,3,42,15,17,60,134,11,175,44,16,19,13,65
"KPNA3",8,40,76,24,77,22,11,57,41,75,37,60,28,24,81,70,56,129,68,62,16,32,25
"PCID2",112,41,51,33,45,39,28,34,55,46,31,33,49,40,61,65,62,31,72,80,38,51,22
"SMURF2",0,59,136,6,98,9,12,68,12,56,3,54,14,10,84,103,14,238,57,4,19,6,57
"CHMP4BP1",11,6,19,53,12,18,9,45,288,34,245,21,33,27,38,23,30,16,88,24,19,47,12
"NPIPA1",13,14,16,16,18,43,6,127,173,16,169,29,69,34,41,18,47,19,79,17,6,131,17
"CCDC25",14,22,51,98,35,16,27,50,59,53,27,22,54,42,56,82,123,50,68,19,66,57,26
"ARFGEF2",11,39,86,38,78,23,11,45,67,41,62,28,14,21,73,113,23,88,82,69,26,29,49
"CD81",3,57,98,7,77,14,12,39,94,115,26,45,11,33,90,115,21,109,31,6,18,15,80
"NENF",23,22,53,38,47,38,19,112,15,71,34,19,33,34,49,66,117,62,94,64,28,47,31
"ZNF622",9,38,141,13,82,19,3,72,31,61,22,64,21,15,88,94,24,172,44,13,18,38,34
"HNRNPLL",7,30,97,15,69,25,5,91,23,52,20,84,30,8,62,121,37,126,43,37,29,19,85
"ABITRAM",20,33,62,51,75,20,14,87,35,65,90,33,31,26,54,106,36,96,73,13,45,33,16
"ATP5MC3",9,90,91,13,69,24,10,44,64,85,18,34,41,20,95,86,46,124,40,21,29,16,44
"CTDSPL",3,11,58,11,25,42,4,122,8,39,6,72,72,14,29,41,66,44,65,131,31,187,32
"CUL1",7,45,87,10,108,21,6,40,50,43,24,38,30,17,137,108,19,94,57,43,34,46,49
"SLC38A4-AS1",33,35,26,88,35,24,11,121,38,73,60,39,29,48,19,127,93,20,58,20,72,18,26
"CHRAC1",0,53,95,4,114,5,14,69,11,71,11,97,7,14,64,122,19,213,57,9,12,17,34
"CLEC4D",17,64,56,4,83,15,25,25,7,31,0,39,13,11,174,106,46,122,107,11,64,27,65
"ARHGAP18",3,33,90,14,63,35,12,130,11,43,7,63,46,10,78,68,33,54,67,74,45,98,33
"SLC49A4",8,36,87,6,84,26,13,70,42,42,111,59,20,13,64,83,14,164,86,13,12,13,44
"DDIT3",11,66,81,12,72,14,23,91,13,57,9,107,12,12,36,95,37,212,41,13,17,8,70
"ACP3",2,71,126,10,80,13,14,55,2,82,1,54,10,6,58,169,19,231,45,11,21,9,19
"LRRC32-AS1",4,12,65,11,26,38,3,106,0,35,4,164,124,19,32,18,75,31,74,106,18,126,17
"ROPN1L",4,77,93,2,99,24,23,76,0,91,0,125,10,7,49,100,29,164,68,5,23,7,32
"SUSD1",3,55,118,15,83,13,10,82,17,59,11,34,35,24,71,77,27,141,57,34,24,66,52
"TXNDC17",66,35,130,32,58,23,14,48,26,64,5,40,25,10,74,67,67,111,72,20,48,35,38
"SGPL1",1,37,149,8,106,20,2,63,12,61,3,41,18,2,104,134,25,190,77,4,13,7,30
"GOSR1",10,26,124,23,84,18,6,75,41,73,41,37,27,19,64,94,24,163,61,22,13,27,34
"SERPINB6",1,77,88,6,98,35,6,76,5,62,16,47,16,13,96,94,51,112,44,33,27,22,81
"AP1G2",3,75,129,26,87,17,11,49,29,60,11,50,9,7,58,124,24,164,59,12,19,13,68
"CSNK2A2",8,26,43,78,62,17,12,86,71,38,31,32,54,30,54,138,81,44,58,17,33,61,30
"ROCK2",5,36,94,12,78,11,11,96,25,40,12,32,20,7,92,153,18,225,34,23,23,29,28
"ACBD4",17,16,65,61,86,41,19,74,48,57,50,26,91,27,98,76,33,50,68,18,17,55,10
"CD302",0,34,132,8,126,18,12,111,1,52,0,28,16,4,75,124,25,217,55,5,26,6,28
"CHLSN",7,25,93,63,97,28,14,87,12,69,12,40,53,13,85,74,50,66,58,27,38,27,65
"CLPP",1,50,129,30,82,15,12,89,20,87,13,36,35,17,72,93,43,102,94,35,18,10,20
"ZSCAN29",0,20,103,39,84,14,13,63,83,38,140,42,14,9,94,100,30,75,52,18,17,25,30
"XYLT1",0,58,128,4,78,9,7,104,13,52,9,48,11,7,106,119,9,212,49,8,7,7,57
"SIGIRR",4,76,125,7,72,10,7,62,28,104,8,31,19,32,86,150,17,117,46,6,8,8,78
"GMFB",6,79,116,2,91,16,8,63,20,72,12,51,19,14,83,56,34,167,73,11,15,14,78
"HLA-DMB",0,61,160,8,142,9,5,64,32,57,32,41,10,6,77,127,15,162,21,1,7,9,54
"TP53",7,19,100,23,89,15,13,49,67,40,174,44,28,14,79,64,27,43,65,38,27,39,36
"CNOT11",2,61,100,6,108,16,6,87,27,49,26,51,29,2,89,151,9,132,59,10,13,16,50
"ERI3",26,22,54,56,68,32,16,40,29,81,33,40,47,35,74,97,43,57,99,38,67,22,23
"CHST7",0,13,172,8,62,3,1,248,4,34,0,45,7,16,73,78,17,233,24,3,8,1,47
"SNIP1",4,42,65,12,52,14,8,30,15,39,32,80,4,15,48,56,13,442,24,24,8,14,56
"MUS81",3,41,130,28,74,15,3,66,30,78,5,51,15,23,67,102,35,157,62,21,23,24,43
"SIGMAR1",13,25,68,40,109,29,4,97,33,61,23,40,40,36,74,67,76,74,61,31,20,42,33
"NRIP3",112,8,27,43,26,18,21,124,29,81,131,32,54,23,27,54,67,21,66,27,26,50,28
"EXOC6B",14,10,27,68,13,24,6,56,41,48,277,54,42,21,45,59,71,5,95,31,22,52,12
"TMEM198B",22,25,40,64,43,36,36,55,82,57,33,22,44,13,42,177,28,27,97,45,38,48,18
"MCFD2",1,39,77,6,80,16,13,80,19,41,52,34,28,17,109,91,54,133,36,22,43,59,41
"POLR3K",34,21,39,58,41,34,25,22,41,63,17,35,35,59,109,59,45,42,70,119,50,27,46
"DRAM1",10,38,144,8,139,20,23,78,7,61,30,47,15,7,56,89,44,153,50,17,9,20,25
"BABAM2",20,26,59,45,77,25,12,55,32,53,15,57,46,33,63,124,85,52,57,45,34,42,32
"TMLHE",30,36,73,52,67,16,20,84,14,51,18,38,45,25,83,67,59,98,56,48,36,56,17
"TTC9",0,24,261,7,59,29,0,104,4,5,11,42,12,1,17,16,10,390,39,3,26,2,27
"SLAMF7",2,99,67,13,119,14,3,45,105,52,16,10,6,19,135,87,9,122,61,12,16,30,46
"TESK2",2,17,69,44,65,13,14,89,13,42,33,102,23,17,51,92,47,180,58,23,24,20,50
"VSTM2L",85,12,12,58,4,12,12,231,3,66,8,1,58,26,108,45,105,13,135,6,14,54,20
"ZCRB1",30,32,63,64,54,19,18,32,14,107,6,42,20,27,100,104,88,70,79,27,29,22,41
"ARSG",0,39,145,42,122,15,10,90,6,45,9,60,25,10,48,136,20,131,61,7,24,4,38
"GABPB1-IT1",21,36,97,14,77,22,17,71,18,63,53,74,30,23,53,120,26,128,39,22,24,17,42
"GAS5",33,74,80,10,74,24,16,57,61,67,44,57,17,19,67,86,48,82,43,24,20,42,42
"TAFAZZIN",4,65,133,20,70,10,8,89,22,54,3,53,12,7,67,86,35,164,78,16,24,5,62
"BICRA",0,20,114,14,84,11,7,30,11,66,6,87,17,10,75,143,17,184,62,10,10,10,98
"NLRX1",6,29,199,12,120,31,6,90,3,32,0,22,5,2,72,97,35,108,102,30,22,26,37
"RALGPS2",1,51,100,9,86,14,16,86,63,45,37,52,14,13,78,76,34,176,38,23,36,8,30
"UBTD1",2,48,119,13,100,24,6,103,3,47,1,43,11,1,97,79,41,201,54,13,23,6,50
"CHAF1A",21,42,71,38,73,30,13,66,58,30,21,91,47,23,73,82,42,65,49,81,21,36,11
"LY75",1,37,140,5,57,11,4,102,17,40,4,39,6,1,36,134,24,313,41,13,22,10,27
"RAB9A",32,18,69,25,57,26,24,77,32,42,136,40,44,15,59,80,59,54,59,53,16,43,23
"ZFYVE26",15,27,105,34,65,10,12,61,45,35,67,37,30,9,92,136,25,100,48,7,27,46,50
"IGKV3-11",1,186,39,8,68,37,8,25,291,5,28,9,0,26,166,33,6,23,57,4,12,30,20
"KLC4",12,17,104,31,61,11,8,61,58,40,143,35,21,8,53,108,21,85,79,24,15,62,25
"NR4A2",2,126,67,30,71,11,9,37,9,33,11,35,7,185,13,126,16,150,39,13,4,11,76
"ANKRD40",13,30,22,68,57,12,9,33,93,38,82,43,27,44,72,88,40,52,82,27,39,88,21
"LDLRAP1",4,11,90,7,27,48,15,111,56,51,23,50,51,8,46,49,53,38,48,117,22,133,22
"RAVER1",3,42,140,7,99,18,9,101,19,59,9,48,10,15,60,115,12,177,62,8,16,15,36
"INO80E",4,42,150,12,110,13,3,109,28,54,5,67,8,13,62,131,23,149,42,4,16,8,26
"RBMXL1",1,38,83,7,85,11,12,83,6,44,20,80,19,12,68,107,10,242,55,22,11,20,40
"SSBP4",3,52,104,9,100,12,7,49,36,106,17,44,11,40,112,102,22,138,46,3,20,10,33
"MAGED2",11,49,81,9,52,40,20,131,33,59,10,48,21,22,68,67,44,87,46,46,25,58,48
"ARMC1",69,21,47,54,35,24,21,49,50,46,10,31,53,26,84,73,104,27,75,86,29,38,22
"ELK3",0,27,78,6,80,34,7,107,19,59,11,39,47,19,95,63,18,97,60,77,32,73,26
"EXOC1",10,30,142,14,110,10,14,77,17,39,37,44,15,8,84,115,16,145,47,12,22,18,47
"ARAP2",3,72,108,14,88,5,5,47,8,53,9,15,11,45,82,136,16,157,42,6,11,23,116
"ELOC",34,46,85,14,92,14,12,78,31,69,33,82,10,18,47,75,60,127,55,20,15,20,33
"LPXN",3,54,143,19,122,12,10,60,43,45,17,27,21,8,117,110,16,93,51,12,11,32,44
"UBA2",5,52,85,27,90,19,17,47,58,71,28,46,31,20,107,89,26,99,60,19,29,16,29
"FAM217B",0,37,93,6,141,12,15,89,17,54,4,45,17,7,51,105,13,198,61,11,23,12,58
"MPG",24,39,74,57,60,82,22,54,34,34,17,100,19,20,52,83,40,48,52,27,28,59,44
"P4HA1",0,61,127,7,127,23,7,90,6,51,6,50,12,4,95,69,36,192,41,11,25,14,15
"SART3",16,16,82,24,88,14,15,56,43,60,64,69,22,15,66,67,20,157,46,45,13,25,46
"SEL1L3",4,62,78,1,87,15,9,98,143,33,41,30,38,18,85,60,25,71,68,3,14,38,47
"RNF6",8,32,80,25,98,12,11,84,35,43,102,34,7,11,73,102,23,98,69,45,17,19,39
"CD226",1,41,53,6,28,46,8,125,4,37,16,61,66,28,40,87,48,23,55,99,34,127,33
"NAIP",1,23,95,14,173,38,18,49,1,27,0,9,25,2,126,106,19,220,54,19,5,21,21
"NFATC2IP",12,56,79,31,47,20,14,39,64,37,59,28,25,40,82,96,38,111,60,36,19,30,43
"SNX12",9,45,84,37,64,18,15,58,42,69,7,28,35,22,69,76,72,94,93,19,32,45,33
"CSGALNACT1",5,55,31,14,72,16,35,24,19,86,3,52,17,13,31,139,49,187,61,28,30,5,93
"AQR",1,49,138,9,88,18,19,69,39,39,15,20,13,12,88,129,14,142,58,17,14,28,45
"ORMDL1",14,66,124,23,91,9,10,82,25,39,20,30,24,14,63,106,27,154,47,15,24,13,44
"VIM-AS1",5,33,136,13,54,24,11,129,7,51,0,101,23,3,54,77,41,125,66,39,21,21,30
"C21orf91",18,22,135,15,142,19,11,102,18,39,13,20,11,3,117,76,38,84,49,19,51,13,48
"DOCK6",13,18,8,95,38,46,7,76,57,60,71,12,69,29,36,72,31,61,78,17,41,77,51
"AP3B2",0,2,673,0,4,0,0,335,0,1,0,0,0,0,4,2,0,0,2,14,0,25,0
"SPRYD7",32,46,29,84,26,30,15,45,30,51,46,49,98,32,31,45,91,21,60,82,23,62,34
"SINHCAF",14,31,79,22,70,31,12,44,46,37,50,56,19,21,87,86,43,81,63,49,36,54,30
"TOP1MT",7,29,106,14,63,17,3,80,10,63,14,22,83,12,79,167,10,56,105,42,27,40,12
"AP4S1",6,24,29,50,42,18,24,50,49,36,188,43,68,24,47,55,37,25,76,59,34,49,27
"NUBP2",6,50,120,27,65,16,4,65,42,53,20,59,41,15,72,102,22,148,61,15,19,10,28
"CDK14",2,49,110,8,123,12,21,60,28,16,9,42,7,4,56,123,27,209,77,12,23,6,35
"EP400",1,42,131,30,85,5,14,50,47,39,15,40,13,12,97,157,16,112,56,24,15,16,42
"NCS1",11,17,40,38,24,18,8,123,27,91,47,34,55,19,92,96,40,20,181,20,17,23,18
"YTHDC2",17,36,60,12,59,11,18,54,55,50,123,27,39,28,70,66,41,78,69,32,24,39,51
"ZNF211",3,16,70,20,95,11,3,45,66,57,107,29,31,41,60,55,26,110,65,56,21,25,47
"DHX36",6,51,66,15,63,20,16,49,45,66,75,52,20,21,51,81,34,119,53,32,16,24,83
"HMCES",2,54,77,26,94,20,5,68,25,62,32,79,16,16,54,62,13,211,43,18,14,34,33
"TUT4",1,88,148,4,99,9,5,67,15,37,9,44,13,15,89,115,6,107,70,14,22,14,67
"UCK1",19,38,117,30,93,21,4,69,30,47,16,70,15,12,63,76,45,155,38,12,19,31,38
"VPS36",9,40,105,20,73,19,37,54,41,60,17,30,10,8,114,124,21,71,78,34,41,25,27
"KLF9",11,45,71,12,24,35,15,27,66,40,188,62,29,22,44,36,35,29,73,87,11,71,24
"TUBA1C",15,16,51,9,59,47,7,98,35,53,58,40,46,14,72,85,36,85,44,88,16,57,26
"KCTD10",1,43,98,10,75,24,7,66,14,45,6,45,20,60,78,84,16,190,43,40,15,30,46
"UBE2V2",26,25,70,26,65,23,5,62,44,49,52,57,36,16,74,57,60,97,83,28,24,38,39
"VSIG2",8,12,51,10,29,46,12,136,8,37,14,94,82,10,34,43,65,43,63,103,26,113,17
"YLPM1",1,27,102,19,87,7,7,66,32,58,15,43,11,25,62,186,19,149,61,16,14,21,28
"ANKIB1",4,44,98,21,104,23,13,56,47,56,30,28,12,19,83,102,35,105,51,24,30,29,40
"CZIB",13,24,76,60,56,35,13,60,37,94,14,36,22,24,62,68,53,84,62,53,32,54,22
"DNAJC21",14,43,101,20,52,36,20,84,39,64,15,69,20,25,64,33,25,124,93,34,33,24,22
"ENO2",4,3,34,15,25,8,29,20,5,11,5,6,27,9,45,9,514,12,119,101,14,33,6
"HSPA7",3,40,152,15,65,12,9,88,7,49,3,52,8,6,39,50,3,151,41,21,13,7,220
"FBXO8",31,12,37,32,56,32,19,79,44,37,132,62,43,14,45,85,25,56,68,32,18,65,29
"H2BC11",32,18,54,10,33,28,23,177,15,16,22,90,51,20,36,31,47,23,31,126,11,143,16
"SPRING1",6,31,124,35,122,23,1,66,37,66,22,32,31,22,64,60,50,95,55,22,39,26,24
"ALOX15",1,66,68,62,110,28,6,17,2,49,2,124,7,0,179,81,15,129,40,0,55,3,8
"POP4",42,31,61,33,79,16,7,71,38,75,39,22,28,25,78,86,48,94,52,10,30,42,45
"APEX1",2,28,99,15,90,19,6,43,83,59,39,41,25,29,105,82,39,65,58,48,25,18,33
"CENPB",3,51,119,2,99,12,8,53,33,101,19,27,12,17,93,111,19,127,62,16,16,9,42
"PNPT1",35,19,41,12,50,8,15,60,22,23,78,36,4,19,123,140,15,83,13,25,65,33,132
"CCDC159",11,67,108,22,66,8,26,56,10,42,10,80,17,30,69,108,25,155,54,9,18,15,44
"EHD4",0,36,97,7,83,7,3,51,11,204,9,55,6,23,69,70,15,201,28,8,13,3,50
"BATF2",2,9,44,6,123,4,16,124,0,16,2,53,3,4,91,99,17,218,8,14,72,33,90
"DPY19L3",2,71,136,20,109,10,18,68,19,60,6,27,6,7,32,119,10,137,50,13,19,21,88
"NAB1",2,29,120,8,100,11,14,85,7,31,3,43,8,3,100,97,18,190,46,5,35,17,76
"ASPSCR1",40,25,53,60,33,35,21,27,43,63,50,28,21,25,90,60,76,65,56,54,46,41,35
"UXS1",4,25,67,68,38,38,8,93,32,49,21,50,56,14,44,54,46,73,38,81,35,88,25
"BTD",18,12,74,19,72,20,10,73,30,41,97,39,36,19,46,99,30,140,52,18,34,42,25
"CC2D1B",1,33,144,10,94,8,16,85,10,47,4,65,8,14,53,131,14,162,38,12,19,15,63
"SNRPD3",10,26,80,46,71,17,5,34,29,61,46,62,40,33,68,65,49,98,73,61,22,16,34
"SNAPC2",18,30,56,25,95,19,20,39,32,82,31,52,19,15,73,86,40,97,73,83,31,10,19
"VAT1",4,47,75,8,37,13,12,52,18,41,6,35,13,20,99,126,93,101,81,99,13,15,37
"XRCC1",1,25,98,33,89,17,6,60,8,58,18,66,37,16,88,109,33,117,66,20,29,24,27
"PLEKHJ1",6,26,104,32,89,19,5,94,32,58,16,57,15,5,69,99,25,130,46,23,15,40,39
"VPS72",21,23,114,33,91,21,14,102,16,39,15,21,15,8,88,96,47,115,59,23,34,23,24
"ATP13A3",3,33,86,11,105,5,9,40,27,37,16,31,13,17,116,82,11,196,46,22,13,15,107
"COX5A",17,38,113,11,86,18,11,57,42,78,23,38,19,10,80,78,36,132,40,22,24,16,52
"CYP1B1",0,41,147,1,181,15,5,90,9,47,1,11,29,0,141,122,29,86,65,6,3,0,12
"PGPEP1",2,71,90,3,57,4,10,67,6,63,8,38,12,11,63,62,35,248,64,6,9,6,106
"SLC16A6",3,27,112,10,89,6,7,62,4,99,0,78,5,17,26,79,11,236,15,1,6,6,141
"SPINT2",7,28,112,17,51,27,5,111,9,35,4,66,37,32,75,51,39,149,70,37,26,31,21
"BCOR",4,20,119,12,78,8,10,77,39,31,37,38,15,25,116,118,25,127,50,13,17,22,38
"TRIM39",8,42,65,55,71,12,10,86,6,52,18,62,13,16,56,80,28,164,67,22,27,15,64
"VCPKMT",2,83,127,22,75,11,6,57,12,61,1,52,2,8,61,93,20,148,80,5,13,6,94
"SGTB",6,35,109,11,97,16,15,124,22,32,18,32,14,2,89,87,27,194,29,9,21,16,33
"SREK1",4,92,92,10,57,7,12,50,25,52,33,39,15,28,50,118,18,131,36,30,10,17,112
"MAP4",1,32,111,20,60,9,10,42,59,75,14,31,18,25,111,128,23,118,40,19,20,27,44
"ACSL3",1,52,106,16,124,8,4,65,27,43,1,19,18,17,88,110,20,132,77,9,40,16,42
"ATRAID",22,18,63,42,70,14,13,69,31,78,8,39,33,29,48,97,90,99,60,24,33,33,22
"CFAP161",19,13,15,14,4,42,14,27,42,7,452,14,33,21,32,13,40,6,46,45,27,106,3
"CTSG",2,39,10,0,11,24,10,102,112,15,3,47,9,5,32,127,196,23,64,132,7,34,31
"SETDB1",4,51,98,13,79,9,10,75,12,47,14,28,14,12,63,132,37,134,56,25,31,18,73
"TOR2A",2,59,95,22,100,22,8,80,17,63,8,80,13,8,52,100,23,203,30,8,11,5,26
"KBTBD7",0,25,187,10,80,29,10,118,3,23,10,29,23,2,122,55,16,84,103,15,43,28,19
"COMMD9",12,44,106,23,93,23,8,56,26,62,10,21,34,22,73,85,44,117,82,15,38,14,25
"CPNE5",1,18,31,13,36,45,6,135,129,30,56,78,68,16,34,34,35,16,47,93,12,67,33
"CWF19L2",19,25,55,23,49,28,9,38,51,27,258,24,18,19,69,82,34,44,40,38,20,46,17
"FKRP",6,16,85,78,57,33,10,69,38,47,26,34,10,23,75,81,44,101,88,45,18,15,34
"ING2",11,85,41,22,60,20,32,54,16,32,13,103,37,6,42,51,35,113,42,131,22,19,45
"PREB",4,29,126,3,82,19,14,54,46,53,14,39,15,7,96,96,30,146,64,17,26,7,45
"RNF2",10,25,95,29,71,22,9,58,30,43,55,31,75,28,73,68,46,100,57,15,33,31,28
"TAF2",5,25,67,20,53,23,4,78,56,48,93,41,30,16,70,89,36,78,69,41,13,27,49
"DPY30",28,36,89,24,51,22,11,95,42,67,35,40,28,14,61,85,45,107,60,18,25,22,25
"INTS6L",15,54,100,38,72,26,11,59,23,56,18,28,29,20,67,88,28,92,51,47,27,41,40
"AGRN",4,8,16,2,40,2,11,99,10,24,12,109,13,31,57,120,1,140,12,15,50,21,232
"EPM2AIP1",9,48,99,16,66,8,15,49,18,56,35,79,14,24,44,74,16,180,47,32,20,14,66
"GNPAT",9,29,106,22,90,26,7,81,43,50,28,28,20,9,95,92,35,114,62,22,15,26,20
"VPS11-DT",20,9,20,76,31,4,21,26,164,10,148,39,54,18,30,35,11,14,63,19,15,191,11
"KIF26A",50,9,85,50,54,13,22,65,143,29,133,18,45,8,22,75,25,7,80,27,17,46,5
"PEPD",11,35,100,47,62,15,28,31,39,57,27,18,40,44,106,64,31,82,75,49,30,17,20
"RAB40C",3,43,145,12,88,10,8,62,14,48,4,69,23,2,60,93,33,172,69,14,15,7,34
"BCAS2",19,65,85,28,69,23,11,51,34,60,52,57,28,17,55,95,28,115,34,17,22,29,33
"IRF9",19,31,78,18,52,7,7,72,19,26,30,88,4,18,43,100,2,225,31,10,15,21,111
"PRKAR2A",0,45,94,6,95,4,5,63,18,52,3,40,11,15,120,93,34,214,52,11,10,7,35
"ILKAP",58,57,60,23,55,19,8,45,36,40,25,34,42,40,59,76,43,114,43,28,27,64,30
"SEC23A",0,39,116,5,88,15,14,89,18,47,5,42,22,17,86,99,25,161,46,14,26,17,35
"TMEM170A",4,49,89,17,69,13,9,83,28,51,36,42,24,15,54,64,18,199,60,19,27,5,51
"WASH7P",8,15,44,39,66,52,16,30,15,50,10,76,51,19,79,100,19,62,133,34,52,35,20
"ZBTB2",0,42,95,3,103,15,7,57,25,70,4,78,11,10,57,91,11,225,43,13,13,19,33
"PDE4D",3,163,28,9,33,21,3,80,13,51,39,37,17,101,14,77,22,104,43,32,14,22,98
"PGP",0,60,121,16,96,7,4,47,18,80,8,55,5,13,51,79,33,172,57,19,15,6,61
"VSTM1",5,14,134,28,172,19,20,53,6,43,2,54,10,2,98,87,60,100,43,24,26,2,21
"KANSL1L",8,21,57,9,37,7,21,86,40,15,208,54,31,15,47,63,22,96,43,43,16,44,39
"MAPK8",13,53,85,19,60,20,19,66,26,44,29,38,36,7,62,97,22,130,63,17,29,33,53
"RRAGC",10,28,67,12,81,15,6,109,39,32,52,25,23,17,79,100,32,89,81,38,31,23,32
"ACOT8",27,23,63,37,44,37,18,54,29,77,21,83,48,18,46,72,39,95,60,25,17,54,33
"AGO3",1,47,97,13,106,9,10,77,11,18,6,44,11,16,53,168,19,149,53,14,28,12,58
"REEP3",8,43,95,20,84,19,13,83,15,45,11,48,14,13,77,76,19,198,56,23,10,25,25
"RTL8C",8,10,70,74,71,21,9,43,15,79,17,28,31,31,91,79,48,111,78,43,21,25,17
"CD86",0,30,223,2,113,13,3,36,27,90,10,23,9,6,125,113,11,99,46,7,5,13,15
"MGLL",7,14,71,33,18,37,5,119,13,37,19,61,80,15,37,57,57,40,60,63,24,128,24
"CTDSPL2",1,43,108,7,101,5,10,52,18,57,11,53,11,9,89,88,14,197,46,8,15,10,65
"KLHDC4",17,44,71,71,32,25,7,29,59,57,17,27,23,42,79,87,48,45,110,28,42,20,38
"PWWP2A",10,38,151,13,129,11,16,102,12,49,11,35,26,5,42,75,16,132,45,13,24,13,50
"GDAP2",11,42,105,16,104,10,9,78,8,48,9,38,16,9,51,102,29,173,55,26,16,9,53
"ENKD1",16,21,77,62,76,31,9,94,18,53,8,65,29,22,55,122,32,97,48,28,18,13,22
"GMPS",12,31,89,30,50,16,12,54,34,66,41,40,44,32,63,92,55,62,66,35,6,57,29
"AHCY",7,31,79,51,78,37,11,70,40,59,29,10,23,23,60,80,47,68,68,76,26,12,30
"NUDT3",7,40,117,14,127,17,5,84,12,45,11,39,12,7,75,85,33,158,54,15,26,11,21
"RINL",10,30,133,42,83,22,12,86,14,49,1,22,18,24,83,82,9,94,91,19,22,26,43
"ABLIM3",0,13,26,8,31,61,2,177,7,36,7,45,67,11,34,22,72,36,77,103,25,125,29
"PGGT1B",6,56,153,9,93,19,7,77,10,43,9,45,18,8,76,101,20,156,39,8,19,3,39
"POLR2G",2,30,120,14,87,23,11,66,16,69,10,44,19,17,75,81,39,141,44,19,25,16,46
"IL18R1",0,85,106,8,146,11,16,99,5,16,0,34,7,13,41,88,11,95,69,6,60,31,66
"AAK1",4,70,74,22,46,9,12,51,18,27,72,30,24,21,65,116,21,127,68,20,13,23,78
"CDK2AP1",1,56,74,11,86,44,2,91,18,46,1,60,36,6,60,44,53,120,47,34,23,80,17
"SMURF1",0,41,102,7,56,7,6,46,9,34,1,77,5,9,24,73,6,360,36,3,12,7,89
"OR51AB1P",15,25,42,71,29,26,24,67,41,29,45,52,59,31,39,52,69,33,45,80,62,49,24
"SRGAP2B",7,7,53,31,58,11,11,56,28,23,257,46,43,15,45,52,15,76,54,12,21,57,31
"STT3A",0,52,103,11,103,11,8,58,98,42,19,25,22,8,75,108,22,108,53,18,15,17,33
"YPEL3-DT",1,27,122,12,176,8,9,93,1,40,0,74,7,0,79,174,21,72,42,10,15,7,19
"GMPPA",17,31,88,30,69,37,17,66,52,41,14,39,51,39,67,58,37,66,52,44,24,43,26
"ZNF706",6,45,112,13,86,13,7,68,53,64,30,35,24,12,81,107,14,91,40,27,12,15,53
"ABRACL",8,43,93,7,83,12,10,95,16,77,8,35,14,7,120,110,28,119,33,21,18,21,28
"ADPRS",11,24,108,19,103,16,12,75,7,36,23,56,28,13,70,116,23,127,53,11,27,16,32
"ZNF644",13,43,53,28,31,20,14,56,68,37,87,21,35,16,67,68,29,111,62,28,24,58,37
"FBXO3",25,60,88,20,56,12,13,56,27,42,63,39,13,11,60,101,25,136,38,23,11,21,65
"RIPK3",7,28,152,8,90,13,5,73,10,43,4,53,8,6,45,104,11,190,47,9,33,18,47
"SEPSECS-AS1",21,17,46,81,32,16,7,53,81,23,40,20,20,21,66,12,106,46,60,92,35,59,50
"SFXN5",10,68,146,6,96,12,9,64,21,50,6,24,6,9,69,85,30,138,59,15,32,15,34
"ABRAXAS2",6,24,72,27,44,10,10,64,25,40,71,28,55,21,66,64,41,153,64,37,23,28,30
"ETFB",21,14,63,85,33,20,11,124,37,52,40,46,43,18,47,30,103,40,56,28,29,41,22
"METTL26",10,8,61,46,39,17,12,50,49,83,39,28,22,34,64,83,63,55,74,57,35,34,40
"NMD3",28,33,88,22,60,23,14,58,35,64,67,35,23,17,62,93,47,103,43,14,21,32,21
"RAE1",10,42,119,13,70,12,5,91,32,67,38,37,12,16,59,87,21,120,57,16,20,19,37
"SRBD1",4,41,116,14,89,13,19,93,19,40,4,45,11,16,49,63,17,195,24,11,35,30,52
"THUMPD3-AS1",12,42,103,53,83,8,12,54,31,60,23,38,23,26,27,104,26,138,53,13,19,23,28
"NFX1",5,23,131,21,78,18,5,63,28,37,34,34,15,16,70,99,11,123,55,32,22,18,60
"RABIF",11,30,112,15,75,26,6,103,25,40,10,38,24,18,43,104,25,145,49,29,19,19,32
"TWF1",5,82,71,9,60,5,12,73,15,53,34,44,24,13,55,65,35,195,45,19,16,14,54
"ASCC3",14,21,43,22,38,22,17,72,55,47,163,19,28,31,76,61,43,48,48,34,19,59,17
"FAM219A",1,31,124,11,85,10,6,86,17,47,6,38,4,7,58,114,19,196,78,6,11,6,36
"GIMAP8",0,7,171,12,135,13,5,69,16,8,11,15,22,1,201,132,14,36,43,4,50,9,23
"BORCS8",10,42,189,33,59,12,5,68,12,40,20,57,7,11,52,86,23,88,78,9,20,15,60
"BPNT2",7,57,97,12,86,18,11,48,51,37,38,14,19,20,83,72,20,119,63,28,23,22,51
"TVP23B",4,32,83,28,50,15,4,82,24,34,59,41,40,13,85,85,20,123,64,22,31,39,18
"TRIP4",3,32,109,18,86,12,7,89,24,35,26,50,11,9,59,100,27,169,59,13,11,22,23
"DNAH1",3,69,157,22,116,6,6,55,15,30,7,32,11,17,52,152,5,90,61,6,23,11,47
"MRPL49",15,17,89,16,94,20,8,58,25,56,44,83,21,13,49,78,24,133,47,24,18,28,33
"CNIH4",58,47,107,13,52,14,23,58,17,46,41,35,17,8,66,74,44,113,62,18,31,24,24
"RTN1",2,15,189,12,87,12,4,31,5,55,2,152,13,6,89,147,36,69,33,12,5,7,9
"TRRAP",3,41,129,9,75,13,14,33,35,26,10,22,10,12,81,176,6,117,67,19,20,12,61
"ZNF429",20,5,81,9,4,26,24,92,18,95,10,41,53,7,104,64,24,116,67,41,24,45,21
"CARINH",5,47,64,13,41,5,7,64,17,57,13,76,7,8,61,132,4,164,20,6,16,27,136
"NSRP1",4,27,68,46,45,20,6,81,43,40,30,48,36,22,72,68,40,124,43,29,17,49,32
"SIKE1",10,53,118,23,69,24,11,58,38,28,25,43,14,20,57,76,36,134,38,12,19,28,55
"CAPN1-AS1",13,5,74,57,20,30,9,103,27,23,15,78,44,25,28,57,43,49,41,122,8,110,7
"DOCK10",1,48,132,5,92,11,6,32,56,37,24,25,16,28,95,90,16,144,53,21,10,13,33
"VMA22",2,40,96,25,110,27,4,82,21,43,14,67,13,8,56,66,20,169,33,12,36,19,25
"ERLIN1",1,39,118,1,70,2,6,43,5,39,6,53,21,3,72,72,43,203,103,25,27,8,27
"ADAM9",4,47,118,4,70,22,9,90,2,37,2,25,27,5,71,59,25,195,52,25,12,24,61
"MPC1",10,39,90,13,50,15,7,53,13,100,9,85,18,8,48,99,24,174,41,6,14,9,61
"PRPF19",2,40,96,10,92,17,12,62,59,46,43,31,13,21,84,75,26,83,61,31,20,19,42
"SAV1",27,15,44,73,37,37,12,80,33,28,98,36,34,21,48,87,34,31,54,45,28,62,21
"ZC3H7B",6,42,94,23,53,15,4,54,98,56,34,19,23,34,89,85,21,54,65,18,27,29,41
"ZNF526",12,18,74,42,58,27,35,75,30,33,33,52,46,15,51,92,39,37,67,80,25,33,10
"PLD4",0,57,86,18,134,11,4,37,29,47,15,115,18,11,89,84,3,94,50,1,28,23,29
"SGSM2",1,68,159,11,90,7,5,36,19,55,6,62,4,14,45,83,22,159,56,14,10,6,51
"BBS7",27,20,24,69,26,32,22,60,16,52,29,22,56,26,55,61,126,23,46,63,44,48,35
"FN3K",26,1,73,93,8,15,24,64,61,53,8,31,81,66,19,67,89,33,15,53,46,15,41
"HNRNPAB",7,37,117,23,62,11,7,53,70,58,32,23,7,18,85,68,33,116,38,42,15,28,32
"PSMB8-AS1",13,24,131,15,103,4,12,88,8,49,2,59,1,5,66,101,13,158,36,5,22,20,47
"CDIP1",1,30,113,7,67,33,7,59,16,60,17,60,34,13,48,78,34,136,50,33,10,30,45
"LINC02908",0,27,197,6,113,9,14,67,2,44,5,51,6,6,39,104,28,121,89,10,7,0,35
"UBR5-DT",10,41,101,17,66,16,11,100,18,42,39,62,14,1,44,150,10,121,39,13,2,21,42
"PARP1",2,50,88,11,56,14,12,37,154,34,42,26,4,28,90,104,20,67,44,30,17,25,24
"ST6GALNAC2",2,33,104,11,80,20,10,175,1,35,0,43,1,1,82,131,18,94,76,7,10,15,30
"TMEM184C",6,16,118,11,109,12,8,80,37,29,76,26,24,7,69,106,20,93,42,14,20,22,34
"CEP44",21,24,58,31,27,21,9,39,67,36,210,26,25,21,51,50,37,37,56,45,19,47,21
"TCF12",6,25,51,43,55,18,11,63,59,46,32,25,40,13,81,111,43,56,84,39,30,33,14
"C12orf75",4,61,41,3,26,44,7,73,22,66,12,67,40,10,55,32,36,29,29,126,18,156,20
"COG3",2,40,78,10,98,6,9,69,33,54,72,45,10,24,49,78,25,134,57,7,21,8,48
"ISOC2",34,16,50,39,48,24,35,30,19,15,12,16,29,43,102,71,55,21,120,84,50,31,33
"WDR74",25,37,49,28,31,32,16,73,31,58,55,57,49,21,41,72,28,49,42,21,32,96,34
"SLC37A2",0,21,212,2,138,13,5,64,6,61,5,22,17,1,92,124,19,90,48,4,17,11,4
"ANKS1A",7,27,109,21,96,15,8,89,14,38,36,38,22,14,54,90,12,157,26,12,26,27,37
"AP3S2",13,35,53,33,51,23,2,78,26,73,61,45,33,16,54,71,47,57,81,19,41,25,38
"GRAMD4",3,28,157,14,94,13,7,53,34,37,7,30,9,18,70,106,15,147,49,17,10,14,43
"SLC35A5",10,23,114,12,107,12,21,105,22,20,26,23,8,2,82,103,37,93,58,22,20,23,32
"AQP3",18,23,36,12,27,28,20,62,135,68,198,43,32,10,50,53,30,22,27,28,15,22,14
"DBT",14,19,45,34,43,35,4,73,56,57,56,34,49,23,78,93,34,40,86,24,14,46,16
"UBBP1",44,13,27,64,41,29,23,59,57,93,109,31,56,17,36,29,74,21,23,37,27,38,25
"NNT",8,24,83,13,77,14,9,67,54,41,17,26,34,20,90,117,23,61,64,48,18,28,36
"MZB1",0,119,57,3,55,12,6,7,366,17,30,21,0,7,83,27,9,24,35,2,14,24,53
"THAP9-AS1",2,113,44,9,60,8,7,40,6,46,26,79,3,20,9,146,7,232,37,11,1,6,59
"FAM98C",4,37,97,24,67,9,11,66,14,58,7,57,16,15,73,91,24,184,52,6,17,8,33
"MS4A1",2,71,35,14,101,4,38,21,292,37,129,4,2,37,64,17,11,17,19,3,8,12,32
"WDR55",3,37,113,15,71,6,12,78,15,65,17,57,15,9,58,97,19,129,44,17,24,10,59
"GOLGA1",7,37,93,44,83,12,11,98,21,27,28,31,18,8,50,112,23,122,64,14,14,26,26
"LARP7",5,37,71,16,79,18,7,55,27,53,27,72,17,10,44,88,26,139,58,24,27,36,33
"CSRNP2",5,20,83,33,70,19,15,78,40,35,23,35,34,11,91,83,25,86,77,42,22,32,9
"DDX56",21,31,115,29,58,25,6,50,28,60,33,32,30,23,52,117,25,77,43,34,17,19,43
"RPL12P4",13,30,76,45,44,24,3,92,19,66,13,67,49,23,44,43,47,20,45,45,35,98,27
"TNFRSF12A",1,45,51,3,25,1,6,33,2,175,2,138,4,21,31,33,9,305,19,2,2,3,57
"CDC42BPB",10,4,69,46,60,32,4,79,29,25,37,26,46,29,61,90,18,26,94,41,45,80,16
"DNAJC7",7,38,86,16,91,10,4,61,46,30,72,32,15,8,64,104,27,111,42,22,17,17,47
"SLC30A9",19,29,53,43,75,23,11,66,51,41,37,50,17,26,57,74,52,70,62,36,20,30,25
"GTF2IRD2B",13,17,73,51,35,45,17,81,37,51,33,38,59,32,48,56,47,55,55,14,42,43,24
"ZCCHC7",7,28,91,23,90,19,13,66,17,37,39,63,28,10,54,88,29,127,53,22,20,27,15
"ACBD3",2,49,106,7,84,10,5,67,18,36,17,39,9,14,78,87,21,195,42,17,10,16,36
"ANXA4",1,32,67,13,117,18,6,79,35,41,12,14,13,10,86,108,42,147,36,15,34,15,23
"DAAM1",18,17,42,19,48,18,11,59,26,38,65,50,52,21,62,72,34,29,88,68,10,92,25
"TMBIM4",7,43,73,15,132,8,7,90,6,61,6,90,22,7,32,118,6,114,43,7,22,16,38
"ZBTB8OS",15,27,63,43,71,19,5,75,20,62,19,47,21,36,47,78,34,80,82,26,36,36,21
"ZNF518A",6,58,94,12,89,7,8,56,16,15,7,32,16,9,63,145,8,196,52,9,13,13,39
"ABCB8",30,30,41,40,28,20,18,18,60,32,48,9,25,36,92,53,28,37,66,128,32,53,38
"LMOD1",3,88,128,23,101,62,14,13,15,82,53,30,73,29,40,99,12,49,24,11,0,9,4
"SMUG1",29,17,73,49,59,17,16,63,24,62,29,31,27,38,86,66,52,68,77,16,22,30,11
"CCDC82",13,45,120,13,80,9,8,73,16,31,3,47,12,20,62,121,14,121,40,9,12,24,68
"LRSAM1",4,38,138,22,78,7,11,71,23,37,7,43,13,11,40,125,21,121,57,15,15,31,33
"PRDM4",5,28,62,24,64,10,8,65,42,51,69,35,25,18,76,127,15,87,56,16,13,24,41
"PRR5L",1,34,48,6,44,8,5,70,2,48,1,60,8,16,110,93,5,306,27,2,13,9,45
"GNG7",1,48,42,9,98,2,18,30,43,15,12,12,3,6,82,69,6,307,62,4,10,6,75
"LYRM9",64,25,29,62,33,18,26,49,14,121,19,40,42,17,57,47,42,29,50,40,62,43,31
"INTS6-AS1",7,9,46,71,14,27,9,41,93,51,175,26,38,20,50,39,61,27,60,26,21,30,18
"CAPN15",1,74,94,17,70,14,11,31,49,73,15,25,14,42,83,117,17,48,50,7,16,23,67
"NSUN5",1,30,140,10,101,18,6,101,13,22,4,29,7,8,61,107,62,81,57,22,32,14,32
"RAB29",1,53,132,14,82,12,5,40,34,42,15,37,12,27,109,97,19,73,63,10,27,15,38
"UQCRQ",57,40,47,47,67,10,10,48,26,84,23,44,40,42,61,31,57,47,62,20,36,34,24
"PPM1K",7,32,38,26,39,21,14,58,44,30,91,26,23,18,95,82,38,65,45,27,59,39,39
"EMC10",6,27,127,8,104,15,3,45,37,79,5,31,11,28,63,100,23,125,54,8,5,9,42
"PRKX",0,39,163,17,83,22,4,38,20,70,15,23,6,34,84,69,17,126,32,9,1,20,63
"RPL41P5",28,58,39,40,41,37,13,66,51,25,47,72,52,7,36,90,50,14,42,49,27,55,16
"NFATC1",1,26,140,36,107,13,14,40,16,39,9,40,13,18,86,63,20,140,35,13,5,40,40
"NKX3-1",6,2,11,20,38,26,1,39,90,51,113,23,7,15,50,259,24,74,26,6,22,34,17
"SDHAF2",31,10,61,52,57,29,11,43,29,79,43,39,43,17,57,53,53,80,65,7,32,32,31
"TATDN2",4,31,76,11,75,13,8,55,54,68,9,52,12,13,50,69,20,147,78,28,26,21,34
"TMEM121B",0,46,141,9,100,0,5,81,0,37,0,47,4,0,157,55,12,78,102,3,22,0,55
"CREB3",0,42,85,4,68,5,6,53,17,93,6,108,3,9,48,78,14,180,31,8,15,10,70
"NDUFB9",61,19,57,33,66,6,18,68,26,68,36,32,26,25,59,75,44,91,59,17,11,17,39
"LARS1",3,31,87,37,77,22,12,68,37,51,18,36,28,27,84,70,33,40,63,30,24,40,34
"LINC01127",4,16,172,14,111,11,5,80,2,20,0,30,6,1,32,195,18,171,37,0,5,6,16
"MYO19",32,24,60,43,28,25,32,44,43,64,74,44,28,24,21,52,53,31,37,34,31,72,56
"SRSF1",4,41,107,9,85,8,7,62,7,61,7,46,16,12,97,83,24,152,34,21,12,9,48
"ZFAS1",18,49,129,27,63,11,7,66,11,35,31,79,5,5,42,69,25,101,93,9,9,5,63
"ILRUN-AS1",83,34,35,56,36,27,22,39,61,72,19,46,42,39,28,40,51,22,30,16,34,91,28
"LYSMD4",12,26,48,4,69,54,4,11,11,32,66,40,69,14,117,31,70,13,125,12,57,43,23
"NDUFAF8",12,20,53,35,61,15,6,61,42,53,56,23,28,27,50,84,84,54,63,13,57,34,20
"TTN",0,56,106,16,64,11,11,52,10,20,5,30,16,15,24,96,5,81,59,14,9,10,241
"ABLIM1",3,50,53,3,46,31,13,90,81,28,30,21,35,34,48,39,26,28,29,69,34,56,103
"CD274",5,5,48,25,79,3,12,74,6,20,4,33,2,13,150,47,10,243,11,9,42,55,54
"IGLV1-44",1,106,143,1,35,9,5,0,286,11,28,10,0,21,121,35,9,14,26,0,8,26,55
"SLC2A1-DT",17,8,53,97,42,11,8,67,40,105,78,9,44,29,31,62,32,30,105,6,39,23,14
"C11orf54",4,35,82,22,76,10,11,107,34,46,70,56,22,1,65,70,24,69,52,9,23,34,27
"FAF1",12,22,51,29,39,40,18,52,22,62,15,49,46,27,67,86,63,80,57,33,25,28,26
"POMC",26,7,16,33,86,30,41,45,91,131,30,10,30,29,25,60,26,40,54,4,61,65,9
"RPL6P27",2,46,48,70,44,25,8,75,45,43,66,38,21,39,37,64,45,27,29,44,33,65,35
"FAM131B-AS2",2,30,129,16,85,13,6,92,2,77,0,58,4,8,50,75,37,128,49,18,15,7,47
"FTH1P8",7,53,23,43,28,21,19,123,37,40,24,38,26,18,46,48,90,39,37,74,19,60,35
"GCNA",26,29,37,48,60,27,42,29,37,18,55,31,20,26,60,81,32,19,50,116,42,39,24
"LINC02422",16,35,76,58,40,16,24,81,29,63,13,53,38,20,59,68,38,70,35,12,40,27,37
"PMPCA",14,42,85,4,58,14,7,47,25,56,33,46,13,14,71,110,15,169,53,15,8,11,38
"GTF2H5",30,25,35,65,38,12,12,47,43,52,12,45,32,32,78,68,85,43,96,27,24,34,12
"SNRNP35",6,38,68,27,64,20,9,76,30,44,83,19,26,14,74,88,24,74,37,30,15,49,32
"ALYREF",0,63,50,6,77,11,1,41,35,104,10,43,5,17,50,107,22,180,50,9,11,11,43
"TSPAN13",31,35,134,8,52,23,10,66,23,52,26,50,64,3,36,51,33,112,49,29,10,20,29
"ATOX1",19,28,53,35,56,31,18,49,35,73,25,34,14,36,53,75,37,100,46,35,31,24,38
"DVL2",7,32,85,13,84,13,14,72,29,28,31,66,15,16,51,108,36,123,53,20,6,10,33
"ALDH6A1",7,40,30,22,21,51,11,24,18,77,53,71,122,13,48,52,35,28,119,12,36,51,3
"BTG2-DT",13,12,36,126,42,17,5,68,82,96,110,16,28,18,22,52,39,18,39,45,11,25,24
"DPYSL2",4,29,151,2,102,6,5,32,22,36,5,20,24,5,115,126,22,92,71,36,11,9,19
"PRR12",0,32,132,15,83,17,3,62,22,33,11,28,15,19,78,122,26,92,68,21,28,8,28
"ARMT1",6,14,137,11,148,5,9,93,18,27,2,54,17,3,74,84,21,82,33,5,37,20,42
"MARCHF1",0,32,200,10,126,10,11,38,29,25,7,14,17,5,140,52,17,97,50,9,16,17,20
"ZNF627",66,19,38,31,32,36,12,42,40,58,105,41,32,17,39,57,44,69,67,31,14,34,18
"KCNN4",28,7,84,71,48,13,17,65,67,63,70,25,28,14,45,71,30,51,50,34,17,27,16
"LRRC8D",2,30,105,21,116,29,18,76,22,40,12,27,19,11,65,85,24,93,36,25,29,39,17
"NHLRC4",20,13,56,38,42,24,21,77,66,60,69,37,35,14,37,44,56,24,90,48,14,45,11
"PABPC1L",0,82,102,24,72,6,22,55,14,56,7,59,2,8,36,128,16,121,43,3,5,6,73
"PHTF1",6,54,74,17,51,9,5,48,9,42,8,42,10,14,63,89,15,211,53,24,16,19,61
"RAB24",2,23,122,22,90,4,8,75,10,61,10,84,10,10,41,86,14,138,34,6,18,9,63
"SNAI3",2,33,114,8,77,3,7,74,8,84,1,48,9,12,42,82,20,206,40,3,12,4,50
"FBL",8,49,69,7,63,22,7,52,57,50,31,51,12,25,92,88,38,71,37,33,16,23,37
"LRRC37B",16,37,82,27,51,12,8,67,38,33,29,79,34,16,50,84,29,92,44,21,19,26,44
"NAA15",7,29,35,27,61,17,12,32,42,45,175,20,48,14,62,70,33,58,54,33,12,38,14
"PPP1R8",2,22,88,8,90,9,12,80,37,50,41,36,24,23,70,96,30,96,39,17,22,15,31
"APH1B",2,34,169,3,54,17,8,99,4,33,4,28,22,1,50,84,10,173,43,8,19,14,58
"IARS2",2,52,96,10,75,18,12,69,33,62,14,21,24,9,97,79,8,114,45,37,25,13,22
"SLC4A1AP",6,44,95,23,81,12,14,87,12,32,10,45,17,9,61,86,35,102,58,22,24,15,47
"WASHC5",5,25,124,10,122,11,7,53,18,47,28,26,13,10,88,104,14,116,28,17,22,15,34
"INPP5B",7,31,117,31,47,14,8,76,20,44,10,35,20,21,62,77,22,124,67,26,21,25,31
"GPR162",0,34,40,9,80,3,4,71,0,25,1,43,21,1,117,142,12,261,46,1,6,2,16
"NDUFS8",21,34,31,40,49,9,14,39,47,47,21,36,15,23,81,74,65,54,71,38,52,41,33
"DMAC2",16,33,66,33,70,20,19,70,36,50,32,14,27,23,78,88,25,44,61,28,42,28,31
"ERICH1",2,64,114,7,139,5,10,55,4,45,4,39,4,3,57,92,31,121,47,14,12,34,31
"INTS4",5,38,99,28,64,11,4,48,41,40,27,58,17,9,46,87,32,95,54,29,20,37,45
"MRPL21",16,25,51,42,51,20,12,32,29,68,51,22,60,39,71,68,27,53,64,20,23,40,50
"SNRPB2",19,40,68,17,64,19,7,72,31,60,30,39,8,16,102,100,49,77,41,23,20,13,19
"TGFB1I1",7,4,42,42,25,30,18,91,18,29,10,25,63,18,71,48,93,16,104,71,25,64,20
"CCDC85B",3,45,66,5,60,24,7,91,25,79,13,55,7,19,62,72,44,106,54,25,11,29,31
"KAT5",7,25,72,41,72,26,9,77,21,47,41,33,28,17,49,54,25,96,35,33,31,52,42
"NXPE3",0,65,131,8,137,18,6,54,40,37,7,29,13,16,71,51,17,121,39,17,11,20,25
"UTP18",2,33,59,30,51,18,4,54,29,48,15,38,50,10,77,92,73,98,35,30,17,48,22
"DUSP23",7,32,134,18,106,17,8,78,4,74,1,74,14,0,61,70,18,125,46,10,10,9,16
"COX6C",31,44,32,25,45,19,10,71,44,55,65,54,41,17,68,23,61,28,70,48,23,31,26
"TMX3",1,43,112,10,93,5,7,114,23,45,6,32,8,13,80,89,16,95,42,14,29,18,36
"GMPPB",11,16,62,38,45,27,13,49,76,25,20,31,24,25,74,87,49,37,55,58,38,54,16
"MIEF1",1,30,82,29,41,21,9,44,38,52,51,27,20,20,75,50,18,163,51,24,22,22,40
"REV3L",6,28,92,10,80,3,14,77,19,51,9,44,8,7,66,102,7,183,32,14,21,20,37
"WRN",31,16,35,49,33,26,8,68,54,41,99,32,29,48,44,64,36,32,32,58,24,47,24
"TRIM44",1,52,106,14,102,10,8,38,56,32,16,12,7,13,114,122,11,88,33,15,12,24,43
"IPO7",3,51,131,6,93,12,7,46,58,45,27,16,24,15,101,64,20,95,38,16,13,17,30
"GZMA",6,159,48,4,48,10,14,31,9,114,1,16,10,101,84,117,2,24,24,1,8,30,66
"PHF13",1,61,43,5,48,12,17,57,11,45,8,102,9,7,41,41,10,292,19,35,21,5,37
"FAM114A2",12,28,69,81,55,18,13,38,30,45,65,41,32,24,51,59,35,55,55,26,36,43,15
"CD52",8,88,74,15,110,27,15,17,64,98,29,30,2,12,111,18,13,118,29,4,20,6,17
"HJURP",22,30,30,43,14,44,13,69,52,45,77,37,33,37,51,36,56,22,52,67,24,52,18
"SLC25A29",0,18,145,12,154,15,8,36,8,52,3,22,7,7,47,136,15,150,51,6,5,3,24
"COMMD5",6,34,100,16,85,17,13,64,18,49,2,29,19,16,89,77,42,126,64,9,7,12,29
"ETFBKMT",19,25,37,49,24,28,15,58,54,37,69,43,84,12,46,45,64,32,54,30,30,48,20
"SEC63",2,65,73,8,85,15,5,82,14,44,7,29,9,15,48,86,20,194,34,16,17,11,44
"DUSP2",8,138,29,3,123,3,3,18,15,45,5,22,4,97,11,135,4,145,40,4,2,3,65
"IDH1",1,21,158,9,100,11,11,84,13,29,5,13,15,3,110,82,24,142,36,14,19,13,9
"RPL39P3",50,61,36,32,35,30,13,56,59,51,52,45,31,16,33,53,33,24,21,44,21,95,31
"MFAP1",8,6,100,18,72,17,4,89,29,34,18,61,15,6,93,64,14,170,23,12,29,13,26
"SLC37A3",7,70,88,21,55,30,33,50,12,42,5,19,33,22,43,76,38,89,105,14,16,12,41
"VAMP1",4,78,136,25,50,5,3,99,12,36,7,50,6,9,28,117,14,123,41,11,13,8,46
"CIAPIN1",15,12,57,38,63,14,12,52,57,57,25,21,20,31,85,75,33,89,48,20,41,32,23
"SLC24A4",0,28,116,13,109,7,8,64,13,65,1,20,29,3,85,128,16,105,35,12,11,11,41
"FGFBP2",4,84,30,0,47,10,7,21,4,151,5,8,3,60,138,181,10,18,50,0,18,14,55
"GLCCI1",2,59,109,13,75,21,1,45,21,30,26,34,14,10,79,84,16,103,70,15,28,29,34
"SPTBN1",5,76,59,11,36,12,10,33,81,35,9,10,7,12,60,138,20,123,43,29,26,24,59
"VEZT",36,27,64,37,59,24,9,31,43,60,59,38,56,24,44,50,58,41,49,30,37,27,15
"LRRK2-DT",2,19,110,8,119,5,13,79,0,58,3,81,13,1,32,69,11,163,33,4,10,9,75
"MZF1",10,28,80,25,78,14,12,56,45,39,80,38,10,19,52,90,21,69,62,25,9,17,38
"PPIL2",1,40,91,22,79,11,4,76,33,48,19,29,11,12,71,109,13,131,53,10,7,16,31
"GORASP2",2,44,97,6,96,8,6,43,50,31,17,37,10,16,95,102,22,107,38,26,14,17,32
"LINC00528",0,31,80,16,82,8,14,105,6,63,1,64,5,5,24,105,12,171,54,7,7,7,49
"OSGEP",3,39,105,16,94,5,9,89,11,28,7,43,7,12,45,113,16,150,42,12,21,14,35
"FEZ2",2,37,143,5,71,11,14,84,10,35,6,35,9,8,71,111,15,113,42,18,24,24,27
"TRIM52",5,27,61,41,53,21,7,49,45,28,44,43,10,16,46,98,24,53,135,54,11,20,24
"RRP36",4,28,70,30,77,18,14,62,32,42,20,31,31,23,62,69,42,102,54,20,27,21,35
"PLIN4",0,79,59,35,34,4,17,31,2,57,0,57,15,17,25,149,17,133,61,7,22,9,83
"VPS52",6,29,75,30,46,20,10,47,31,50,52,30,34,17,75,84,44,52,67,20,20,52,22
"STYXL1",17,17,97,29,62,16,16,78,15,109,31,39,19,16,50,94,35,81,14,3,35,29,10
"MTF2",4,30,77,10,66,17,16,57,21,56,37,35,12,6,72,79,35,104,41,32,19,29,56
"B3GNTL1",1,64,114,21,93,6,8,50,3,35,1,41,8,8,53,138,7,127,37,5,6,1,83
"CUEDC2",8,25,122,29,73,11,8,75,27,41,6,47,18,12,68,67,23,131,51,10,25,8,25
"RPL7P9",6,56,51,35,53,37,7,73,29,37,56,28,28,15,43,54,41,17,32,79,29,71,32
"IGHV3-23",0,116,27,2,50,3,4,9,316,16,40,2,0,17,81,29,2,14,89,3,11,36,41
"SCO1",13,33,34,28,36,9,17,23,28,24,54,23,22,54,66,79,22,53,121,27,18,93,31
"TMCO6",1,33,140,26,93,12,11,54,23,55,15,45,14,11,56,94,19,88,48,16,17,12,25
"MYL6B",20,7,34,128,11,27,13,47,28,25,14,33,37,25,65,72,102,10,52,22,71,38,26
"SRI",27,68,90,32,64,14,7,36,31,53,5,39,13,10,56,67,52,90,55,10,19,41,28
"TTLL3",1,55,184,21,53,6,7,73,9,40,2,44,7,5,31,103,8,98,61,2,14,9,74
"FAM157C",3,100,92,38,56,1,12,25,1,28,0,21,14,4,46,239,10,113,42,9,24,8,20
"BLOC1S3",1,23,94,16,81,6,9,81,8,30,5,54,15,5,57,76,17,218,40,3,6,8,52
"GALNT11",12,21,55,27,38,14,13,63,44,40,35,35,32,11,32,113,33,93,56,23,28,46,41
"OXER1",1,22,177,13,71,10,12,97,1,39,0,24,3,3,57,71,13,100,117,8,20,11,35
"TONSL",9,8,45,65,47,39,14,41,44,41,42,18,37,12,46,107,64,16,79,30,58,26,17
"SNHG30",47,18,34,28,42,20,24,84,20,42,40,67,31,3,31,43,42,91,77,58,23,15,24
"APRT",4,29,110,19,56,16,6,42,46,83,15,33,19,22,69,80,20,106,49,6,18,15,40
"CRAMP1",14,27,64,43,29,26,8,42,64,26,75,50,30,18,78,60,24,62,48,32,14,43,26
"MYBPC3",1,46,121,2,53,10,11,53,3,106,0,56,1,7,28,101,12,159,36,2,2,4,89
"TCN1",10,53,69,3,43,22,14,68,4,15,1,52,12,9,53,54,98,88,80,97,21,12,25
"WASH5P",18,20,46,44,18,27,65,14,50,61,13,40,33,39,8,20,59,38,123,93,20,39,15
"CD1D",4,52,139,9,122,7,7,39,12,43,6,10,17,2,81,127,14,84,39,3,20,10,55
"FHL1",0,5,16,3,7,48,7,144,20,31,15,72,55,11,37,32,62,7,73,106,19,95,37
"GPR141",2,62,149,3,106,20,8,54,5,28,1,31,17,4,71,73,28,49,93,30,25,15,28
"SCRIB",1,29,102,10,68,15,5,41,45,54,20,22,13,16,64,119,39,102,56,28,8,12,33
"SESTD1",5,19,77,7,57,8,15,99,8,34,12,27,15,8,30,100,16,229,47,13,21,25,30
"MED14",10,32,97,7,70,10,3,57,20,30,11,37,20,17,51,92,11,176,41,15,8,9,76
"R3HCC1L",6,24,87,26,52,16,7,66,26,42,41,46,25,17,47,84,18,137,33,19,18,15,48
"ZNF146",4,14,90,24,70,14,6,45,56,43,44,32,25,15,69,101,29,41,69,43,19,26,21
"AIG1",2,15,45,18,36,17,8,90,5,33,5,39,33,9,51,142,48,166,17,44,21,39,16
"C3orf38",15,34,68,14,65,10,6,56,26,47,47,20,25,11,67,81,30,132,48,19,18,16,44
"SLFN11",1,22,168,17,80,5,7,58,13,40,6,43,13,17,104,81,16,106,47,5,10,9,31
"GALK1",0,35,99,17,112,11,9,68,16,59,2,36,7,2,96,110,21,92,53,7,12,5,29
"BEX3",5,13,30,5,13,72,6,94,15,46,14,43,46,7,33,24,86,13,32,129,26,122,23
"SETDB2",5,32,54,23,55,21,14,67,29,36,26,32,33,19,51,99,76,47,57,34,31,22,34
"ARB2A",4,39,60,17,41,22,4,41,9,40,27,50,43,30,66,86,27,139,56,21,24,16,34
"EMC2",23,36,60,22,39,30,22,50,31,40,32,36,40,10,71,74,15,91,43,17,29,60,25
"FRS2",12,35,45,17,47,17,13,47,54,24,109,36,23,10,45,61,20,129,55,29,12,26,29
"TIMM17A",14,26,58,23,33,20,13,58,78,41,61,33,21,13,59,46,44,94,32,21,18,72,17
"ABCF2",8,11,35,80,26,26,6,61,35,51,74,56,64,20,45,75,43,37,58,16,22,19,26
"GCNT1",3,21,131,10,40,47,3,45,3,11,9,83,8,71,44,21,103,17,27,13,12,159,13
"PIK3R4",14,13,93,7,83,10,8,74,34,42,39,26,15,6,63,95,14,87,44,21,17,59,30
"EFCAB2",33,57,54,25,41,32,16,47,9,24,16,52,58,22,82,36,67,60,45,35,29,42,11
"ETFRF1",53,25,48,31,45,13,19,57,36,37,60,37,41,17,62,76,39,59,37,7,29,44,21
"PFKM",9,3,39,50,17,25,8,64,32,39,35,42,54,29,57,60,35,34,64,37,15,122,23
"RPUSD3",9,31,77,55,48,21,13,43,48,38,43,26,37,30,66,56,62,27,73,28,28,14,20
"ENTR1",6,21,67,46,56,18,7,70,44,53,19,34,54,29,62,60,34,80,61,20,22,15,14
"GBE1",0,58,93,22,74,20,9,79,16,21,6,31,21,2,64,74,39,121,53,28,19,12,30
"HNRNPUL2",5,43,85,16,66,9,8,81,21,40,14,32,4,14,66,99,20,105,44,22,32,19,47
"NFRKB",5,39,107,8,75,5,9,64,20,33,4,52,14,13,45,89,16,159,45,13,9,12,56
"CNOT10",0,43,89,14,61,13,8,53,24,76,5,50,12,10,64,108,19,135,36,10,3,11,47
"DENND6A",3,54,69,4,72,7,13,48,17,50,7,48,6,12,58,79,16,179,45,4,24,6,70
"LATS1",3,34,85,3,94,6,7,55,28,36,16,34,11,10,81,126,8,123,42,17,23,14,35
"PEX6",3,36,98,16,113,9,14,93,22,39,6,45,18,3,54,49,20,147,56,6,11,8,25
"TMED8",7,37,92,10,63,23,11,31,18,47,17,20,9,9,115,54,23,137,80,23,21,16,28
"ZNF510",16,26,48,19,23,18,16,14,28,39,34,69,48,14,60,96,28,34,122,30,8,69,32
"ITPKC",16,17,47,17,63,14,12,67,71,32,81,43,7,8,52,53,19,119,63,25,18,29,17
"SPMIP2",25,10,67,48,21,22,4,79,16,168,54,31,47,26,16,19,2,14,133,44,25,11,8
"YIPF5",4,13,81,8,73,13,1,64,48,38,36,41,22,9,70,78,24,106,66,16,10,25,44
"DESI2",10,26,61,18,57,16,10,62,38,29,43,41,33,21,53,94,19,118,34,22,16,23,45
"FAM133B",28,32,39,52,28,16,13,38,29,39,24,22,49,19,54,95,51,28,80,67,35,33,18
"PSMD12",6,38,79,13,34,7,6,46,31,41,38,63,15,7,52,49,25,176,51,13,6,20,73
"TUBB2B",2,1,3,15,4,14,5,1,0,21,9,1,496,9,24,239,11,0,17,15,2,0,0
"MITD1",16,37,94,6,83,15,10,68,10,43,6,43,9,3,74,71,14,142,57,7,22,17,41
"SMPD1",2,11,91,15,49,22,3,70,18,58,4,38,21,8,43,91,26,116,55,40,12,53,42
"TBCD",2,30,119,18,40,19,14,44,29,56,9,33,17,27,61,90,18,90,62,22,27,17,44
"AOC3",0,54,128,20,75,9,6,98,2,41,1,51,7,0,43,210,10,50,31,13,15,3,20
"CEP85L",2,55,135,5,99,7,13,71,8,29,2,61,9,10,47,102,13,129,46,10,11,7,16
"MRPL10",10,44,69,27,75,21,10,54,37,41,46,25,45,24,67,84,21,73,36,10,25,14,29
"ALOX12",7,18,67,19,53,22,4,102,23,34,78,40,28,6,26,66,32,47,53,36,17,53,55
"ARFIP2",2,35,82,35,47,14,7,49,42,40,28,25,29,15,61,83,42,58,80,20,21,23,48
"CEP120",6,42,107,4,76,8,7,64,21,23,8,19,5,10,75,141,24,117,42,14,22,13,38
"CCP110",10,13,57,34,41,10,15,73,28,32,41,35,12,13,64,87,36,92,60,56,19,25,32
"DDX50",7,29,51,26,86,22,5,53,30,62,19,33,27,10,74,98,27,85,57,8,19,26,31
"DNMT1",3,48,78,9,65,15,3,42,62,38,14,13,31,20,84,92,26,49,37,49,21,43,43
"TRAPPC11",4,35,121,1,85,12,7,68,12,26,3,19,13,4,66,156,18,108,45,16,13,7,46
"BTBD6",5,22,55,44,34,20,6,72,7,52,10,37,21,18,116,75,46,72,74,24,22,34,18
"CD244",1,67,78,27,102,20,6,19,12,74,6,15,19,14,108,101,26,54,64,7,33,9,22
"CMTR2",10,16,37,20,40,12,12,12,108,32,239,21,17,20,41,52,36,18,38,59,12,21,11
"ZNF18",1,19,99,20,83,14,6,79,15,36,15,47,19,12,50,99,22,114,48,7,22,21,36
"MTARC1",1,68,146,10,97,36,15,54,1,25,0,19,23,0,91,53,19,75,93,7,29,11,10
"NASP",2,56,66,7,47,15,7,52,56,47,24,46,3,15,79,79,26,136,24,23,23,21,29
"RNF122",2,56,147,5,85,7,5,65,7,31,1,49,19,3,37,72,15,159,48,5,20,3,42
"WDR11",2,31,141,18,83,20,14,30,32,74,22,19,15,9,91,84,21,56,37,25,19,17,23
"COX8A",28,16,85,24,76,31,11,59,26,60,12,44,25,21,63,37,27,108,39,9,26,27,28
"GZF1",2,101,56,6,34,13,6,50,18,36,10,63,7,10,25,109,10,225,28,8,4,6,55
"TOR3A",3,48,79,10,86,10,7,50,51,31,67,17,24,12,86,63,27,99,38,12,12,23,27
"DUT",17,24,38,22,37,19,29,21,34,40,24,58,13,13,67,106,87,62,51,52,19,12,36
"BAG2",39,28,21,23,48,29,22,37,24,28,26,63,34,28,57,27,38,23,77,146,22,29,11
"CLIP2",3,22,79,9,63,26,10,67,21,29,20,47,29,4,41,93,34,53,49,71,22,69,19
"SGMS1-AS1",11,15,49,57,50,29,7,36,66,39,100,15,29,18,37,54,39,41,90,23,23,36,16
"SLC29A1",9,37,133,32,59,15,3,37,18,48,12,65,3,24,118,58,29,59,22,28,21,30,20
"SLC39A6",3,56,101,6,58,6,4,65,14,29,3,38,9,10,62,104,19,201,48,3,11,5,25
"XPNPEP1",3,21,86,4,36,36,10,62,18,30,6,46,47,20,38,48,51,55,43,78,11,95,36
"MAPRE3",2,26,106,13,43,14,25,95,39,30,60,39,5,12,49,103,20,129,37,14,6,1,11
"MRPS10",36,24,54,17,57,24,6,50,60,44,72,30,21,16,58,51,19,90,56,18,21,36,19
"TCP11L1",1,18,47,65,62,16,18,64,23,51,39,30,39,19,53,94,65,36,48,40,26,16,9
"TMEM69",9,11,59,12,62,23,7,41,71,26,241,30,25,13,48,50,20,21,42,15,10,17,26
"BOD1",22,12,35,23,28,8,11,24,94,34,180,30,46,19,42,54,13,25,83,21,7,53,14
"IL32",3,72,115,11,87,7,10,35,57,94,9,35,4,8,83,37,6,86,58,5,16,8,32
"NOC2L",6,35,72,29,65,11,4,33,43,51,29,33,17,37,68,81,29,79,66,12,31,16,31
"IGLV1-47",0,129,43,0,26,2,8,6,352,4,33,5,5,19,52,43,5,11,20,1,9,13,91
"CEBPA",0,17,146,2,92,16,6,54,4,38,1,8,19,0,78,62,50,124,102,10,24,6,17
"DSTN",7,65,89,19,54,10,9,51,22,54,11,33,12,11,53,84,44,92,30,26,19,38,43
"DUSP7",2,12,109,2,61,4,7,42,13,46,8,39,7,5,89,99,12,210,49,7,11,11,31
"MRPL24",5,16,71,42,84,18,13,71,69,28,27,26,36,21,50,61,21,36,37,13,60,35,36
"NPC1",6,30,95,8,82,7,6,37,28,35,20,38,10,17,80,78,14,124,44,22,19,23,53
"PPP2R1B",22,17,54,46,52,19,3,32,29,48,22,26,23,26,69,52,51,64,82,49,26,41,23
"CD38",1,80,64,1,34,7,18,35,96,43,33,19,8,56,51,87,19,36,25,10,23,30,99
"TXLNA",7,38,94,12,73,18,9,45,51,30,18,48,3,11,66,81,19,160,31,14,7,18,22
"FUNDC1",30,25,44,23,21,25,8,43,52,60,106,37,31,17,55,47,36,14,55,9,27,87,22
"PKP4",0,25,108,25,87,15,6,69,11,45,3,37,20,6,40,66,50,116,44,44,13,23,21
"SFXN3",1,45,107,15,67,14,10,62,10,37,15,22,40,10,65,98,19,108,46,11,26,14,32
"DIS3",5,31,83,16,69,7,12,52,32,49,15,23,9,14,67,90,24,155,34,13,15,17,41
"EIF6",6,37,90,5,85,11,7,68,16,73,8,43,10,14,64,69,13,157,31,7,17,19,23
"SKIC3",7,28,61,33,79,22,3,73,46,47,14,18,37,11,47,99,39,40,45,37,36,26,25
"KIN",13,23,84,34,66,18,13,53,17,36,27,37,19,14,47,112,19,77,52,30,16,20,45
"NIT1",5,30,131,27,94,13,15,72,8,37,7,22,15,6,68,89,25,106,28,18,15,19,22
"TMEM109",1,46,88,8,82,14,2,40,56,78,15,36,18,13,93,73,10,98,42,8,14,10,27
"TTF1",7,25,77,26,63,14,9,97,15,36,50,39,10,12,50,92,18,103,51,15,18,18,27
"YBX1P2",9,27,46,72,32,16,6,138,20,48,7,41,42,17,22,47,57,20,36,53,25,60,31
"GNL1",4,38,67,9,68,14,10,41,20,55,32,48,14,15,42,64,28,165,29,27,17,19,45
"SCAMP1",9,34,103,6,90,6,9,108,18,33,4,32,11,4,56,93,19,127,47,7,17,19,19
"AKTIP",4,66,104,7,100,28,5,38,12,74,3,55,7,7,18,64,23,127,29,12,16,7,64
"CHCHD1",21,26,57,25,63,26,23,45,19,56,43,53,18,19,47,43,44,66,64,30,28,23,31
"DERL2",2,33,80,10,68,10,2,83,13,50,4,57,7,11,52,73,20,163,37,3,12,19,61
"RASA1",1,55,82,12,66,14,14,58,19,48,25,32,18,12,51,106,21,85,48,20,7,31,45
"WDR44",2,24,90,11,81,14,7,80,19,45,31,45,7,11,51,70,17,117,39,38,14,36,21
"BEND7",40,3,17,23,12,22,7,127,112,21,105,28,15,86,10,112,15,18,8,42,10,11,24
"PIK3C2A",0,29,105,14,67,9,7,72,19,45,12,24,15,8,69,93,4,144,42,15,17,8,50
"PYCR3",17,17,32,73,30,29,5,34,19,63,8,36,54,40,46,88,29,16,110,18,21,57,26
"SNX30",0,29,138,8,121,6,2,46,16,24,4,27,9,3,66,85,11,143,56,4,18,9,43
"TNFSF8",2,18,74,1,93,5,4,37,5,103,1,26,8,9,79,104,8,178,40,2,13,3,55
"ZNF692",5,34,151,24,63,7,15,73,18,62,9,30,11,6,51,93,14,90,48,13,27,9,15
"RMI1",25,13,105,14,78,22,8,94,28,26,30,36,14,12,76,74,31,46,44,18,29,34,10
"ACSL5",2,28,96,22,80,8,11,42,20,32,12,40,7,10,74,131,16,118,29,8,21,23,36
"CSNK1G1",7,31,101,14,45,4,4,56,32,22,51,30,19,6,60,69,27,136,54,30,8,20,40
"MTCH2",11,20,47,51,55,19,12,23,44,47,20,24,34,13,83,52,63,40,89,71,16,20,12
"SLC25A36",2,98,69,7,40,8,6,31,38,34,27,55,21,17,41,56,19,118,46,41,17,18,57
"FERRY3",19,21,39,34,42,24,24,66,14,50,23,21,43,18,48,64,61,59,70,32,37,31,25
"MAPK7",2,67,85,11,64,9,9,32,9,55,3,63,9,19,44,67,8,206,30,20,9,12,32
"H2BC26",34,9,30,38,36,27,26,64,28,25,58,46,53,24,27,23,49,17,86,63,20,75,6
"JAGN1",26,15,64,14,74,15,10,53,53,37,63,53,14,12,51,71,41,68,44,34,19,11,22
"MYCBP",4,31,84,11,94,6,8,43,22,44,16,56,10,3,77,69,26,143,61,9,11,20,16
"SAXO4",18,19,50,60,45,20,5,82,10,46,3,58,59,26,45,79,33,30,59,49,30,18,20
"GTF3C6",11,18,39,65,33,21,4,65,38,41,21,18,19,29,56,52,70,43,81,33,26,62,18
"PI16",9,7,39,59,22,23,12,83,37,50,143,32,29,32,41,44,33,17,65,8,31,34,13
"TTC3",0,71,95,5,69,18,9,23,42,40,14,13,14,14,60,118,13,93,40,19,19,23,51
"CEP192",4,43,90,18,71,10,6,58,19,42,16,14,12,20,71,82,21,117,45,25,24,28,25
"MAGOH",1,61,50,4,53,17,5,65,18,74,6,95,4,9,43,73,17,175,11,4,12,7,57
"RIMOC1",10,12,105,16,86,5,10,63,22,29,66,21,18,9,72,99,12,85,45,19,10,16,31
"ZNF518B",5,35,87,12,85,16,9,62,16,60,7,31,13,14,48,112,13,85,56,16,20,10,49
"ZSCAN5A",14,8,29,52,26,19,24,28,22,28,46,14,34,33,72,63,74,26,98,58,36,40,17
"DPF3",17,7,26,60,12,28,14,58,68,61,46,60,27,21,35,63,34,14,77,37,13,62,20
"GATAD1",6,35,86,58,61,17,13,58,27,34,21,14,19,15,60,101,42,60,48,18,19,28,20
"GZMH",3,120,44,2,40,8,11,20,7,132,8,16,2,59,72,163,2,43,36,3,5,18,46
"TLR5",7,71,106,9,81,14,17,68,10,13,1,18,21,2,99,39,22,76,59,23,30,66,7
"ANKRD52",0,48,104,11,80,7,6,42,37,38,18,32,13,11,58,104,11,88,45,20,11,22,51
"MTM1",0,53,109,4,99,12,7,73,8,41,1,34,15,2,41,106,19,124,45,6,16,14,28
"OSBPL5",0,75,131,3,51,11,4,25,6,54,1,16,8,34,63,116,10,97,47,3,12,19,71
"PARN",0,28,109,8,93,6,3,61,17,51,16,36,4,7,67,88,19,120,58,7,14,16,29
"RUBCN",1,23,83,3,67,9,8,57,12,21,17,45,14,6,63,142,15,142,34,6,22,17,50
"C1orf105",24,36,13,76,43,16,24,45,37,53,61,47,23,31,21,50,60,30,63,26,27,38,12
"CYB561",3,17,54,6,60,2,5,118,7,45,0,36,3,14,50,110,4,194,13,6,16,14,79
"PCNA",18,45,60,14,58,22,5,50,91,42,14,22,6,30,45,50,53,75,36,49,11,25,35
"CRISP3",3,73,25,2,15,17,13,96,0,22,2,16,12,12,72,38,76,62,127,89,15,21,47
"SRC",0,17,61,8,69,24,3,80,14,37,7,44,38,12,48,59,34,109,38,52,11,54,36
"BRD9",6,32,85,28,56,11,1,30,30,47,26,31,17,11,72,89,25,101,48,20,20,17,50
"GABPB2",16,42,42,55,14,26,7,32,66,36,104,17,23,16,72,47,31,50,41,22,25,47,22
"RFC1",5,25,79,10,49,24,1,41,37,46,32,44,38,17,59,76,20,105,27,18,14,39,47
"CCDC66",13,28,39,43,27,17,9,24,56,23,89,28,40,33,72,40,57,11,69,50,27,40,17
"RNF8",13,24,51,42,37,29,26,48,33,42,20,48,46,9,38,43,43,12,68,70,42,42,26
"SP140L",4,54,75,3,52,10,11,49,22,36,20,45,4,25,45,74,12,71,23,5,41,51,120
"ARMCX6",49,38,38,39,27,33,13,46,60,20,28,79,38,12,74,56,50,32,21,40,14,37,6
"MRPL51",15,31,66,28,49,29,5,85,49,54,40,42,12,17,59,58,35,71,38,19,18,15,15
"ATG16L1",4,35,92,25,67,12,7,38,26,37,20,56,33,20,37,93,4,117,41,23,7,24,31
"LARP4",11,10,44,23,32,8,7,47,73,30,257,17,15,11,52,52,9,24,26,41,5,34,21
"PKD1L3",14,46,10,34,16,17,33,57,14,35,9,24,56,17,50,40,154,6,45,65,18,58,31
"SYPL1",3,24,109,5,62,8,6,58,46,26,19,54,12,3,65,83,20,119,43,18,32,12,22
"ZNF318",0,27,93,9,64,11,10,83,28,33,11,29,2,10,49,139,8,140,59,11,3,7,23
"AKR1A1",1,36,94,17,95,11,9,23,40,69,10,17,15,10,107,69,23,103,34,11,12,16,25
"H2AC13",58,15,31,37,21,30,19,36,55,12,90,33,62,22,37,92,14,8,50,23,23,66,13
"ERH",10,56,68,14,86,17,0,44,49,62,4,46,14,8,64,50,21,142,29,14,13,12,22
"MRPS12",20,12,37,17,73,10,14,22,24,87,24,27,36,7,44,106,33,43,82,42,21,26,38
"NOLC1",2,41,65,12,86,9,7,46,56,29,53,29,26,16,88,72,7,84,55,18,13,11,20
"OLIG1",0,25,189,25,99,6,8,38,0,42,1,35,20,0,123,47,23,93,42,1,10,1,17
"GMEB1",12,32,61,7,72,8,3,60,14,41,17,41,11,17,41,83,22,161,50,18,23,10,40
"THADA",8,26,92,31,53,12,6,67,26,30,12,26,24,17,66,71,22,108,41,25,21,18,42
"CALCRL-AS1",9,2,13,15,7,4,4,32,82,13,398,5,45,10,13,55,23,9,33,3,2,63,3
"NDUFS6",7,24,90,19,58,14,8,54,36,49,26,36,5,12,58,82,26,109,50,20,22,15,23
"ZBTB38",1,25,130,4,101,15,2,62,41,34,10,27,15,6,65,98,9,104,29,4,23,8,30
"RTCB",10,14,79,24,78,17,9,43,26,40,25,28,25,9,88,77,25,70,31,38,23,25,38
"STRIP2",22,15,26,61,34,16,5,67,8,51,10,24,25,29,40,49,91,17,61,86,39,26,40
"BAIAP2-DT",2,9,111,11,101,6,11,101,6,25,2,24,12,7,41,140,8,118,41,17,12,18,18
"TMEM183BP",18,42,22,72,29,27,13,45,13,33,9,30,44,26,57,61,47,38,56,60,16,65,18
"PATL2",8,27,87,5,69,3,14,43,10,21,3,87,1,10,29,152,10,147,31,3,6,16,58
"PTCRA",4,10,48,14,10,47,2,110,11,29,18,78,55,13,28,47,50,24,32,55,25,110,20
"ATL3",3,31,91,8,71,6,3,62,31,42,5,24,12,8,120,70,12,131,48,18,11,14,18
"CISH",10,5,80,23,70,23,6,47,28,36,16,16,36,7,73,63,13,111,33,22,51,39,31
"MVB12A",39,20,73,15,66,13,13,42,84,34,27,34,10,7,51,79,28,95,22,4,23,39,21
"RASGEF1B",5,32,23,14,36,20,11,54,54,34,201,39,43,16,36,33,25,55,22,35,7,36,8
"SLC37A1",3,27,64,9,38,11,11,64,23,33,15,37,12,15,70,63,28,114,41,42,15,67,37
"SMARCB1",1,39,81,22,59,16,3,33,64,62,21,27,14,16,111,56,30,75,28,13,23,15,30
"TAF3",11,15,39,16,53,16,10,51,34,27,55,32,40,25,56,64,29,78,66,34,22,51,15
"TMEM203",8,19,76,14,69,28,6,70,27,27,38,50,35,13,45,58,20,101,53,25,5,31,21
"ULK3",5,39,57,61,49,16,5,46,27,66,13,21,9,33,70,78,37,77,54,19,8,19,30
"SLC25A1",3,27,64,20,87,13,11,59,30,62,14,38,27,12,55,71,21,95,60,21,7,23,18
"TMEM214",6,34,93,12,63,11,3,43,57,50,19,19,13,14,76,97,23,93,44,11,12,12,32
"APTR",13,27,46,37,36,20,10,52,56,29,117,40,16,5,51,50,25,68,64,14,13,29,18
"COQ7",12,28,45,27,32,14,6,30,35,30,30,28,36,22,56,43,28,65,118,79,17,37,18
"NAIF1",6,15,94,11,82,19,8,54,11,43,10,53,14,21,59,72,21,115,36,5,22,30,35
"POLD3",6,31,130,5,63,12,11,91,13,32,4,47,4,2,91,69,6,138,32,9,15,9,16
"DEAF1",9,16,85,11,66,24,15,51,39,55,17,30,9,19,82,78,14,63,58,12,19,18,45
"GSAP",10,69,82,16,74,20,8,27,10,41,4,23,15,27,53,90,20,67,44,17,18,25,75
"ISCA1P1",60,30,22,29,18,36,21,36,18,41,15,13,36,18,48,53,61,13,54,77,28,70,38
"MROH1",1,31,96,14,64,11,9,63,16,53,6,19,10,12,58,113,29,131,39,16,8,9,27
"NIPSNAP2",1,47,104,20,78,5,10,81,11,47,13,21,6,15,67,68,31,109,41,8,14,7,31
"ZNF282",1,6,71,26,77,13,4,81,29,29,1,30,25,14,59,108,20,91,54,30,22,21,23
"NPEPL1",0,47,119,15,53,4,9,53,0,54,1,58,3,5,21,89,9,148,49,5,9,1,82
"PARP6",0,51,92,1,70,4,8,67,11,55,1,64,7,18,44,87,8,135,39,5,8,13,46
"ZNF791",8,36,73,12,47,7,10,50,22,38,28,75,12,17,49,64,12,135,33,20,12,4,70
"CYB5B",4,40,91,4,63,7,4,56,27,58,21,29,8,20,88,76,26,93,47,18,21,9,23
"PRKACB",2,45,69,3,53,23,5,39,52,47,15,26,28,17,87,110,10,33,41,24,35,34,35
"THRA",5,25,143,15,67,15,9,53,13,23,1,28,11,18,36,104,32,86,44,18,25,22,40
"TTC32",11,29,91,24,48,2,12,76,13,46,38,58,8,10,30,69,8,115,37,13,23,6,66
"FAM229A",28,18,42,35,50,20,23,43,28,35,63,90,19,18,36,57,38,31,42,66,14,22,14
"PPARD",2,41,89,18,71,3,16,65,13,40,14,45,10,8,56,73,14,114,66,9,9,7,49
"RPF1",26,51,77,20,38,14,10,36,35,41,60,31,14,20,50,53,24,110,25,22,15,28,32
"VPS25",7,41,99,19,85,21,6,73,25,43,7,23,5,10,52,79,29,96,32,23,15,17,25
"AIM2",29,31,39,15,147,10,5,48,14,42,9,32,0,1,62,65,9,134,7,2,51,35,44
"CEP95",11,39,48,17,31,14,13,50,51,58,60,38,36,16,42,72,26,60,34,26,16,31,42
"DOCK4",2,21,40,19,53,0,3,73,3,18,2,32,4,2,52,103,5,261,24,3,38,9,64
"EIF2B1",2,19,74,18,96,9,4,45,34,60,13,16,14,17,65,91,23,99,66,13,18,13,22
"EOGT",14,9,24,37,19,13,22,17,59,25,251,7,28,9,48,22,36,27,89,25,9,29,12
"HACL1",14,16,46,37,25,20,14,55,47,43,145,33,43,16,23,39,29,22,50,13,30,58,13
"HIKESHI",49,29,48,37,44,18,28,42,40,42,66,16,43,22,37,58,59,32,39,19,31,24,8
"TNNI2",0,33,86,8,30,10,8,49,1,72,3,107,3,7,11,83,8,191,36,6,3,5,71
"PIGO",9,15,42,35,40,21,13,53,24,30,53,15,65,24,71,71,44,47,53,28,24,27,26
"TICAM1",1,24,48,7,86,4,6,44,7,62,13,53,13,16,72,66,13,202,32,4,12,10,35
"CYFIP1",0,22,175,1,105,4,3,31,11,42,4,8,16,1,96,105,11,88,59,9,13,18,7
"HARS1",3,31,79,14,50,9,10,49,36,46,15,55,14,9,48,117,26,85,50,20,24,17,22
"ZKSCAN5",3,26,47,18,64,18,7,45,33,32,41,23,33,20,31,75,27,80,74,26,33,49,24
"SNTB2",1,44,89,16,43,7,3,48,15,67,10,51,24,23,43,65,15,123,51,30,8,22,30
"WDR47",0,39,96,0,77,9,3,54,8,12,4,25,11,11,69,58,17,235,22,10,18,12,38
"LGALS3BP",6,14,43,11,45,6,21,30,35,31,15,46,6,6,63,74,21,130,11,3,38,58,114
"BORCS7",20,36,44,45,33,14,12,25,31,55,39,32,36,18,53,68,31,75,73,14,34,17,21
"MIAT",62,19,32,9,10,10,17,21,84,30,151,14,20,18,40,30,17,13,104,48,5,62,10
"ARMCX3",11,35,46,5,37,12,6,50,50,44,60,82,36,18,71,46,17,61,20,40,16,27,35
"CILK1",9,23,55,33,26,16,9,51,72,28,79,28,38,15,50,72,44,42,43,27,13,43,9
"COMMD2",10,22,63,12,95,19,7,100,15,48,5,62,17,4,54,75,16,119,19,6,18,14,25
"DCUN1D2",7,22,53,28,51,13,11,44,12,48,19,32,33,22,46,84,50,63,77,15,54,13,28
"S1PR5",0,144,20,6,28,8,4,21,9,84,0,14,5,110,82,117,3,32,16,5,8,16,93
"POGK",0,32,94,8,68,3,6,44,20,36,10,20,8,7,87,85,23,115,48,31,18,20,40
"SEC22C",12,19,58,25,45,16,11,60,37,45,43,23,13,26,59,58,18,75,49,32,6,74,19
"ZNRF2P1",16,7,50,155,35,18,10,68,16,23,27,16,25,19,42,32,34,18,93,53,28,34,4
"CRISP2",24,17,43,55,13,23,22,28,34,61,21,24,55,25,44,72,22,16,75,15,91,19,23
"CUL2",7,34,69,10,56,17,8,57,24,35,24,35,16,10,62,55,17,141,33,14,24,22,51
"EIF1AD",2,36,68,9,40,11,11,44,13,47,20,53,10,8,63,87,9,206,22,8,8,7,39
"TMSB4XP8",1,50,76,9,74,12,10,72,5,56,4,79,13,2,53,39,35,80,25,38,18,39,31
"BLVRA",2,25,64,19,82,18,10,42,19,65,9,15,8,3,118,82,26,99,31,20,20,18,25
"COL9A2",0,55,187,28,52,2,5,34,4,30,0,71,1,1,25,89,9,77,45,1,22,6,76
"FIBP",12,35,79,18,77,19,13,38,28,50,12,31,16,29,77,57,30,84,34,10,29,17,24
"NR1D2",5,33,33,33,28,17,15,51,28,34,45,61,59,26,23,49,26,98,23,67,7,34,24
"SMC5",6,52,99,6,102,7,6,30,11,45,7,32,12,19,64,86,16,109,31,18,1,7,53
"GALNT7",4,34,146,17,92,9,9,83,6,22,1,20,7,7,89,80,14,77,35,8,36,13,9
"MRPL33",23,29,69,18,79,11,7,55,9,62,21,48,10,10,68,67,31,93,37,13,15,26,17
"PLSCR4",28,8,9,51,20,12,3,27,54,19,33,12,33,26,57,28,39,8,51,54,26,204,16
"SNRPG",17,55,46,9,80,8,5,55,36,77,32,54,3,7,65,62,31,86,27,16,11,10,26
"VDAC1",2,22,88,4,56,11,2,41,65,67,16,17,18,15,90,86,10,88,44,14,12,18,32
"AK7",30,16,20,56,18,25,12,61,16,21,53,51,38,38,51,40,30,14,79,35,33,62,18
"EMC8",7,21,52,20,64,18,14,70,30,40,18,63,35,16,57,64,37,51,55,22,26,19,18
"LINC00938",11,53,67,30,37,12,13,53,24,38,103,23,31,14,24,52,29,48,54,37,10,34,20
"IPO13",12,21,66,43,63,16,15,51,31,37,19,20,30,16,64,96,21,50,51,33,24,28,9
"PALLD",1,8,19,5,29,4,116,3,341,19,1,3,4,4,25,43,16,9,13,119,9,10,15
"CUTA",7,56,52,19,56,13,17,33,54,39,24,44,19,21,46,84,16,87,34,23,14,23,34
"TREML4",1,85,153,19,2,11,22,189,13,45,3,41,5,8,22,15,10,99,7,2,15,2,46
"NSUN2",5,31,82,7,63,13,6,48,34,42,38,17,10,10,79,107,15,85,35,14,28,15,30
"DHRS1",8,41,44,17,28,15,14,31,10,39,8,32,21,18,96,60,35,122,28,27,11,18,90
"MRE11",8,20,64,20,66,6,7,52,26,27,35,41,18,15,32,117,20,95,35,30,11,24,44
"NUDT16L2P",5,7,59,38,26,1,9,68,77,50,27,16,32,0,72,39,31,81,96,14,17,31,17
"C1GALT1C1",1,32,101,7,65,18,8,73,7,48,0,39,20,6,76,76,11,124,38,14,10,11,27
"LRPPRC",2,35,60,13,63,2,6,29,57,38,52,9,21,19,113,67,22,49,52,25,12,34,32
"LINS1",26,17,68,18,42,9,18,44,42,21,33,37,14,13,47,65,32,53,70,42,23,59,18
"LRRC57",1,28,37,43,26,23,5,38,32,39,52,38,49,13,42,79,35,82,45,13,17,26,48
"MSRA",2,57,102,3,61,21,9,48,15,47,3,41,10,4,51,66,21,123,51,14,18,9,35
"SRP68",4,30,92,20,67,7,5,31,39,34,26,26,9,13,82,83,20,84,42,31,13,28,25
"ZNF273",20,11,76,19,14,23,13,50,23,54,15,23,48,22,36,79,23,50,64,12,46,57,33
"GRAMD1C",1,38,96,10,87,4,7,49,2,33,3,67,12,9,32,120,10,158,39,1,3,1,28
"TMEM40",17,13,20,16,12,44,9,123,2,23,12,86,43,4,15,24,63,21,30,66,21,135,11
"ZC3H6",5,17,50,19,41,21,7,45,35,31,97,27,36,15,43,87,34,63,38,24,26,33,16
"EIPR1",4,19,54,27,45,10,19,38,38,30,12,35,16,34,63,67,53,46,63,15,50,49,22
"PGM1",1,35,92,6,88,11,7,62,9,35,4,24,20,8,22,72,20,113,64,17,40,25,34
"CCDC17",13,21,71,17,29,12,16,36,36,32,151,23,11,17,37,65,17,71,33,16,11,29,44
"RBM48",10,12,81,21,49,18,4,47,40,22,107,41,4,7,53,44,34,72,37,24,12,40,29
"BLOC1S4",21,20,65,12,65,22,7,35,41,48,54,53,29,9,31,32,23,106,38,30,15,27,24
"CCDC146",4,39,93,7,102,4,10,50,0,40,5,38,5,6,45,109,7,141,13,1,29,12,47
"ALDH1A1",2,27,146,3,120,9,1,28,18,53,8,19,14,5,60,109,21,94,44,7,4,9,5
"ETV7",8,12,48,9,48,4,9,34,2,24,3,59,3,3,188,65,3,116,11,4,71,30,51
"LIPN",1,60,79,3,24,7,0,65,1,137,0,82,3,15,18,48,8,127,18,2,35,10,62
"NUP160",1,19,89,9,84,9,8,57,32,41,18,28,10,12,82,70,19,133,20,11,16,12,25
"DCUN1D5",28,22,40,38,44,21,18,74,45,34,27,24,25,25,44,69,52,21,66,23,25,16,23
"FRMD4B",2,67,135,5,40,9,6,38,8,48,4,19,14,8,43,35,20,205,26,17,19,18,18
"LINC00921",3,18,146,7,77,14,9,42,15,38,36,30,8,7,36,119,32,60,46,9,13,16,23
"PAN3-AS1",7,2,20,14,19,23,5,57,71,23,293,24,11,10,32,18,20,18,62,31,14,29,1
"PTS",55,38,27,43,8,28,9,18,20,27,22,12,43,24,64,35,45,43,56,93,30,38,26
"RETN",5,78,29,12,7,18,8,56,1,14,0,16,13,10,23,40,236,99,53,39,19,6,22
"ANGEL2",1,36,131,18,51,8,4,71,31,31,19,30,6,14,56,63,11,115,44,15,10,3,35
"CUL9",1,32,109,20,76,13,1,60,20,31,3,19,4,11,48,114,4,125,43,9,9,13,38
"NUP93",2,30,93,9,92,13,7,43,16,48,10,19,8,15,60,86,12,133,34,11,11,21,30
"CFDP1",4,16,43,58,38,28,3,44,15,52,4,43,44,14,79,49,58,45,44,51,18,20,32
"RIOK1",4,20,63,42,34,13,8,77,24,34,19,16,48,24,77,76,47,44,52,13,18,31,18
"UBA6",1,50,80,5,56,7,11,57,33,23,7,35,15,7,72,73,14,116,43,11,24,13,49
"GPD2",2,22,109,3,72,11,4,52,8,33,6,26,7,7,79,75,31,116,19,22,53,11,32
"ISY1",4,43,73,18,57,8,9,75,24,32,13,60,6,9,51,57,15,131,41,15,15,10,34
"LINC02975",2,18,120,1,76,4,6,57,1,27,1,8,8,0,71,134,14,183,49,5,2,3,10
"PDCD6",15,16,59,46,30,16,5,17,57,60,132,30,9,24,38,54,37,39,51,5,9,15,36
"SEC61G",23,38,58,15,46,7,11,39,51,64,38,33,18,24,71,48,28,58,46,18,18,25,23
"TFPI",23,5,25,25,8,21,16,59,43,22,203,17,31,18,16,58,49,8,21,22,10,75,25
"IDE",4,23,50,25,36,19,12,42,50,33,89,10,14,14,46,47,23,34,72,40,8,18,90
"LINC02580",39,18,64,62,43,11,11,58,35,49,15,41,49,20,20,47,41,65,32,8,22,35,14
"MAK",3,46,46,9,33,14,20,94,2,16,0,20,5,4,121,61,27,161,32,0,46,21,18
"PTGES3P1",2,29,47,15,52,6,9,58,3,40,4,57,7,6,42,70,7,192,18,16,16,16,86
"RBM15",1,44,89,5,51,9,6,45,24,28,15,38,7,21,40,65,9,144,43,27,13,13,61
"TUBB6",18,20,22,40,25,24,15,94,23,43,17,39,41,29,44,44,27,84,43,18,9,54,25
"ACD",0,23,96,6,74,10,2,71,18,46,4,74,2,6,59,92,15,93,54,11,7,7,27
"CLCN6",12,15,69,19,46,13,9,60,46,27,83,18,11,17,45,71,12,73,51,35,4,34,27
"BTN2A2",7,10,105,3,80,5,14,67,7,28,4,64,3,5,56,106,8,126,25,5,11,15,42
"CSTF1",16,27,74,21,68,11,15,51,38,33,45,42,12,7,32,82,21,81,37,34,10,24,14
"ATP6V0A2",5,27,85,12,56,21,8,59,13,37,9,22,6,8,58,81,30,113,67,15,22,14,26
"CSRP1",3,36,108,9,68,15,12,38,45,59,10,26,9,5,79,87,24,79,35,10,13,11,13
"CD83",1,23,24,0,64,10,16,37,17,49,17,39,9,49,18,57,9,270,22,41,3,6,12
"MCTS1",7,43,85,12,65,8,9,49,18,47,11,45,9,12,57,77,19,91,46,12,14,17,40
"PPP2CB",1,13,80,3,65,16,6,63,20,33,8,21,7,3,105,91,29,98,49,20,15,22,25
"AKR1C1",6,7,7,9,0,39,4,128,125,14,69,45,106,64,9,3,36,33,19,5,7,33,24
"LSM8",5,56,78,9,46,12,12,65,14,26,11,34,15,12,48,105,12,106,33,9,18,5,61
"ZSWIM1",1,17,55,43,27,19,11,36,32,32,84,48,36,16,27,63,29,62,55,16,19,32,32
"NOL8",12,24,69,13,65,11,1,75,48,29,50,11,23,18,45,88,28,46,49,22,22,17,25
"DNAJB11",1,59,57,12,53,3,3,47,43,64,16,56,4,11,45,48,16,150,32,6,6,17,41
"ITPR1",0,31,132,4,75,17,4,44,42,22,28,10,23,11,78,77,9,57,64,18,15,12,16
"OXLD1",7,16,75,40,49,20,4,45,25,37,47,24,31,17,48,79,23,31,77,12,11,44,27
"ZNF175",13,17,27,31,16,11,21,27,59,18,117,23,35,22,41,44,17,13,104,40,12,58,23
"F2R",0,13,54,2,36,42,8,65,15,47,6,28,36,18,26,68,26,18,48,54,23,114,40
"HDAC9",0,12,106,3,106,18,8,48,15,25,11,51,8,3,101,50,13,126,43,9,8,9,14
"WDR31",9,14,33,85,17,8,10,66,38,54,70,18,53,13,43,38,57,10,33,16,27,56,19
"BLTP3A",5,21,61,26,32,13,15,53,25,42,9,18,25,13,80,36,29,57,45,62,17,88,14
"MYLK4",28,17,61,19,35,17,5,58,31,41,21,61,43,12,10,62,21,35,135,21,13,32,8
"SH3TC1",0,69,125,8,92,9,8,36,15,57,5,27,17,9,78,75,5,61,42,5,10,12,21
"ADAM28",3,77,131,9,26,10,14,119,24,20,7,94,7,10,22,62,12,44,15,2,16,2,59
"CRTC3",1,56,76,16,84,19,7,50,53,54,6,14,18,14,35,76,17,89,47,5,16,12,20
"GTF3C2",8,27,101,15,84,7,7,52,13,39,19,26,15,12,51,88,23,96,50,8,16,9,19
"NDUFS3",18,33,104,8,62,17,9,58,30,41,10,14,19,25,63,60,46,65,45,18,10,12,18
"PRPF4",0,22,67,16,65,12,5,58,37,36,56,33,10,17,54,84,18,98,39,12,4,20,22
"TSPOAP1",0,131,32,5,33,3,4,17,6,80,3,37,0,62,44,133,8,70,8,4,10,8,87
"C6orf47",1,25,94,8,76,4,5,57,5,53,5,49,5,3,41,62,9,164,25,5,19,4,65
"CD99L2",1,26,98,18,52,15,11,41,32,30,5,13,33,13,82,64,57,73,40,32,12,20,16
"LINC01806",3,12,28,92,31,11,22,39,103,22,19,19,49,24,37,1,45,2,95,14,49,55,12
"SCARB1",11,21,53,12,49,25,12,56,20,24,8,40,58,21,63,75,17,27,72,30,15,49,26
"WDR18",8,24,39,50,43,17,17,21,28,40,15,6,14,35,49,35,56,36,44,31,114,45,17
"ZNF487",10,35,68,12,43,14,18,48,9,41,19,43,21,4,58,79,25,127,35,17,16,10,32
"RNASE3",3,35,38,8,0,4,2,48,30,31,0,37,4,2,48,88,186,20,66,104,1,10,18
"SLC25A20",8,33,45,19,66,14,8,47,42,31,50,45,9,18,52,60,45,67,52,5,23,18,26
"CCDC88A",2,27,128,13,91,5,3,45,6,32,13,13,8,10,70,77,10,87,62,21,8,17,34
"CRELD2",2,35,94,7,64,6,8,48,62,30,6,36,8,9,62,67,18,133,31,3,10,8,35
"IFT57",4,37,24,51,43,13,7,63,48,24,63,32,20,20,63,49,40,55,46,26,13,16,25
"MPDU1",7,28,46,32,55,18,4,55,45,58,26,13,24,33,55,73,22,52,44,20,25,28,19
"ZNF581",0,27,49,23,56,12,8,50,25,52,17,41,22,15,65,57,32,109,39,13,27,25,18
"MAFA",30,8,66,22,26,43,25,33,28,49,8,27,42,12,20,90,14,24,68,38,19,51,38
"POMZP3",3,36,42,75,49,13,5,63,19,14,11,40,25,50,14,92,12,24,29,72,72,8,13
"KIAA0753",4,33,78,24,52,8,8,50,42,22,47,18,15,7,56,88,24,60,55,32,24,17,16
"OTUD6B-AS1",6,31,90,19,41,12,7,53,30,46,44,19,22,22,36,80,20,58,48,16,18,46,16
"SNRNP48",2,48,73,12,67,14,2,67,12,23,14,47,18,9,40,129,14,88,38,7,10,16,30
"CWF19L1",3,39,105,8,53,4,6,47,13,33,9,53,12,7,40,69,15,141,34,8,19,11,50
"NSF",0,22,79,9,106,12,6,75,9,22,3,8,18,3,82,75,10,144,31,10,21,9,25
"NELFA",22,28,69,27,41,6,13,36,58,35,26,40,28,17,61,54,39,61,36,22,21,14,24
"CENPF",8,18,30,34,20,34,2,77,66,33,26,14,26,31,51,78,26,16,52,45,15,46,29
"MRPL52",57,23,47,19,46,28,15,38,19,73,44,27,28,24,52,57,27,38,46,14,13,23,19
"DUSP5",2,60,31,0,54,9,2,48,36,44,9,27,2,27,52,28,6,232,25,1,15,15,51
"KYAT3",1,27,94,25,65,8,7,63,11,29,18,27,13,14,40,77,17,93,52,22,18,8,47
"MAP3K14",0,38,115,9,69,8,5,65,26,34,6,26,12,8,52,117,8,91,46,4,12,0,25
"TFEC",0,43,142,1,95,9,3,36,7,17,2,27,11,5,122,86,10,75,27,8,23,12,15
"COMMD1",61,15,36,36,20,14,28,6,12,44,12,12,17,36,49,48,120,33,60,49,19,19,29
"NCKAP5L",2,25,104,8,85,6,4,67,10,33,0,16,11,3,99,77,13,95,59,13,16,10,19
"HPS6",0,16,95,19,84,10,5,61,12,45,3,45,10,4,80,76,7,106,41,2,12,9,32
"PSPHP1",68,58,15,26,38,32,18,17,11,60,0,50,60,0,41,23,47,19,33,53,40,50,15
"PTK2",8,19,58,14,32,23,15,43,20,31,34,31,45,22,44,67,16,38,51,69,21,60,13
"SLC66A3",6,22,99,4,91,11,4,29,24,56,5,21,25,9,82,89,18,111,23,12,8,7,17
"GRPEL1",2,57,57,9,41,6,6,32,14,59,18,58,5,14,34,36,16,221,26,11,9,10,31
"TUFT1",10,8,41,22,29,10,17,45,61,22,119,64,23,16,32,51,16,45,35,26,9,62,8
"DNM3",7,13,42,45,39,32,11,66,19,56,3,52,36,10,29,23,38,49,76,53,25,39,7
"IL27RA",2,28,98,8,72,7,10,27,50,56,10,14,11,14,112,65,7,86,50,2,10,4,27
"TMEM87A",4,20,68,19,65,10,6,47,27,45,32,37,13,10,55,61,28,116,32,15,12,18,30
"TIMM50",15,24,53,35,48,14,7,27,42,57,37,21,37,25,46,61,42,36,64,27,24,7,20
"TTC14",3,61,109,14,57,10,15,48,15,21,10,32,0,12,43,89,6,94,49,12,21,11,37
"CDK7",27,30,68,8,39,12,4,32,26,46,69,32,17,7,46,69,23,85,40,17,13,34,24
"GNL2",2,36,45,23,51,12,4,51,25,68,18,30,13,25,60,69,11,112,38,23,19,3,30
"HARS2",4,19,102,15,69,12,4,59,3,17,6,38,6,5,47,98,10,125,58,4,16,12,39
"POLRMT",12,40,77,24,72,8,2,44,25,67,16,19,5,15,57,131,23,41,38,11,10,15,16
"ZSCAN26",20,16,23,20,24,19,9,50,64,19,179,16,51,7,30,58,30,11,53,10,11,33,15
"DNM1L",5,43,58,32,53,16,6,30,28,44,26,26,19,18,60,55,24,36,64,25,31,39,29
"CYTH3",7,10,63,26,46,11,7,80,24,20,41,36,41,11,46,65,19,52,103,7,8,22,21
"NECAB2",0,26,36,8,23,1,6,226,1,23,0,49,3,1,24,50,6,217,19,4,13,0,30
"DLEU2",12,38,67,51,57,17,4,42,11,33,20,50,28,6,26,69,19,80,65,5,14,16,35
"NCAPG",11,9,57,61,15,25,4,70,41,44,19,12,23,39,34,48,38,37,45,45,24,52,12
"PCYT2",4,34,63,29,56,9,3,47,39,56,2,42,16,17,49,50,32,48,64,23,21,43,18
"DENND4C",2,18,56,10,58,26,6,59,10,21,17,22,36,12,58,67,30,88,32,36,18,56,26
"DKC1",10,46,58,7,61,18,14,38,73,41,54,22,3,14,55,53,17,67,48,30,5,14,16
"TMEM138",11,26,48,38,33,32,4,66,35,50,40,22,45,8,39,48,42,61,59,10,13,17,17
"ZMYM5",12,26,76,7,61,5,10,46,12,38,25,21,30,17,44,64,24,86,56,22,29,18,35
"CAMKMT",40,7,24,52,27,7,22,52,24,50,21,29,29,27,33,63,58,35,40,36,19,38,30
"FTH1P2",8,46,22,27,18,14,12,114,31,31,17,32,13,17,47,40,57,29,32,72,22,37,24
"IGLV1-40",1,68,55,7,61,11,15,3,201,1,33,2,0,20,75,22,2,16,85,0,11,12,61
"PAGE2",33,15,37,49,34,25,19,29,25,53,39,29,50,29,34,41,42,23,41,27,36,21,31
"RABGAP1L-DT",6,5,80,101,16,37,11,22,20,20,14,58,15,34,29,24,71,13,27,29,27,80,23
"ABL1",0,21,77,1,64,5,1,59,32,34,27,9,24,24,50,70,22,109,39,19,14,18,42
"AKAP11",3,31,88,18,63,15,5,28,34,19,34,19,23,17,76,87,21,95,32,4,18,19,12
"INVS",30,11,26,59,41,15,15,32,35,57,50,20,30,22,51,57,42,26,41,14,33,27,27
"NBPF14",3,73,68,8,57,13,5,35,1,49,6,49,9,2,15,89,12,148,25,3,10,7,74
"VPS54",12,39,63,20,57,10,9,19,43,32,2,18,17,10,86,73,16,68,48,35,12,42,29
"CYP4A22-AS1",14,14,36,43,14,33,16,73,36,51,47,23,49,17,14,26,42,47,32,11,62,50,9
"DCAF16",3,53,38,21,31,8,13,39,26,45,54,37,20,13,44,68,19,135,30,16,6,9,31
"PDHB",11,29,87,17,71,11,3,62,21,27,46,26,14,13,46,53,32,65,54,7,13,19,32
"PTGER2",1,64,81,8,82,12,2,45,8,45,4,14,9,15,100,84,23,84,38,17,6,6,11
"ORAI3",4,10,104,16,72,7,13,79,17,28,12,54,18,1,61,85,29,75,23,9,7,7,27
"PELO",0,5,85,5,56,10,15,106,15,71,8,63,6,5,51,40,7,81,43,15,37,5,29
"COPS4",12,31,37,9,43,14,5,21,39,43,40,27,43,13,56,42,36,82,44,38,19,31,32
"HPS3",0,17,133,2,90,15,4,73,11,26,5,19,7,8,56,89,25,102,29,8,9,3,26
"MRGBP",7,52,57,25,63,9,8,45,29,22,16,47,6,15,39,48,29,88,43,24,34,13,38
"PMM2",6,29,22,4,140,10,6,28,16,39,16,19,8,3,42,276,7,34,13,7,5,8,19
"ZBTB33",7,47,79,7,45,8,5,45,26,19,17,29,12,9,70,74,16,128,23,13,22,14,42
"CNOT9",4,20,65,8,69,6,3,42,25,62,11,23,12,13,56,87,18,130,31,15,6,10,40
"NFU1",36,26,32,38,36,14,11,44,24,62,35,23,20,30,50,61,44,37,48,27,27,18,13
"CEP43",0,33,168,31,31,8,7,34,5,37,5,33,13,4,21,115,22,120,31,1,13,3,20
"GOT1",19,6,49,29,30,32,10,32,38,36,32,16,47,32,34,40,48,14,65,52,35,29,30
"IGKV3-15",0,134,37,0,16,16,5,12,278,15,30,12,7,11,74,18,18,13,12,2,7,20,18
"KIF3B",3,21,105,11,63,14,5,32,19,25,20,16,23,10,50,86,9,134,36,9,10,12,42
"PRKCH",1,87,26,11,50,12,8,13,20,60,8,17,7,68,63,103,2,60,22,1,15,18,83
"RPS4Y1",10,44,1,98,74,0,12,4,82,71,1,25,0,0,129,77,0,0,51,30,46,0,0
"ZNF350",1,22,75,7,51,10,6,60,7,32,8,55,6,5,66,78,18,145,20,8,16,17,42
"DNAJC1",1,38,51,7,61,11,12,58,28,43,6,28,13,11,61,85,21,120,28,14,8,8,41
"N4BP2L1",3,18,77,2,85,15,8,59,15,29,8,38,7,5,50,97,15,63,27,23,17,37,56
"MCEMP1",23,144,38,17,45,9,18,19,6,53,2,14,10,3,52,54,42,88,56,11,9,20,20
"UTP3",31,15,42,18,23,9,7,46,38,33,130,21,25,15,29,47,35,36,43,49,13,43,5
"SMPD4",10,28,96,25,42,23,7,46,45,37,9,22,14,25,51,82,12,57,45,19,11,20,26
"ZHX1",7,10,73,39,36,6,6,51,32,22,52,14,27,16,55,61,54,57,39,43,12,28,12
"INIP",6,21,83,9,70,8,7,41,11,53,1,46,11,5,55,59,9,148,41,9,18,15,25
"PCED1A",1,26,108,19,61,7,7,27,24,37,12,21,11,26,71,91,13,92,50,5,15,5,22
"SNX9",13,10,25,14,27,20,13,71,61,47,64,21,18,18,40,31,28,51,62,28,16,42,31
"TMEM41B",5,30,68,5,55,6,4,44,21,28,5,61,3,5,54,56,11,122,42,9,21,14,82
"CEACAM6",0,15,5,1,4,13,3,60,12,6,0,17,7,1,27,79,169,10,64,212,6,7,32
"RPP38",8,17,34,43,14,9,16,51,51,46,52,26,42,9,55,48,51,33,51,21,30,21,22
"TMEM268",4,17,56,10,74,11,9,57,17,20,7,24,8,8,64,94,7,142,18,11,21,10,61
"USP34-DT",17,11,55,52,20,13,13,62,47,43,70,15,33,35,53,27,39,30,59,12,15,25,4
"HLA-DQA1",0,37,78,13,48,15,11,5,137,51,13,33,21,33,105,12,16,34,50,3,2,8,24
"SIGLEC1",3,18,51,12,57,3,12,39,33,13,13,9,5,2,131,171,9,45,8,5,40,19,51
"MAPK6",7,41,40,6,42,5,12,22,30,68,27,24,12,10,36,32,33,167,36,20,8,33,37
"MCM2",22,24,39,34,26,16,15,17,35,24,12,26,59,28,58,38,50,25,56,54,29,42,19
"NFATC2",4,46,36,11,33,16,5,22,30,57,58,16,8,44,68,118,6,42,31,15,15,25,42
"ASB13",12,16,30,4,48,21,20,45,41,25,222,12,12,8,29,36,15,53,32,33,3,21,9
"RSPH3",6,9,72,23,48,6,15,73,15,26,30,29,10,16,72,105,29,70,26,17,5,24,21
"THAP3",7,15,63,45,42,11,9,39,22,38,46,24,24,7,55,43,29,29,108,21,17,30,23
"ALDOC",6,22,55,22,71,15,11,73,24,17,20,27,30,22,45,46,52,46,44,35,18,27,18
"CD48",4,52,74,7,82,12,9,61,25,56,8,14,7,10,96,46,32,73,30,8,12,19,9
"PLIN5",2,55,65,32,38,4,9,60,2,40,0,57,8,0,25,75,18,108,43,13,24,13,55
"SQLE",9,12,31,23,18,10,3,35,167,35,14,14,17,11,50,71,12,53,62,30,4,34,31
"LMBR1",3,12,79,5,60,12,10,65,26,19,14,51,11,7,68,70,22,86,47,19,15,14,29
"LRRC37A3",6,8,44,53,29,20,12,49,11,33,24,34,46,44,27,56,9,74,86,11,14,23,31
"METTL3",2,25,78,17,47,18,7,33,16,30,31,22,15,10,55,83,18,98,43,10,12,15,59
"NDUFS5",2,38,56,6,49,25,5,50,28,66,10,31,19,15,54,44,38,81,55,23,14,15,20
"PKNOX1",1,10,45,15,81,7,7,84,32,47,27,14,25,6,61,35,15,93,39,31,15,13,41
"CENATAC",7,36,52,28,24,16,8,31,24,32,22,33,36,18,41,66,29,69,58,18,15,23,57
"GBP3",4,20,64,0,64,9,6,69,12,23,11,22,4,19,60,53,14,103,11,4,48,65,58
"RARS2",4,37,69,27,41,4,7,55,21,52,26,30,18,8,42,79,20,103,42,5,9,11,33
"BCL11A",6,28,51,34,46,27,7,75,27,33,12,51,27,17,62,37,30,49,29,16,15,21,42
"BORCS6",3,17,58,26,43,13,10,42,17,36,19,60,36,8,40,58,20,77,43,33,13,19,51
"DNHD1",10,33,80,22,37,6,13,74,41,21,61,39,42,17,23,51,10,32,33,37,12,29,19
"MMS19",0,47,90,9,67,8,2,52,24,36,11,27,8,20,52,79,5,84,46,17,17,12,29
"MSH6",3,34,64,15,47,6,7,44,34,33,17,24,15,19,76,79,23,81,56,21,6,20,17
"PRSS33",0,60,122,35,40,10,3,3,2,48,0,81,3,1,91,50,9,112,30,3,29,3,6
"SGSH",0,36,140,10,57,6,9,28,4,55,2,31,7,11,40,86,9,111,59,1,10,2,27
"DDRGK1",5,34,53,25,69,7,8,52,21,42,23,31,13,7,51,58,19,76,44,46,20,11,25
"GKAP1",28,44,29,39,28,31,11,40,36,28,8,74,40,7,38,40,32,24,31,48,57,10,17
"PRRT3",27,11,14,40,19,30,18,29,21,49,57,38,35,24,70,50,27,14,65,36,16,36,13
"LRCH3",3,32,62,11,63,9,14,54,24,15,33,22,21,10,59,75,8,118,31,10,14,17,33
"SENP1",7,25,40,22,51,21,11,61,26,29,48,40,16,15,42,58,14,69,46,27,10,32,28
"C8orf82",13,7,63,19,31,10,6,98,21,21,12,29,28,31,70,79,81,25,13,16,8,38,18
"DGCR6L",5,27,84,24,51,17,8,62,17,44,15,31,12,21,43,44,30,100,38,6,18,13,27
"LILRB4",0,29,118,11,93,10,6,30,28,87,3,16,9,4,72,54,8,68,40,10,8,8,25
"MLC1",4,49,26,2,21,11,10,29,25,53,15,22,17,30,45,73,38,26,43,56,18,37,87
"MOB4",6,25,44,13,86,11,14,55,6,28,13,57,5,9,37,83,15,99,33,18,19,9,52
"SLC4A2",1,55,101,10,93,1,5,44,25,26,11,20,10,11,71,79,9,70,33,7,15,20,20
"TAF1C",4,37,94,21,50,9,9,54,28,27,14,30,7,19,54,68,8,90,41,14,11,1,47
"MHENCR",4,30,93,17,45,13,14,62,21,34,7,82,5,10,36,72,9,84,38,7,18,7,28
"SPAG1",0,55,89,12,55,22,8,45,10,27,12,70,12,2,30,97,13,102,21,8,25,10,11
"CES2",0,21,75,15,78,13,7,60,24,33,7,36,14,5,27,71,15,90,65,13,8,15,43
"SLC35B3",18,21,82,14,65,16,12,82,54,34,39,21,10,7,51,39,17,36,34,26,19,24,14
"THOC3",9,6,100,120,26,11,4,69,51,15,97,8,26,23,22,25,14,18,26,27,2,34,2
"COLQ",7,6,62,62,7,14,10,120,17,41,5,8,51,34,39,51,35,41,45,28,8,23,19
"LSM4",1,45,75,5,40,10,3,38,48,73,12,34,10,20,56,75,36,68,27,13,5,8,31
"PTRHD1",26,18,13,64,17,20,16,50,25,26,16,15,50,40,69,21,70,23,53,21,32,34,14
"RNASEH2B",13,39,62,20,43,15,14,36,40,34,22,32,16,16,39,50,26,84,35,17,19,20,41
"RNF103-CHMP3",11,9,35,25,32,21,18,32,61,20,157,18,32,15,26,43,30,21,53,19,18,33,4
"SLC20A2",24,21,53,83,34,36,26,32,53,11,7,8,32,16,45,28,14,33,96,19,14,34,14
"CCDC12",9,43,61,13,46,11,7,47,22,46,14,21,10,9,68,77,18,68,52,23,15,13,39
"GYS1",1,30,56,12,67,12,5,74,24,49,5,16,8,10,38,79,31,96,44,32,10,8,25
"LINC00989",2,5,51,7,12,33,1,102,28,38,60,75,29,11,17,22,29,36,27,34,20,77,16
"ORM1",6,163,53,0,3,40,18,15,0,19,0,6,10,4,54,36,52,64,111,14,20,6,38
"TMEM70",9,31,88,7,59,9,6,52,12,47,0,39,19,13,60,54,14,124,37,5,19,7,21
"CRY2",4,36,64,11,54,6,6,35,23,29,24,38,17,15,29,49,9,167,39,16,12,11,37
"NECAB3",14,15,47,31,13,20,8,36,30,39,25,63,44,19,23,44,63,23,28,21,26,66,33
"SAE1",4,33,74,11,45,12,4,42,39,33,28,33,16,13,49,82,23,87,31,24,18,15,15
"WHR1",7,23,48,18,44,12,4,39,16,68,27,56,22,7,71,60,13,84,36,17,18,11,30
"CPB1",5,8,33,9,9,10,5,31,83,43,213,11,57,8,5,40,31,6,29,13,12,53,16
"CXXC5",4,57,65,5,58,13,4,24,55,58,16,12,5,12,61,105,9,65,15,7,17,22,41
"IGHV5-51",0,54,27,1,15,7,6,0,407,1,24,2,5,6,47,9,5,18,11,3,5,42,35
"PLTP",38,19,34,35,13,15,62,86,14,10,5,15,40,31,36,9,105,6,33,21,34,60,9
"UBE2V1",36,28,37,48,15,23,10,39,41,38,65,11,49,18,30,52,37,16,37,20,22,42,16
"ARPC5L",1,52,51,11,48,14,5,35,50,66,14,32,0,16,20,86,14,126,27,12,11,17,21
"B3GALT4",2,13,87,11,84,13,9,71,11,32,1,44,9,4,58,58,21,94,41,6,18,14,28
"PTGIR",3,6,68,9,18,29,7,59,14,59,56,33,42,15,58,26,37,41,35,35,16,53,10
"CEBPG",22,30,90,4,33,42,9,113,27,17,14,43,20,6,50,50,18,68,36,6,9,6,15
"FAM157D",0,55,91,9,69,7,5,29,0,16,0,16,10,4,57,140,2,113,59,3,10,7,26
"GART",11,23,78,13,55,9,5,40,45,33,62,29,15,12,65,62,23,37,43,17,17,21,13
"RBM27",2,24,62,11,49,13,7,49,18,25,34,38,15,12,55,66,17,118,41,13,9,13,37
"TRIQK",6,28,78,3,46,14,14,68,3,27,8,24,16,1,55,62,33,140,32,30,9,12,19
"PIN4",17,14,28,19,27,15,27,86,27,36,35,24,34,25,40,56,30,37,75,19,16,25,15
"IARS1",14,38,28,8,32,28,7,61,65,43,16,18,18,21,63,76,27,24,26,28,7,47,31
"PLRG1",10,24,78,16,48,10,13,42,42,48,29,11,20,9,54,66,17,86,32,17,9,18,27
"TK2",0,20,83,14,65,10,5,58,5,32,0,27,9,5,51,70,12,196,27,1,11,5,20
"LTO1",9,9,42,26,43,13,6,39,32,44,77,17,23,19,32,83,17,59,59,20,24,14,18
"MPLKIP",11,13,86,24,57,12,9,53,38,33,54,31,6,4,42,67,24,79,29,9,13,20,11
"TNF",1,3,65,29,29,0,9,39,4,60,2,25,2,2,13,65,1,334,19,4,6,3,10
"ZNF445",4,51,146,20,57,10,9,24,6,28,0,24,10,7,37,101,6,83,27,9,17,5,44
"APBB3",1,49,102,15,56,5,10,52,5,66,4,49,2,3,24,81,5,82,47,3,13,1,49
"ERCC3",6,34,101,6,51,11,6,43,19,32,13,25,10,11,49,89,13,98,27,11,21,9,39
"MICALL1",4,29,57,15,52,6,4,76,19,23,7,20,6,2,41,103,15,138,24,7,10,10,56
"RPGRIP1",0,32,92,14,83,3,9,61,5,37,1,55,7,1,14,140,8,101,24,4,5,3,25
"VPS35L",3,15,88,15,59,18,8,49,26,36,11,15,20,14,74,60,20,73,44,17,25,16,18
"ZNF19",34,8,36,40,21,13,9,30,73,14,166,10,38,31,17,28,14,16,16,25,26,50,9
"ZNF398",0,18,112,9,75,11,9,99,9,18,6,23,7,1,50,74,2,119,40,6,10,4,22
"GRAMD1B",0,29,62,8,65,13,7,23,5,11,0,49,5,8,85,58,7,163,8,15,41,25,36
"ACVR1B",0,14,118,4,55,11,3,43,11,40,0,18,14,4,52,46,13,133,49,9,23,15,47
"COG5",4,14,89,6,72,8,2,39,21,44,29,10,15,7,56,91,19,79,41,15,11,15,35
"MAP1A",4,17,30,11,25,29,3,85,12,10,8,32,47,11,25,35,29,22,36,93,24,123,11
"RPSA2",7,19,36,36,14,60,2,30,68,8,59,13,86,25,19,62,22,23,8,20,68,24,13
"SAT2",0,36,87,6,75,11,6,49,13,58,3,25,10,12,69,68,17,95,15,5,7,10,45
"DPEP3",0,42,88,16,69,3,4,34,0,30,0,63,3,0,35,100,8,108,31,3,8,2,74
"RAPGEF6",4,17,69,7,71,10,3,65,12,34,31,56,9,6,47,48,6,114,46,17,10,11,28
"AVIL",2,33,81,4,48,12,2,55,8,25,6,18,15,1,57,222,14,40,35,5,14,4,19
"RPL4P4",3,11,51,48,47,21,4,113,29,29,22,23,28,14,34,59,37,19,41,27,16,32,12
"SMAD3",2,31,70,5,59,5,6,22,21,32,16,22,14,22,73,87,11,94,44,5,19,12,48
"IGHV3-33",0,83,13,0,35,7,4,1,282,7,37,0,0,7,81,16,12,8,32,2,8,21,63
"IGHV3-7",1,100,19,3,45,18,11,5,264,10,23,7,1,19,42,17,5,8,44,5,24,24,24
"ERLIN2",0,43,67,5,77,5,7,32,16,28,10,21,5,1,47,76,18,143,35,14,8,16,44
"SS18L2",15,21,45,12,46,12,12,44,10,75,9,50,10,16,39,52,22,125,40,10,11,17,25
"TMEM50B",10,39,75,19,46,0,14,47,19,42,15,37,6,18,56,65,14,104,27,20,12,20,13
"CENPC",11,50,55,18,53,12,3,34,19,20,65,17,6,22,26,53,29,94,34,23,18,26,29
"CYP4F12",25,31,61,19,33,11,17,15,41,27,49,19,8,18,19,64,24,35,60,34,29,35,43
"SLC2A14",9,8,33,46,21,29,6,72,43,28,33,10,43,23,30,35,44,30,57,31,19,42,25
"FAAP100",2,28,100,6,68,10,3,33,33,37,8,30,11,15,51,70,14,123,39,12,3,6,14
"PDE6D",4,29,58,4,75,5,5,49,24,38,5,39,6,6,44,68,16,154,34,9,19,10,15
"TERF2",4,16,68,15,75,14,10,61,22,31,20,44,13,8,38,73,21,82,39,11,15,12,24
"ZNF552",4,34,64,4,56,8,7,41,2,59,2,58,3,3,33,58,9,153,44,2,10,7,55
"ZNF731P",2,60,88,10,31,4,0,59,9,32,3,30,10,14,32,82,5,131,29,7,19,5,54
"BCL9L",1,62,60,5,68,7,6,39,39,32,6,10,6,59,49,134,1,34,38,6,11,11,31
"HACD2",8,22,68,5,49,10,7,22,30,43,44,21,10,9,46,89,18,107,50,20,10,14,13
"DUS3L",5,25,24,45,41,14,4,25,38,29,18,18,41,31,45,76,42,43,50,43,22,16,19
"NPRL2",9,35,111,7,37,9,9,68,18,32,9,47,4,8,49,81,13,93,25,11,12,8,19
"ACER3",1,40,77,18,63,16,10,52,9,24,2,27,26,2,49,40,23,81,40,48,9,32,24
"ATP6V0C",8,11,41,47,27,12,5,53,36,44,42,33,33,9,22,68,35,27,60,18,36,31,15
"C4orf33",10,37,50,11,23,3,5,59,11,68,5,63,11,7,44,43,13,122,19,9,16,13,71
"TFAM",4,33,76,9,51,5,6,29,42,38,6,26,15,3,70,80,14,117,31,8,12,15,23
"ZNF513",2,21,64,33,59,8,6,36,14,30,21,28,15,13,42,91,24,116,28,15,10,3,34
"EIF4EBP1",3,23,97,10,56,9,7,42,14,65,4,22,26,8,51,74,17,77,53,11,7,18,18
"EPHB1",9,24,58,6,60,5,5,51,0,50,3,38,10,0,39,112,21,151,24,6,6,6,28
"KCTD21",2,10,61,21,56,13,6,43,12,6,10,24,32,7,59,83,28,92,42,15,19,47,24
"PITPNM2",3,34,51,6,17,35,4,79,24,27,2,33,54,20,34,35,27,17,41,52,11,79,27
"RPL22",4,23,73,9,60,13,8,36,59,50,16,28,23,15,49,62,29,47,50,9,11,16,22
"SEPSECS",12,27,42,30,31,9,7,27,64,37,110,26,33,10,34,55,14,31,42,15,13,24,19
"NUP50-DT",2,39,112,2,95,6,4,40,1,14,0,68,14,0,21,76,8,59,16,2,13,1,118
"SKA2",13,10,25,32,30,33,9,61,17,47,28,20,12,42,45,38,29,35,65,32,24,41,23
"TMPRSS4",0,3,25,83,7,20,9,51,22,24,32,19,50,18,6,114,11,10,70,0,28,95,14
"CD84",6,15,117,8,76,10,2,32,11,14,8,18,26,8,56,106,13,99,30,20,16,9,10
"ENGASE",2,43,89,12,48,13,0,25,25,17,11,30,2,21,54,132,7,81,37,9,0,7,45
"S100A3",4,1,17,16,12,0,3,27,0,5,2,3,2,0,11,530,2,5,38,0,2,30,0
"AGPS",4,37,69,10,59,22,8,37,20,32,14,23,9,16,68,56,22,75,38,34,19,16,21
"MAD2L2",4,39,84,7,67,15,2,51,11,50,8,20,11,9,72,25,12,123,41,5,19,7,27
"ECHS1",4,26,49,17,51,13,8,57,30,35,13,10,24,24,64,47,55,52,44,13,23,22,27
"TPT1P9",19,25,30,40,33,28,1,132,26,37,9,45,32,21,22,33,56,7,31,30,21,17,13
"UBIAD1",8,17,25,38,64,25,9,53,43,33,18,20,34,16,48,62,29,17,38,31,38,28,14
"CCNH",7,49,73,14,39,12,6,44,14,28,5,36,18,15,45,70,26,95,25,20,24,17,25
"PIGV",3,9,77,43,34,14,9,59,42,25,35,7,27,11,50,65,35,48,41,15,20,29,9
"CCNB1",61,13,31,37,9,36,7,92,22,60,34,17,12,21,41,43,54,7,32,24,10,26,17
"GPX3",62,21,54,3,44,4,8,38,7,24,5,18,15,75,67,21,12,94,25,29,28,38,14
"LENG1",6,13,56,29,45,13,8,47,20,37,11,32,21,12,55,67,41,59,39,40,11,16,28
"SLC30A5",5,22,82,16,79,8,6,36,23,28,8,33,15,6,40,77,9,109,29,25,11,12,27
"TMEM106B",21,43,94,10,65,21,15,71,27,30,23,12,12,14,44,50,16,37,40,7,17,16,21
"TOMM70",8,31,47,11,26,20,11,23,51,25,17,33,9,26,44,62,23,64,46,37,18,49,25
"FOXK1",2,39,55,11,47,0,7,31,16,39,7,28,13,9,82,83,6,120,27,10,7,11,55
"PSMB5",5,17,47,19,37,20,4,66,41,22,58,12,25,19,63,64,31,36,30,27,15,24,23
"AMDHD2",5,25,109,22,72,5,6,53,5,52,5,45,11,11,28,49,7,95,41,0,9,13,36
"ANAPC7",4,32,70,17,38,4,7,50,31,21,45,48,19,8,50,54,31,58,43,15,13,23,23
"CEBPE",3,12,57,10,29,15,16,53,4,25,0,15,5,1,81,53,96,71,59,53,20,9,17
"LIX1L",4,18,50,3,59,4,4,90,11,26,9,26,8,9,66,80,12,137,23,5,21,16,23
"NAB2",2,26,65,4,22,3,3,7,12,113,2,61,0,4,20,20,7,279,12,5,1,5,31
"PTGR3",5,33,119,12,82,6,1,49,7,27,6,15,12,8,66,72,35,68,29,18,14,12,8
"MALT1",3,48,70,5,68,9,8,36,32,32,10,27,5,9,39,90,2,133,31,5,7,14,20
"MYPOP",2,9,58,33,40,14,7,59,21,44,11,14,21,10,60,42,49,58,73,31,29,7,11
"RSPH9",20,7,19,39,24,25,48,16,10,51,6,12,20,17,73,29,74,29,49,49,53,13,20
"PALM2AKAP2",1,18,34,1,25,39,7,59,63,11,30,19,20,11,72,47,24,21,12,75,15,71,27
"SEPTIN11",0,35,65,11,50,23,6,37,28,31,11,31,19,15,57,47,12,36,24,41,13,87,23
"DAG1",5,17,62,9,46,13,2,36,34,40,31,31,35,9,43,37,17,76,44,31,12,44,27
"GIMAP7",0,4,138,7,88,12,6,32,23,22,8,5,4,7,141,69,6,42,32,6,15,18,16
"SMARCD3",0,30,101,6,79,5,8,44,1,47,5,13,9,0,63,73,18,82,66,13,12,8,18
"KIF3C",4,20,86,7,72,23,5,57,0,26,2,28,16,5,49,46,22,68,52,25,24,47,16
"LDLR",5,116,32,7,12,5,12,25,27,40,5,21,4,19,57,50,13,144,32,16,4,12,42
"LINC00278",57,22,0,70,43,0,21,0,67,64,0,25,0,0,90,65,0,0,97,35,44,0,0
"TLR10",3,40,72,17,54,13,8,73,41,28,11,42,4,3,30,74,9,125,28,0,5,2,18
"ZNG1B",0,20,84,11,49,6,8,51,6,31,18,64,8,2,54,82,14,109,32,4,21,9,17
"ZRSR2",1,34,66,11,64,4,8,64,15,35,7,34,8,12,71,58,23,79,26,13,20,17,30
"MCUB",5,37,67,5,61,8,6,25,39,73,17,10,15,10,101,81,14,56,14,2,11,20,22
"LIG4",1,27,84,6,65,9,11,48,10,50,8,44,6,6,64,55,20,106,34,1,8,8,27
"RRP7A",2,24,41,28,45,12,7,36,37,75,25,20,10,30,49,47,23,60,37,45,8,19,18
"TIFA",1,16,83,5,68,7,14,54,18,23,4,18,7,6,88,46,8,109,34,9,40,19,20
"ZC3H14",8,26,28,32,32,12,10,28,35,48,32,23,24,7,54,64,31,47,42,48,20,21,25
"CSTF2T",0,17,91,6,92,9,5,47,12,20,3,32,3,9,74,75,20,84,27,6,18,5,41
"NUP85",5,23,98,14,70,7,7,46,18,42,4,24,10,7,49,61,10,100,40,19,5,7,30
"RAD51-AS1",14,12,35,35,35,15,6,29,20,22,100,19,40,21,36,64,21,43,59,14,29,10,17
"RRM2",44,26,18,17,23,25,6,30,113,53,31,15,8,21,29,43,44,17,22,55,9,24,23
"GPATCH11",10,13,49,24,24,14,8,33,53,20,166,6,19,8,40,51,15,26,39,37,2,24,14
"LPCAT4",0,30,114,12,61,4,3,49,18,27,7,34,10,5,54,72,7,107,31,8,5,3,34
"SLC35F6",2,22,68,13,56,13,6,50,8,54,0,18,12,5,68,78,14,97,29,6,33,5,38
"ABHD18",14,23,67,12,42,12,8,58,22,24,12,27,16,14,39,81,18,82,42,10,16,19,36
"AGAP3",0,22,108,1,47,5,5,67,4,43,1,35,5,9,59,97,11,104,33,9,3,2,24
"DCLRE1B",5,8,64,40,45,27,18,48,26,21,28,50,35,21,25,37,27,34,46,25,13,38,13
"TCOF1",0,31,60,12,58,3,12,30,49,39,14,15,8,13,62,90,12,97,36,16,9,7,21
"UBXN2A",1,13,29,15,20,11,9,62,33,28,82,27,62,18,38,50,55,41,15,18,21,27,19
"WDR19",22,12,45,9,30,9,5,32,45,25,130,20,23,16,40,66,15,67,23,19,13,8,20
"ING5",2,39,85,18,41,21,8,32,39,30,18,17,11,16,41,60,29,74,31,20,13,12,36
"TSTD2",10,10,38,37,10,11,5,20,42,49,91,24,40,20,53,29,24,16,54,25,15,35,35
"BUD23",4,50,41,29,22,6,10,18,52,47,30,22,13,20,50,59,20,69,42,19,14,21,34
"FOXO3B",9,16,36,50,12,18,8,40,18,26,36,20,38,12,39,29,27,16,47,128,14,43,10
"SLC30A7",8,19,82,14,44,8,6,52,18,24,18,24,5,6,73,88,14,106,35,5,7,3,33
"XG",0,15,1,0,0,54,40,0,0,0,6,119,141,13,34,0,0,117,0,55,0,97,0
"CDK10",3,42,94,18,17,14,7,31,19,40,17,21,6,14,58,68,27,53,53,12,15,15,47
"CTNNBIP1",1,21,68,3,60,15,2,61,7,42,4,66,17,8,32,77,26,63,47,14,14,20,23
"LONP1",26,27,55,10,48,23,1,73,46,47,18,21,11,14,51,45,14,47,44,26,11,12,21
"SLC35E3",0,29,69,5,59,9,10,88,6,17,4,55,14,2,29,105,6,112,20,3,9,8,32
"YEATS2",0,34,83,23,91,8,2,52,11,19,8,20,11,6,41,94,12,78,26,26,9,23,14
"ZFPL1",18,16,44,51,43,17,7,56,13,37,21,39,20,10,32,36,36,38,35,40,34,30,18
"MAPK9",6,23,48,15,45,6,4,52,22,26,10,23,11,12,50,62,14,152,31,19,24,12,23
"PHLPP1",4,17,78,6,83,9,1,82,9,16,3,20,22,2,66,102,13,71,31,18,8,10,19
"PPP1R16B",2,74,41,11,42,10,5,6,47,42,22,19,5,47,53,54,1,74,18,2,12,12,91
"LINC00641",5,43,41,32,48,10,6,70,12,40,12,42,21,9,16,84,23,41,56,16,3,10,48
"MSRB3",1,20,67,4,47,14,5,64,8,22,6,37,25,5,32,71,31,81,55,39,15,17,22
"TAF15",0,91,80,10,54,12,10,30,20,15,15,33,0,7,46,65,11,106,22,8,13,17,23
"LINC00623",2,16,39,8,100,20,3,96,7,18,3,58,2,4,51,87,8,50,37,8,11,25,34
"SNRPC",19,18,50,17,53,11,4,34,38,43,29,22,19,23,48,62,20,82,26,8,16,21,24
"DUS2",2,32,131,15,89,8,6,87,8,24,6,28,10,3,34,75,9,57,22,5,12,3,20
"GP1BA",1,12,41,2,26,46,12,80,3,13,3,24,55,8,27,27,31,12,40,89,11,112,11
"ISCA2",76,20,48,16,45,18,12,34,19,34,6,24,18,7,37,56,15,63,26,37,18,32,25
"P3H1",0,25,64,11,57,9,8,37,33,43,22,32,5,10,56,75,19,99,30,13,11,12,15
"C5orf63",9,10,57,38,17,18,12,44,47,23,33,6,53,43,34,56,28,39,51,8,31,18,10
"EXOC2",6,28,60,24,30,7,4,44,30,34,29,13,13,9,66,64,28,55,69,10,19,26,17
"HIC2",3,28,39,6,26,15,11,32,36,19,70,20,16,17,38,30,16,152,65,18,2,14,11
"MTRF1L",5,12,28,31,28,20,18,51,13,30,17,26,20,35,53,75,25,43,49,26,32,30,17
"NRL",21,15,18,32,21,33,10,56,29,25,17,16,37,34,41,52,42,24,43,17,36,41,24
"ODF2",3,32,63,18,36,16,9,59,18,30,26,22,5,10,50,80,22,72,41,28,14,16,14
"KMT2E-AS1",5,11,51,23,26,13,13,45,27,41,204,19,4,4,19,37,16,38,35,17,9,15,11
"LMAN1",5,55,37,4,46,16,5,39,109,21,25,13,19,14,55,45,11,34,34,27,13,22,34
"RALA",3,27,69,18,51,17,18,37,27,13,14,34,32,19,58,39,39,52,44,25,17,14,16
"ZNF277",4,12,41,30,52,10,7,33,17,41,30,24,16,17,40,78,32,55,44,19,29,14,38
"ATXN2",9,31,89,6,46,9,13,45,11,17,35,24,26,13,41,75,14,67,46,24,13,16,12
"B3GAT3",5,45,83,8,61,6,2,34,21,52,9,24,6,10,42,66,16,96,37,4,20,8,27
"CARD11",0,54,24,11,40,10,1,29,77,53,32,17,3,47,36,78,3,37,8,0,19,16,87
"CASZ1",8,15,43,36,27,10,8,54,15,38,31,25,6,28,56,77,25,57,42,16,13,30,22
"DARS1",1,26,48,7,72,10,20,36,46,40,20,18,36,11,53,43,13,71,34,14,25,9,29
"SUMF1",8,44,75,10,70,12,11,34,21,30,13,9,10,9,42,77,10,95,45,9,21,18,9
"ZNF264",0,16,77,15,74,12,7,34,30,29,25,30,14,9,37,77,12,108,25,12,15,4,19
"FBXL12",0,22,75,6,40,10,2,36,5,46,0,53,11,10,22,52,6,202,26,7,4,3,42
"RAB27B",0,14,68,3,18,50,5,77,10,13,3,31,60,6,26,27,39,24,29,79,16,74,8
"BZW2",28,26,77,12,32,6,5,24,19,25,27,22,120,10,31,19,20,20,22,15,39,62,18
"CRCP",3,25,72,5,53,9,6,40,16,48,14,45,3,1,38,68,14,143,26,8,10,1,31
"PSMC5",0,26,61,8,66,11,6,42,25,62,20,21,9,9,36,72,21,93,25,15,8,20,23
"CDC37L1",8,17,34,18,35,25,11,35,29,18,117,34,27,11,45,43,28,43,37,14,7,23,19
"LINC00654",48,27,24,33,38,10,16,16,13,67,15,22,23,23,34,51,20,38,40,70,20,13,17
"TSPYL2",0,101,32,9,20,9,11,28,21,48,13,48,5,46,11,33,4,103,10,25,7,42,52
"CCDC14",9,35,62,24,23,20,17,31,25,37,38,11,16,25,35,65,21,35,25,27,13,43,40
"CDK6",0,38,52,19,24,19,6,46,53,29,20,27,9,23,45,63,10,48,30,31,9,27,49
"FCGR2C",0,34,127,7,35,9,6,50,2,22,4,42,11,2,22,33,10,134,18,3,4,10,92
"IFI27L2",14,20,29,21,29,8,12,52,20,41,22,23,40,29,34,52,28,49,32,35,6,59,22
"NCOA5",5,13,82,8,41,8,6,62,24,36,21,20,13,12,76,67,14,70,34,16,15,7,27
"OSTC",7,38,56,6,58,10,5,37,42,45,21,12,9,11,67,64,27,60,35,13,13,11,30
"RPL13AP15",0,3,35,62,9,7,10,8,30,30,214,19,12,1,27,68,24,15,43,21,14,18,7
"SNAPIN",16,8,69,12,64,16,15,69,28,36,18,9,22,9,69,47,54,44,17,28,8,11,8
"ZNF740",3,26,81,5,56,7,6,52,9,21,10,30,0,7,63,73,9,114,22,4,12,14,53
"CACNB4",0,22,71,13,54,6,1,90,2,36,0,56,9,3,36,119,2,101,31,6,0,0,18
"CDC14B",1,8,36,11,17,33,4,71,2,21,3,30,34,7,24,25,27,40,26,97,24,121,14
"ZNF160",2,18,58,11,67,12,6,50,12,19,3,33,7,5,52,106,15,98,29,6,14,10,42
"NEURL4",2,22,98,36,51,13,5,33,16,40,19,14,9,10,43,89,12,84,37,9,12,8,12
"CFAP36",14,19,28,43,22,12,8,34,22,29,15,17,23,16,52,62,58,37,58,39,29,13,23
"CPED1",1,3,25,92,32,2,2,7,50,4,0,44,10,0,45,20,20,162,17,73,1,51,12
"EGLN2",3,52,92,12,27,6,6,52,2,40,1,64,5,5,16,61,3,146,25,4,2,0,49
"MRPL27",26,12,42,49,30,27,5,28,21,43,29,14,15,33,34,36,47,24,40,16,38,48,16
"NFE4",0,18,65,8,44,12,13,44,0,24,0,30,9,2,14,120,21,165,20,6,21,5,32
"TMEM126B",45,20,71,19,40,13,16,31,18,43,19,20,18,9,30,59,20,57,33,8,17,33,34
"TRAPPC4",4,39,54,10,43,10,5,31,21,49,14,54,9,9,39,55,5,136,24,9,13,15,25
"DAB2",3,8,42,9,27,29,7,82,5,25,7,30,45,9,22,44,31,19,18,87,10,101,12
"PPP1R35",1,21,50,16,44,11,6,76,14,32,29,87,10,3,23,42,24,80,44,6,10,10,33
"SERPINB8",0,19,105,1,110,6,3,38,2,53,9,37,19,6,50,82,8,73,19,1,8,6,17
"ANXA9",4,28,104,7,43,14,9,73,1,26,1,25,12,1,24,91,13,103,32,5,6,4,45
"B9D2",3,15,96,11,64,21,3,74,7,35,14,30,10,2,58,70,18,72,28,8,16,8,8
"C1orf174",4,25,80,17,48,5,2,30,14,36,11,30,10,11,51,77,14,111,28,11,17,7,32
"PPID",4,22,92,8,80,7,7,47,9,27,44,31,8,6,59,61,21,67,25,9,18,8,11
"UCHL5",3,48,37,20,36,11,9,39,25,44,18,35,21,19,40,51,22,53,44,24,21,13,38
"BEX4",9,38,29,9,25,60,7,28,33,36,37,19,24,21,29,40,20,28,27,81,9,38,23
"C4B",3,28,31,34,13,39,1,13,16,104,7,87,43,11,71,19,22,8,61,27,16,6,10
"FAM117B",1,9,91,1,93,6,5,60,16,27,11,23,5,0,35,41,22,150,32,7,12,7,16
"KBTBD11",0,32,126,7,66,26,0,32,1,24,4,15,4,3,50,104,34,38,26,25,15,6,32
"PGBD2",29,17,64,28,28,24,17,36,23,25,11,11,39,24,21,36,31,33,30,15,41,59,28
"TMEM129",1,19,97,8,51,8,3,54,20,40,9,26,8,13,51,62,22,103,25,11,3,8,28
"TSPAN3",1,71,57,9,41,8,8,17,38,57,26,16,4,18,58,67,18,72,23,11,12,17,21
"ELP2",20,22,44,10,38,9,18,34,33,45,64,9,15,11,40,80,40,34,31,13,15,21,23
"LINC03078",16,12,0,23,6,14,17,1,0,11,0,41,69,0,68,178,9,65,55,5,0,9,70
"SNHG3",5,45,38,12,38,14,8,45,38,31,70,35,4,13,30,40,27,88,27,19,7,22,13
"UNC50",15,27,55,12,54,3,10,54,24,26,39,28,11,5,51,70,10,76,31,11,12,16,29
"IGLV3-25",0,174,16,0,23,3,2,1,285,8,27,0,5,3,25,8,0,7,12,1,6,4,58
"SSRP1",1,43,79,7,37,11,5,40,46,52,16,10,13,26,58,69,16,46,14,26,11,25,17
"FARSA",5,8,52,22,73,29,5,35,50,40,28,15,11,12,51,58,23,27,33,34,21,24,11
"GGCX",4,21,115,15,62,9,7,57,5,30,4,30,5,5,36,90,20,72,25,17,7,8,23
"PDE5A",4,10,49,2,21,18,10,90,1,17,0,36,54,5,20,17,39,30,23,92,30,87,12
"TM6SF1",6,30,92,5,66,13,4,53,3,17,0,33,10,3,49,103,12,98,37,2,12,5,14
"TTC9C",25,18,69,12,53,15,8,74,26,32,13,25,28,8,62,55,25,51,22,7,6,20,13
"ATP8B4",1,26,52,5,42,7,11,37,7,12,5,25,5,4,48,87,36,101,33,58,6,11,47
"DOCK6-AS1",14,7,0,72,32,21,5,46,34,31,38,6,54,17,22,57,15,16,37,9,54,47,32
"GOLM1",16,20,47,6,61,12,30,36,12,21,6,12,29,9,55,69,21,40,33,80,23,12,16
"ARL15",3,22,45,3,54,26,3,70,10,39,8,31,24,3,42,55,21,58,38,21,12,33,44
"CENPE",7,24,34,16,20,27,8,61,37,27,22,23,31,18,50,64,16,29,19,29,21,34,48
"CNIH1",8,37,93,6,52,10,10,21,23,53,8,22,19,8,60,78,19,39,47,12,13,12,15
"IGHV1-2",0,57,23,1,26,30,6,5,310,11,42,0,0,12,60,11,2,13,0,0,11,21,24
"PRDM8",2,17,93,4,79,11,3,64,12,46,8,20,6,11,69,83,8,66,16,3,2,3,39
"SELENOP",13,15,11,27,6,4,4,34,46,77,21,61,30,7,19,39,99,15,49,40,5,26,17
"FAM43A",0,6,76,5,82,5,1,77,11,15,6,28,8,0,82,57,6,120,35,9,13,10,12
"HMGCS1",5,31,43,5,38,9,4,24,78,38,20,36,2,14,53,29,16,139,26,3,11,11,28
"TROAP",32,14,43,39,15,14,15,68,25,89,25,7,5,29,22,25,48,10,53,20,14,32,19
"COX19",2,38,79,2,58,7,2,47,13,31,9,31,10,12,52,74,18,80,23,18,13,10,33
"DUXB",21,14,12,30,22,14,10,64,46,18,75,32,20,24,16,50,37,16,23,18,31,63,6
"ELMOD2",3,19,84,5,59,7,7,81,10,27,4,46,12,1,42,62,7,78,32,10,11,14,41
"CEP250",6,41,57,29,42,5,6,44,44,38,18,11,8,14,51,76,15,43,32,15,13,31,22
"EOLA1",7,22,37,14,29,42,13,42,21,34,9,21,17,6,40,32,26,65,111,15,10,23,25
"R3HCC1",4,20,53,17,46,7,7,31,18,43,10,43,18,15,68,61,20,78,46,11,17,12,16
"TBX21",0,65,44,3,38,9,1,12,17,64,8,5,4,54,87,102,1,14,35,3,19,22,54
"NCBP1",4,19,63,20,46,18,6,45,29,16,11,23,16,16,40,61,23,71,41,23,23,14,32
"PPWD1",0,37,93,9,60,6,2,40,7,25,8,32,5,7,44,81,14,85,23,13,10,14,45
"LETMD1",4,30,64,20,31,7,5,43,29,42,19,24,15,11,46,86,24,48,38,7,21,22,23
"ADRB2",0,1,188,9,51,8,2,94,2,1,4,12,8,5,70,56,2,55,55,3,17,10,5
"FRMD3",0,9,30,2,32,19,4,94,3,16,4,37,28,4,33,47,45,68,14,70,25,56,18
"PAXBP1",5,42,68,5,36,3,1,21,18,22,6,23,8,10,38,45,82,49,28,32,6,13,97
"SS18",1,45,49,9,78,11,5,37,30,25,20,14,8,13,56,47,10,77,37,18,27,12,29
"IRF4",0,117,43,10,40,3,6,11,131,14,10,27,7,35,46,28,0,36,17,1,7,14,53
"FLAD1",16,15,43,35,40,31,2,23,29,37,31,13,18,20,62,57,22,37,54,18,13,18,21
"KIF27",0,32,89,5,54,6,3,59,8,29,2,71,6,3,27,90,16,88,26,0,11,6,24
"MRPL47",15,17,23,23,62,15,18,29,31,39,39,33,9,11,40,43,23,61,47,24,22,17,14
"TPCN2",4,23,91,13,81,11,2,57,11,23,3,23,5,7,45,58,19,84,41,8,17,13,16
"ZMAT3",2,41,70,1,65,6,4,42,11,37,8,20,7,6,54,71,10,78,46,12,18,13,33
"ITGB1BP1",11,36,62,9,29,5,4,20,14,61,8,23,9,18,72,45,26,97,44,11,19,12,19
"ZNF397",1,22,110,13,56,7,6,57,19,9,10,29,15,4,40,84,9,102,19,7,10,5,20
"COX11",17,20,28,48,32,6,7,31,12,59,17,22,60,33,36,30,61,17,33,22,33,15,14
"ZSCAN25",5,27,60,14,43,8,2,64,9,28,11,24,9,14,39,73,8,139,32,8,5,10,21
"CNNM2",4,27,32,14,34,27,7,39,5,34,7,10,29,16,37,93,32,30,56,59,18,23,19
"CSE1L",3,35,74,6,57,14,4,25,33,32,14,22,10,12,56,66,14,61,30,23,11,19,31
"RNF125",2,55,66,10,48,8,5,56,12,22,3,34,13,46,51,71,1,75,24,1,3,11,35
"RNF212",0,0,144,2,219,0,0,1,0,0,1,0,1,0,0,2,0,103,1,175,1,2,0
"ARMC7",4,13,88,14,46,5,8,39,5,24,20,41,11,0,48,68,20,105,32,5,13,11,31
"TBL3",6,15,58,7,56,6,4,34,23,40,9,26,16,17,59,50,19,85,51,30,8,14,18
"DLGAP1-AS6",20,2,25,8,7,20,23,41,94,22,212,7,5,7,13,19,24,11,15,18,9,40,8
"LSM2",10,15,43,36,29,33,9,55,24,28,12,25,28,18,45,50,52,35,32,14,13,29,15
"RABGGTA",5,21,65,12,61,7,5,48,15,27,5,14,14,18,56,48,33,51,44,10,21,24,46
"TSPAN9",0,10,35,3,12,48,10,74,9,20,9,39,34,5,31,14,58,19,31,73,15,79,22
"KLHL15",7,59,38,6,32,4,8,30,9,26,29,43,18,8,22,30,7,209,20,8,5,17,14
"NME6",5,21,71,9,74,17,3,58,11,31,3,21,3,6,71,51,25,83,37,7,13,10,19
"PDP1",0,57,80,7,43,5,6,31,14,33,6,21,9,8,51,56,9,130,33,6,6,11,27
"BCORL1",2,31,101,7,59,11,3,41,5,18,2,10,14,3,65,68,11,93,33,21,20,7,23
"CALU",1,38,65,2,39,14,3,28,46,53,8,26,9,9,65,73,17,71,30,18,8,7,18
"CASTOR3P",12,12,53,67,34,2,4,13,11,50,8,16,14,25,91,41,24,22,60,18,21,27,23
"PFDN6",20,30,53,28,35,4,5,24,38,22,36,23,19,13,57,66,30,49,38,14,10,21,13
"TSPAN18",7,14,44,23,20,19,13,93,12,18,3,17,18,12,32,53,22,24,44,51,27,71,11
"BLOC1S1",37,6,24,44,40,5,9,70,40,44,7,24,22,18,26,20,76,17,38,15,27,21,17
"BOLA3",20,4,9,111,17,10,6,60,9,59,0,8,42,31,26,19,72,14,54,10,30,21,15
"CELF3",8,2,53,83,39,28,23,32,8,14,10,23,45,21,22,28,25,17,60,34,24,36,12
"FBXL19",3,26,89,11,71,7,10,54,25,31,7,25,14,8,58,59,13,66,25,11,10,13,11
"SELENON",0,19,74,10,62,7,3,43,10,28,7,24,18,7,50,48,16,95,58,14,9,29,16
"MTFMT",0,22,104,5,76,10,2,92,5,18,1,22,10,2,55,90,13,30,46,11,16,1,15
"PACS2",2,38,70,23,45,11,10,32,20,52,7,21,28,12,57,46,17,58,50,15,5,18,9
"PARG",7,10,44,9,49,9,11,61,31,20,37,15,14,18,44,42,26,66,41,20,20,28,24
"ZFAND1",16,18,39,20,25,22,21,42,21,33,13,23,24,25,47,50,56,39,34,28,10,22,18
"DLX2",3,4,62,8,6,16,5,74,12,32,85,36,52,12,50,36,27,13,68,15,3,18,8
"GABPB1",12,16,47,13,64,12,6,31,29,23,25,36,17,16,49,46,22,71,20,13,12,37,28
"PRKD3",2,28,66,3,84,13,1,40,26,30,7,6,6,13,49,87,7,81,27,12,12,12,33
"CDC20",14,10,43,15,19,20,13,74,44,54,30,21,14,18,50,21,48,17,31,27,9,42,10
"CKS1B",114,30,13,25,11,20,12,22,58,18,17,12,5,8,18,43,19,11,30,45,30,66,17
"METAP1",1,29,72,8,39,13,4,37,28,32,27,16,8,14,59,56,18,65,51,18,24,10,15
"RPUSD1",2,18,60,10,82,8,4,37,10,35,12,28,16,15,54,63,20,73,42,13,10,8,23
"ZNF701",2,4,95,5,82,5,1,98,5,13,2,9,5,9,29,86,13,99,33,7,12,7,22
"DLGAP5",15,14,34,35,7,27,6,80,50,36,29,13,16,17,23,62,38,14,36,26,17,26,20
"EEIG2",4,33,78,2,41,10,2,37,8,42,4,22,11,9,78,67,14,103,33,11,10,7,15
"ZNF100",13,13,54,28,22,2,8,71,10,39,31,21,19,17,46,24,14,47,70,18,19,20,35
"TMEM80",1,28,88,16,67,2,6,35,17,18,6,25,12,6,56,56,13,106,37,8,13,4,20
"KDM1A",1,43,63,16,66,11,4,19,38,42,12,15,7,12,73,47,11,56,34,17,11,11,30
"FUBP3",6,28,68,13,53,10,6,26,33,12,39,28,13,17,52,73,16,46,38,15,7,18,21
"HMGN5",9,33,24,51,15,23,12,39,10,21,8,17,22,35,43,49,62,26,42,31,21,32,13
"HAUS2",13,12,27,34,20,15,4,42,9,50,9,22,29,37,41,51,38,41,43,35,16,29,20
"PDPR",1,24,83,21,58,10,5,31,15,20,18,16,5,9,48,65,4,89,30,10,8,39,28
"TSR2",3,25,65,18,34,8,8,44,20,39,9,33,13,21,45,46,18,83,24,25,12,23,21
"IMPA1",3,17,72,5,70,3,3,57,17,13,14,30,14,8,56,61,14,88,26,4,19,13,29
"PROSER1",0,34,61,7,52,10,7,48,23,23,16,18,23,23,43,46,8,72,24,19,13,25,41
"BISPR",19,8,41,13,35,8,7,37,48,18,51,22,3,29,27,57,15,69,8,8,16,66,30
"C2orf42",9,8,45,23,32,20,6,38,42,15,72,13,19,8,31,68,17,34,53,21,19,31,11
"KANSL2",4,33,62,15,52,3,5,38,13,34,18,24,6,6,37,57,15,106,32,17,4,10,44
"KDM2B",0,25,84,19,63,2,8,34,32,43,13,13,9,18,45,64,5,70,25,9,3,11,40
"KIF4A",7,10,28,22,22,34,14,65,22,42,47,16,21,27,29,60,29,15,36,23,11,44,11
"SNRPA",5,19,63,12,40,20,3,19,26,39,24,23,26,12,38,46,30,82,50,18,10,12,18
"MLH3",3,16,40,4,29,18,4,83,9,19,6,77,43,6,12,31,31,35,36,59,15,35,23
"RPS28P7",22,37,33,29,17,10,14,25,47,16,43,13,19,18,30,23,18,17,18,70,20,64,30
"SNHG16",2,16,67,6,42,12,4,62,21,24,9,19,21,13,57,63,10,74,30,15,8,20,38
"VKORC1L1",3,7,46,10,30,26,2,39,11,21,10,22,30,6,61,62,43,94,36,30,8,23,13
"LINC00885",35,6,42,30,10,15,9,52,28,21,22,9,84,19,16,8,12,64,43,5,74,22,6
"RFWD3",1,21,70,9,45,4,11,48,21,27,3,38,8,13,44,47,5,115,31,17,18,10,26
"RNF168",2,36,56,4,23,2,1,43,13,34,3,36,3,25,51,22,7,188,14,4,5,4,56
"TRAPPC2",2,25,33,13,36,13,6,63,12,28,26,43,19,7,30,63,31,76,34,9,17,27,19
"ZNF507",5,20,55,21,28,4,7,65,59,16,90,13,26,7,34,50,13,34,31,17,5,16,16
"CLDN5",2,9,48,4,9,39,3,48,6,19,5,53,45,3,24,7,22,8,8,38,9,215,7
"DRG2",12,28,53,40,34,7,2,47,22,33,21,20,19,17,50,53,39,30,44,9,28,5,18
"DVL1",0,18,89,10,54,8,1,55,7,32,6,41,7,7,31,60,12,113,27,10,9,2,32
"PCED1B",2,10,34,21,26,21,11,58,52,23,45,11,28,39,22,29,18,45,36,16,27,33,24
"SH3BP5",0,35,68,6,63,2,2,35,16,36,5,52,4,4,33,53,12,109,34,2,16,6,38
"TP53BP1",1,24,55,6,38,3,4,51,17,34,18,29,12,7,39,84,11,95,17,5,20,16,45
"ZMYM6",8,32,52,19,46,12,4,42,26,32,18,23,14,12,40,43,28,77,40,19,7,12,25
"FCER1A",4,12,132,27,88,2,12,38,5,33,1,34,15,0,41,37,10,53,59,3,10,3,11
"MTFR1L",3,14,85,16,50,4,3,41,10,22,12,38,12,4,42,54,18,73,41,22,12,29,25
"TERF1",3,34,65,10,52,14,7,41,21,36,28,25,7,16,31,55,13,56,28,33,26,6,23
"TMEM87B",0,21,79,8,71,10,5,47,16,34,5,17,21,1,37,76,21,80,27,9,20,13,12
"COPS8",9,44,50,8,26,10,5,34,29,48,8,12,27,15,61,41,27,56,45,20,18,21,14
"PPM1L",5,10,55,5,24,11,18,30,27,25,38,15,14,24,45,50,17,29,32,75,20,35,24
"ZNF362",3,24,88,9,63,13,2,62,4,26,5,16,4,9,52,72,7,100,11,4,17,6,31
"ZNF699",11,18,40,17,35,13,6,60,14,16,11,59,13,6,34,30,21,100,48,24,4,12,36
"ZNF410",4,13,33,45,47,13,19,50,24,37,22,42,44,15,35,23,37,12,38,12,23,33,6
"FASN",5,30,45,4,23,2,4,43,72,42,8,3,14,19,74,57,19,43,35,21,7,26,30
"HAVCR2",0,20,55,7,31,9,5,22,3,49,6,17,5,63,56,52,7,85,25,2,8,7,92
"PEBP1",4,45,62,8,43,13,7,36,72,35,17,17,12,21,47,45,22,35,30,8,8,8,31
"ZNF770",11,15,78,10,55,10,4,44,24,20,14,12,19,7,43,57,31,60,34,14,22,13,29
"SMANTIS",4,16,52,8,15,31,12,49,3,19,12,56,52,6,14,28,32,23,20,75,12,70,16
"SPHK1",3,13,30,8,6,21,6,57,9,53,17,59,23,11,33,22,13,95,27,32,7,51,29
"DHFR",6,46,50,34,15,22,3,37,30,19,9,11,7,14,24,90,56,49,51,15,9,13,14
"NFXL1",1,1,29,10,276,9,6,20,3,22,2,15,12,0,27,43,37,71,27,3,3,5,2
"TGFBRAP1",1,31,87,6,65,11,3,34,23,26,4,33,8,12,38,85,13,57,33,14,6,11,23
"AP4E1",4,27,44,17,65,9,6,43,26,24,29,4,10,14,50,55,18,52,62,20,6,25,13
"PIGN",10,10,45,17,22,12,2,60,34,41,31,37,13,16,47,65,31,26,21,26,20,25,12
"ANAPC4",2,49,90,6,59,10,0,32,10,29,1,27,5,12,20,83,11,100,26,8,3,6,33
"CLNS1A",0,43,96,2,49,8,3,18,24,58,12,9,10,9,61,64,27,50,40,17,4,7,11
"LGALS12",1,28,56,6,27,25,2,52,4,41,5,33,20,2,47,27,36,84,28,35,8,28,27
"LRRC8C",2,12,103,0,60,4,1,57,34,13,3,5,7,2,62,60,6,107,39,6,8,12,19
"S100PBP",3,29,95,14,63,9,0,33,23,18,4,11,4,5,55,53,12,66,31,12,17,14,51
"SLC25A40",0,29,96,3,66,17,6,40,12,18,4,22,5,3,48,52,23,45,54,14,24,13,28
"APPL1",3,29,75,4,50,13,4,47,34,11,12,8,8,15,65,46,14,86,35,11,13,9,29
"GPAT4",1,56,76,6,48,7,5,51,12,30,5,18,5,10,26,67,8,100,47,11,4,3,25
"HIC1",0,11,5,2,9,4,6,4,1,119,2,15,1,29,12,31,0,305,6,1,3,1,54
"NKAP",5,23,49,24,47,7,13,43,15,26,8,29,13,8,42,57,21,61,50,17,16,19,28
"SAMM50",5,22,52,39,32,10,1,51,28,56,16,21,11,17,27,63,26,36,35,11,21,17,24
"U2AF1",2,35,66,3,58,3,3,85,15,21,12,23,2,7,28,71,17,88,25,5,3,9,40
"ACO1",1,20,60,8,46,6,10,61,6,24,3,16,6,3,59,103,5,61,16,6,26,20,54
"CNNM4",1,11,53,10,41,2,4,48,17,9,21,31,8,8,40,66,17,100,46,33,7,16,31
"HSDL1",1,22,76,9,58,5,1,55,16,19,4,38,10,5,30,64,8,85,28,32,7,27,20
"MANF",0,31,47,4,46,11,4,66,70,31,15,33,11,10,64,48,13,41,31,9,4,12,19
"SPAG7",6,47,70,5,60,4,8,34,12,46,10,29,4,4,42,57,11,88,29,10,8,10,26
"ZNF621",7,26,47,35,24,11,10,25,15,42,31,12,13,10,60,45,42,39,41,18,14,34,19
"LINC01003",5,14,46,5,54,9,4,43,16,33,19,23,32,10,33,48,24,76,44,21,16,32,11
"LARP1B",8,21,27,36,33,17,8,24,24,31,18,31,30,24,57,43,28,21,43,43,29,11,10
"RITA1",9,13,28,52,80,18,14,28,13,21,14,19,18,22,46,56,15,24,33,36,20,23,15
"RNMT",2,35,45,12,58,19,5,14,26,35,13,19,9,11,55,43,12,86,44,11,1,22,40
"RPS2P32",12,4,20,32,24,13,10,23,14,29,13,14,17,41,33,25,69,13,35,14,78,62,22
"WDR41",1,17,75,4,66,9,3,41,9,61,7,17,7,3,46,47,6,103,29,7,27,9,23
"ARG2",100,9,2,8,5,66,13,106,11,12,9,46,51,11,9,18,40,5,12,23,3,45,12
"ARL2BP",31,10,33,32,29,13,15,48,28,24,6,16,34,36,40,44,47,13,30,30,28,24,5
"NIBAN3",3,73,60,12,64,4,9,21,70,22,20,31,6,24,42,21,1,53,15,0,14,13,38
"AFDN",2,5,29,13,21,7,5,27,11,5,2,35,0,2,41,197,17,81,25,14,16,6,54
"KIF11",13,34,24,6,18,22,7,55,13,27,51,17,19,23,36,35,30,10,53,47,7,40,28
"TOP2A",20,36,27,12,12,21,11,60,57,30,23,3,7,27,35,32,46,14,25,60,18,27,12
"AGPAT5",22,15,33,8,35,16,17,27,58,22,59,24,14,17,38,43,25,30,32,15,23,27,14
"ANAPC1",0,19,18,19,22,5,0,37,55,4,79,35,4,6,100,25,12,72,13,13,23,11,42
"UNC119B",1,20,97,14,41,12,3,43,21,12,21,25,23,6,46,40,19,69,32,10,9,25,25
"ELOA-AS1",17,15,32,50,10,21,8,45,27,59,29,33,40,14,14,57,27,14,33,7,17,36,8
"LY86",0,23,93,2,99,7,1,33,28,42,9,5,6,0,73,72,14,57,35,2,11,1,0
"MS4A7",2,18,58,0,50,5,5,35,22,46,5,4,11,4,112,69,9,88,45,4,14,2,5
"PPIL4",0,28,67,3,43,3,4,23,25,29,30,39,7,6,34,46,11,99,38,11,5,8,54
"PRR11",7,15,41,16,26,22,2,60,13,42,28,21,11,15,43,57,38,59,18,29,15,12,23
"PSMD14",10,17,36,22,34,29,6,50,24,45,19,18,14,12,50,42,43,17,36,23,20,22,24
"XPO4",4,20,55,27,57,14,6,37,67,34,22,12,22,17,53,37,15,29,32,16,8,9,20
"BRI3BP",0,19,106,16,55,7,4,40,21,34,2,18,7,4,64,54,15,90,22,12,10,7,5
"CALHM6",2,6,40,4,36,7,7,54,4,29,3,68,6,0,72,69,20,165,2,2,10,2,4
"NUDT22",4,15,79,9,62,5,5,30,12,33,3,46,11,8,48,59,19,86,35,4,4,2,33
"RPL23AP7",35,8,33,34,38,3,16,19,20,42,39,51,39,21,20,20,7,7,39,17,20,39,45
"SOWAHD",0,5,157,9,60,1,0,88,4,10,3,6,5,0,58,55,17,66,26,10,13,12,7
"LETM1",1,50,46,23,36,5,3,44,26,31,15,24,15,13,39,62,12,44,52,27,13,17,13
"NUP133",6,17,57,1,53,10,10,42,10,26,10,20,18,7,69,68,16,76,33,5,11,9,37
"C8orf88",30,10,22,30,41,16,2,36,13,24,10,18,36,22,25,95,66,22,23,5,12,41,11
"IGLV2-23",0,128,9,0,26,13,5,1,201,8,41,0,0,3,62,31,5,6,16,0,9,2,44
"MDM1",1,31,50,8,32,8,13,52,8,24,6,41,11,11,35,62,31,108,16,10,6,23,23
"VGLL4",0,5,30,20,31,17,4,45,43,18,70,22,27,3,50,28,20,25,45,38,5,58,6
"ZNF213-AS1",8,18,40,41,24,14,5,44,44,40,40,23,29,9,23,59,10,16,40,18,19,18,28
"ACAA2P1",4,5,10,13,7,6,4,21,100,8,291,5,13,9,17,15,11,8,31,5,5,14,7
"ZNF805",0,18,35,24,22,13,3,21,22,10,46,39,30,11,25,62,15,73,39,41,12,19,29
"C12orf76",5,5,38,13,27,15,6,60,10,25,4,31,38,4,25,44,24,36,35,31,23,81,28
"CERS4",0,33,35,1,23,13,12,75,14,36,5,27,4,9,55,63,23,83,59,5,18,5,10
"PBX3",4,9,69,26,44,10,3,59,9,37,4,28,5,5,45,40,12,107,36,19,10,13,14
"PIK3R6",0,35,113,42,48,8,5,13,1,16,1,42,2,1,56,70,19,91,13,1,14,5,12
"TNFAIP1",5,13,56,26,50,5,8,35,24,27,16,27,11,18,46,58,33,67,23,12,14,15,19
"USP18",28,5,9,6,15,1,8,41,31,9,45,12,5,18,41,61,5,11,1,14,108,64,70
"LIG3",1,28,61,15,35,6,2,24,27,26,36,23,20,9,39,80,23,42,33,34,6,21,16
"RHBDD3",6,16,28,48,30,17,7,41,20,32,31,25,22,30,40,46,19,36,46,15,19,20,13
"ELMOD3",3,27,70,19,51,9,3,47,9,26,15,30,10,6,35,75,17,99,17,4,7,8,19
"ERO1B",5,39,61,6,48,8,3,33,7,23,9,40,2,6,29,48,8,136,38,6,8,3,40
"LINC02035",3,33,51,9,28,6,1,42,2,32,1,51,12,0,29,72,0,101,34,1,8,3,87
"RPL10P9",6,40,63,37,5,19,8,9,103,60,2,43,19,19,50,9,1,48,23,6,3,14,19
"TMEM269",3,21,23,18,30,17,7,30,40,42,26,16,32,13,44,34,32,14,42,36,24,38,24
"YDJC",3,9,69,15,39,9,3,25,16,45,20,26,6,18,40,76,30,60,50,3,11,7,26
"KLF11",4,69,51,0,52,9,7,23,17,29,8,25,20,11,35,62,1,116,15,20,3,6,22
"NSMF",4,59,70,12,33,11,6,16,21,46,5,22,19,34,36,74,8,49,22,8,0,17,33
"ORC2",6,27,68,19,38,10,11,33,29,22,9,27,19,12,39,70,13,46,47,10,7,25,18
"PAICS",6,24,53,19,54,17,5,35,58,26,26,16,18,12,55,34,10,46,28,21,7,22,13
"STAU2",2,35,75,11,44,18,1,53,5,32,2,18,13,8,43,41,15,101,20,20,21,13,14
"ESD",11,29,49,8,41,20,5,26,24,50,4,6,12,12,59,59,19,64,34,13,14,20,25
"PAIP1P2",5,12,8,86,23,4,13,26,17,28,2,20,37,9,65,55,41,15,64,14,15,11,34
"RELN",7,6,10,28,24,9,4,57,1,11,17,1,61,47,26,9,113,6,125,32,1,9,0
"SCN1B",0,19,43,6,10,7,2,55,1,32,2,39,38,4,16,32,41,32,21,59,8,110,27
"SURF2",8,24,30,69,32,10,2,51,5,27,1,17,35,12,54,33,30,42,48,26,19,20,9
"SYNCRIP",0,57,58,6,43,4,9,31,23,37,12,23,2,16,36,44,3,107,19,19,8,6,41
"SEC11C",7,54,33,14,44,11,5,26,76,36,24,14,10,19,39,31,30,28,38,12,12,13,27
"YRDC",10,24,38,21,46,5,3,49,13,25,22,26,14,5,27,60,42,58,70,10,6,11,18
"ZNF830",3,14,58,13,95,11,2,59,15,11,27,20,8,7,37,58,13,79,30,7,9,8,19
"SKIC8",26,12,29,18,36,20,16,18,17,52,15,6,53,17,50,43,32,20,44,24,13,13,28
"TRIO",1,34,65,4,56,6,3,30,19,8,28,7,8,18,61,92,9,60,30,24,6,15,18
"URI1",6,44,53,6,50,4,6,28,30,45,13,12,12,22,50,63,10,63,34,14,9,12,16
"CPLANE1",16,10,26,19,2,15,14,27,30,23,4,17,13,63,24,34,22,35,21,31,3,123,29
"MRPS22",27,38,35,22,31,8,5,43,32,30,9,21,9,29,34,45,24,38,38,13,13,45,12
"POLD2",9,15,29,23,25,19,4,29,64,49,18,17,8,24,49,38,17,19,46,42,26,16,15
"RBM4",1,30,44,13,51,8,5,38,10,29,17,55,7,25,20,42,11,106,16,9,11,17,35
"RPA3",46,10,25,21,36,13,7,44,22,16,11,18,31,15,44,40,40,58,32,20,8,31,12
"TMEM260",1,40,52,23,57,11,10,46,10,17,15,25,4,2,48,69,15,74,39,12,9,12,9
"LDHD",2,0,21,197,12,1,0,9,3,13,5,0,5,6,17,227,9,4,57,0,2,9,0
"SHMT2",1,30,61,11,62,5,3,24,63,34,24,4,6,5,78,54,28,42,30,7,3,10,14
"H3P16",7,33,58,10,68,10,9,58,4,36,4,26,9,1,36,35,25,77,14,16,16,20,26
"NRIP1",2,30,45,10,46,11,10,33,30,27,9,19,10,8,44,52,13,133,16,11,9,21,9
"RMI2",28,5,16,18,14,20,8,28,31,29,19,38,29,23,30,13,10,36,24,40,21,101,17
"AKR1E2",15,5,41,51,4,8,15,18,15,9,51,19,47,60,12,24,47,3,10,27,12,50,54
"ALG2",3,17,57,4,35,8,7,40,37,39,31,35,17,10,47,48,20,72,26,12,6,9,17
"NRM",1,21,70,8,68,3,2,37,3,36,5,36,15,4,35,54,27,101,35,8,6,5,17
"SLC39A8",5,17,18,16,10,26,14,38,14,23,93,22,26,25,23,48,29,15,19,38,31,27,20
"TCF4",2,45,43,2,63,8,4,12,71,13,16,14,8,21,91,40,5,34,18,1,11,26,49
"ZNF407",1,28,56,6,44,12,3,35,27,17,37,24,9,13,38,46,13,98,32,13,12,16,17
"CCDC71",0,15,67,5,70,21,5,62,7,50,9,29,2,1,41,69,6,58,30,7,13,6,23
"NOL11",7,19,47,7,29,12,8,31,42,31,60,19,4,16,58,40,14,52,27,24,7,27,15
"NOP56",2,26,77,5,51,13,5,34,52,36,14,19,3,14,48,67,24,29,24,17,13,10,13
"PATZ1",0,17,99,4,59,8,6,49,25,23,12,20,9,9,39,65,12,93,16,6,7,7,11
"SCYL3",2,15,62,24,64,5,9,43,11,17,31,19,8,10,30,48,10,80,41,9,17,12,29
"SNHG1",14,53,37,13,32,3,20,40,27,39,12,30,10,15,34,55,28,42,21,14,6,20,31
"ITGAE",12,19,46,17,41,8,6,33,13,38,15,16,36,11,32,49,19,94,29,15,16,9,21
"TCF7L2",0,21,36,8,28,5,19,47,5,50,8,41,10,5,53,45,7,137,24,1,15,4,26
"DNAJC11",9,18,39,36,28,13,8,31,34,34,15,11,20,22,39,41,27,25,43,24,30,29,18
"DNAJC19",12,23,49,31,30,8,17,38,15,42,15,20,29,26,42,36,38,20,54,16,12,14,7
"TGS1",8,9,56,5,59,11,5,49,15,24,9,21,18,10,39,80,8,90,23,14,7,17,17
"TRIB2",0,28,29,5,48,9,4,41,62,16,13,27,2,18,27,76,6,69,31,6,29,6,42
"FLVCR1",1,36,67,12,14,3,3,31,2,12,1,22,7,3,62,33,6,183,20,11,27,11,26
"ANKRD22",2,23,34,6,74,12,5,18,0,13,3,21,4,1,70,44,15,100,14,6,52,32,43
"EGF",1,8,28,3,8,29,3,85,1,15,2,26,48,3,23,14,42,3,38,74,12,120,6
"EVI5",0,19,85,4,59,8,5,40,8,21,7,18,8,4,42,46,13,121,40,4,6,1,33
"IPO9",2,34,61,18,42,4,6,22,42,30,20,10,21,16,46,59,12,43,31,19,20,18,16
"ODR4",7,23,46,17,47,3,3,41,13,29,13,30,15,16,41,68,10,90,39,10,4,8,19
"REV1",2,48,69,2,49,15,6,39,11,27,4,16,2,10,31,50,15,96,40,12,5,15,28
"IGHV4-59",1,43,25,0,25,6,9,5,239,12,7,1,1,14,42,28,2,13,44,2,13,22,37
"NIPSNAP3A",55,20,63,14,17,13,9,35,15,32,15,24,16,11,61,38,26,74,13,12,7,8,13
"ZNF524",4,16,91,10,50,2,3,75,9,43,6,20,8,3,45,48,9,75,37,4,16,6,11
"ASPM",24,18,21,23,17,17,5,66,27,40,41,11,25,19,21,58,21,18,24,23,21,31,19
"GABBR1",1,30,54,18,54,3,11,36,22,38,9,14,4,5,32,90,22,73,30,9,3,2,30
"ITGB7",3,45,45,10,47,7,8,16,53,40,12,14,11,28,72,44,9,50,23,1,16,12,24
"SSBP1",2,30,70,5,76,7,2,24,19,27,21,24,11,11,50,55,15,55,34,11,9,9,23
"EIF2B5",0,40,72,13,45,7,9,35,17,33,16,13,10,10,40,74,14,62,24,14,8,13,20
"ENC1",1,88,75,4,17,3,4,14,4,45,3,9,3,52,69,36,6,59,14,4,7,10,62
"FTSJ3",1,36,59,5,64,7,1,34,25,39,23,11,0,17,43,57,10,65,32,12,7,17,24
"HSPBP1",10,19,27,37,38,13,6,35,14,37,11,32,13,21,42,33,25,31,57,27,20,24,17
"LMNB2",3,32,47,5,41,22,6,37,32,27,17,13,12,12,77,50,27,45,29,9,10,15,21
"RAB28",4,20,53,10,45,6,18,23,10,28,24,21,7,11,50,43,11,78,40,24,18,13,32
"SLF2",1,26,101,12,54,2,6,30,13,19,6,12,5,15,52,75,14,58,29,12,9,3,35
"TCERG1",5,31,47,10,39,7,3,18,39,46,21,11,10,21,34,69,12,59,32,11,13,18,33
"GHDC",4,34,77,5,59,7,0,29,12,37,7,40,4,2,53,63,14,69,30,8,7,14,13
"GPSM2",7,17,50,12,43,12,9,77,20,34,26,25,14,15,25,59,18,34,17,18,17,26,13
"GTF2E2",1,20,68,12,49,7,4,52,9,29,15,17,7,15,53,48,9,94,37,5,13,7,17
"SEC24A",0,31,49,2,63,8,3,24,49,29,10,16,4,15,41,38,17,104,24,13,12,10,26
"SWAP70",2,24,41,6,73,3,5,15,79,31,49,6,2,3,48,42,10,74,34,5,7,4,25
"TMEM179B",17,11,55,9,52,7,4,50,15,32,15,19,18,17,41,42,24,61,22,11,23,21,22
"ZNF574",0,13,73,8,41,7,7,57,8,25,5,37,10,5,50,59,3,115,23,9,6,5,22
"GGPS1",12,9,36,34,22,13,22,57,14,37,19,28,31,4,18,21,27,22,29,20,12,83,17
"HS6ST1",1,30,77,0,53,8,5,15,13,16,10,9,9,7,82,72,6,98,24,1,13,13,25
"MCM9",4,25,57,0,61,14,6,50,11,17,4,26,5,1,40,52,7,136,24,5,6,12,24
"SELENOW",8,24,49,2,41,20,3,31,25,43,14,31,9,14,54,58,15,63,37,10,12,7,17
"ABHD17B",4,31,41,4,46,11,10,37,10,35,21,25,7,18,39,37,19,86,37,14,20,5,29
"ADGRG5",2,58,49,22,34,10,4,9,25,51,12,23,4,33,77,72,4,25,23,4,14,10,20
"MRNIP",4,19,52,11,30,7,6,35,9,31,7,36,15,9,19,46,10,119,22,25,6,8,59
"SLC35C1",0,14,79,9,63,9,9,48,11,25,5,13,18,7,57,65,4,67,33,7,22,13,7
"AGAP13P",13,16,32,21,6,27,10,24,45,29,31,28,33,17,40,33,35,11,24,40,10,47,12
"DGKG",0,24,54,5,114,14,3,52,3,23,0,18,13,3,21,51,16,78,23,29,20,12,8
"SPDYC",25,15,22,53,4,15,1,4,74,1,5,6,2,54,0,13,14,16,31,57,26,77,69
"CHCHD5",24,12,45,19,31,20,15,22,24,25,18,25,11,11,52,58,28,42,39,9,21,23,9
"MAP3K10",17,27,41,21,37,0,13,28,17,48,7,21,20,11,58,56,24,33,39,18,27,11,9
"POLR2H",9,16,34,33,22,12,7,27,22,31,35,13,38,20,59,52,30,14,37,8,15,34,15
"SURF6",2,42,63,9,57,8,6,41,10,23,6,28,5,4,27,40,11,82,39,5,16,6,53
"LSM7",1,22,59,11,45,9,4,27,34,42,21,24,9,8,35,55,15,75,24,16,6,9,31
"MAP7",0,18,66,8,66,9,1,61,4,25,5,71,15,1,36,100,9,60,11,4,4,2,6
"NDUFAB1",19,17,36,25,28,18,11,38,29,48,29,18,13,10,42,41,20,69,18,20,4,18,11
"PRPSAP1",8,21,50,8,61,8,4,44,16,31,8,19,16,11,36,62,30,84,26,12,6,10,11
"ADH5",1,29,63,1,50,20,5,26,29,31,12,14,10,16,49,69,19,50,24,6,14,14,29
"COMMD8",9,17,61,17,53,12,3,34,12,52,2,25,4,4,40,54,26,85,28,4,11,8,20
"HS2ST1",2,19,66,6,63,4,8,54,27,19,6,23,8,3,33,48,10,88,44,8,19,8,15
"RFC2",1,30,91,7,56,8,6,32,12,28,5,45,6,5,38,75,24,37,27,9,6,14,19
"TRMT1",3,25,70,20,41,12,4,32,21,35,14,23,9,11,48,55,19,45,40,13,7,10,24
"CFAP45",0,56,27,5,5,1,7,15,0,31,0,77,2,3,12,45,3,190,22,4,8,3,64
"HEATR5A",0,16,91,8,64,1,6,44,0,25,2,32,5,2,50,54,13,109,16,5,19,0,18
"PHAX",0,15,39,31,29,9,3,32,47,22,20,16,32,7,61,40,36,32,38,31,10,22,8
"SDCCAG8",1,20,60,13,51,12,12,71,25,39,6,15,5,0,18,62,22,50,29,19,17,13,20
"SNHG7",2,33,47,7,27,10,6,43,31,22,24,27,6,10,62,42,19,63,22,24,14,18,21
"ZMYND11",6,49,35,18,24,9,4,30,44,42,7,14,15,32,31,51,10,30,48,21,20,19,21
"CA3",7,8,35,14,12,25,11,88,13,40,43,6,33,27,37,20,21,18,70,30,5,14,2
"SPTBN4",8,2,18,45,13,8,3,55,17,6,87,4,22,11,154,10,6,12,40,10,25,16,7
"CCDC126",4,16,88,4,57,13,9,56,7,15,3,22,7,0,35,65,26,82,30,6,21,2,10
"ELP1",1,33,58,14,53,5,10,40,19,32,4,16,5,14,63,62,11,54,32,13,7,9,23
"LINC01001",2,26,61,27,45,4,0,39,2,33,0,18,5,1,30,89,4,71,46,4,16,3,52
"SH2D1B",2,63,20,0,24,10,0,24,8,37,4,6,3,42,44,128,1,14,29,5,14,16,84
"SNAPC4",2,25,70,5,50,4,5,37,11,41,7,35,5,8,21,65,11,116,29,7,5,5,14
"TGIF2",4,10,50,2,44,5,8,35,16,39,7,29,12,14,42,40,11,119,18,4,4,11,54
"TXNDC9",18,19,57,10,27,13,8,34,11,42,9,21,19,8,34,62,27,45,45,9,17,13,30
"PTPN22",0,35,57,11,51,10,5,33,10,25,6,13,15,26,60,49,15,53,14,23,9,8,49
"MINDY2",0,45,50,2,26,7,11,43,10,14,6,20,5,4,46,40,16,120,49,9,16,16,21
"OARD1",12,26,33,10,26,21,7,22,20,32,19,28,18,7,30,43,20,80,33,30,14,19,26
"SPIN1",3,22,44,12,50,7,3,36,11,23,9,30,14,15,51,52,10,80,33,9,15,16,31
"TNS3",0,14,93,1,80,15,10,45,18,16,8,7,17,3,34,58,6,63,33,10,20,17,8
"C2CD6",10,18,22,35,16,15,16,34,25,24,32,27,20,13,44,38,24,25,54,21,37,19,6
"CLN6",3,17,65,2,40,12,5,87,14,40,3,42,5,7,22,54,13,93,22,7,8,5,9
"RPS27P3",8,41,18,11,15,23,2,58,30,21,31,30,21,15,31,36,25,28,13,28,6,63,21
"TPST1",2,42,66,2,10,10,4,67,0,15,3,131,7,0,15,75,10,76,23,2,10,2,3
"SAMD1",6,14,51,17,35,16,3,43,24,45,15,17,19,19,49,45,33,32,47,8,5,20,11
"TTI1",3,10,61,0,54,13,7,39,21,17,22,24,14,6,60,70,21,51,40,11,9,13,8
"WASHC3",9,28,57,24,39,3,11,32,16,24,22,28,20,6,50,53,17,43,36,14,20,12,10
"AIFM1",5,15,51,21,27,14,9,30,39,20,24,17,11,16,42,40,18,33,33,31,14,44,19
"CCND2",0,39,72,2,50,0,5,23,33,30,6,17,9,37,22,83,8,58,18,16,4,1,40
"CNNM3-DT",10,23,30,35,12,8,9,23,41,33,15,19,39,6,20,67,32,28,37,4,10,45,27
"IL18",7,16,35,45,25,4,7,39,20,8,102,9,8,2,46,62,21,38,34,5,17,11,12
"MRPL16",3,44,51,10,45,8,3,43,19,38,5,28,6,5,32,52,4,77,27,11,5,11,46
"TTC31",3,23,63,14,51,9,6,31,21,29,17,11,11,9,39,69,22,49,39,18,5,7,27
"UBR7",1,19,57,2,54,1,4,67,22,33,4,37,3,13,26,49,9,95,26,11,15,14,11
"DERA",4,20,48,1,36,11,10,66,11,36,5,23,12,3,58,55,21,41,20,23,9,46,12
"ECT2",11,25,27,12,24,33,4,43,9,48,18,22,18,15,60,35,32,60,17,17,11,24,6
"NHS",1,27,51,3,39,2,6,33,1,33,0,63,10,0,11,119,3,106,22,1,6,1,33
"PHTF2",3,30,64,6,53,7,4,45,7,25,12,15,14,3,32,40,7,82,39,22,12,13,36
"SLC41A1",13,14,22,44,42,13,6,44,46,21,52,12,27,16,21,53,22,15,26,11,18,20,13
"SLFN13",2,59,33,11,16,3,4,7,13,34,6,13,3,41,28,77,20,29,28,8,13,5,118
"SPAG5",3,18,35,35,8,17,4,38,30,52,23,12,16,29,34,39,38,10,53,23,17,26,11
"B3GNT7",0,109,9,0,12,8,3,3,7,55,1,8,1,208,7,19,3,20,5,3,4,2,83
"EBAG9",3,22,22,40,26,10,8,40,23,18,26,21,30,10,26,44,62,43,24,13,15,26,18
"RAD9A",7,21,80,9,56,1,6,43,15,27,6,41,3,0,26,59,15,73,38,8,14,4,18
"UBE2D3-AS1",31,15,29,25,18,21,3,41,27,19,49,15,30,19,24,38,45,17,24,21,18,25,16
"ZNF486",2,5,66,6,49,2,6,48,8,10,4,29,8,1,38,122,7,66,18,11,14,9,41
"ACAD8",5,24,94,2,37,11,9,30,4,28,7,19,5,6,41,57,18,77,33,12,9,13,28
"CPSF4",2,19,30,18,39,3,7,30,23,19,16,29,14,12,34,59,44,54,67,22,10,8,10
"DPH1",16,11,32,14,31,13,13,29,25,31,54,24,11,14,37,52,25,14,21,56,14,19,13
"NICOL1",0,13,58,7,52,4,5,47,4,43,2,33,17,0,50,41,18,106,24,8,14,3,20
"POP5",6,21,40,13,29,21,8,25,27,27,38,18,11,11,50,40,23,28,52,45,6,14,16
"ATP9B",10,22,65,18,50,4,2,48,11,31,20,14,13,12,38,50,10,59,36,18,13,8,16
"DFFA",10,23,53,24,16,8,0,34,29,46,12,14,16,13,66,51,24,22,36,29,17,9,16
"IGLV7-43",0,35,2,11,19,7,1,0,430,0,8,0,0,3,2,2,1,6,19,0,3,0,19
"SLC25A16",3,28,64,16,42,11,10,29,14,23,11,15,22,7,45,63,16,48,26,11,26,12,26
"BEND2",1,2,33,3,14,22,0,102,2,29,3,51,48,4,10,19,36,15,58,75,2,34,4
"CEP135",1,36,86,5,59,7,10,49,20,18,19,14,16,3,34,64,7,53,29,4,9,14,10
"NAA80",6,14,22,14,40,23,14,35,16,89,3,46,25,4,28,40,15,24,34,14,26,15,20
"PGAP2",0,34,40,7,57,6,5,28,9,50,8,47,4,3,37,64,8,72,29,4,10,9,36
"PPA1",0,36,39,8,73,14,9,19,57,39,11,8,8,7,70,35,19,35,27,16,6,10,21
"SRM",3,9,46,13,40,19,3,19,67,35,16,15,19,24,63,38,15,31,31,16,12,21,12
"TBC1D8",2,29,57,3,69,5,3,33,5,35,3,9,18,4,72,50,6,96,37,2,5,8,16
"ZNF134",7,15,41,5,35,6,7,33,43,31,48,13,13,18,30,41,12,71,26,33,13,12,14
"ZNF75D",0,21,38,5,52,10,7,39,15,30,35,10,11,8,29,67,15,54,44,14,9,19,35
"FAM210CP",26,4,47,1,35,40,49,0,23,28,0,10,11,36,44,33,6,4,66,2,47,50,4
"FBP1",0,13,88,4,81,4,2,32,0,71,1,12,5,8,58,48,2,71,18,3,21,7,17
"IGLV2-11",1,52,14,1,63,19,6,2,202,11,13,1,0,3,39,26,16,9,46,2,17,4,19
"RBSN",5,23,34,15,16,1,4,17,7,31,34,43,5,5,39,38,5,147,18,13,15,11,40
"SCIMP",1,18,107,7,74,7,0,12,27,33,13,1,9,5,86,60,14,43,25,7,4,7,6
"TMEM104",1,14,62,2,51,13,2,47,15,31,6,25,13,8,35,51,10,73,21,22,11,13,40
"ATAD1",2,31,60,9,50,11,2,27,28,22,4,18,10,13,49,63,8,77,29,8,17,2,25
"ATP8B2",1,43,67,10,42,9,3,23,65,14,19,15,6,10,66,64,1,44,16,4,12,10,21
"PGF",16,6,15,11,14,6,6,90,12,17,98,0,54,16,23,33,45,5,44,22,14,14,4
"POMK",0,25,65,6,38,6,10,37,13,16,2,25,6,10,56,106,3,65,21,12,9,7,27
"RGS9",25,15,9,61,12,17,29,44,25,21,12,7,8,10,41,36,41,18,29,17,20,36,32
"ADCY4",0,44,77,6,52,8,10,35,0,33,0,39,0,2,27,66,10,66,25,1,8,3,52
"GFOD1",1,90,36,16,16,7,2,11,8,30,5,29,3,18,41,47,17,91,21,11,9,8,47
"POLE",0,35,37,16,37,6,4,31,28,30,1,12,5,12,41,89,28,62,29,24,8,12,17
"COX20P1",0,7,25,49,22,20,0,136,0,43,0,25,26,30,24,0,82,21,19,1,33,0,0
"DHRS7B",10,10,51,29,45,12,7,38,13,29,9,19,11,11,55,41,31,37,35,14,15,22,19
"PHF7",2,8,43,51,20,3,5,28,14,23,24,26,15,11,53,34,21,34,47,21,31,31,18
"PRKRA",18,15,40,16,28,11,13,32,25,5,28,14,41,6,52,32,36,50,35,27,12,13,14
"RAB44",2,38,62,15,34,4,7,11,12,18,0,16,7,0,64,57,22,85,33,39,16,11,10
"SIPA1L3",1,17,67,9,63,8,3,31,42,19,21,16,6,11,45,46,8,78,30,7,5,11,19
"FAM50B",18,7,40,50,26,10,7,17,47,23,7,16,22,30,40,21,44,9,24,41,12,28,23
"FBXL9P",8,7,46,52,31,10,11,23,10,44,11,21,19,16,32,45,28,43,43,13,20,15,14
"LGALS2",1,32,87,11,61,13,9,34,8,73,4,21,10,1,41,24,9,84,26,2,2,9,0
"NOL6",2,25,48,13,34,7,6,23,39,20,37,21,12,18,59,29,19,61,36,13,6,17,17
"PPT2",9,13,25,28,49,11,8,74,28,31,18,19,18,5,21,43,27,8,52,26,13,29,7
"SLC26A6",1,38,70,10,44,5,1,36,8,23,5,18,5,9,22,66,8,71,57,14,13,2,36
"SLC35B2",1,31,40,5,47,4,6,18,15,58,8,40,3,17,39,45,9,87,29,7,5,6,42
"ZCCHC17",6,20,27,27,34,10,11,49,13,13,22,34,29,15,35,41,43,46,30,31,12,7,7
"ZNF44",0,23,38,6,46,8,6,35,5,34,4,37,10,3,23,59,9,152,14,3,10,4,33
"LINC03034",8,26,38,38,24,42,7,30,12,78,4,9,8,10,26,29,16,22,52,8,12,15,47
"RPL23AP25",23,11,8,48,12,31,22,38,24,30,5,25,39,19,10,15,35,25,19,11,35,54,22
"TBRG4",2,25,52,10,39,8,2,39,50,33,18,13,6,13,57,56,8,65,23,8,9,6,19
"ZNF230",4,14,101,5,49,5,7,57,1,18,0,26,4,3,42,40,8,90,22,10,18,11,26
"HPRT1",9,23,43,15,29,19,2,29,43,37,51,18,14,10,40,29,18,61,10,17,19,13,11
"RPL7P1",5,21,33,33,29,9,3,58,18,17,33,22,21,7,30,33,27,11,20,49,14,52,15
"S1PR1",0,14,46,13,37,4,7,9,59,53,21,21,1,20,74,33,3,67,18,2,8,14,36
"MATK",2,86,17,1,30,22,6,27,8,54,7,9,8,63,31,71,2,18,6,7,7,16,61
"NAT10",4,17,45,3,54,9,6,31,48,20,27,13,14,13,48,50,17,22,50,15,14,18,21
"NF1P8",22,0,20,30,46,20,0,0,0,33,55,0,39,15,0,88,26,14,49,18,0,70,14
"PALS1",2,21,23,29,26,15,8,11,30,22,20,45,26,9,39,28,34,39,46,23,24,25,14
"AFG3L2",4,13,31,19,42,12,8,16,37,25,18,25,28,16,43,46,16,55,40,13,10,24,17
"FTH1P7",7,32,16,21,11,22,11,67,28,15,16,27,15,6,20,33,63,31,14,34,21,22,26
"IGHV3-21",3,59,20,6,44,9,9,14,189,1,29,2,2,41,18,10,3,11,40,1,4,11,32
"NCDN",6,13,33,3,28,18,9,17,29,15,85,3,36,34,37,43,20,18,32,8,13,37,21
"TMX2",12,13,46,8,53,3,0,34,32,41,29,27,19,10,49,44,16,58,19,6,15,12,12
"TRMT10C",35,15,33,14,26,13,8,26,39,25,88,10,10,13,26,23,18,41,28,31,9,12,15
"AHR",1,29,53,6,51,9,5,11,8,58,7,8,6,3,47,48,7,132,29,1,12,5,21
"BCL2L12",7,20,41,8,36,7,16,49,36,23,9,41,5,3,33,46,25,45,34,34,17,8,14
"CIPC",5,13,28,9,46,7,6,40,21,22,30,24,13,4,28,47,18,78,31,14,12,7,54
"CUTC",1,14,71,7,35,4,3,70,6,37,15,28,4,2,30,51,9,79,38,7,12,9,25
"ENTPD6",0,31,80,6,52,5,3,42,21,43,1,9,2,5,49,62,6,68,26,8,9,8,21
"SYT11",1,26,65,2,34,9,5,19,10,49,7,41,3,13,39,76,3,84,23,7,11,10,20
"TRAPPC6B",11,22,35,21,30,14,6,39,24,27,76,17,17,6,29,43,25,24,34,9,21,15,12
"ANGPT1",0,4,18,4,54,4,0,77,0,15,2,65,10,5,14,93,2,133,48,6,0,1,0
"CMAHP",10,12,36,18,29,14,10,27,30,42,8,23,10,9,44,31,21,48,19,23,15,65,11
"MTA1",2,24,51,18,46,9,1,28,15,35,11,34,13,10,53,57,3,62,18,6,10,12,37
"ZSCAN32",1,2,60,11,45,11,8,32,8,28,11,42,9,5,38,57,13,81,36,12,11,12,22
"COL9A3",0,7,135,10,0,11,1,78,0,11,1,38,4,2,7,56,8,142,20,1,0,0,22
"FRG1BP",65,13,23,20,29,15,7,38,4,34,23,18,6,5,37,35,17,17,64,16,20,29,19
"SLF1",9,24,68,12,35,5,6,38,11,14,7,25,20,7,30,46,16,70,24,11,13,13,50
"BIN1",2,22,47,6,23,10,5,9,54,66,31,8,1,27,53,66,3,37,34,6,3,9,31
"CACTIN",2,11,49,23,34,0,6,33,17,26,16,31,4,18,49,60,15,75,24,15,16,10,19
"CD300H",0,15,4,3,80,11,6,210,1,4,0,28,5,4,4,6,4,113,47,0,2,5,1
"CD69",9,96,15,5,51,2,6,22,15,20,1,19,0,34,32,51,8,61,29,6,17,5,49
"CTNS",2,20,48,7,37,11,5,67,10,14,12,36,19,4,47,46,18,64,30,15,6,24,11
"FTH1P20",4,24,13,17,19,11,9,102,27,22,14,32,17,8,23,23,52,19,11,43,10,32,21
"JRK",4,18,44,31,34,6,5,30,46,10,42,13,13,14,37,56,13,44,43,12,5,25,8
"RNF113A",1,32,67,3,31,2,6,44,12,19,14,30,4,6,43,50,9,107,23,5,6,12,27
"CDC14A",2,22,65,7,64,9,3,29,7,13,3,16,14,9,33,82,12,93,16,7,7,5,34
"RFPL2",14,3,46,43,36,3,10,68,2,25,18,22,23,4,31,38,18,49,49,21,6,17,6
"SMAD7",1,15,55,1,31,7,3,17,2,70,0,13,7,20,39,55,11,119,35,8,8,7,28
"SPRTN",2,27,40,3,39,10,4,28,9,45,11,45,6,7,31,55,16,89,29,6,7,8,35
"PLCB3",1,14,76,6,44,5,4,29,6,31,5,25,11,3,57,63,11,77,21,15,10,7,30
"PPP2R5D",4,22,43,4,65,10,8,37,18,31,11,19,15,10,42,60,20,56,37,14,9,11,5
"PRTN3",1,26,12,0,11,7,5,16,155,1,9,11,5,4,21,62,56,11,40,47,7,19,25
"QTRT2",4,21,76,2,58,8,13,23,6,19,5,40,3,4,31,41,8,98,33,2,7,24,25
"SETD7",1,20,86,7,63,11,7,20,6,17,2,9,10,0,79,60,8,95,23,5,8,2,12
"BCCIP",15,22,31,18,35,8,11,37,27,26,40,16,13,14,45,35,39,22,26,22,11,20,17
"CLEC2D",0,55,40,7,30,5,5,38,69,29,34,18,4,17,22,63,1,26,35,2,8,6,36
"LCK",0,51,37,7,31,12,3,30,42,42,16,17,1,39,52,68,2,21,26,5,4,18,26
"POLK",5,14,54,19,67,8,7,37,20,12,8,16,13,13,41,46,14,57,38,16,19,9,17
"REXO4",13,22,43,29,28,12,3,64,31,19,12,22,11,9,33,46,27,27,31,24,22,13,9
"RPS3AP6",29,38,27,14,21,22,7,74,25,23,22,28,9,5,17,30,43,12,23,27,5,22,27
"CLCN2",7,23,12,17,8,32,6,32,24,12,28,10,46,19,79,20,22,7,78,13,7,44,3
"LYRM7",40,13,26,26,21,13,4,28,17,16,10,21,33,20,36,45,12,32,32,3,19,56,26
"MYOF",0,6,88,1,60,4,0,18,0,37,2,4,0,1,138,57,1,85,18,8,4,11,6
"TNFSF4",2,1,34,0,19,37,1,79,5,23,4,19,45,6,15,10,44,17,21,61,19,79,8
"GUCY1B1",0,12,28,2,15,33,7,71,2,15,18,41,40,8,21,22,50,14,24,40,18,58,9
"TTC7B",3,5,41,3,17,23,2,71,6,16,2,56,25,4,24,20,29,26,33,51,25,52,14
"ABHD12",4,20,56,18,36,13,3,34,15,32,5,5,15,14,51,45,17,99,21,5,6,17,16
"CCDC50",2,54,55,5,61,3,5,19,53,16,13,19,7,9,54,35,4,36,17,3,10,17,50
"MANBAL",1,10,83,15,59,2,3,40,8,19,5,25,7,6,44,47,7,104,18,6,9,8,21
"RELA-DT",19,17,10,66,41,18,5,41,18,19,5,26,19,11,20,55,19,37,33,6,13,31,18
"TMEM181",3,33,64,10,43,4,2,34,12,19,4,15,3,16,49,60,5,58,27,9,7,7,63
"ZNF83",3,10,49,30,83,9,12,46,29,14,11,15,6,8,25,38,6,90,21,10,3,10,19
"BAHD1",1,19,43,4,53,8,1,37,16,36,9,10,8,4,58,63,13,111,23,8,2,8,11
"CSNK1G3",1,26,58,11,64,12,10,22,16,20,15,21,17,4,32,44,11,78,28,4,17,10,25
"GADD45G",5,20,28,15,20,7,6,39,13,41,26,25,17,6,17,18,17,89,38,40,1,19,39
"NIPBL-DT",6,28,43,9,40,12,3,44,15,25,31,30,13,4,27,46,25,63,38,18,1,4,21
"RAB11FIP3",1,21,47,24,21,6,6,30,14,11,6,27,18,24,60,32,37,25,38,38,13,34,13
"SLC49A3",4,19,76,2,56,4,7,81,1,40,0,23,7,0,20,50,9,83,23,1,19,7,14
"SULT1A1",1,34,46,4,11,0,3,82,0,38,0,58,4,2,3,86,5,89,30,2,12,1,35
"TMEM208",2,26,29,2,57,3,5,41,15,63,8,48,6,7,36,40,8,98,19,0,3,1,29
"TMEM39A",4,30,59,1,52,0,8,57,18,25,11,21,19,3,36,48,10,76,17,11,6,5,29
"DECR2",32,10,35,28,22,6,13,54,28,35,1,19,24,7,32,29,44,17,24,43,3,27,12
"NR1H3",3,20,23,44,32,10,5,26,13,26,19,25,55,12,38,40,21,26,48,9,22,17,11
"SCRN3",4,17,40,4,50,6,5,54,12,26,10,36,7,8,35,68,12,67,17,7,10,14,36
"SMPD4BP",6,33,67,13,32,5,6,31,23,23,2,40,3,12,40,43,8,96,13,8,3,9,29
"TNFSF12",1,12,49,3,85,9,2,39,4,24,1,13,8,3,67,73,18,74,35,8,7,1,9
"USP36",0,39,35,8,31,3,5,15,23,30,17,13,5,76,34,24,10,66,15,13,6,7,70
"AK3",8,22,47,29,47,8,7,28,25,23,7,37,17,6,31,56,19,29,20,27,12,22,17
"EEF1A1P6",3,24,37,19,39,18,1,50,15,31,12,9,14,12,57,27,44,22,21,53,9,17,10
"MDFIC",0,21,73,2,45,8,4,28,26,25,3,15,5,4,76,70,26,36,33,9,7,18,10
"CRB1",70,8,13,36,14,27,14,17,36,13,46,8,13,20,10,15,37,13,13,9,25,64,22
"CYB561D2",1,14,52,4,42,2,6,35,13,43,15,52,10,8,27,58,17,75,36,1,4,4,24
"EXOSC10",1,23,48,14,54,5,3,39,19,13,20,8,13,26,62,52,24,41,21,17,16,14,10
"NCBP2AS2",9,27,51,3,48,4,11,28,14,37,20,48,9,13,23,51,11,71,30,4,5,6,20
"SLC39A13",1,36,68,11,54,5,4,22,15,32,4,28,0,7,19,64,12,77,35,9,3,5,32
"DDX11L2",16,13,8,87,64,0,2,2,0,9,0,77,59,2,10,1,2,1,87,1,18,1,82
"H4C8",25,12,51,9,44,13,17,65,18,9,18,21,17,3,18,41,20,45,25,15,7,18,31
"LINC00324",6,14,45,4,59,9,5,54,4,23,1,53,4,5,24,40,15,128,27,5,3,3,11
"OPLAH",1,19,76,0,36,20,7,47,1,14,0,22,2,4,17,50,7,154,26,1,8,5,25
"POC1B-AS1",17,8,14,26,16,8,6,40,28,24,105,16,12,7,23,36,28,10,51,20,15,17,15
"RTN2",0,18,55,8,48,7,15,44,0,31,1,52,6,2,34,44,14,65,37,11,16,13,21
"TRPM2",2,63,71,3,57,19,6,41,6,16,1,10,1,15,60,48,13,31,46,11,13,4,5
"BSG-AS1",4,3,13,68,10,11,6,117,29,15,40,6,15,10,17,28,17,8,38,25,11,40,10
"COQ9",13,20,41,15,41,4,5,18,29,46,19,15,9,20,39,50,18,39,37,11,14,28,10
"EXT2",4,26,61,12,59,9,6,44,11,40,8,17,12,3,48,47,13,64,25,3,7,7,15
"IQCN",3,44,18,2,21,9,6,24,2,59,2,96,2,13,22,45,11,91,20,3,9,4,35
"KLRF1",4,77,25,0,23,7,8,11,3,39,1,9,5,49,58,94,5,19,16,4,8,20,56
"MRPL34",9,14,45,12,40,12,6,56,11,39,15,19,20,7,36,36,21,47,41,17,18,9,11
"BRCA1",4,20,64,6,52,1,5,62,11,14,2,29,6,1,38,64,12,73,30,6,11,13,16
"CLCN4",19,6,16,20,24,5,15,55,25,10,9,4,14,13,43,88,4,55,26,26,1,19,43
"COX15",6,10,85,2,57,7,5,50,7,18,20,13,9,4,47,64,11,51,26,10,14,11,13
"ELOVL7",0,2,26,2,11,33,2,68,11,19,5,30,22,4,19,9,40,13,45,61,6,105,7
"FBXL17",2,38,35,0,64,10,5,37,8,22,10,25,6,4,33,60,17,90,23,13,10,8,20
"ICE2",2,26,45,15,47,19,6,29,22,38,31,11,10,8,43,31,31,25,34,25,13,22,7
"SELENOS",5,42,39,12,27,4,4,36,12,34,11,35,2,5,40,56,17,92,21,9,14,5,18
"SUN1",3,32,86,8,53,6,3,15,34,19,32,22,6,11,39,57,11,39,22,10,8,6,18
"ABTB3",0,8,77,0,35,3,1,22,2,28,0,22,6,0,21,215,0,59,19,4,4,4,9
"ACAD10",1,24,62,11,57,5,3,34,7,20,9,41,5,2,44,78,11,73,26,8,2,5,11
"ATN1",0,25,47,17,31,21,6,34,5,34,8,15,5,12,70,52,17,49,45,12,16,13,5
"CDK5RAP3",1,30,60,8,25,4,14,36,3,32,2,49,4,2,21,62,2,115,34,4,5,2,24
"MRRF",10,19,25,14,37,9,3,21,24,25,17,22,13,22,27,48,25,28,43,20,34,32,21
"PHF19",2,26,62,10,57,9,7,29,34,19,8,10,8,16,43,47,11,59,34,15,12,8,13
"PYGM",2,33,49,9,33,7,2,48,8,48,0,63,10,3,22,46,13,82,19,2,1,3,36
"RHOBTB1",4,3,37,3,8,24,4,71,3,14,5,14,39,12,17,17,41,14,23,67,15,98,6
"TAGAP-AS1",2,15,155,22,37,2,2,36,1,9,1,20,15,0,47,54,5,32,42,2,17,10,13
"C19orf47",5,22,32,16,44,11,14,47,16,31,5,16,22,15,29,38,24,88,32,9,3,5,14
"DPM3",32,17,45,2,41,10,9,24,28,24,8,35,24,24,33,26,40,50,23,7,11,10,15
"MYOM2",0,16,0,23,78,18,2,5,6,27,30,0,12,87,23,60,14,11,99,3,3,17,4
"PWWP2B",0,13,121,5,40,9,2,32,12,21,10,14,2,13,37,26,5,117,17,2,7,6,27
"SPTSSA",1,22,69,0,58,8,0,35,15,37,5,19,8,3,79,39,15,46,42,12,0,7,18
"TM2D2",1,24,57,1,26,16,6,30,9,23,8,30,7,6,39,39,17,99,17,26,12,25,20
"AFG2B",0,26,50,7,39,2,1,24,7,16,11,36,13,2,31,77,12,97,20,5,7,11,43
"KATNA1",10,13,34,22,36,18,8,62,12,21,50,15,14,5,40,42,27,30,20,16,10,16,16
"CITED4",3,27,79,7,34,22,4,33,0,43,0,8,6,2,21,29,59,45,53,22,10,6,23
"EGR2",0,1,76,16,156,14,0,51,4,2,0,3,6,5,12,90,16,30,35,8,1,5,5
"HUS1",7,17,51,31,43,13,0,42,23,30,17,13,10,18,30,52,16,39,24,10,10,16,24
"MPZ",1,20,66,8,49,1,4,51,1,37,1,46,6,2,18,52,5,102,33,0,15,4,14
"ATP5PD",8,16,35,23,47,6,6,39,10,54,10,24,11,5,29,25,29,87,21,12,10,11,17
"CCDC57",0,42,59,5,27,10,9,21,20,35,0,30,1,13,26,65,7,54,51,6,12,11,31
"CDC23",11,12,37,18,30,13,7,24,35,20,55,11,24,10,43,43,17,29,44,12,9,15,16
"PSENEN",10,15,38,20,36,10,10,47,11,37,25,34,13,13,36,31,20,33,30,16,13,14,23
"ALDH16A1",0,27,84,13,70,11,6,34,22,20,9,33,8,5,37,46,7,44,26,11,3,7,11
"EIF4ENIF1",1,17,60,5,35,4,3,35,13,46,2,21,5,0,29,41,13,134,33,2,3,4,28
"SLC25A24",0,26,66,8,36,13,8,33,15,27,4,10,18,2,57,49,12,59,37,10,16,8,20
"ZCCHC14",3,24,47,13,38,3,5,35,12,23,29,24,8,3,37,58,13,75,33,22,4,9,16
"CCNB2",14,13,18,13,12,26,4,66,20,52,36,11,16,20,25,50,40,11,19,16,17,22,12
"NDUFS4",20,28,38,18,28,14,11,31,22,36,16,20,16,10,29,26,30,24,24,12,30,32,18
"NRXN3",22,1,15,13,16,5,4,36,4,13,34,3,40,11,72,28,31,7,23,90,14,34,17
"SETD9",13,16,14,28,29,14,3,45,18,32,6,20,37,25,41,32,2,27,34,41,38,18,0
"THAP4",0,20,51,4,35,8,9,47,15,29,13,31,14,7,44,46,11,82,36,7,13,4,7
"HDDC3",15,10,19,37,29,17,10,22,18,28,9,31,37,14,27,77,19,6,27,15,20,26,19
"PTCD3",9,31,51,15,31,6,12,22,50,25,20,16,11,12,35,49,25,24,20,10,15,18,25
"PWP1",15,20,39,18,21,5,4,38,43,29,26,26,9,15,35,62,9,37,20,22,2,13,24
"RARA-AS1",2,15,76,6,67,3,12,63,1,24,1,42,5,3,19,56,6,69,33,2,8,4,15
"ZNF189",2,12,50,25,51,1,2,49,34,29,25,19,12,10,21,42,6,57,32,12,12,10,19
"MICD",0,3,5,1,101,0,3,9,2,1,49,1,6,9,9,159,1,17,133,0,17,1,4
"NBPF10",1,37,58,3,29,3,5,27,9,32,8,46,2,4,21,64,6,93,22,4,4,7,46
"R3HDM1",1,17,37,23,32,9,7,20,34,23,15,12,37,17,40,45,14,55,48,9,8,11,17
"TMEM64",12,21,27,12,40,19,5,32,22,20,26,22,28,10,24,25,33,26,22,54,7,31,13
"TTC13",1,45,48,3,53,6,2,51,16,25,9,7,0,13,37,61,4,59,40,2,9,7,33
"CLEC9A",0,8,68,0,55,0,1,65,1,15,0,28,10,0,8,27,5,219,6,4,3,2,5
"NUMBL",18,8,49,14,32,7,25,20,20,25,10,32,32,11,27,41,13,32,23,31,20,30,10
"NUP205",5,15,33,10,44,7,9,22,28,35,9,6,6,12,70,52,21,31,30,18,26,12,29
"PHACTR4",0,14,75,10,46,4,10,19,19,19,6,7,7,14,55,67,14,60,24,13,5,11,31
"TRIM62",0,11,55,9,58,1,6,27,1,11,3,16,10,3,30,72,7,140,23,1,6,8,32
"NIPAL3",6,8,37,35,35,23,3,29,28,23,28,13,11,21,33,49,8,49,10,15,11,15,39
"NOP58",2,38,29,15,36,9,1,7,38,36,40,27,2,20,40,43,19,41,24,16,10,16,20
"PRDM5",2,15,68,4,53,15,6,40,3,4,1,14,9,0,20,111,12,63,12,0,38,5,34
"TMEM39B",6,19,71,9,39,9,7,55,10,23,7,24,24,4,30,47,25,42,28,10,11,21,8
"AIMP1",6,28,37,12,47,12,6,16,31,42,21,18,8,20,30,51,13,35,24,8,29,8,26
"BOP1",5,14,41,27,30,12,5,21,29,37,11,12,11,27,45,45,17,24,47,38,2,18,10
"C3orf86P",0,33,109,8,58,7,4,53,1,23,0,23,1,1,26,47,11,57,42,2,6,4,12
"EML2",2,29,57,7,46,11,3,34,18,18,4,27,0,17,38,52,6,73,26,7,15,14,24
"RASL11A",4,2,23,13,24,4,9,52,47,30,72,42,44,11,10,31,12,14,35,18,6,23,2
"SLC46A3",1,27,70,3,50,4,4,35,6,37,7,24,4,8,52,56,10,64,30,11,10,3,12
"TBC1D9",0,19,73,4,82,0,4,19,30,21,11,3,6,3,57,70,3,55,46,1,5,9,7
"AASDHPPT",6,20,47,7,39,11,4,44,31,32,17,27,14,6,57,38,12,42,25,9,11,11,17
"FIP1L1",3,25,50,22,33,15,7,39,11,43,4,39,12,2,29,40,21,60,20,9,8,16,19
"MRPL48",39,15,32,9,36,12,8,30,33,36,14,11,14,19,30,41,48,19,22,11,13,30,5
"NOP14-AS1",5,9,40,12,31,5,2,28,7,26,12,12,30,30,56,48,13,55,26,19,20,26,15
"SS18L1",4,13,38,16,33,2,13,24,18,46,11,16,16,17,28,48,14,63,35,20,7,10,35
"ZNF544",9,8,20,37,22,10,1,28,29,45,37,20,25,8,34,41,17,23,53,18,12,15,15
"ARMH1",0,24,78,10,23,4,1,21,11,27,6,23,2,4,34,54,30,57,50,16,17,4,30
"ATRN",1,21,76,1,31,5,9,21,10,26,31,10,25,10,48,70,3,52,23,8,5,23,17
"CUL5",1,28,46,12,45,8,4,34,18,24,28,19,13,2,29,33,20,53,35,18,25,13,18
"MTERF4",8,20,25,26,25,14,6,36,11,32,15,21,20,9,36,43,35,44,31,21,18,9,21
"FANCD2",5,15,47,8,29,7,2,32,4,34,8,28,9,0,46,72,22,53,49,11,4,12,28
"RIMKLB",8,13,31,15,6,10,6,49,38,49,22,15,24,17,23,41,34,32,21,21,10,18,22
"SMG1P2",3,5,44,19,18,8,12,30,24,33,5,27,28,12,39,37,33,12,31,15,31,30,29
"TELO2",2,27,65,7,27,1,11,48,19,23,10,21,10,7,43,51,15,64,26,8,8,6,26
"IGLV3-1",0,60,49,0,11,8,8,0,209,3,41,2,0,18,14,36,4,2,13,0,14,5,27
"ATXN7L1",2,19,58,12,20,15,4,35,30,20,43,19,18,11,38,58,15,39,26,7,17,12,5
"MAP3K5-AS2",1,13,52,6,63,9,5,75,6,22,3,24,3,1,48,65,12,41,18,9,25,9,13
"SNHG6",5,29,47,12,37,12,8,33,19,27,7,35,16,5,25,51,39,44,24,7,4,16,21
"ZNF37A",3,7,29,35,11,9,0,15,64,32,61,20,29,11,30,35,2,25,50,15,11,18,10
"C11orf71",11,16,33,30,19,11,3,31,20,43,32,18,17,4,22,41,17,16,34,43,38,16,6
"ISOC1",6,21,97,4,92,14,11,28,6,19,10,26,13,7,35,19,28,16,36,7,13,10,3
"PARP16",3,34,35,5,54,38,6,40,13,22,3,16,11,5,21,36,24,64,40,3,18,12,18
"PGM5",0,44,67,0,93,9,2,89,0,46,0,49,17,7,37,14,4,8,14,1,13,0,7
"PIGA",1,32,27,2,21,4,2,36,16,36,7,42,7,8,21,48,10,108,23,22,1,14,33
"DYNC2I2",5,4,31,20,15,15,10,24,32,43,15,10,12,35,44,19,38,22,47,21,20,9,29
"POU2AF1",0,35,29,1,50,9,7,6,171,11,55,0,0,11,36,9,2,9,27,2,8,6,36
"RETSAT",1,24,52,3,57,4,12,43,8,18,2,31,2,6,35,58,5,110,10,3,12,5,19
"SOCS1",9,2,29,6,23,1,1,34,11,14,33,28,5,8,43,37,11,86,19,5,52,22,41
"TENT4A",0,38,45,4,24,6,4,16,10,19,13,15,7,13,38,32,4,149,25,6,11,5,36
"HOMEZ",8,16,33,27,25,13,16,64,22,12,17,12,31,12,25,46,43,19,30,10,18,16,4
"RHOC",2,22,18,3,17,11,7,55,15,52,3,16,14,20,48,33,8,46,19,23,17,38,32
"RMDN1",7,21,70,7,39,6,4,32,10,33,9,28,12,14,46,41,18,59,26,7,8,4,18
"SMIM7",16,26,18,20,30,7,4,26,21,37,17,11,13,11,26,40,26,48,44,17,27,21,13
"XPC-AS1",1,20,62,8,31,11,6,47,1,20,0,34,14,0,43,110,1,49,28,0,9,7,17
"IGLV6-57",0,72,7,0,6,6,5,0,340,1,10,0,0,12,33,3,2,5,4,0,2,1,9
"LXN",18,22,44,9,33,9,6,57,9,27,6,31,4,3,34,44,16,59,34,10,11,25,7
"TAF13",6,61,19,15,30,0,7,32,11,41,21,34,6,9,22,37,7,102,18,9,5,3,23
"APTX",8,16,41,6,34,10,8,40,29,31,36,21,10,10,24,34,13,74,19,14,13,11,15
"CFAP92",0,20,70,11,70,6,6,26,2,29,0,30,7,0,22,64,4,88,33,0,3,2,24
"GPN2",1,11,41,2,50,1,6,41,15,12,10,20,7,4,47,75,7,104,28,1,5,3,26
"SMPD3",2,51,87,23,30,5,1,2,5,26,1,27,4,7,98,30,1,64,14,2,19,3,15
"TRAM2",0,30,74,1,46,3,5,16,52,27,2,20,9,9,44,32,9,65,25,4,7,10,27
"ABCC6",0,13,107,9,44,1,6,28,1,18,0,20,4,1,27,96,8,76,31,0,2,2,22
"BIRC5",40,17,19,21,18,13,10,43,19,58,24,6,7,9,24,47,50,12,19,30,5,18,7
"HDGFL3",7,26,86,13,24,8,17,35,3,31,5,19,11,10,23,56,7,50,26,11,6,15,27
"NUDCD2",5,19,29,17,35,11,8,19,31,17,45,21,32,12,29,38,15,48,27,16,9,23,10
"OPA3",0,15,37,1,49,8,1,41,13,65,9,16,2,2,27,89,15,61,37,8,7,4,9
"PLPP5",4,30,34,12,32,10,11,30,50,16,47,22,3,10,39,30,17,46,18,18,5,17,15
"SLC9A6",0,23,57,1,35,7,5,35,15,24,11,13,6,5,40,56,10,103,28,4,14,6,18
"TNFRSF8",0,7,65,4,54,5,6,19,4,37,0,38,8,1,28,71,9,92,35,1,7,4,21
"GNPDA1",1,7,82,2,56,6,4,35,12,32,22,15,10,6,53,42,11,49,34,13,6,7,10
"TLR7",0,8,83,2,68,5,4,31,13,13,29,5,12,0,70,62,13,33,25,3,14,5,17
"BAG3",1,4,14,7,9,4,8,27,62,18,109,6,4,2,29,25,17,32,13,98,8,16,1
"NDUFB2",21,10,28,43,32,13,3,19,21,48,6,8,9,35,33,22,44,22,41,16,23,5,12
"PRMT6",12,9,34,37,22,3,6,18,12,17,21,8,15,21,51,23,41,11,27,51,22,37,16
"SHTN1",4,21,32,7,110,8,9,35,23,10,5,11,10,1,64,36,12,51,24,12,11,7,11
"DNAJC14",2,13,46,14,35,6,5,58,16,10,43,26,5,6,29,70,9,47,29,7,10,8,19
"DYRK2",1,33,53,11,29,10,3,16,17,24,8,8,6,17,60,92,5,46,31,5,4,3,31
"FKBP11",2,60,43,2,22,6,1,22,88,23,2,10,2,15,27,68,1,36,21,1,8,9,44
"KCNA3",2,17,43,2,34,6,4,29,73,17,13,5,26,4,48,31,8,19,28,31,18,26,29
"PTGDR2",0,13,95,23,33,3,1,16,5,26,2,22,3,3,88,42,8,61,22,2,30,10,5
"ZNG1C",1,38,42,17,44,0,4,26,0,20,3,23,7,0,27,43,4,118,31,2,9,1,53
"USP28",1,18,46,9,60,4,4,26,35,19,9,11,16,12,52,87,1,30,24,6,11,12,19
"ALDH3A2",2,11,81,10,54,2,1,14,10,30,1,15,14,5,63,55,15,55,31,15,5,10,12
"BUD13",2,11,54,12,36,4,2,56,5,44,8,24,3,3,56,54,16,57,22,5,9,8,20
"GTF2F2",2,13,57,5,63,9,9,37,14,26,14,22,5,5,23,53,11,75,28,4,9,5,22
"IBTK",1,15,46,7,51,10,3,18,42,28,13,5,10,5,55,79,13,36,20,9,11,16,18
"NUP188",6,22,41,17,36,8,6,26,30,18,21,9,11,14,57,47,12,38,25,22,13,9,23
"PPP3CC",6,19,22,21,10,19,0,8,30,32,24,12,4,28,30,54,44,18,18,1,18,66,27
"RUFY3",15,17,43,2,29,12,7,53,28,26,74,8,8,2,30,35,2,42,28,25,2,13,10
"TCTN1",1,14,62,8,32,2,3,30,6,31,3,41,5,4,39,81,10,93,11,6,8,2,19
"TSPAN31",19,24,51,21,46,21,12,15,19,29,13,14,12,7,25,42,15,36,30,11,8,20,21
"ATP13A2",0,17,53,4,42,6,4,34,24,16,11,15,8,7,72,45,19,41,33,17,8,12,22
"ERCC6L2",2,23,70,18,48,8,13,22,16,8,30,13,11,9,29,62,11,38,20,10,8,19,22
"EXOSC1",13,12,58,20,28,10,6,30,31,17,6,17,21,9,30,49,15,39,31,17,10,19,22
"FBXL14",0,12,66,2,53,4,8,37,9,14,27,14,8,4,53,43,2,68,26,27,11,13,9
"FLNB",1,32,78,32,23,4,2,4,34,30,15,10,13,8,61,49,1,21,21,4,11,17,39
"LSM6",6,36,72,4,39,15,8,17,13,29,7,20,10,9,24,31,20,62,45,10,12,8,13
"RCN2",11,22,58,9,35,10,5,35,14,24,9,17,13,8,40,56,17,37,26,19,18,14,13
"RPL7AP6",5,20,29,20,21,15,5,54,26,22,13,13,26,20,34,29,29,20,10,46,15,24,14
"SLX9",7,8,34,33,25,12,3,16,36,36,10,14,14,26,33,54,27,25,21,17,13,31,15
"TXNDC15",1,11,65,6,64,9,0,23,37,26,7,8,15,4,57,45,11,54,31,0,8,2,26
"ZBED5-AS1",10,22,18,61,24,4,3,10,18,27,29,32,15,17,23,25,28,14,31,21,19,49,10
"KCNK7",2,31,12,8,23,1,1,21,0,54,4,68,7,2,2,47,5,160,18,6,1,5,31
"NPAT",1,12,88,6,69,11,3,32,12,21,10,18,13,7,23,64,5,41,21,11,9,14,18
"NSMCE1",5,15,45,7,46,5,2,46,19,38,15,24,18,9,41,29,22,50,22,20,11,3,17
"SUPV3L1",10,26,32,22,31,12,8,13,24,30,64,22,9,16,13,31,13,47,26,16,16,9,19
"FHIP2B",3,30,63,14,62,1,9,28,9,27,13,12,3,9,32,60,6,64,29,8,6,4,16
"FOCAD",2,20,82,8,15,5,9,19,8,21,29,17,10,10,44,65,25,55,18,16,9,12,9
"FPGS",5,33,54,18,32,5,4,23,33,22,19,17,14,12,36,65,20,42,10,8,7,14,15
"RNU4-47P",0,10,17,56,15,11,4,14,18,30,32,34,50,9,42,27,17,12,43,1,21,7,38
"SLC17A9",1,35,36,6,28,2,1,28,53,31,10,9,10,8,26,80,9,22,63,17,5,11,17
"TCF7",3,50,24,5,21,9,2,14,96,16,28,8,8,35,35,31,6,32,30,2,17,19,17
"PRDM10",5,31,51,12,25,0,4,25,18,16,13,21,5,6,26,53,10,101,32,8,5,10,30
"PROSER3",4,7,45,11,52,8,2,34,6,27,21,35,4,7,30,49,9,83,27,7,1,3,35
"ZNF721",6,14,61,11,47,8,0,35,12,14,26,21,11,7,29,67,15,42,28,6,11,6,30
"CTH",8,17,20,19,37,30,4,33,22,26,30,38,49,7,10,13,31,14,21,17,15,33,12
"IRAK2",2,18,11,0,10,6,1,38,22,25,4,33,6,16,18,21,10,172,33,13,7,16,24
"NUDT21",1,18,33,13,39,8,1,70,23,26,7,19,6,10,25,49,21,80,19,12,9,9,8
"RFTN1",0,34,53,2,44,13,5,13,44,36,16,0,1,29,61,46,4,40,14,7,10,9,25
"ZNG1E",7,24,92,4,34,2,8,43,10,19,0,16,2,2,21,66,1,73,33,3,12,3,31
"KCTD18",2,18,62,4,44,7,7,65,3,30,1,17,4,6,54,42,13,52,21,11,8,12,22
"LAMP3",1,4,6,4,25,3,8,38,5,4,8,12,3,7,97,41,1,114,4,2,65,12,41
"MED19",19,11,29,13,32,16,6,18,17,36,35,9,14,4,30,34,29,41,44,21,9,24,14
"TRMT2B",4,29,46,7,57,6,3,34,9,33,16,22,5,6,18,52,10,88,15,5,15,10,15
"UAP1",1,32,20,1,36,5,3,42,36,38,5,21,12,18,28,25,10,114,14,16,3,4,21
"ZNF136",1,22,32,4,37,6,2,47,7,27,3,26,4,1,48,29,13,128,4,3,3,12,46
"CASP8AP2",1,16,54,1,69,7,7,42,9,15,17,12,12,7,35,62,4,61,19,6,14,15,19
"MLH1",4,19,50,4,42,10,5,30,29,21,14,14,8,19,31,50,24,44,34,13,15,9,15
"POLE4",2,24,59,7,50,13,4,33,16,42,4,9,10,7,62,45,23,57,19,5,2,6,5
"PRRC1",0,20,71,8,52,6,3,20,28,17,13,14,8,11,41,47,9,54,32,12,10,16,12
"RAB39B",15,9,36,23,28,26,19,24,7,12,7,40,19,8,30,26,19,36,28,32,29,24,7
"ZMAT5",12,9,40,6,37,11,2,50,10,34,14,21,9,12,26,74,12,55,35,8,9,13,5
"ASCL2",1,15,65,4,64,9,1,37,5,26,0,35,11,13,52,46,5,46,24,3,9,6,26
"GXYLT1",3,27,50,13,56,5,8,26,10,11,10,14,9,15,42,43,10,85,27,6,14,7,12
"MAPKAPK5",2,26,55,14,50,11,3,39,23,34,11,26,7,5,32,50,5,42,30,5,7,6,20
"PIGK",8,29,67,6,42,17,7,21,15,27,12,7,11,9,48,35,21,52,25,10,10,16,8
"PI4K2B",4,11,49,8,47,2,2,26,23,24,16,3,3,11,43,21,8,76,14,15,33,17,46
"PM20D2",2,26,39,4,32,6,16,38,13,20,6,21,13,7,50,56,7,54,20,19,17,15,21
"RANBP1",8,40,33,2,27,16,13,20,47,38,15,23,3,13,50,30,17,32,17,14,16,14,14
"SPTBN2",9,9,33,46,14,21,7,25,30,35,14,17,24,19,22,38,12,14,27,18,7,40,21
"TCEANC2",1,15,74,6,46,5,8,47,15,21,27,14,15,8,26,42,13,42,24,11,12,12,18
"USE1",9,6,26,33,25,12,4,51,16,25,14,22,16,14,42,40,18,23,24,17,26,17,22
"ZNF764",3,5,23,12,30,5,3,42,23,25,32,41,20,7,36,42,10,54,19,19,11,23,17
"ATP5F1EP2",20,15,14,64,30,6,9,40,10,30,10,31,25,9,20,19,39,9,19,22,19,30,11
"ATP5IF1",14,22,36,20,28,7,6,55,12,33,16,24,14,8,34,23,12,73,20,13,2,2,27
"GPX1P2",23,6,27,44,18,14,6,56,17,30,15,13,24,13,16,6,54,6,40,13,17,33,10
"LAS1L",11,16,40,19,33,9,4,27,22,17,26,21,4,11,42,19,29,41,14,46,10,24,16
"LMAN2L",13,4,28,18,17,6,3,21,28,28,127,17,23,3,23,37,10,28,20,16,4,17,10
"RNGTT",2,17,46,7,32,5,9,28,28,19,24,25,7,6,31,59,13,75,17,12,7,2,30
"STMN1",12,33,12,2,8,4,5,17,65,19,32,20,2,19,36,37,40,13,15,41,6,30,33
"CRACR2A",0,37,63,5,46,5,9,21,4,13,1,23,2,4,22,91,9,38,38,6,7,13,43
"HOPX",7,69,38,3,17,10,10,13,3,85,4,18,6,38,58,50,2,11,12,3,14,9,20
"SLC36A4",0,22,63,5,42,8,7,23,3,32,4,15,7,5,47,37,6,82,36,21,10,1,24
"SYN3",11,7,11,6,9,12,10,78,21,17,40,0,65,81,25,14,14,36,7,21,3,8,4
"ZNF587",1,27,69,5,41,5,3,26,12,37,28,27,9,6,20,57,2,54,20,14,3,4,30
"DCUN1D3",0,13,30,3,24,2,6,25,0,44,15,54,3,7,18,28,2,151,17,9,1,7,40
"GOPC",1,26,49,13,51,10,6,25,22,17,15,23,8,2,38,60,15,47,24,19,11,5,12
"IGHV3-48",0,21,7,1,14,5,2,0,269,2,6,4,0,5,10,10,6,1,106,2,14,9,5
"TEX264",0,21,69,8,46,9,7,27,15,29,2,12,6,8,52,38,20,58,30,11,7,11,13
"ZNF511",14,23,19,40,29,9,13,23,9,26,10,21,19,28,35,14,29,25,32,18,33,16,14
"BAIAP2",5,11,40,6,27,8,13,45,11,23,2,24,6,2,27,78,8,81,31,20,8,7,15
"KPTN",2,10,26,23,29,7,3,38,6,41,12,18,17,12,32,26,27,70,22,7,14,26,30
"MAMLD1",0,10,42,0,0,22,0,86,20,14,11,28,18,5,21,34,41,7,53,44,5,30,7
"MRPL40",6,13,32,53,24,3,8,38,32,28,8,12,15,16,27,33,38,15,23,6,16,28,24
"HMMR",22,18,18,19,14,24,6,35,23,44,24,21,10,20,28,48,32,3,28,26,11,17,6
"NSDHL",2,11,31,35,31,16,4,32,24,10,10,17,11,16,43,47,25,27,38,11,19,31,6
"SLC25A26",12,17,30,43,24,11,1,40,12,13,7,16,20,24,19,58,33,22,25,12,17,12,29
"SLC2A6",0,21,65,8,83,5,9,8,16,53,7,6,7,1,53,36,9,50,40,1,2,3,14
"CACFD1",12,9,22,36,22,4,3,30,37,12,11,9,11,10,56,20,22,32,15,46,42,27,8
"CFAP58-DT",16,23,48,7,34,3,12,66,1,30,4,43,2,4,27,25,7,77,9,5,13,14,26
"WDR70",4,14,43,21,38,3,2,41,30,27,11,15,6,6,32,54,19,47,17,21,11,19,15
"DISC1",0,5,36,2,39,4,3,35,3,8,1,14,6,0,71,38,3,126,32,1,19,4,45
"FRA10AC1",8,23,39,31,27,13,3,32,5,33,12,23,37,11,26,42,21,27,21,14,11,14,22
"MCM3",3,23,28,8,36,6,3,16,65,17,18,10,2,12,66,52,20,29,11,27,15,9,19
"NMRAL1",4,29,19,7,43,5,7,52,14,48,2,18,3,3,31,91,8,65,6,7,7,0,26
"PHAF1",2,11,69,3,51,8,2,30,19,24,11,20,6,3,37,42,13,74,19,7,13,5,26
"PKD1P4",12,1,25,3,5,4,17,9,72,12,39,1,28,5,91,17,13,3,68,14,7,46,3
"SMARCAL1",9,10,33,16,34,8,7,49,27,23,11,16,12,12,43,43,24,47,18,13,15,13,12
"TNXA",4,6,42,9,15,13,6,0,20,115,34,49,6,13,35,31,17,22,32,11,0,9,6
"WDR7",1,20,59,2,52,7,7,43,9,22,14,14,9,18,24,68,12,63,13,13,4,5,16
"AAR2",5,22,45,8,42,14,2,18,30,32,22,7,12,16,50,25,26,47,25,11,11,15,9
"HMGXB4",1,23,34,5,46,0,5,33,9,27,5,26,9,10,29,33,6,131,21,5,6,6,24
"MICA",1,16,55,6,47,2,6,9,5,21,7,28,4,2,42,61,13,102,14,2,10,3,38
"ZNF506",0,8,38,5,36,8,4,35,16,20,7,12,6,8,26,62,10,102,25,2,15,6,43
"IGHV4-34",0,51,50,1,19,2,1,8,251,5,16,1,0,9,13,20,1,9,4,0,6,12,14
"ULK2",4,12,23,28,46,7,4,22,39,29,15,2,18,6,55,54,11,38,49,12,10,2,7
"CEBPZ",1,33,45,9,41,7,0,29,23,27,3,20,0,18,47,37,8,65,16,24,7,6,26
"CEP68",1,15,38,10,17,2,1,8,15,9,95,12,0,4,43,62,9,33,33,12,14,38,21
"DXO",1,14,40,16,60,8,7,15,12,41,25,44,8,11,23,49,9,54,20,6,8,3,18
"KRT79",0,0,4,31,35,0,0,13,0,34,12,5,6,16,17,50,18,107,109,7,25,0,3
"MGST2",1,18,76,19,50,15,4,47,5,30,2,23,5,1,27,36,15,51,32,7,6,15,7
"RNF217",20,13,13,22,14,7,2,4,1,15,29,6,35,28,30,55,64,24,37,18,7,42,6
"STX8",19,26,40,10,33,8,13,19,11,40,5,4,10,19,24,36,30,40,33,28,16,15,13
"TSPAN16-AS1",0,22,33,1,51,2,2,71,0,40,0,26,5,0,8,123,14,34,18,0,3,7,32
"HDHD5",0,21,65,4,83,9,6,26,4,28,4,16,3,3,57,53,9,52,31,4,7,3,3
"PHETA1",6,3,26,13,17,14,5,25,18,18,47,5,16,6,55,40,24,24,53,20,8,39,9
"SMIM20",8,18,20,35,40,10,4,58,5,14,12,17,28,20,30,28,31,38,21,4,12,17,21
"TANC2",2,42,65,1,94,11,1,15,0,20,0,12,14,13,29,54,1,28,41,4,9,2,33
"ZMYND15",0,49,51,4,37,0,4,37,1,31,0,48,0,2,21,57,1,83,35,2,1,0,27
"ALG12",5,6,62,18,26,13,2,34,9,18,18,17,14,11,43,54,23,53,36,8,5,5,10
"COPS7B",7,27,47,12,41,5,6,26,21,35,16,13,8,1,33,59,7,78,16,7,4,7,14
"IVD",2,24,58,7,29,5,5,27,23,32,16,4,14,9,58,50,10,48,18,9,9,3,30
"LINC03011",8,11,24,44,16,11,4,18,75,42,10,31,10,9,31,21,27,18,28,20,12,17,3
"BTBD9",4,26,56,6,43,4,6,32,7,20,8,15,5,7,35,36,5,107,27,2,7,5,26
"CALHM2",1,10,63,2,26,3,3,8,14,33,0,10,15,2,86,57,13,67,42,6,3,3,22
"CLN5",6,16,57,4,29,11,7,30,12,19,58,33,14,10,17,41,10,43,25,6,6,19,16
"SMCO4",0,19,67,2,74,3,3,30,6,18,1,12,5,2,92,38,16,58,20,4,4,8,7
"ZNF142",2,19,52,6,47,5,2,27,7,26,7,12,7,7,23,74,12,77,25,8,9,5,30
"DUSP28",11,24,30,21,22,7,8,27,29,32,42,26,17,13,21,21,16,29,30,22,9,9,22
"INCENP",6,17,49,10,40,11,4,46,13,20,2,9,25,9,41,63,10,46,23,14,15,7,8
"KLHL22",2,4,104,2,47,3,1,43,2,26,4,15,7,4,32,62,9,58,38,7,7,4,7
"NEBL",1,36,0,7,116,0,5,1,2,0,0,25,0,0,7,90,8,93,50,7,24,2,14
"PKD1P5",11,5,19,8,10,18,5,17,70,17,46,3,13,15,44,25,13,11,46,12,19,55,6
"POFUT1",0,8,67,1,46,14,7,27,15,30,8,9,11,4,39,55,21,51,30,13,8,8,16
"RAB11FIP2",1,18,35,19,36,8,4,28,16,26,27,25,4,9,33,48,14,76,21,5,4,12,19
"SDC2",0,16,95,1,53,0,1,6,0,32,0,73,4,6,30,38,4,61,35,0,2,0,31
"BDP1",4,36,38,9,41,5,3,29,38,12,38,12,8,11,34,26,8,43,25,23,17,12,15
"DHDDS",3,25,65,8,55,6,2,30,16,23,9,16,5,5,26,50,6,81,23,6,4,2,21
"DHRS11",10,1,35,51,10,7,8,14,6,13,5,13,21,22,49,40,41,5,70,21,6,29,10
"DNAI4",42,12,10,35,18,7,9,28,16,23,29,19,13,22,28,32,50,4,27,25,16,20,2
"FADD",7,4,60,3,41,6,5,26,5,41,5,30,5,0,33,29,14,80,27,5,17,15,29
"FMNL3",0,32,52,7,27,10,3,27,16,22,11,13,6,18,49,69,10,41,28,3,11,8,24
"FUT4",0,27,53,5,37,4,1,9,7,25,1,25,6,11,32,23,33,102,34,22,7,2,21
"RWDD3",8,11,30,36,30,7,11,26,16,33,7,21,27,9,22,34,24,15,42,12,29,27,10
"SLC39A3",2,9,38,5,35,9,5,49,13,29,15,20,23,6,41,30,22,52,27,18,7,18,14
"ANKRD33B",0,18,35,4,29,17,4,48,15,11,6,12,7,6,29,28,17,72,19,38,5,19,47
"H3C6",5,3,21,13,14,5,5,17,45,11,138,3,19,0,21,26,15,6,18,22,56,16,7
"KRR1",1,40,49,7,36,7,6,27,11,31,17,6,3,9,21,74,12,45,35,7,12,5,25
"SOX4",1,42,63,4,35,21,9,31,23,12,18,35,4,8,35,47,4,27,23,5,5,9,25
"FARSB",12,22,35,23,31,8,11,41,34,22,17,6,22,17,34,23,30,17,41,12,7,12,8
"METTL13",1,5,68,3,57,8,3,41,26,16,16,6,11,7,58,49,15,29,24,12,12,3,15
"MKRN9P",2,5,14,32,23,11,13,41,33,22,16,35,17,4,26,28,26,5,27,36,17,29,23
"NOC4L",5,15,43,16,35,6,3,39,25,42,4,20,12,15,29,51,10,36,28,8,13,11,19
"RNFT1",2,21,62,1,48,8,12,22,4,21,1,25,13,5,35,51,17,62,25,6,2,5,37
"SMC6",3,26,33,3,35,4,4,24,39,21,13,25,8,10,53,53,7,50,31,7,12,5,19
"CACNA2D4",5,14,59,8,28,5,12,44,19,23,39,13,3,18,27,25,11,38,26,17,8,36,6
"ERMP1",2,47,43,7,30,22,2,21,26,18,6,20,2,17,41,49,16,27,22,26,13,14,13
"LINC02289",0,16,55,0,57,5,4,56,0,19,0,34,12,0,38,63,3,39,32,4,7,0,40
"MICOS13",13,18,33,23,49,14,4,27,25,34,4,8,5,15,34,32,19,36,33,13,18,12,15
"NAXE",13,17,37,24,29,7,13,38,21,23,12,14,5,7,46,42,38,29,31,13,11,3,11
"SGO1-AS1",0,4,7,13,85,15,19,37,12,8,5,24,18,3,41,19,14,10,22,110,7,4,7
"SIAH1",5,26,48,22,14,5,1,26,15,4,7,35,11,3,35,35,20,73,24,16,17,5,37
"TAB1",0,14,64,18,40,12,1,24,17,23,12,18,9,9,48,46,17,51,30,7,10,2,12
"ZNF766",0,13,42,3,39,1,3,45,9,13,7,32,2,5,27,64,2,94,11,6,7,2,57
"CD180",0,9,110,4,62,3,3,31,65,20,9,0,5,1,75,29,2,21,17,1,0,12,4
"PPP1R14B",2,34,38,3,36,7,0,25,56,21,6,21,8,9,53,32,9,49,18,10,10,7,29
"RPL32P18",11,18,35,26,17,17,4,67,24,18,16,22,20,11,13,26,30,9,25,22,15,25,12
"TPRKB",7,33,31,10,34,12,6,32,16,48,4,23,4,10,36,53,22,40,16,12,8,11,15
"CHD4",2,27,32,4,25,0,4,23,7,43,5,46,1,3,24,35,4,101,36,5,15,8,32
"GLT8D1",5,26,83,1,50,4,3,41,8,17,8,12,2,6,34,54,8,53,29,11,9,8,10
"HECW2",0,11,70,5,43,10,7,39,1,45,0,33,4,1,26,78,7,57,19,0,6,6,14
"MPV17",1,20,62,4,44,8,5,23,20,22,11,31,8,5,36,59,5,44,37,2,8,9,18
"NLRC3",0,47,30,3,32,9,1,19,24,22,12,6,8,32,48,80,3,30,18,2,5,20,31
"NRDE2",3,25,59,19,37,1,3,24,6,17,23,29,3,8,24,51,11,91,8,3,15,4,18
"SH3BP5-AS1",0,42,60,8,20,2,4,38,5,42,7,27,2,3,13,65,3,66,18,10,5,6,36
"TRNT1",6,16,51,22,37,8,5,28,10,26,9,21,13,10,35,33,6,60,27,11,11,4,33
"DENND11",0,25,74,5,28,7,5,7,22,21,60,9,4,15,51,36,4,21,14,14,6,20,33
"GATD3",22,10,29,56,19,4,0,21,37,28,49,26,6,12,47,13,10,25,8,17,25,16,1
"MYO7B",0,51,17,1,46,6,6,58,8,38,1,3,3,1,17,105,3,65,20,11,0,0,21
"TP53RK",8,10,34,10,26,16,3,29,23,21,80,10,11,6,33,47,12,40,17,9,11,9,16
"ZCCHC9",1,12,57,4,68,11,11,53,5,37,14,18,1,1,28,34,10,51,28,15,10,2,10
"ZNF700",0,30,48,6,41,4,3,37,10,16,0,38,11,13,24,64,2,68,17,3,10,7,29
"ZSCAN2",16,17,10,45,13,21,10,22,11,18,14,10,17,22,33,36,43,19,30,20,26,18,10
"ATP11C",0,13,54,6,47,7,7,31,21,26,2,16,7,7,34,52,11,69,24,4,12,5,25
"LYPLAL1",2,15,34,4,42,9,5,60,13,19,6,29,18,1,34,52,16,50,15,23,6,18,9
"SLC17A5",3,16,53,6,43,6,3,41,7,16,7,18,7,8,35,33,12,84,20,11,19,7,25
"TCHP",1,33,66,9,39,12,6,39,10,17,4,15,4,3,17,68,8,66,26,10,5,2,20
"HYCC1",4,25,60,4,19,5,5,27,41,28,30,10,11,10,40,20,11,40,18,27,6,20,18
"MILR1",5,28,66,4,35,7,8,23,4,20,5,19,4,2,46,47,6,72,33,3,20,10,12
"PAK4",5,5,30,26,25,8,8,39,20,30,21,25,10,14,33,38,34,38,28,15,7,11,9
"TBP",4,19,67,1,39,10,3,32,12,18,13,28,8,3,20,60,12,71,23,6,8,11,11
"EIF2AK3",1,23,31,4,19,7,8,51,26,34,12,25,11,7,14,14,22,68,15,31,6,21,28
"MROH6",1,32,36,14,32,2,2,40,6,25,1,30,6,1,38,60,13,64,25,12,12,1,25
"NCK1",8,19,56,8,52,20,7,36,8,18,8,21,11,6,32,29,8,52,29,7,6,10,27
"ZNF529",6,10,19,18,15,10,5,28,32,27,116,14,16,8,18,25,13,17,37,20,6,10,8
"DPH7",4,26,34,17,40,2,2,47,19,19,11,21,22,8,34,49,13,42,28,14,9,5,11
"F8A1",3,27,32,1,19,3,11,22,14,80,7,25,11,9,6,23,35,37,18,23,9,10,52
"HPS5",0,13,46,6,50,9,7,21,26,35,25,11,2,2,44,47,11,63,8,12,8,14,17
"PEX13",9,14,38,11,31,6,3,37,8,23,6,13,11,3,41,45,19,57,39,19,9,15,20
"DUX4L50",0,8,59,27,36,8,2,41,4,15,3,20,9,1,44,38,8,67,29,6,21,8,22
"FAM200B",6,16,95,14,38,6,8,36,6,28,1,14,11,2,34,36,9,44,22,8,14,12,16
"LINC01943",59,14,4,15,56,6,27,6,6,9,4,21,9,5,25,17,59,4,12,29,53,30,6
"MIF4GD",0,19,43,3,35,6,5,42,15,27,6,15,2,4,83,34,16,48,25,12,6,13,17
"PHF10",5,21,42,11,27,8,9,26,24,28,4,20,11,16,46,52,11,47,13,21,9,8,17
"SGPP1",1,17,61,7,44,7,6,36,16,15,25,18,5,3,48,27,4,69,22,1,16,8,20
"CDK5R1",0,53,89,4,8,4,2,16,6,15,3,27,1,9,41,6,1,89,27,1,11,7,55
"DSN1",4,17,43,9,30,7,0,47,21,29,10,34,21,15,24,46,16,46,11,5,9,10,21
"DTNBP1",0,21,53,3,29,6,2,27,9,20,5,26,10,9,43,43,8,94,14,5,10,10,28
"RNF25",1,14,64,3,43,3,4,44,15,33,2,33,2,8,18,50,11,61,18,4,9,8,27
"EBNA1BP2",0,14,45,4,34,12,7,28,37,30,43,21,8,12,35,21,15,27,21,20,5,19,16
"EXOSC6",4,25,53,3,33,2,2,21,28,42,19,26,9,4,31,53,22,47,20,8,3,6,13
"KIF13B",1,27,77,10,36,5,7,13,21,20,1,9,4,14,45,72,10,51,23,5,6,6,11
"PRKAR1B",1,9,30,16,15,25,4,28,19,18,14,36,24,5,11,15,32,13,24,51,17,57,10
"HDC",0,10,107,20,33,4,4,48,12,30,17,27,8,3,12,27,5,46,25,2,7,1,25
"HMGB1P6",1,30,22,4,41,7,5,56,13,14,10,24,24,3,6,48,20,75,21,8,4,27,10
"LINC00607",6,9,14,15,3,6,12,23,17,22,66,1,14,16,8,0,61,15,46,9,31,76,3
"RPSAP47",0,18,37,18,16,45,1,39,62,15,35,0,31,21,0,23,11,10,9,8,53,13,8
"ZNRD2-DT",11,9,38,19,25,4,12,28,16,17,54,38,17,8,17,31,29,25,24,9,20,14,8
"ALG3",1,9,30,31,36,6,2,24,16,28,14,5,16,17,42,34,18,41,24,15,21,27,15
"CYP3A5",13,4,14,15,7,8,3,4,13,29,76,13,32,21,18,29,11,19,59,27,6,40,11
"FLYWCH1",0,48,65,2,32,2,7,15,23,37,4,13,2,18,21,55,7,41,28,5,5,9,33
"MPZL2",4,13,77,3,45,3,5,55,0,9,1,9,6,0,30,43,10,112,12,2,12,2,19
"RCE1",2,23,32,2,31,6,3,21,12,45,20,34,8,3,21,63,13,81,17,5,6,4,20
"ST20-AS1",0,20,53,7,65,6,4,37,0,54,0,23,1,0,20,57,4,62,38,1,2,2,16
"DDX20",3,13,43,2,41,2,12,42,9,25,3,38,7,1,40,36,6,82,26,5,5,16,14
"IGHV1-18",1,83,12,1,31,14,7,2,192,2,17,3,0,7,34,12,0,2,8,2,5,12,24
"MYCL",1,14,96,0,98,1,4,26,6,16,2,10,12,2,57,54,8,32,15,5,8,1,3
"PPA2",7,29,31,3,33,8,9,24,19,12,3,10,11,13,32,40,25,86,24,17,3,6,26
"TMED3",0,30,57,1,33,9,6,11,32,39,10,20,12,10,55,29,18,41,10,20,6,15,7
"ELAVL3",9,15,3,11,38,3,38,34,17,13,23,1,11,28,43,12,14,8,61,35,11,36,6
"HIP1R",1,46,25,11,45,5,3,23,72,18,18,6,2,13,23,34,12,30,29,3,7,5,39
"LLPH",2,17,74,10,43,6,5,50,1,16,19,21,5,6,26,30,17,74,7,6,4,8,23
"MTHFD2",4,27,32,1,40,10,6,27,25,15,4,18,1,16,48,28,17,70,18,7,11,16,29
"RPL29P11",3,5,2,11,9,2,2,13,6,5,10,3,3,4,0,6,6,3,5,4,351,14,3
"TMPPE",0,3,42,15,38,3,4,32,33,25,20,16,21,2,24,52,7,49,24,19,8,12,21
"BCL6-AS1",3,26,66,19,20,5,9,19,3,15,3,9,15,0,32,74,8,72,26,10,7,7,21
"CHMP6",1,8,55,13,41,14,3,42,4,18,2,21,9,2,16,61,25,36,26,11,14,35,12
"RACGAP1",12,13,21,22,19,14,7,33,26,16,18,11,14,12,42,42,38,26,24,23,7,18,11
"TIMM10B",1,22,17,6,39,3,1,22,29,43,22,14,13,10,22,36,4,81,24,27,5,5,23
"TMEM216",2,16,43,1,23,5,1,42,6,37,3,18,9,2,38,49,15,93,28,8,11,9,10
"ZMYM4",3,18,65,2,39,3,11,16,18,22,12,11,1,8,49,39,7,62,21,15,14,13,20
"ZNF107",3,18,68,12,31,1,0,42,26,15,15,10,9,10,29,31,9,68,15,9,5,11,32
"KDM4A",3,9,43,18,32,6,13,34,26,17,24,21,8,3,24,56,20,30,17,15,12,14,23
"MZT1",18,21,30,13,20,13,0,35,11,35,12,15,12,9,33,55,22,31,26,14,5,25,13
"ZNF688",5,13,42,11,36,5,4,42,9,37,1,39,7,4,25,41,26,84,11,9,5,7,5
"EXOSC9",8,30,34,6,28,4,5,26,15,17,15,34,6,11,29,29,8,43,16,10,32,9,52
"GLMP",1,12,89,2,84,9,5,42,16,23,7,5,9,1,23,35,15,45,13,3,11,12,5
"GNL3",1,31,37,7,34,6,5,17,72,23,17,4,6,9,45,32,10,32,20,14,9,12,24
"HOMER3",2,16,73,1,64,6,5,22,8,35,2,9,7,0,54,65,3,53,17,3,4,6,12
"KIFAP3",5,16,22,12,9,11,5,17,26,23,6,17,26,11,30,38,38,15,26,25,10,65,14
"METTL21A",4,21,53,4,29,6,3,45,24,22,13,10,5,8,45,41,8,71,19,6,6,7,17
"TWF1P2",9,1,8,7,3,3,2,29,53,13,204,12,3,5,21,15,6,3,32,19,3,16,0
"VWF",0,4,25,3,16,14,5,50,4,25,3,14,33,2,23,53,25,28,21,33,7,65,14
"CD300C",0,18,50,1,45,5,7,41,4,54,1,14,5,6,45,49,15,66,16,0,5,1,18
"GNG5",2,45,33,9,12,5,8,30,5,27,18,28,4,2,14,62,11,62,25,10,3,9,42
"PDE12",2,24,44,6,33,10,2,19,15,23,16,23,8,5,25,27,10,112,23,6,4,10,19
"TOGARAM1",4,14,37,8,25,5,10,21,17,9,93,10,15,11,44,35,6,19,20,36,1,16,10
"ZNF430",1,15,52,7,14,6,4,31,13,15,1,21,8,1,57,53,12,77,36,5,16,8,13
"AKR7A2",0,15,46,3,37,12,6,23,21,49,4,14,9,14,44,33,18,49,17,25,10,10,6
"BANK1",0,15,39,1,33,8,11,24,88,10,67,4,8,9,31,13,9,37,22,13,4,13,6
"MCM6",1,19,31,4,15,11,2,32,47,11,13,12,5,17,19,29,24,8,33,54,7,39,32
"MGA",1,31,33,5,43,2,2,20,28,7,6,9,17,5,50,69,4,54,20,7,12,18,22
"ZNF407-AS1",2,9,66,5,34,10,4,25,10,20,21,14,6,2,30,44,19,61,29,8,10,9,27
"ARPC1B",1,28,63,7,50,9,4,33,9,18,4,25,2,3,29,53,7,48,31,1,6,4,29
"EHMT2",0,20,70,9,40,4,6,36,22,18,7,16,6,13,47,49,5,44,20,3,4,5,20
"FARS2",8,9,12,19,20,19,4,28,21,32,11,6,27,26,48,33,34,9,47,19,13,6,13
"GTPBP4",3,23,38,5,24,15,6,16,24,34,17,14,7,9,29,53,11,75,21,8,10,8,14
"GTSE1",3,7,26,21,10,22,6,49,11,20,16,7,17,27,36,35,30,14,42,15,11,31,8
"LPCAT3",2,22,52,10,42,8,5,30,6,37,1,12,5,4,43,56,10,70,12,5,10,12,10
"RABL2B",6,9,52,14,21,9,7,16,24,11,14,31,8,15,23,70,10,56,16,13,18,2,19
"RCHY1",2,14,51,12,38,8,4,18,12,35,2,49,1,3,26,40,21,73,29,2,4,5,15
"UMAD1",1,14,46,9,44,8,6,50,7,30,2,30,5,4,49,18,3,80,24,5,14,2,13
"ZNF76",3,13,57,10,36,9,5,18,30,23,11,29,4,11,27,42,5,47,28,7,5,12,32
"HMGXB3",1,21,50,0,34,7,0,22,23,18,21,11,9,9,34,54,11,49,21,11,2,11,44
"KLHL7",9,26,49,9,37,7,2,23,16,27,14,16,11,5,19,35,12,85,21,5,5,10,20
"NT5DC1",0,20,65,2,60,8,0,31,14,19,5,22,1,3,28,42,18,70,26,4,16,4,5
"ORMDL2",24,8,34,8,24,4,3,34,15,16,17,31,7,9,34,53,30,32,25,20,13,6,16
"SLC12A1",0,1,3,29,4,15,23,2,0,0,0,76,3,2,4,285,0,10,2,0,0,0,4
"TRMU",2,20,76,5,38,5,2,35,18,18,7,25,2,3,16,36,9,84,20,6,1,4,31
"TSTD1",8,27,69,2,34,14,4,29,11,24,1,30,6,7,14,38,14,66,29,2,3,10,21
"C4BPA",1,2,34,31,14,3,2,6,0,15,0,16,1,6,20,258,6,30,5,0,9,3,0
"DIS3L2",2,10,29,36,14,3,5,22,15,26,19,10,14,19,27,54,24,22,35,33,13,13,17
"PLXNA2",1,16,72,4,17,5,6,17,11,9,53,7,5,1,33,72,8,34,25,6,28,5,27
"ECI1",1,13,63,5,47,0,4,14,29,31,14,13,9,7,52,39,8,49,22,9,9,4,19
"IGLV7-46",1,62,5,0,30,14,2,1,201,2,17,10,0,2,29,12,0,18,37,3,1,0,14
"SIK2",3,24,32,7,18,8,7,39,13,17,12,14,13,19,40,72,14,37,18,10,9,11,24
"SNHG32",5,19,24,8,35,8,6,55,18,20,29,21,11,11,14,19,27,26,41,17,13,18,16
"UBE2Q2",0,8,43,13,56,1,2,31,11,34,7,7,3,9,48,50,15,49,31,5,7,17,14
"ACADM",11,22,39,7,22,12,3,10,33,27,19,11,3,4,67,36,28,26,14,26,13,11,16
"ANKRD42-DT",11,11,6,19,14,12,3,27,44,20,71,9,6,13,18,25,32,7,23,42,17,21,9
"LLGL1",3,11,68,11,54,4,1,43,11,16,5,15,12,5,26,58,9,58,19,0,9,8,14
"PEAK1",1,17,48,13,24,4,10,25,12,23,14,22,4,15,24,50,15,47,24,10,19,15,24
"RANBP6",2,48,52,4,28,8,10,17,14,19,1,18,3,10,37,32,16,70,28,3,6,5,29
"SCAMP3",0,21,62,8,32,7,3,17,32,21,7,16,2,8,45,48,7,42,29,10,3,12,28
"SUFU",0,10,76,3,56,3,2,32,16,12,5,11,5,2,55,45,12,66,28,3,5,3,10
"TMEM241",9,13,15,7,17,18,3,22,12,14,31,39,32,8,38,24,21,19,32,62,1,9,14
"CCNC",16,18,25,15,33,20,6,10,38,21,28,12,21,9,31,21,16,49,20,1,8,19,22
"IKZF3",0,38,17,4,50,2,5,20,80,24,22,1,0,19,57,30,3,33,12,4,14,8,16
"MCM4",5,37,24,4,16,12,4,12,53,15,14,9,5,21,35,33,41,20,25,27,8,17,22
"FYCO1",0,19,72,6,36,4,1,26,17,24,8,14,14,6,39,42,5,54,18,9,10,17,17
"HSPG2",6,12,20,41,26,4,4,54,15,42,8,8,19,7,81,22,1,19,25,7,5,20,12
"MESD",4,14,45,5,48,5,1,46,28,35,6,11,8,7,33,43,15,55,17,0,5,12,15
"SEC61A2",0,22,26,10,12,4,3,28,5,23,1,40,8,2,17,61,11,91,29,6,10,9,40
"TRIM13",0,16,41,14,35,2,5,19,9,15,14,18,23,12,30,51,10,74,21,6,11,14,18
"ZNF431",5,16,38,6,26,2,2,23,13,30,10,17,15,11,36,65,8,37,22,21,15,9,31
"CBX5",5,25,32,13,21,7,4,18,49,5,15,18,6,16,31,50,17,26,18,26,11,16,28
"DPY19L1",1,11,50,4,26,18,2,38,9,20,1,17,28,4,44,44,10,31,19,11,9,36,24
"PLCD1",0,11,74,4,45,3,1,41,2,11,2,26,13,2,14,53,23,60,27,3,4,1,37
"DENND1B",2,27,41,4,17,6,2,28,20,25,7,22,8,8,29,36,2,90,11,5,14,11,41
"DPP3",1,27,47,11,35,4,6,15,26,31,6,8,6,15,39,38,16,40,35,13,11,3,23
"UFL1",2,32,48,10,37,6,4,9,16,18,22,7,7,14,42,40,14,34,31,10,8,12,33
"FBXO6",10,8,35,7,32,9,5,33,6,7,2,27,2,12,58,25,8,61,15,3,40,24,26
"FUCA2",0,24,61,3,54,7,3,26,3,35,5,6,9,2,51,46,14,62,21,8,1,11,3
"GPATCH3",3,10,45,6,32,8,7,32,14,31,23,14,9,10,37,63,8,35,18,15,10,15,10
"MDC1",1,15,47,26,7,8,1,20,18,31,14,7,20,16,32,50,10,25,31,14,12,22,28
"NUP107",5,28,48,2,37,3,3,30,10,14,5,15,13,7,42,33,14,56,27,16,10,11,26
"CGAS",6,13,71,0,48,6,5,15,4,15,1,4,4,2,70,44,4,41,34,2,40,10,15
"ICAM2",4,5,32,13,22,14,8,35,23,25,10,4,22,11,27,32,13,37,43,21,10,28,15
"INSR",5,13,44,7,20,10,2,26,30,13,14,22,21,4,22,51,6,36,54,21,10,17,6
"KNTC1",4,33,33,12,19,7,6,34,20,10,18,21,6,9,30,32,22,47,28,21,7,8,27
"MCCC1",7,16,28,18,26,10,6,25,14,29,25,12,19,13,19,41,38,25,32,16,5,21,9
"ZNF496",0,13,44,10,22,10,1,23,7,24,7,26,2,12,48,65,3,67,4,5,14,16,31
"ABCE1",3,23,29,3,44,7,2,21,27,26,14,10,13,17,50,35,11,33,14,20,7,14,30
"CASP5",2,4,33,8,19,1,6,30,1,23,1,36,1,2,48,69,5,126,20,0,5,5,8
"FDPS",2,24,51,6,21,9,7,31,28,17,6,26,6,11,34,45,18,72,14,7,3,4,11
"KY",0,9,33,7,63,4,2,28,0,48,0,41,4,0,5,51,9,107,9,0,0,1,32
"PLPP7",3,10,43,61,20,4,2,4,23,49,3,4,29,30,40,41,8,10,27,4,24,5,9
"ABI2",7,24,12,27,18,20,12,37,11,22,9,14,15,28,23,24,30,9,42,22,12,25,9
"DCTD",2,30,41,3,43,5,5,21,25,32,7,9,12,14,40,43,12,20,28,19,8,14,19
"G2E3",3,10,62,8,30,6,11,42,17,16,10,12,2,4,28,26,14,72,23,15,15,5,21
"NAT14",11,6,19,25,11,15,12,26,15,13,6,21,24,15,44,26,31,26,53,5,31,8,9
"RARS1",4,11,45,10,41,10,2,28,16,26,12,12,4,3,48,50,4,66,18,10,6,8,18
"TRNAU1AP",9,22,32,18,30,7,9,38,13,14,10,25,7,5,18,38,29,60,22,13,11,8,14
"TTC39C",0,26,71,6,38,8,1,16,19,20,15,11,7,5,33,34,16,59,28,13,4,5,17
"CCDC32",4,15,23,18,18,13,3,34,16,30,29,18,19,6,40,41,18,27,10,5,18,25,21
"MEN1",0,16,30,16,46,6,10,14,34,35,12,8,6,5,39,65,12,35,28,5,8,8,13
"NAT9",7,19,39,4,23,2,2,33,23,43,7,24,1,11,23,41,2,66,23,5,9,3,41
"TSPAN4",1,3,72,7,31,4,11,19,12,62,5,18,19,4,26,31,17,41,22,11,13,12,10
"XPNPEP3",2,13,21,9,16,7,10,33,6,37,60,31,15,8,24,38,9,45,22,13,7,12,13
"ZNF395",1,29,41,8,33,6,1,30,22,30,7,14,9,13,47,54,13,33,21,17,6,8,8
"NME3",2,15,74,10,55,4,6,19,16,27,6,24,10,4,31,35,2,61,21,2,11,2,13
"CBLB",7,45,31,9,27,9,4,13,26,30,9,8,8,27,24,33,7,50,18,6,7,10,41
"CHILL1",0,16,63,9,47,0,3,49,0,24,0,10,6,0,35,79,5,56,18,6,15,3,5
"IGHV3-15",0,70,11,1,36,5,4,0,164,1,10,5,0,23,24,12,9,11,17,5,3,5,33
"RCC1",2,13,16,12,23,6,5,23,40,18,52,8,7,12,52,36,8,51,16,17,8,8,16
"STEEP1",6,10,31,2,20,8,2,28,9,26,23,28,9,9,21,40,12,68,35,13,11,21,17
"STK3",4,13,22,2,47,4,6,33,5,16,0,19,3,1,45,66,8,94,31,5,8,6,11
"UBOX5",3,11,52,9,52,2,7,29,3,25,7,23,1,0,27,43,7,82,15,4,7,4,36
"CHCHD7",4,25,30,12,57,3,1,15,19,29,5,16,6,8,26,25,13,76,28,16,4,15,15
"NID1",0,11,46,0,32,13,2,52,7,20,0,15,22,4,43,23,14,32,32,29,5,33,13
"ZNF436",3,1,38,25,30,7,4,37,26,18,49,13,14,2,35,25,5,30,23,22,8,20,13
"ZNHIT2",9,8,24,26,32,4,7,23,19,29,25,21,23,7,23,29,20,10,37,38,18,7,9
"EEIG1",0,7,53,10,23,8,1,29,81,17,17,11,2,7,44,43,6,37,24,1,6,8,12
"OTOF",7,12,2,4,8,1,6,4,15,2,1,0,1,7,4,13,2,12,4,0,28,10,304
"RABEPK",5,8,60,7,24,3,5,22,7,31,4,19,8,3,35,55,18,75,37,3,11,2,5
"SCD",1,26,19,3,10,11,7,32,30,9,5,9,4,9,43,42,45,17,21,60,4,22,18
"SUSD3",2,11,29,5,19,9,4,53,23,30,3,15,6,1,19,8,38,39,22,41,11,32,27
"EVI5L",4,11,41,7,31,7,3,31,12,17,2,24,12,7,26,40,15,54,39,17,12,13,21
"WHR1B",18,16,19,8,10,11,6,1,3,156,9,23,24,6,52,5,10,20,25,10,6,4,4
"FAM241A",5,17,43,5,55,6,3,33,2,10,0,8,3,5,45,49,16,50,39,11,10,7,23
"FH",4,16,34,5,19,13,7,24,48,7,12,6,11,8,36,61,22,39,25,13,7,15,13
"PKD1",3,39,50,11,32,7,4,27,23,20,4,16,3,16,24,64,9,36,23,7,4,3,20
"ADK",8,9,21,12,35,7,5,27,13,24,16,31,8,10,21,49,11,74,16,11,8,7,21
"ARHGAP6",3,10,19,5,13,26,2,73,10,17,3,22,31,6,14,14,29,13,13,42,7,66,6
"CAMTA1",2,12,30,10,14,11,6,27,13,38,13,31,21,7,17,29,30,36,37,18,6,28,8
"KLF5",2,18,31,2,38,5,9,23,4,15,10,14,8,2,35,50,10,93,26,16,12,9,12
"PNPLA1",4,16,86,10,46,6,0,24,3,33,0,15,12,2,25,34,14,37,40,0,11,9,17
"APOBEC3F",12,12,24,24,32,12,5,16,21,14,8,23,11,11,19,68,9,35,4,13,13,33,24
"CTSO",4,28,41,3,48,5,3,8,17,36,8,6,10,12,47,60,12,42,15,3,11,6,18
"NAA20",3,25,29,4,45,1,1,25,22,25,17,19,5,8,49,49,19,38,25,11,3,3,17
"POLR3A",3,19,40,10,43,5,8,25,10,4,23,8,7,7,34,63,11,24,27,20,18,23,11
"RAP1GDS1",4,23,46,6,38,7,9,31,18,13,3,12,13,7,43,28,8,52,38,8,7,20,9
"CD177",23,16,1,12,6,11,17,24,2,24,0,0,40,0,95,25,4,53,28,15,6,8,32
"CHCHD10",0,10,67,6,42,4,5,31,21,32,4,11,8,1,44,33,16,62,21,1,0,7,16
"EBPL",1,19,42,8,19,8,1,42,13,30,2,30,3,6,32,48,24,46,25,12,6,2,23
"NFYB",1,29,66,1,43,7,6,27,11,19,10,6,2,7,43,54,13,44,19,7,13,5,9
"NOL10",2,11,29,25,21,5,4,28,22,32,22,13,35,12,24,31,14,29,28,15,9,14,17
"PPP1R37",0,10,34,2,48,5,4,32,7,35,9,16,12,8,35,34,15,72,22,10,6,8,18
"ARHGEF10L",0,3,86,2,63,3,1,13,4,32,0,5,14,2,62,56,4,41,32,0,15,1,2
"EXOC3L1",4,1,31,12,36,1,2,53,0,3,0,29,0,3,55,73,6,63,9,5,35,4,16
"GET1",15,13,38,10,23,11,4,45,21,20,36,15,11,2,31,14,26,34,21,28,4,7,12
"GNE",0,5,29,2,28,4,3,16,17,29,22,19,9,8,36,42,17,76,29,13,7,15,15
"MRPS6",0,28,23,9,42,2,8,26,7,36,4,17,8,4,13,44,11,58,13,1,5,2,80
"POLR2D",0,13,47,9,39,5,5,36,16,24,15,8,9,5,44,44,16,63,25,9,3,3,3
"RAB33A",92,4,9,4,5,31,3,10,16,29,20,20,9,4,20,12,18,22,2,2,11,90,8
"APOM",13,5,11,11,21,30,8,32,11,19,21,25,42,20,26,20,25,15,24,7,13,15,26
"GABPB1-AS1",8,29,36,10,19,7,5,17,18,9,34,26,14,20,21,50,13,25,27,10,2,12,28
"GGTA1",0,7,37,2,26,32,0,34,1,10,1,37,27,6,7,17,32,28,27,45,4,48,12
"PPP1R13L",3,3,14,30,14,17,6,8,6,18,7,23,39,21,43,27,36,11,57,25,6,18,8
"RHOU",0,29,27,6,54,3,1,35,5,39,1,10,8,0,42,27,5,81,18,16,10,8,15
"RPS3AP26",12,21,22,17,31,19,4,77,19,35,24,17,11,5,9,28,29,13,16,16,3,6,6
"UAP1L1",1,21,41,6,26,5,0,29,15,27,6,6,10,4,36,70,4,74,30,2,2,5,20
"WDR5",1,13,54,8,29,6,0,35,17,32,3,15,5,12,50,42,15,46,22,9,9,4,13
"ZBTB21",0,19,32,3,34,4,6,27,6,17,9,34,4,23,39,30,1,114,9,4,2,6,17
"BET1",13,7,25,25,27,11,8,36,15,17,26,19,17,5,38,26,15,35,18,11,8,29,8
"CD96",0,67,26,3,21,14,0,16,23,29,4,10,2,36,28,48,4,38,19,2,8,17,24
"COQ4",3,18,32,15,41,7,8,8,37,23,20,16,4,8,27,40,9,37,35,19,10,11,11
"HAUS4",2,29,40,4,39,10,4,41,6,33,2,15,0,4,46,35,1,74,27,7,12,2,6
"MAP2K6",5,41,42,2,48,6,4,17,5,15,1,14,4,4,26,47,17,51,29,10,25,7,19
"TBL2",3,8,30,9,35,9,8,33,11,41,5,3,12,4,32,33,8,96,15,9,9,4,21
"ZDHHC8",2,27,59,11,39,5,1,22,13,45,4,8,0,14,52,30,5,37,25,3,3,7,26
"CACNA1E",1,33,41,2,41,2,8,36,0,36,0,8,0,2,33,38,3,91,28,0,10,4,20
"CCDC137",0,13,32,8,40,2,7,36,29,22,11,12,19,10,20,24,12,75,22,14,8,10,11
"CFAP20",3,20,36,10,30,10,8,30,13,27,14,19,11,7,30,41,8,54,12,8,7,26,13
"PAFAH2",0,27,61,7,47,5,2,40,5,17,2,15,8,7,54,46,3,27,16,3,9,11,25
"SLIRP",22,21,26,13,25,10,9,18,16,29,10,7,22,1,30,30,28,38,32,11,6,19,14
"TMEM106C",16,15,17,10,7,10,5,48,31,34,14,10,5,15,33,29,27,17,18,28,13,23,12
"ZNF324",1,16,26,7,28,5,5,30,11,12,13,48,2,1,12,40,3,108,36,3,3,11,16
"DSP",3,3,35,19,25,16,10,20,12,9,16,11,14,12,18,14,42,14,43,20,8,52,20
"THTPA",4,5,17,39,25,10,5,27,21,15,19,12,18,29,33,31,45,7,25,14,19,10,6
"UEVLD",6,20,36,1,48,11,3,46,9,14,6,10,7,3,24,61,5,75,26,4,8,4,9
"BORCS5",5,10,41,5,25,13,3,37,11,16,12,12,18,19,22,25,19,37,38,12,12,30,13
"DIAPH2",3,20,62,1,53,6,0,31,5,20,0,13,3,3,44,53,12,49,16,13,11,5,12
"EDRF1",3,22,60,7,38,2,2,33,14,17,13,17,1,15,23,52,8,53,16,11,5,4,19
"MKRN2",0,16,54,9,40,4,4,34,8,26,6,9,4,12,24,63,9,50,23,9,10,7,14
"PAX8-AS1",1,3,68,4,0,2,7,27,8,18,4,10,17,1,6,77,15,122,2,12,21,5,5
"PNO1",31,11,20,21,30,5,10,17,13,27,21,15,11,16,28,26,19,14,42,23,6,13,16
"TCEA1P2",4,33,16,15,6,9,4,6,9,15,10,19,17,18,19,31,43,12,26,60,9,40,14
"TSPYL4",3,28,34,2,47,5,1,24,10,34,19,20,7,12,14,42,14,60,21,10,5,4,19
"ZNF790",3,4,19,38,9,25,1,36,3,25,4,11,13,6,36,42,29,16,54,20,15,15,11
"ATP10D",1,25,68,2,40,6,4,22,11,19,3,4,1,1,46,60,3,68,23,7,4,4,12
"DHRS12",2,24,40,13,38,3,7,35,0,13,0,22,5,5,36,35,12,87,19,6,9,1,22
"DYNLT3",2,22,37,1,49,4,6,27,15,22,2,33,10,3,22,32,16,67,15,10,7,15,17
"ERC1",1,21,50,4,22,9,10,23,21,15,5,15,3,1,43,55,6,64,16,20,3,17,10
"JAZF1-AS1",10,7,22,32,9,16,8,56,11,37,5,7,17,10,16,19,20,20,33,12,36,18,13
"NDUFAF1",3,10,56,10,33,7,5,45,18,25,14,7,18,5,24,42,24,24,21,5,8,23,7
"PRPS2",3,15,50,5,24,10,0,34,30,40,12,13,1,3,35,21,8,66,15,7,10,17,15
"TMX2P1",1,3,12,17,11,4,6,4,28,11,79,30,3,8,25,60,22,23,31,11,7,15,23
"ZSCAN18",2,8,46,5,22,10,3,25,29,6,20,18,17,15,24,24,10,51,34,23,8,19,15
"H3P47",7,16,23,13,32,10,8,51,13,24,23,21,14,6,16,23,17,43,13,10,8,8,34
"LPIN1",5,27,40,6,18,4,2,6,26,30,14,12,5,23,35,50,2,44,15,4,13,12,40
"PDRG1",12,7,24,7,22,4,5,34,12,41,32,16,4,17,15,39,19,51,32,11,11,6,12
"RWDD4",1,26,60,11,33,4,7,31,8,10,3,19,8,6,19,34,21,69,20,10,5,7,21
"INSIG2",4,30,34,4,51,7,3,39,6,17,16,10,4,7,26,32,21,69,19,3,8,10,12
"C5orf24",0,18,83,5,32,4,4,14,5,15,5,5,5,5,36,47,7,86,14,8,5,8,20
"RDX",8,12,43,3,27,23,2,41,26,46,12,11,6,6,35,31,14,24,27,12,7,7,8
"REPS1",2,22,39,9,43,2,8,30,12,17,12,18,4,12,37,44,12,52,25,12,6,2,11
"SEPHS1",12,19,31,14,35,8,3,19,20,12,13,13,12,8,31,40,26,22,24,20,15,10,24
"SLC39A11",0,16,29,1,37,3,7,28,6,14,3,21,7,4,24,84,19,79,20,9,5,10,5
"TP53I13",1,39,47,7,32,8,3,5,37,17,11,20,1,24,23,47,3,31,13,4,7,8,43
"ZBED10P",0,28,43,3,47,8,1,26,5,11,1,6,0,3,21,61,11,104,22,6,3,3,18
"FASTKD2",8,12,23,18,21,14,3,22,26,12,15,12,26,9,41,29,24,35,26,24,12,7,11
"HSBP1L1",2,4,29,11,23,5,0,28,5,49,60,6,33,5,36,19,4,17,48,12,2,14,18
"POLR3H",6,12,37,45,18,3,4,7,36,29,16,7,10,19,31,23,17,19,46,13,14,14,4
"SIRT5",5,20,30,22,12,5,2,46,22,36,27,15,12,2,21,40,20,20,20,9,16,22,6
"ABCB5",15,7,7,23,2,26,13,28,24,24,77,20,18,7,6,8,8,11,33,23,11,32,6
"CDKL5",0,20,64,3,23,3,7,27,1,8,1,17,9,2,39,55,1,95,12,11,9,4,18
"DNAJA3",1,15,43,8,21,5,3,21,24,29,12,6,17,18,34,50,18,24,43,12,12,10,3
"IL5RA",1,31,80,25,24,14,5,6,3,11,0,29,4,0,66,40,6,37,23,0,18,5,1
"LINC00173",0,19,30,6,34,0,3,11,0,29,1,77,2,1,15,56,8,102,11,1,3,6,14
"LINC02985",20,5,39,3,15,22,16,19,26,15,59,9,24,20,35,27,16,10,18,6,15,6,4
"RPS23",2,27,51,14,40,10,6,18,9,16,30,12,6,8,55,20,22,16,15,12,12,6,22
"DST",3,20,27,18,9,4,4,16,30,15,97,6,18,6,31,20,5,14,29,16,8,19,13
"GHRL",0,2,28,3,58,3,0,43,1,9,0,40,0,0,23,52,9,105,20,5,2,4,21
"IGLV3-21",3,52,41,1,20,2,0,7,105,5,13,0,3,9,79,25,4,7,20,1,7,9,15
"TNFSF13",2,13,55,2,74,4,1,28,3,40,0,11,11,0,49,42,13,38,14,5,11,7,5
"WBP1",14,16,39,22,21,11,6,17,3,11,39,15,10,5,31,42,11,34,26,22,12,6,15
"COX10",12,6,18,32,13,13,11,36,7,10,11,13,15,21,38,49,30,7,42,10,12,15,6
"EZH2",7,13,27,6,19,11,4,24,42,23,25,18,18,7,26,40,19,20,16,20,11,15,16
"NAA16",4,25,59,10,40,17,3,17,7,25,12,14,2,5,18,46,7,51,23,8,5,6,23
"RPH3A",4,25,122,2,43,4,11,25,2,3,0,18,9,0,38,25,10,22,39,1,9,14,1
"TP53I3",1,11,36,21,30,8,6,28,11,32,9,13,7,6,26,39,22,30,32,16,9,20,14
"EMC1",5,14,61,16,41,5,5,26,27,23,13,3,3,5,25,45,18,33,22,3,13,6,14
"FANCA",1,15,48,7,30,4,4,41,2,21,1,11,8,10,38,49,5,61,8,4,22,9,27
"PIGH",9,21,38,17,18,8,8,35,11,25,10,23,9,10,13,46,10,49,21,6,11,8,20
"RYK",1,24,38,6,34,14,1,42,16,9,4,10,5,6,34,41,10,67,27,7,4,1,25
"LGALS9C",1,30,55,7,28,3,3,49,0,1,0,29,14,14,26,45,7,34,22,4,4,7,42
"PPP3CA-DT",9,4,38,31,24,21,2,42,16,27,40,24,15,7,14,22,12,11,18,6,20,13,9
"RTP4",18,3,8,0,16,5,4,37,10,11,5,5,0,3,39,38,2,43,1,2,59,63,53
"UTP23",0,12,30,2,41,2,4,27,16,28,24,33,8,3,45,31,13,62,17,4,10,2,11
"GUF1",5,8,22,20,29,7,2,18,19,25,20,6,22,12,30,37,16,21,41,14,9,15,26
"TSPOAP1-AS1",2,18,32,17,14,13,6,48,8,22,1,37,24,5,20,15,19,37,19,21,10,16,20
"ABCA5",4,30,27,5,34,1,3,28,2,10,7,12,6,6,22,55,11,70,39,7,13,5,26
"ATXN7L2",1,10,20,22,34,14,18,29,10,7,9,17,15,16,17,21,28,47,35,19,14,4,16
"CCZ1",7,15,71,17,12,7,2,26,18,23,5,9,22,7,44,50,4,48,12,3,7,5,9
"DNAH17",1,48,59,15,19,0,7,18,1,9,0,15,3,1,29,33,6,100,24,0,4,0,31
"LINC00937",0,25,48,3,24,5,4,5,0,15,98,16,1,4,6,35,4,75,26,1,4,1,23
"RECQL",0,8,31,1,40,11,1,32,15,19,5,17,6,5,53,42,12,53,24,7,11,10,20
"TMEM168",1,16,72,6,38,5,1,34,7,19,3,12,5,7,25,53,11,50,14,4,7,3,30
"ATP9A",1,19,18,0,7,23,5,61,1,11,1,19,24,5,20,39,14,18,15,67,13,32,9
"CRTC1",1,11,72,8,40,7,3,25,9,25,3,16,3,7,44,58,5,37,29,6,3,1,9
"GALM",7,5,16,7,13,12,3,35,6,26,5,47,9,10,14,47,14,32,24,11,9,15,55
"HEMK2",12,11,25,43,16,9,6,8,16,29,15,5,15,9,28,49,23,7,34,16,15,17,14
"MIR635",5,5,28,46,27,7,8,35,4,25,5,41,18,21,23,23,19,5,23,8,12,19,15
"OGG1",1,18,45,4,30,0,6,16,6,23,17,17,7,1,33,71,7,43,36,12,7,5,17
"P2RX4",1,15,53,6,43,5,2,30,10,18,6,14,15,11,26,43,2,60,27,1,4,8,22
"PFKP",1,27,29,4,24,8,3,18,37,25,13,11,12,9,42,48,6,40,25,5,10,10,15
"RHNO1",7,13,20,17,13,15,3,23,13,29,19,19,32,20,17,31,29,22,20,17,16,16,11
"ZNF101",1,17,32,6,37,9,5,21,9,11,6,29,10,4,33,45,6,83,16,5,10,12,15
"ADPRM",21,14,21,20,19,2,5,25,11,12,30,26,10,16,26,19,10,42,22,12,9,30,19
"SNAPC5",14,11,31,28,25,12,3,21,6,14,24,13,15,5,23,49,18,34,13,9,13,22,18
"SPECC1L",0,20,36,13,33,9,4,38,8,19,8,17,9,6,28,38,16,70,12,6,5,7,19
"TMEM45B",2,15,40,3,37,12,11,43,0,29,0,15,3,7,24,21,11,96,17,7,9,2,17
"VMA21",10,23,45,4,24,12,4,19,21,29,5,11,6,14,46,30,9,53,11,12,9,12,12
"CDC42P6",7,70,8,4,10,5,1,101,6,6,12,7,8,2,12,12,6,79,5,20,5,23,11
"CHD6",4,16,51,6,30,2,4,16,20,17,18,6,6,27,37,53,5,25,21,12,12,12,20
"IAH1",23,10,44,11,33,5,3,20,13,20,4,8,5,20,30,42,23,37,27,7,9,9,17
"METTL25B",3,11,60,5,50,7,3,32,12,18,1,26,6,9,20,44,15,61,17,2,2,7,9
"NDUFA12",4,21,44,5,27,17,5,18,34,27,8,18,4,6,30,33,13,57,14,7,7,8,13
"PCED1B-AS1",2,17,23,14,19,7,1,26,27,35,12,19,3,24,24,32,6,51,12,7,16,17,26
"ABCC10",3,20,39,8,34,1,3,21,17,17,4,14,6,4,47,80,13,42,13,3,11,1,18
"BCLAF3",2,27,51,6,28,5,4,34,3,26,9,23,5,2,11,53,6,69,16,2,9,1,27
"DHX37",1,18,30,23,38,12,5,22,21,12,18,6,11,7,32,46,20,35,18,9,5,10,20
"DNAJC16",8,7,42,9,25,10,1,25,22,9,41,18,13,6,16,51,12,25,25,23,1,16,14
"GRB10",8,64,23,3,22,24,2,41,10,45,0,10,23,1,27,26,24,22,19,6,6,6,7
"INTS12",6,14,23,20,23,12,9,35,12,33,38,13,11,8,18,28,19,28,21,6,11,18,13
"MED11",4,11,48,6,42,5,4,38,8,36,9,23,4,4,34,40,10,54,16,0,10,2,11
"MED18",3,7,56,4,39,7,3,34,9,18,13,9,10,3,42,35,9,53,19,7,11,9,19
"NSMCE3",3,18,45,1,27,14,6,20,22,29,1,17,10,18,36,25,3,34,22,15,10,27,16
"SLC45A3",0,8,81,13,37,6,4,35,15,13,8,17,4,7,20,33,9,22,23,14,11,13,26
"SNRPE",0,24,43,5,46,8,2,19,28,32,17,16,3,4,33,44,8,42,13,3,4,8,17
"TMEM101",3,16,67,11,36,4,4,40,7,23,2,15,14,3,25,29,13,58,21,7,5,6,10
"ZBTB6",0,11,61,3,46,7,3,27,11,25,5,15,6,7,29,37,9,64,9,2,19,3,20
"ISCA1P6",29,18,7,18,13,18,12,15,7,19,9,12,7,9,37,26,27,4,27,27,7,49,21
"ARL3",0,25,36,1,42,10,3,32,4,15,5,29,5,0,28,46,17,68,25,1,4,4,17
"GEMIN5",7,7,20,13,19,10,2,20,24,13,12,11,28,9,48,25,21,6,12,44,26,33,7
"GTF2E1",1,9,54,2,38,6,7,21,7,12,23,21,8,4,23,41,12,66,22,2,8,18,12
"HP",1,31,11,0,19,7,0,46,3,2,0,13,6,4,49,21,86,12,49,24,6,3,24
"KCNH3",0,16,36,5,57,27,7,13,4,55,0,32,8,2,21,46,4,31,29,4,16,1,3
"MPHOSPH10",2,19,35,3,29,5,6,22,18,12,10,18,7,10,42,54,3,75,17,4,4,6,16
"RBM12B",2,3,61,14,33,3,6,31,14,7,34,14,3,1,38,39,1,33,32,11,8,16,13
"RPL3P4",4,12,14,16,24,38,4,23,30,45,7,21,6,8,39,16,15,11,37,14,6,16,11
"TMEM176B",3,18,57,6,0,28,1,0,11,48,8,20,0,1,30,107,12,43,11,2,1,2,8
"ZDHHC14",8,5,23,13,16,10,2,12,35,12,104,7,9,13,20,20,19,11,18,23,8,17,12
"CNTROB",1,13,40,16,23,13,4,33,22,12,11,15,6,9,21,53,23,37,16,12,4,12,20
"SELENOI",6,27,23,5,10,5,10,14,56,14,49,10,3,9,30,12,4,39,20,14,1,14,41
"SNHG17",3,18,42,7,36,8,1,17,11,14,6,28,26,18,29,31,6,44,27,8,2,12,22
"KNL1",12,15,10,27,12,7,3,27,18,18,20,4,27,11,42,23,22,14,44,17,9,17,16
"PHACTR2",1,21,32,0,26,4,3,54,7,13,2,12,8,8,47,32,6,57,16,1,21,13,31
"SNHG20",3,12,16,10,17,13,14,15,6,13,46,26,16,0,6,18,16,32,41,27,12,31,25
"AGAP1",5,5,10,65,45,2,2,12,11,44,5,5,17,7,31,43,6,9,48,9,14,4,15
"CHIT1",0,17,8,0,7,16,3,29,0,8,0,8,0,5,27,43,103,26,26,79,3,1,5
"CORO2A",0,16,36,4,38,8,3,54,4,14,0,14,1,0,29,20,17,75,23,25,11,5,17
"CXCL5",1,3,20,3,6,54,6,40,4,17,2,40,62,5,10,3,27,22,16,38,8,18,9
"ERG28",12,13,24,15,16,9,3,29,34,20,22,11,4,5,26,41,22,31,34,11,4,16,12
"GMDS",6,11,65,12,23,11,3,35,9,15,13,27,8,8,27,26,11,51,18,4,11,9,11
"NEK4",2,15,43,13,27,4,1,19,22,11,7,18,9,6,29,63,10,45,25,21,6,13,5
"THAP6",2,5,59,5,40,5,4,42,14,8,14,15,2,6,24,38,12,60,18,2,9,9,21
"TMEM60",4,7,43,5,39,10,8,40,4,13,8,19,10,0,34,45,23,32,16,9,16,11,18
"UPF3B",0,22,13,18,15,5,7,18,31,20,31,5,17,18,37,31,9,29,30,14,10,19,15
"WASF4P",1,11,17,29,10,5,5,27,12,25,13,7,32,13,31,21,20,7,25,37,16,43,7
"AP4B1",7,16,43,8,14,4,2,20,18,33,9,19,9,12,37,49,19,26,13,4,16,5,30
"CAD",1,14,50,10,34,5,4,26,39,19,15,14,5,6,38,46,7,21,22,6,12,6,13
"CD22",0,18,27,7,26,3,10,11,107,26,66,6,4,15,17,8,5,25,5,2,8,9,8
"DNPH1",16,8,19,13,20,9,5,15,24,33,8,3,20,19,29,11,19,32,52,32,14,8,4
"HOXB2",16,6,23,68,17,5,0,23,14,33,7,27,7,7,27,22,52,3,33,6,5,5,7
"KCTD7",0,15,36,13,22,9,6,19,13,16,8,20,7,13,26,29,7,80,19,14,4,19,18
"SFMBT2",0,31,28,2,18,3,4,10,12,32,7,25,2,35,26,13,3,101,13,5,11,5,27
"SLC25A22",0,16,56,4,32,4,1,21,14,24,2,18,5,7,32,37,8,65,15,0,10,12,30
"TBC1D10A",1,35,48,9,34,3,5,32,4,25,4,21,1,1,27,37,4,68,28,7,6,0,13
"ZNF845",2,10,72,2,56,4,4,48,2,9,7,10,9,7,16,59,8,37,17,8,13,5,8
"ARSD",0,13,47,10,19,4,3,31,8,17,1,14,2,2,28,67,18,72,15,7,8,11,15
"CNRIP1",16,13,15,30,13,17,3,3,61,12,70,18,5,6,21,11,12,6,53,8,6,11,2
"EPB41L3",0,8,57,0,79,8,4,26,4,12,1,1,11,1,68,36,9,45,25,9,3,3,2
"FSCN1",0,10,40,2,56,5,8,39,8,21,4,11,5,3,34,43,9,65,15,9,11,6,8
"IFI27L1",35,5,13,15,6,21,13,14,55,13,6,7,8,17,24,17,26,8,21,28,17,38,5
"PREP",0,22,49,1,35,9,1,14,3,30,14,6,10,5,56,45,8,28,25,15,12,11,13
"PRPF31",6,20,31,16,22,3,5,24,19,13,7,23,6,9,46,36,9,64,22,5,6,5,15
"TTC28-AS1",9,14,20,12,9,2,2,31,28,16,45,31,14,11,16,37,14,51,12,7,7,8,16
"MFSD9",0,9,47,6,22,0,0,26,9,18,3,27,10,11,47,64,4,43,28,1,0,9,27
"PROS1",22,5,13,4,8,48,1,40,0,9,6,16,31,9,20,7,42,5,27,33,11,51,3
"TRMT2A",0,19,66,9,36,4,5,9,15,42,7,14,3,6,39,45,7,27,25,4,9,6,14
"ZNF844",5,6,16,2,40,3,5,31,21,18,76,19,9,1,17,30,26,10,33,23,3,8,9
"COA3",14,6,16,21,13,11,10,22,19,27,13,12,29,15,23,33,31,19,29,20,11,9,7
"OCRL",1,9,21,10,8,15,2,20,32,9,35,6,39,5,37,32,21,22,26,8,17,24,11
"PAN2",6,20,53,10,35,10,4,22,7,17,12,11,4,4,34,50,7,45,17,7,13,9,13
"UCKL1",9,26,25,18,15,10,7,11,24,27,7,21,12,9,21,35,18,28,34,22,7,3,21
"ZNF212",1,8,44,8,34,12,5,36,14,4,26,24,5,7,33,38,9,34,20,12,6,9,21
"ZNF611",3,14,33,5,39,3,4,24,1,30,4,16,6,4,22,59,3,63,21,5,13,13,25
"ANXA2R-OT1",3,4,42,4,15,16,10,21,9,9,58,21,13,4,13,27,15,30,32,16,14,11,22
"CHORDC1P4",4,9,13,19,9,8,4,10,39,10,69,13,20,4,14,28,12,4,38,30,15,27,10
"FUT11",2,31,41,3,20,3,2,14,15,24,3,7,10,20,28,50,1,65,20,9,7,16,18
"NLGN3",0,29,34,9,32,8,3,18,4,15,0,37,4,2,29,32,11,52,27,5,4,10,44
"PMF1",2,28,39,5,43,9,6,22,8,28,0,18,8,4,23,23,9,64,35,1,10,3,21
"THAP1",3,8,52,8,34,4,5,27,23,34,14,20,3,9,21,34,11,64,16,8,4,2,5
"CCZ1B",0,26,14,10,43,9,11,42,10,22,9,13,5,5,29,32,6,35,32,14,8,8,25
"FHIT",13,8,18,23,6,11,55,15,14,13,10,23,37,8,22,24,28,10,8,18,20,12,12
"HELB",8,11,15,9,35,8,3,17,28,5,22,9,6,13,20,22,17,33,38,8,22,47,12
"ZNF768",6,10,52,5,20,4,2,28,8,22,4,20,18,4,34,36,8,50,31,14,14,7,11
"CDCA8",7,14,26,19,16,15,3,60,18,21,13,8,20,7,17,29,26,28,24,10,3,15,8
"FAM83A-AS1",5,6,3,19,4,6,5,17,2,3,25,7,7,18,37,47,10,12,97,17,14,40,6
"H2BC18",2,5,70,15,24,1,2,18,10,2,76,12,8,4,34,39,14,14,23,2,13,11,8
"INTS5",2,7,52,8,53,7,1,33,13,19,22,18,1,0,28,41,8,42,16,8,10,7,11
"LINC02573",3,0,4,1,1,0,1,7,1,0,108,4,0,4,0,61,2,7,130,0,12,3,58
"POT1",1,18,28,13,35,7,9,24,13,16,11,14,11,13,25,38,34,36,18,4,17,11,11
"PSMA1",9,27,35,7,35,8,6,29,12,17,27,33,5,7,22,33,6,34,16,5,5,9,20
"CDC42BPA",2,6,21,25,9,17,3,28,26,11,57,10,9,7,13,35,14,11,24,25,10,35,8
"PAQR7",0,5,149,2,16,1,2,31,9,8,1,19,4,0,26,30,1,58,12,4,5,6,17
"ELP3",4,13,58,9,24,1,3,17,32,9,15,5,18,5,25,51,8,32,27,11,12,14,12
"MRPS18B",3,10,41,7,30,5,4,13,34,25,31,3,1,9,44,32,11,26,28,6,14,18,10
"MTNAP1",4,12,34,10,21,4,11,42,33,15,39,7,13,3,27,32,16,19,18,19,4,14,8
"RPL6P10",1,13,24,24,18,18,7,63,34,12,28,11,9,8,25,24,18,6,11,11,14,20,6
"ST14",4,24,26,16,45,5,6,18,10,10,9,32,14,0,41,20,7,63,20,1,5,10,19
"CLIC3",2,69,28,1,20,10,2,2,3,31,0,5,6,37,52,48,1,14,17,0,7,10,39
"LCORL",12,14,42,10,27,9,9,28,3,6,6,12,13,8,23,33,17,58,24,9,8,14,19
"MIS12",6,19,37,2,19,5,2,41,18,33,26,10,12,8,23,37,10,32,23,9,3,15,14
"ST3GAL5",0,23,51,1,29,2,4,18,10,24,7,7,9,4,43,52,2,28,27,13,11,2,37
"EAF2",2,26,26,11,25,11,3,22,34,33,18,17,2,7,22,36,22,36,16,13,7,7,7
"LINC01089",8,12,26,9,13,7,4,40,23,30,45,14,9,9,15,29,9,25,18,22,5,13,18
"MBNL1-AS1",22,7,23,13,6,9,3,14,33,16,8,18,25,22,12,14,10,4,15,16,14,84,15
"NOA1",0,13,66,13,50,2,1,27,18,21,5,10,5,4,22,35,6,51,26,5,10,5,8
"ODF2L",1,35,32,18,14,7,2,22,20,18,18,9,11,15,18,48,10,29,29,6,3,13,25
"RRP15",8,6,16,20,6,15,4,55,19,45,16,29,26,7,12,20,17,11,26,5,18,13,9
"SLFN12",0,8,64,13,54,3,3,25,2,15,0,21,6,2,38,52,2,32,17,3,22,3,18
"TFPT",3,23,30,20,29,5,7,24,5,29,26,37,6,6,25,18,15,24,24,22,9,10,6
"TNIK",2,18,39,4,16,10,4,27,6,6,9,13,16,17,31,47,5,22,16,21,11,41,22
"ZNF408",1,7,35,10,14,9,2,25,12,29,16,26,2,3,24,38,9,77,27,11,6,3,17
"ENG",0,5,69,7,27,0,2,15,6,39,5,9,10,10,46,52,5,36,18,5,3,10,23
"MFSD8",5,25,45,4,29,1,1,30,8,13,22,17,4,3,27,41,13,43,33,5,3,1,29
"SAXO2",2,0,29,135,2,1,11,0,0,8,0,2,0,0,0,2,43,27,2,56,55,0,27
"SCAT8",0,5,91,16,41,6,2,43,0,12,0,14,1,0,20,63,4,35,25,0,13,0,11
"SNRNP40",1,21,33,7,39,9,2,38,22,22,7,7,4,10,28,43,2,46,13,17,1,8,22
"THBS3",0,21,51,7,23,2,1,24,7,17,3,34,6,1,18,50,8,78,19,4,8,1,19
"TSHZ1",0,30,48,7,44,3,1,14,13,18,8,8,8,19,43,55,5,23,22,7,10,3,13
"UBQLN4",0,11,50,3,31,10,5,26,19,23,6,17,9,9,49,21,7,46,29,8,9,8,6
"ZNF330",2,15,42,6,32,9,1,31,20,15,20,14,4,5,38,45,7,34,14,7,8,13,20
"ZNF561",0,4,53,5,37,6,1,38,12,14,5,15,2,11,34,45,18,53,27,5,3,3,11
"BRF1",0,24,31,7,28,4,0,11,16,20,3,15,9,15,39,37,5,60,26,5,8,5,33
"BTF3P16",6,12,10,32,15,12,2,34,12,25,20,22,12,12,19,11,34,6,13,25,20,26,21
"GLOD4",0,23,48,2,45,5,3,16,19,26,4,23,0,13,37,38,8,33,19,8,7,8,16
"LLGL2",0,31,24,4,15,6,7,7,11,45,5,8,2,34,43,52,6,16,11,0,9,5,60
"OCEL1",1,13,53,11,29,5,3,49,3,35,4,6,7,3,27,29,13,66,14,4,8,7,11
"PFDN5",1,21,50,13,20,4,0,25,3,46,1,35,0,3,11,42,4,85,6,2,2,1,26
"TMEM160",9,23,29,6,34,17,2,20,15,14,9,14,3,5,33,15,32,45,43,8,9,5,11
"TMEM185A",3,10,37,2,17,10,3,32,7,35,3,19,24,6,26,35,19,29,20,18,15,17,14
"WHAMMP1",1,28,38,2,20,13,8,35,11,15,4,35,20,5,10,43,5,22,16,35,7,21,7
"CBR4",7,17,55,9,36,10,4,45,8,22,22,10,6,0,25,32,7,41,17,11,5,3,8
"DNAJC9",5,25,10,11,14,5,5,20,15,29,23,16,7,12,22,46,18,12,21,27,20,27,10
"RAD54L2",2,34,52,4,33,15,2,11,11,16,6,7,7,9,30,32,5,53,27,7,5,10,22
"SDF2L1",0,40,43,0,18,3,3,17,54,17,5,15,0,7,43,22,17,51,13,1,5,2,24
"LRP3",0,11,61,3,44,5,3,38,6,25,0,7,5,0,33,28,25,45,34,8,10,1,7
"PAQR3",1,18,15,14,26,8,3,14,22,33,23,17,16,11,33,11,24,32,29,15,2,12,20
"PCBP2P2",4,13,10,41,20,10,7,46,10,10,5,35,20,8,25,22,28,14,10,19,13,18,11
"SSBP3P1",4,16,23,17,13,8,7,19,16,13,8,16,24,4,14,32,16,18,39,38,10,30,14
"ST13P4",2,25,11,22,14,11,3,11,19,10,33,12,12,8,20,21,18,3,11,69,18,25,21
"AQP10",1,5,13,2,4,22,3,36,5,26,1,36,81,1,8,8,36,5,15,40,12,31,7
"H2AC20",27,15,47,12,18,11,9,19,5,19,10,18,22,3,20,34,12,25,28,11,9,14,10
"HYAL2",1,19,32,5,29,5,3,39,1,22,0,68,11,0,21,26,6,75,20,3,2,4,6
"MFSD14CP",1,31,37,12,48,5,8,18,13,12,4,6,7,1,20,37,7,58,24,7,10,6,26
"NOP9",2,25,49,5,28,5,2,11,21,31,9,9,9,16,21,33,6,51,15,15,5,8,22
"OMA1",0,10,63,2,34,5,2,27,18,18,1,19,5,3,38,39,18,52,27,4,7,2,4
"RRM1",4,13,13,11,20,10,1,16,46,22,17,19,16,12,30,31,23,10,15,28,5,18,18
"CCDC61",1,17,72,7,38,3,3,34,17,22,3,10,7,4,23,40,6,44,16,1,10,10,9
"KIAA0825",1,33,55,2,40,3,4,28,0,14,1,23,1,0,26,37,7,86,13,4,5,1,13
"TMEM147",0,18,32,9,16,3,1,11,31,24,9,10,17,21,29,25,34,24,32,21,14,7,9
"ASB16-AS1",1,4,44,21,32,8,5,30,3,9,19,13,26,7,15,45,16,41,21,6,9,9,12
"CEP78",0,76,27,1,36,3,5,9,11,20,5,1,1,31,31,47,16,8,13,7,6,16,26
"GIMAP1",0,10,80,8,49,3,0,17,15,18,4,3,8,0,55,38,5,31,23,1,8,4,16
"GK5",2,62,20,2,24,2,2,16,10,12,2,5,0,14,34,49,2,18,28,2,14,5,71
"MSH3",4,14,21,3,26,17,6,27,5,10,4,12,11,11,43,38,14,48,45,10,5,14,8
"P2RY2",0,32,35,2,35,0,1,14,1,20,0,17,0,3,18,23,10,148,10,2,6,3,16
"SOCS7",1,13,32,29,16,10,2,13,20,19,12,2,5,13,49,34,12,48,30,2,13,11,10
"XRCC4",1,14,41,2,38,10,4,57,2,28,4,17,1,0,26,20,8,56,24,2,11,11,19
"ZNF417",1,14,53,8,33,2,1,18,2,26,5,12,10,2,21,52,13,71,10,9,1,3,29
"ABCD3",3,13,57,0,41,3,2,19,21,19,1,11,0,6,40,34,9,55,18,17,8,7,11
"C19orf12",1,20,34,2,41,3,0,29,12,17,5,12,0,10,43,38,6,60,11,1,21,14,15
"CAMK2D",0,15,43,5,46,2,9,9,22,24,11,7,9,15,41,22,1,63,7,7,5,6,26
"IFNAR2",0,7,54,6,22,0,9,17,4,12,0,34,4,2,8,33,6,97,17,2,7,5,49
"L3MBTL2",7,9,35,16,21,6,2,23,17,10,13,13,8,7,34,23,12,53,29,13,15,14,15
"PMM1",1,18,39,8,30,4,3,20,5,21,6,23,10,5,35,29,8,75,24,3,12,1,15
"RPL21P98",12,10,11,38,25,12,7,65,12,12,7,30,20,6,5,15,27,6,21,12,12,17,13
"SLAMF6",0,41,39,6,20,7,2,10,40,21,17,3,5,9,56,36,8,29,22,1,7,13,3
"SMG6",2,10,43,7,21,8,8,21,14,20,18,10,10,5,28,36,6,65,25,17,11,3,7
"SMG9",5,18,36,6,34,5,6,24,21,28,9,13,12,3,40,48,12,25,19,11,5,6,9
"ZNF226",9,11,48,20,21,7,1,25,15,21,17,13,9,13,25,36,9,17,22,7,18,18,13
"BBS9",5,12,13,5,16,4,6,25,5,22,18,9,86,22,9,17,21,42,12,10,11,11,13
"BNAT1",3,2,29,49,25,5,9,26,26,9,5,11,12,10,15,16,17,12,52,13,20,16,12
"ERVK13-1",1,22,48,7,20,3,0,12,7,15,29,23,15,5,28,42,11,44,20,2,4,4,32
"OSGIN1",4,8,33,6,23,13,1,32,7,15,30,12,17,11,20,20,19,56,17,11,8,12,19
"SCRN1",0,23,34,7,28,7,4,29,20,32,11,7,0,6,52,29,7,42,12,3,6,10,25
"TOMM40",0,25,31,6,28,8,6,23,33,26,7,4,6,10,35,28,25,25,23,9,16,6,14
"ABHD8",2,7,40,0,37,3,3,48,11,24,1,14,2,4,27,44,12,69,14,3,15,9,4
"CENPBD1P",4,4,50,3,38,1,6,25,11,21,21,24,1,0,45,40,11,41,17,4,9,9,8
"LINC02218",0,12,55,8,72,6,4,17,2,17,0,30,2,0,30,67,10,23,24,2,7,3,2
"SMC2",10,15,20,11,8,8,3,28,26,14,18,8,11,15,31,43,21,8,22,19,23,10,21
"TMEM218",4,15,43,3,51,4,2,28,17,33,5,16,6,1,35,48,14,37,15,3,8,1,4
"VPS13B-DT",5,15,12,35,13,0,12,31,10,19,56,14,24,16,21,10,15,11,27,6,13,20,8
"WASL",6,20,17,3,30,9,5,21,14,9,22,20,7,6,32,22,7,47,28,40,13,9,6
"ZDHHC12-DT",6,3,15,24,19,7,8,26,9,30,25,9,10,15,24,31,20,25,40,18,9,10,10
"MRPS27",4,12,41,2,31,7,4,14,33,29,17,8,9,17,43,27,17,23,16,12,3,9,14
"MRS2",4,17,32,11,19,2,4,20,26,21,29,17,32,5,23,38,7,18,32,5,9,8,13
"NUP54",3,21,35,6,29,10,1,21,17,26,6,21,6,11,25,36,9,50,17,1,4,10,27
"OAF",0,13,55,2,33,4,2,12,10,30,3,3,10,0,45,34,0,71,35,1,3,9,17
"CLIP4",2,17,44,1,31,4,6,10,12,24,1,15,9,5,49,36,7,57,16,5,2,9,29
"GP6",1,6,19,0,1,15,5,51,1,10,1,29,25,1,12,15,25,8,21,60,5,75,5
"MGST1",0,10,61,0,45,13,2,8,7,24,0,1,13,1,48,44,28,40,24,15,0,6,1
"MRPL30",2,14,37,14,34,11,6,37,13,16,10,20,9,6,33,37,8,29,25,7,7,6,10
"RIGI",2,11,21,1,27,1,3,38,3,12,0,31,0,3,14,70,3,36,13,2,20,19,61
"RPS18P5",22,13,20,21,17,13,9,39,20,19,16,12,12,5,21,17,24,12,21,15,5,26,12
"ZDHHC13",2,10,56,0,45,2,6,25,8,12,2,19,4,7,24,32,15,56,19,12,10,5,20
"ZGPAT",1,23,33,18,21,3,3,36,7,17,9,31,8,3,29,44,13,39,17,13,5,3,15
"ZUP1",12,7,33,16,16,3,10,26,32,14,30,10,6,8,23,26,17,20,19,17,9,21,16
"ACTR6",5,18,25,7,21,11,3,25,15,13,21,5,9,6,27,25,17,43,35,8,7,10,34
"ANKMY1",5,27,33,17,20,6,4,26,7,16,8,18,14,11,26,42,11,37,19,10,9,5,19
"C14orf93",3,6,28,7,43,7,14,43,6,10,4,14,7,3,30,47,9,58,25,3,10,4,9
"PDZD11",4,2,21,19,13,16,7,33,15,29,18,13,12,31,27,24,22,16,33,8,11,9,7
"RAB33B-AS1",8,11,28,8,42,14,2,44,10,27,4,14,2,3,19,52,14,41,15,9,11,8,4
"S1PR3",0,2,99,3,47,2,3,25,1,21,0,9,13,0,60,34,1,25,33,3,2,2,5
"SNHG8",1,8,22,18,16,8,0,24,27,32,24,18,20,6,31,24,22,24,14,13,12,4,22
"ARRDC1-AS1",6,11,39,14,9,5,3,27,19,8,34,15,3,17,30,26,18,31,31,11,11,7,14
"BMX",2,25,48,3,47,8,3,35,0,18,0,5,6,0,20,34,14,27,41,4,21,18,10
"FADS2",4,27,32,1,17,9,9,31,20,14,10,14,5,15,30,50,5,10,21,16,9,11,29
"ICMT",2,19,30,5,35,6,2,23,28,17,10,8,6,10,47,35,26,22,15,14,7,7,15
"MED7",10,17,40,14,34,4,2,17,12,14,18,12,12,4,18,28,26,40,20,7,7,11,22
"NADK2",13,13,26,17,8,11,5,21,34,16,41,37,11,2,17,11,8,20,24,33,6,9,6
"PDCD11",0,17,40,1,29,2,2,22,35,16,9,16,5,10,30,37,8,39,19,11,14,7,20
"SH3D21",0,5,49,6,29,4,2,36,1,21,2,29,3,3,8,42,9,74,15,2,6,3,40
"TTYH2",2,11,59,7,29,12,3,28,6,15,3,10,18,4,58,41,4,21,25,5,7,18,3
"AGGF1",0,4,60,13,34,5,7,25,6,11,8,13,2,3,35,37,22,34,23,5,20,8,13
"CABLES2",2,9,54,6,38,3,4,15,12,18,9,18,1,7,21,28,1,78,26,11,3,8,16
"CEP97",1,17,60,5,36,5,4,23,16,7,2,8,2,7,25,57,7,36,25,11,15,9,10
"GANC",4,10,28,9,47,8,6,31,11,12,9,7,7,8,21,28,17,54,21,17,5,15,13
"MYC",0,6,36,6,21,5,5,23,38,31,19,5,6,6,36,9,3,70,15,10,9,14,15
"VPS33A",0,19,52,3,30,11,1,27,7,22,13,15,10,1,27,30,5,55,29,7,9,6,9
"ALKBH1",10,8,27,6,23,11,8,19,9,13,44,15,13,7,29,19,6,35,31,18,10,13,13
"DGKH",2,3,8,31,10,1,7,8,0,27,0,21,106,16,15,3,5,26,34,37,4,5,18
"GFM1",1,12,49,11,30,3,5,23,13,29,15,13,9,11,29,34,14,30,22,9,7,4,14
"IL18BP",1,19,54,6,39,5,4,19,6,18,1,14,1,3,19,44,11,93,15,3,4,1,7
"RPLP0P6",10,19,23,9,13,10,4,25,15,18,7,11,29,13,30,29,32,6,19,31,6,17,11
"ACTR3B",1,2,42,13,12,3,2,49,5,6,6,16,30,6,15,20,18,27,23,26,19,38,7
"CCDC22",1,7,59,7,44,5,0,20,21,18,2,6,5,1,44,42,12,38,25,7,10,4,8
"MRPL20-AS1",1,10,46,7,33,5,0,34,6,14,5,13,6,3,28,58,12,57,19,9,5,2,13
"OSBPL1A",0,22,40,2,29,10,1,9,4,16,1,17,7,0,49,44,13,45,50,10,4,7,6
"ZNF671",6,11,46,5,16,1,5,23,28,19,47,11,3,6,16,36,9,21,14,5,20,21,17
"AMY2B",1,25,52,8,20,4,3,16,1,12,4,31,2,2,15,48,0,62,22,3,7,4,43
"CLUH",0,24,52,1,34,4,6,8,40,19,2,3,2,13,42,36,9,49,13,3,2,8,15
"DMPK",12,12,8,11,10,17,15,12,39,11,10,20,2,7,37,40,23,10,25,19,16,19,10
"MED6",0,10,37,12,32,2,1,19,4,22,3,25,7,2,21,30,4,93,20,3,13,2,23
"PIRAT1",2,11,47,1,47,9,6,24,1,24,1,16,8,0,23,76,11,40,17,4,5,5,7
"SLC5A3",0,26,28,1,26,11,0,13,12,27,2,7,5,2,24,83,5,55,9,4,0,11,34
"ZNF708",4,10,23,5,16,2,0,27,11,43,4,15,7,9,28,41,2,101,14,8,4,4,7
"DCAF1",3,25,30,3,18,4,4,16,26,8,5,6,15,11,45,42,3,59,19,12,6,11,13
"EIF2B4",0,16,40,18,25,9,4,26,32,14,5,11,11,9,24,34,7,42,28,5,9,6,9
"EME2",1,24,60,4,30,1,5,11,4,30,1,22,4,9,25,33,6,40,25,6,16,6,21
"HLA-DQA2",0,0,56,0,61,9,0,4,0,22,27,0,0,1,33,27,1,133,1,0,0,0,9
"KCNN1",19,3,50,18,18,12,9,19,14,12,24,3,11,11,46,3,12,8,53,6,21,6,6
"LSG1",0,21,38,7,26,3,2,19,15,19,31,15,5,5,34,34,16,37,13,10,13,13,8
"NSUN7",0,27,41,6,40,2,3,47,1,11,0,12,5,0,18,56,5,57,14,1,7,2,29
"FCRL6",0,45,19,2,10,4,4,13,2,51,1,4,2,44,34,88,3,9,13,0,2,9,24
"FKBPL",5,13,29,8,20,8,6,27,11,16,5,42,1,2,11,60,21,42,18,23,4,4,7
"MDN1",4,29,17,3,27,3,4,23,37,14,22,4,11,20,32,41,5,13,19,7,12,12,24
"RBPMS2",0,3,26,7,1,6,0,65,17,15,40,0,69,6,20,7,34,12,10,11,14,20,0
"SKAP1",2,14,23,27,21,10,1,18,19,30,7,4,8,23,34,52,8,17,32,3,3,8,19
"ZNG1A",1,20,52,6,31,1,2,29,10,20,5,16,9,1,34,51,7,41,15,9,4,5,14
"AP1M2",0,5,213,3,30,7,0,11,3,3,0,12,14,1,1,22,8,22,4,7,4,5,7
"ENTREP3",0,8,43,12,46,0,5,24,12,23,0,21,5,5,32,23,9,69,16,6,7,3,13
"L3MBTL3",1,16,57,2,42,7,1,23,18,9,2,4,3,4,36,56,6,44,11,5,10,10,15
"MINDY3",8,18,37,18,20,6,3,26,19,24,20,15,8,2,27,31,3,39,14,8,6,10,20
"MTHFSD",2,11,43,10,50,10,1,44,6,14,21,6,7,5,22,27,16,22,16,7,16,14,12
"NEDD1",3,16,58,4,25,7,3,14,8,18,9,10,5,7,49,34,7,47,7,9,18,7,17
"FBN2",0,36,95,0,61,5,3,34,0,20,0,1,1,0,34,17,1,21,13,1,13,9,16
"HIBADH",9,18,23,13,22,7,1,10,34,13,34,7,25,8,21,29,13,23,23,12,10,18,8
"MED20",3,1,15,7,15,7,6,33,24,20,95,6,3,4,20,32,18,26,13,5,12,11,5
"NAPEPLD",12,10,28,29,13,10,4,31,15,17,24,4,31,9,29,22,20,15,15,5,8,21,9
"TRAPPC13",4,17,45,9,37,6,6,18,14,24,7,15,6,4,45,40,6,41,17,0,7,6,7
"CYP2D7",0,6,60,11,21,7,1,51,2,9,0,45,4,3,9,48,4,43,22,3,4,2,25
"P4HTM",3,14,39,6,37,4,3,30,12,9,19,16,4,8,16,52,10,51,18,5,3,4,17
"RNASEK",2,30,46,12,29,3,6,32,1,20,6,44,5,0,14,34,2,49,16,2,7,3,17
"EXOSC3",6,7,31,16,28,12,2,28,12,13,30,7,14,8,19,30,14,27,27,15,10,9,14
"FAM161B",2,6,28,19,23,13,6,24,10,16,16,28,29,6,19,30,5,21,18,14,12,23,11
"GPR183",2,52,42,6,31,4,3,10,40,8,9,15,6,6,39,17,3,36,11,1,10,10,18
"MTIF2",3,14,34,3,32,0,6,21,15,22,10,15,1,9,30,53,8,48,17,11,3,10,14
"PLAAT3",13,13,25,24,33,2,14,48,71,16,7,18,1,12,12,19,6,5,10,4,0,17,9
"RPL22P24",2,9,12,10,7,12,2,13,38,17,105,16,15,5,10,31,13,5,20,5,10,18,4
"TYSND1",3,19,47,19,23,8,5,16,15,15,13,13,20,6,31,31,8,33,25,5,11,0,13
"BNIP3",3,7,18,17,24,11,4,20,32,14,18,19,5,8,33,31,18,25,21,23,3,10,14
"C18orf21",6,12,22,16,25,8,12,11,9,29,18,21,5,5,23,23,17,49,28,8,14,5,12
"CADM4",0,12,32,5,98,1,4,42,3,21,0,34,3,2,22,30,3,39,8,0,9,1,9
"MRPL32",8,12,43,5,27,5,8,17,23,21,43,12,7,9,24,26,13,35,14,8,5,3,10
"RBBP8",6,22,35,10,32,3,8,24,15,18,3,11,7,4,17,28,12,83,20,7,3,2,8
"RBM43",5,16,22,5,19,3,6,32,11,10,7,17,9,5,46,35,2,58,15,10,23,18,4
"RHOH",4,23,24,6,27,5,1,8,33,34,6,16,3,21,32,14,6,81,14,3,8,2,7
"TCFL5",0,5,58,15,9,4,1,46,11,19,7,25,7,5,24,33,8,63,24,3,1,4,6
"AEBP2",3,37,42,4,29,8,3,15,7,26,3,20,6,6,22,33,6,68,12,2,3,4,18
"ASCC1",5,9,46,1,32,1,6,37,9,23,10,10,11,2,19,39,5,67,15,1,4,12,13
"ASIC3",9,8,17,20,4,13,5,13,24,13,33,18,21,12,33,28,27,6,9,17,20,14,13
"CPSF3",4,17,52,5,30,2,1,17,16,22,4,12,1,4,31,43,15,14,26,13,12,13,23
"FARP2",2,20,42,6,26,1,0,32,6,7,4,10,9,3,35,29,9,75,33,2,9,5,12
"GSEC",0,13,49,7,35,1,4,39,0,24,0,12,5,3,36,47,14,35,31,2,12,7,1
"JTB",19,5,8,37,28,6,5,43,20,19,9,15,13,7,26,8,45,8,16,8,16,5,11
"MAP4K1",0,34,39,6,41,4,10,27,31,22,7,9,6,10,34,34,5,22,16,2,2,1,15
"RASSF7",0,11,48,6,28,3,6,28,3,16,1,25,0,2,27,34,7,72,22,7,11,6,14
"RPS6KA2",0,21,41,3,22,2,1,22,2,22,2,23,16,0,57,15,8,37,38,17,10,11,7
"ADAP2",0,8,66,0,43,2,4,17,6,43,6,6,4,0,45,51,4,45,16,2,0,0,8
"MTSS1",1,19,31,1,14,5,1,11,22,18,8,8,7,16,49,41,3,56,13,12,10,2,28
"NBPF26",0,37,3,1,52,3,9,3,0,2,1,56,0,1,29,129,0,9,21,4,2,11,3
"PKD1P2",3,1,13,6,13,0,3,6,76,4,15,0,6,0,17,4,10,6,28,8,35,122,0
"RFT1",4,14,43,22,49,5,5,25,15,22,7,11,4,10,18,29,10,28,16,7,9,10,13
"SPX",1,4,13,0,16,26,7,50,2,14,0,42,34,2,13,13,20,7,20,48,9,31,4
"ACVR1",1,8,33,0,18,19,1,59,5,8,7,21,27,0,21,35,19,18,28,18,5,21,3
"ATPAF2",0,9,49,14,30,5,3,26,9,25,10,6,30,7,22,24,13,24,31,5,17,8,8
"AUTS2",0,27,9,1,9,1,1,11,14,25,5,7,0,82,19,19,0,5,3,3,5,3,126
"METTL5",12,12,15,32,20,15,3,30,25,24,3,6,5,10,24,28,27,13,22,9,12,10,18
"NOC3L",6,10,8,21,15,4,5,28,33,28,16,6,13,9,24,41,10,13,11,16,5,40,13
"NR6A1",0,33,37,1,33,0,5,21,4,21,1,17,2,2,8,40,6,88,21,1,10,1,23
"PDHX",5,13,25,19,16,10,2,29,22,19,35,14,8,7,20,33,8,34,14,16,5,10,11
"THYN1",2,17,35,5,33,9,4,25,12,13,3,12,5,7,31,44,20,40,24,8,7,10,9
"TTC19",0,27,31,0,26,8,0,14,22,23,14,9,9,8,22,39,4,44,17,12,8,5,33
"ACTR8",1,15,53,7,18,3,3,26,13,13,8,25,10,7,26,22,6,39,28,14,3,9,25
"AHCYL2",1,12,51,3,41,8,2,19,9,10,8,8,9,5,33,36,15,55,20,4,13,8,4
"DNASE1L1",3,8,42,10,27,5,2,30,3,28,0,14,1,4,29,28,7,72,22,9,8,9,13
"TFDP1P2",4,11,9,41,10,9,3,50,14,17,6,19,15,6,15,23,31,3,26,16,16,26,4
"TPMT",0,7,35,2,32,3,3,23,5,39,2,18,13,7,31,10,8,75,22,3,10,7,19
"ATR",2,23,33,7,27,6,1,11,19,9,10,9,6,5,29,61,4,47,19,6,12,9,18
"BBS4",7,11,37,12,32,5,1,13,10,14,56,21,2,4,11,27,6,44,18,8,1,2,31
"C11orf24",0,5,50,15,27,6,1,13,25,16,9,13,14,5,41,20,18,30,27,5,12,14,7
"EIF3C",0,14,14,27,21,5,2,25,16,12,4,10,14,26,24,58,18,9,23,12,15,12,12
"NIPA1",4,17,28,1,10,14,4,55,11,20,1,19,33,6,17,18,12,9,13,35,3,34,9
"PPFIBP2",0,19,64,4,16,2,6,12,9,7,3,13,3,7,34,76,5,57,10,9,6,3,8
"PTGES2",2,23,37,4,26,3,2,14,16,22,3,14,7,14,32,39,12,40,23,9,5,8,18
"SCML4",0,8,8,0,46,1,2,20,9,14,3,11,0,6,2,79,10,64,9,0,28,8,45
"SLC66A1",4,15,56,2,25,2,2,32,2,23,6,16,6,1,21,38,8,81,10,1,9,1,12
"TMEM184A",5,6,20,21,21,2,3,21,8,42,1,8,37,12,14,39,1,44,11,0,6,35,16
"UTP11",3,12,35,6,36,1,2,36,13,31,15,14,3,3,30,39,4,54,12,9,5,4,6
"ZNF33B",0,13,37,15,14,4,2,15,37,29,31,4,18,5,24,29,15,16,25,18,5,6,11
"NEMP1",5,17,51,6,22,6,2,26,24,12,7,4,1,4,30,50,11,21,27,12,3,15,16
"RPL15P3",3,19,18,7,16,20,4,36,15,13,17,20,19,11,21,12,18,9,12,32,12,28,10
"SIL1",5,15,25,28,19,6,2,27,34,20,19,6,6,4,21,49,18,26,17,5,3,7,10
"SLC2A5",1,23,11,4,14,9,2,22,16,9,3,10,11,3,9,30,70,19,19,61,1,9,16
"ST13P6",1,14,9,19,13,14,8,17,14,10,20,9,12,6,24,18,18,9,17,60,12,35,13
"CEP295",0,14,31,14,44,3,10,32,12,8,4,8,0,8,21,90,2,41,9,4,8,1,7
"DENND3-AS1",0,7,50,6,35,1,4,47,1,16,0,18,0,0,4,70,5,81,5,5,4,0,12
"DNAL4",3,5,40,17,29,7,3,22,1,34,6,21,8,3,32,29,14,55,12,3,9,12,6
"MMRN1",1,5,15,2,7,36,1,74,2,8,4,17,7,5,6,16,27,5,36,49,2,36,10
"MRPS14",3,12,48,5,26,7,2,23,23,23,12,19,5,1,28,29,11,31,27,12,7,7,10
"PPIAP22",5,26,25,3,25,10,6,14,18,36,5,16,6,11,30,26,8,34,18,16,2,16,15
"TMEM88",1,19,40,5,36,0,2,24,0,33,0,16,6,3,14,58,11,44,43,1,4,1,10
"AK9",16,6,21,15,13,4,5,31,18,13,25,12,9,7,22,34,22,34,20,16,15,9,3
"CCNA2",14,12,7,7,13,5,7,23,32,27,18,5,10,16,29,29,26,9,22,27,5,14,13
"LMBRD2",2,16,52,5,36,7,3,29,9,15,5,9,3,6,29,28,3,61,11,8,6,9,18
"MALAT1",8,12,40,14,29,5,1,43,19,7,51,4,3,2,10,23,8,27,18,24,0,12,10
"NIP7",2,16,38,4,42,5,1,24,19,21,7,14,12,12,30,26,10,43,14,4,7,7,12
"PVR",3,27,50,0,39,4,7,42,1,22,0,5,3,0,16,43,3,78,17,1,1,1,7
"SMAP1",4,19,19,10,31,6,5,24,3,16,8,8,6,9,21,36,28,47,32,7,9,8,14
"TSEN54",2,58,15,8,20,8,3,13,4,37,2,13,1,28,27,42,1,17,17,1,3,11,39
"ERICH2-DT",17,0,0,17,10,4,1,111,9,23,10,8,22,3,8,28,38,14,12,14,8,10,2
"EXT1",0,26,38,4,24,13,3,35,3,15,4,9,18,2,25,36,9,49,17,4,17,6,12
"IGHV3-74",0,35,9,5,31,16,4,9,122,2,21,2,0,10,18,15,0,2,26,1,8,14,19
"PPIE",4,24,43,3,23,7,3,13,19,23,14,4,3,9,45,38,9,21,18,18,1,7,20
"SPATS2L",3,12,8,4,22,4,3,19,13,6,8,12,2,8,43,16,3,64,2,3,32,35,47
"ABTB2",0,17,16,7,19,8,3,17,7,26,9,25,3,8,27,28,8,69,18,11,28,2,12
"ACTMAP",1,10,40,15,41,5,4,14,18,23,9,20,6,5,27,26,7,49,17,6,12,3,10
"GPD1L",1,9,26,15,22,6,4,26,18,15,4,17,12,5,26,34,20,12,29,36,6,14,11
"LINC00899",2,2,38,57,11,0,1,36,29,19,17,6,12,5,9,11,26,31,32,5,3,15,1
"LPIN2-AS2",11,23,10,26,16,9,14,16,22,29,31,9,24,3,15,17,16,13,18,10,13,9,14
"SGO2",8,18,17,18,24,15,2,20,17,34,7,8,2,13,12,33,24,22,14,24,14,13,9
"SKP2",0,16,55,4,36,4,4,19,12,19,5,19,4,5,25,42,7,55,13,5,1,2,16
"STS",0,11,41,5,19,5,4,28,4,16,7,22,4,4,40,45,13,57,13,4,17,4,5
"EIF3J-DT",5,6,41,19,33,10,4,38,9,18,24,8,6,2,14,33,14,36,14,10,11,6,6
"SCRN2",2,16,44,11,36,5,2,20,20,23,2,11,1,6,13,17,11,48,23,21,3,5,27
"TCN2",0,5,33,8,38,3,2,127,9,12,3,5,6,1,40,19,1,35,9,1,3,2,5
"ZDHHC24",2,12,21,3,37,5,0,21,9,20,2,14,3,9,27,46,14,54,35,7,3,4,19
"AKR1B1",1,23,38,4,24,9,4,14,30,37,5,1,6,7,32,45,6,20,19,6,1,13,21
"ALKBH4",0,32,52,5,26,5,5,27,9,10,0,17,7,5,18,36,4,39,16,1,10,4,38
"CERS6",0,19,36,0,38,0,1,21,5,21,3,9,3,12,43,49,5,51,17,7,4,9,13
"FBXL15",5,16,38,2,32,9,0,28,6,20,8,35,6,4,17,25,8,65,23,3,3,0,13
"GPRIN3",0,34,42,2,12,6,3,6,12,22,2,1,1,19,27,44,6,48,4,1,5,7,62
"PRPF39",0,13,31,9,26,4,4,17,19,28,4,6,7,11,31,62,6,31,24,13,6,3,11
"SPC24",9,7,17,33,14,8,3,17,20,21,4,6,19,13,25,10,24,12,56,25,5,9,9
"TWSG1",7,6,20,7,16,17,3,15,9,8,36,10,21,7,29,21,18,44,14,24,3,20,11
"NBPF8",0,30,25,0,23,2,6,10,23,21,0,18,0,7,25,42,6,74,9,2,5,9,28
"SDAD1",0,15,34,4,51,6,8,16,24,14,19,2,5,9,36,35,3,18,17,10,16,6,17
"VRK2",1,10,28,3,48,2,2,51,19,11,2,8,5,3,33,33,7,35,18,9,11,14,12
"ZNF674",1,8,27,6,20,3,4,26,2,17,14,15,5,4,31,45,10,61,16,7,6,6,31
"ERBB2",2,24,10,26,33,6,1,17,15,45,5,7,9,9,22,45,19,11,18,3,7,6,24
"METTL14",3,14,33,1,20,5,5,29,12,18,9,10,5,6,30,36,6,74,8,7,8,7,18
"NDUFAF5",16,19,30,12,11,8,10,17,11,23,16,27,11,1,22,17,14,15,20,13,18,19,14
"POLI",1,25,66,2,23,6,4,22,8,13,0,17,3,4,18,41,4,45,25,3,2,10,22
"SLC52A2",1,11,54,2,37,4,2,38,23,17,10,14,6,7,19,27,8,41,15,14,3,5,6
"TRAPPC2L",12,12,30,10,32,5,4,21,11,22,10,11,2,15,26,30,19,32,24,5,6,5,20
"ASL",0,24,58,3,20,6,9,15,11,22,5,19,5,6,18,27,8,57,17,6,10,5,12
"CENPX",10,12,33,6,14,12,1,15,13,29,9,29,2,9,29,29,19,42,20,6,6,4,14
"DNAJC2",4,10,14,8,30,7,3,32,24,20,41,14,7,15,21,21,9,25,20,11,3,13,11
"KIF2C",3,9,20,12,13,12,2,41,27,27,14,6,9,15,23,31,24,11,20,13,5,14,12
"MGAM2",2,47,37,1,19,8,13,16,0,15,0,0,2,2,26,66,3,31,13,5,32,7,18
"MRPS30",0,17,27,12,19,6,5,16,37,20,14,8,13,5,39,37,8,21,26,5,10,9,9
"STRADA",0,30,52,9,28,1,4,12,5,13,0,17,1,2,17,36,7,63,12,4,9,2,39
"STRBP",0,24,21,4,28,4,2,17,33,7,18,25,19,4,17,32,12,32,16,11,2,14,21
"ZNF322",0,5,36,5,28,4,0,21,20,5,33,9,7,10,19,40,9,58,17,2,15,7,13
"FBXO31",0,11,35,32,21,5,3,20,13,29,16,6,16,11,24,24,6,17,29,13,8,7,16
"KAZN",3,26,29,1,56,0,2,1,0,20,1,11,4,0,21,68,7,60,30,0,5,2,15
"MTHFD2L",12,14,12,36,13,16,9,17,9,35,12,11,11,14,15,9,40,23,17,10,13,7,7
"NGDN",7,22,29,7,13,5,2,15,20,35,23,11,7,10,26,32,9,54,13,3,6,6,7
"NHLRC2",6,18,41,8,16,13,5,19,12,18,25,8,10,6,30,20,17,26,20,8,3,10,23
"RAI1",0,13,52,10,24,7,4,19,12,23,9,16,6,7,36,44,3,34,16,4,6,5,12
"RPL22P4",24,5,0,27,8,14,7,15,16,5,8,8,13,36,12,10,18,3,26,21,22,59,5
"RPP25L",2,8,55,14,31,4,1,35,18,17,10,21,6,0,24,38,10,37,12,5,9,4,1
"SCCPDH",0,18,54,4,24,8,1,30,7,24,5,12,3,2,27,29,10,32,38,12,6,5,11
"SUOX",0,6,45,5,35,2,5,30,5,23,12,9,2,0,24,28,18,53,30,14,1,5,10
"ZBTB40",0,26,32,5,17,1,2,23,25,13,9,7,6,7,48,40,6,30,20,7,3,13,22
"ZNF414",1,26,31,9,21,6,4,8,10,52,17,15,10,4,19,13,6,29,37,4,8,2,30
"ASH1L-AS1",7,4,26,25,10,6,7,22,47,13,29,2,20,13,24,15,17,4,15,16,16,12,11
"CD8A",2,32,16,1,5,1,0,17,14,95,8,9,3,15,37,7,3,42,22,1,2,8,21
"RASGEF1A",2,11,28,6,21,8,4,35,3,20,0,27,4,4,18,42,10,73,10,0,10,8,17
"DHFR2",8,8,18,8,16,7,4,22,27,6,58,20,8,1,28,20,28,8,28,12,0,13,12
"MRPS2",1,7,26,27,23,1,1,34,27,30,7,11,18,12,24,24,15,11,14,21,21,4,1
"PLGRKT",9,27,24,3,24,2,15,26,8,18,6,19,7,10,36,21,20,37,11,4,12,10,11
"RAB30-DT",9,6,17,54,16,9,4,28,20,11,13,6,12,11,23,19,24,9,13,5,16,26,9
"SLC25A13",1,24,34,8,32,2,1,24,9,17,7,23,5,5,24,31,8,45,13,12,5,3,27
"SLC25A25",2,14,30,3,22,6,4,13,7,33,6,29,10,7,27,12,4,94,17,7,3,7,3
"TRMT12",4,16,18,3,49,8,2,29,14,23,8,27,7,3,18,26,7,46,25,5,1,4,17
"ZNF331",2,36,8,3,9,2,1,3,8,18,6,6,2,107,20,34,2,32,8,7,5,3,38
"CUL7",2,15,38,13,28,5,2,21,25,6,8,12,9,4,23,50,7,41,24,1,9,8,8
"KIFC3",0,9,25,1,13,18,5,38,3,22,6,25,12,6,21,25,17,10,17,27,3,41,15
"MALSU1",3,21,46,1,35,8,3,23,8,23,2,11,4,5,18,24,14,62,18,7,8,2,13
"NDUFA11",20,8,29,25,21,4,11,22,9,16,17,25,11,7,17,13,14,18,23,20,9,3,17
"RPL21P11",10,10,13,17,29,9,6,71,22,14,17,18,8,3,15,8,22,8,10,6,16,13,14
"COMMD4",2,11,36,1,31,4,5,26,8,14,2,10,5,11,31,49,15,45,23,5,5,3,16
"G6PC3",0,12,57,5,18,5,2,26,17,30,2,17,6,5,31,36,7,43,17,10,2,1,9
"HOMER2",2,2,22,7,15,21,6,48,6,27,3,17,19,7,10,16,20,12,19,33,3,37,6
"NPIPB13",4,3,27,23,16,11,6,18,9,20,11,7,14,15,22,40,3,16,32,10,8,32,11
"PCBD2",15,18,36,11,19,18,8,20,15,17,7,8,10,8,20,16,13,18,25,12,25,10,9
"PRR3",2,5,29,4,20,2,7,14,30,24,61,17,7,6,6,20,11,30,21,17,1,7,17
"UBE2D3P1",8,16,9,26,13,10,5,22,11,8,12,17,26,6,31,24,16,7,16,15,16,25,19
"UBE2E1",5,20,19,2,36,5,3,20,8,27,4,10,5,4,31,43,15,32,22,2,18,5,22
"CENPU",7,10,9,37,11,4,0,20,7,72,15,9,12,12,13,33,13,7,18,17,4,13,14
"FUNDC2P1",12,29,21,15,16,17,10,16,14,15,9,9,19,7,11,11,27,8,10,33,12,16,20
"IGKV1-9",0,42,4,2,50,2,0,3,95,4,14,1,1,7,49,23,3,5,22,2,0,9,19
"IGLV3-19",0,49,18,1,34,7,5,4,99,9,11,2,2,12,27,12,3,3,7,0,5,5,42
"LANCL2",4,12,23,14,11,15,6,14,17,15,12,7,15,14,26,25,12,30,24,10,24,15,12
"SLC18A2-AS1",2,3,26,3,8,22,5,40,0,20,6,21,19,11,6,16,20,12,11,41,11,44,10
"SLC1A4",0,10,16,1,15,10,3,15,31,9,8,8,4,17,30,24,26,28,21,15,5,7,54
"TCAIM",2,19,44,7,42,3,7,29,3,21,6,9,13,1,16,38,6,41,24,3,10,6,7
"ZNF341",1,21,41,5,33,5,6,26,7,10,3,16,4,3,27,37,9,62,10,3,5,5,18
"B3GALT6",4,6,40,5,44,4,5,32,15,22,2,16,5,4,40,31,9,43,19,1,3,2,4
"LCMT1",1,12,41,3,38,2,1,34,11,15,17,14,8,3,18,29,16,39,17,10,12,4,11
"PRAF2",7,8,25,7,22,12,5,51,7,14,20,23,14,3,18,24,13,28,16,4,8,14,13
"ZNF263",1,11,27,4,33,6,1,18,6,14,29,8,10,12,34,46,11,41,25,1,7,4,7
"COA4",6,11,41,4,12,3,3,21,22,19,11,7,17,11,24,29,26,15,26,5,22,11,9
"GOT2",0,9,32,7,21,12,6,23,33,27,10,9,7,10,33,26,15,26,16,15,2,7,9
"MISP3",9,7,26,3,10,10,3,20,63,18,6,20,10,4,16,4,14,26,6,18,6,50,6
"NIPSNAP1",1,27,50,2,25,1,4,25,16,14,5,13,6,4,28,35,20,37,16,6,8,3,9
"TCEA2",2,10,57,2,38,5,0,14,8,34,3,31,0,4,17,34,6,44,13,2,8,11,12
"VPS45",6,32,47,6,33,6,4,13,27,16,2,6,8,10,29,35,19,16,15,1,9,8,7
"ZCCHC10",4,12,36,5,26,5,1,29,15,17,7,18,0,2,40,27,4,54,20,3,7,8,15
"ATAD3B",1,21,30,6,22,7,2,20,27,19,13,25,1,10,22,26,2,48,18,2,2,4,26
"CMC2",15,19,12,13,18,27,7,10,5,17,5,11,15,5,27,25,20,24,13,24,8,23,11
"IER5L",0,10,77,7,19,3,4,28,0,10,0,4,8,0,50,23,7,71,23,0,2,1,7
"MFSD11",3,16,24,8,40,5,2,27,3,10,5,17,17,3,27,28,13,69,13,8,4,4,8
"MTO1",1,13,50,4,27,6,3,23,11,25,9,3,9,16,24,27,22,23,12,6,16,8,16
"SPACA6",1,31,44,10,34,1,2,48,1,22,2,43,2,0,4,26,3,48,10,1,5,0,16
"ZNF839",1,12,50,5,27,4,7,24,6,12,7,29,4,3,15,38,9,52,14,2,8,14,11
"ZNG1F",0,11,39,9,27,0,3,16,0,22,1,31,3,2,25,36,4,69,27,0,9,3,17
"BUB1",2,5,16,31,8,12,5,32,36,20,12,2,8,17,25,20,25,14,16,11,9,19,8
"C12orf43",1,9,21,14,24,18,3,20,17,19,31,8,16,15,22,26,9,19,30,4,8,11,8
"CEBPZOS",3,33,29,13,26,7,0,16,17,19,9,14,7,1,23,28,10,37,31,6,3,3,18
"GTF3C4",2,12,44,1,37,10,9,20,13,8,27,8,3,7,36,33,3,41,8,11,5,3,12
"SETD4",4,7,30,11,32,7,3,21,11,13,22,16,8,7,32,30,13,34,14,5,8,6,19
"TARS3",1,22,12,5,18,1,3,22,20,15,7,21,10,12,30,39,19,9,29,12,8,26,12
"TGFBR3",0,43,7,1,26,5,1,9,12,38,2,9,1,46,29,54,7,22,7,0,7,4,23
"TLE1",0,28,23,9,16,2,9,7,17,31,8,10,2,40,20,33,1,27,7,12,9,2,40
"CCDC18-AS1",1,21,46,9,17,1,11,21,10,21,10,11,3,10,18,51,6,30,15,5,11,5,19
"DDB2",1,20,36,5,14,6,2,16,20,19,14,17,8,13,18,42,22,30,10,4,3,9,23
"ITM2A",2,23,21,2,13,8,3,28,30,13,6,25,5,9,22,11,7,28,19,12,6,41,18
"MRPS34",3,14,38,4,34,7,2,22,20,34,12,19,8,1,28,28,7,32,11,14,4,3,7
"TNNT3",0,22,29,6,5,3,6,16,3,14,0,25,2,9,4,49,1,74,10,0,2,4,68
"ATAD2",14,17,17,5,17,10,5,26,29,12,7,5,6,12,21,45,9,20,9,35,14,6,10
"CLEC5A",0,29,31,4,57,7,4,8,3,11,0,4,6,0,30,34,16,34,20,20,8,7,18
"IGLV8-61",2,64,8,0,19,5,2,5,167,2,7,0,0,11,10,6,2,1,20,1,0,10,9
"LINC01232",3,14,60,4,61,8,6,24,3,4,0,13,4,1,21,30,7,42,3,2,10,14,17
"MRPS35",4,13,35,5,34,6,1,18,11,23,18,0,12,8,27,25,26,25,31,10,1,8,10
"NCBP2",2,16,33,10,22,12,7,22,13,17,14,7,3,12,22,27,3,55,15,6,5,8,20
"NUDT18",0,6,35,5,56,8,5,24,14,13,23,10,9,3,24,46,5,39,12,0,7,6,1
"RNF139-DT",3,14,37,11,8,4,7,7,35,27,79,6,1,1,13,27,12,3,8,21,3,15,9
"RPL22L1",24,19,20,4,19,1,1,25,19,19,12,16,1,8,27,28,11,27,18,13,7,11,21
"SNX14",0,25,42,2,27,8,1,10,4,14,3,26,4,6,12,37,5,63,22,3,2,1,34
"TIMM44",3,20,37,17,20,4,1,21,15,23,3,9,17,13,20,26,14,24,26,3,6,8,21
"ZBTB45",0,5,51,6,26,4,1,16,8,13,2,13,4,6,36,29,9,82,14,3,5,2,16
"AGL",3,18,31,4,27,8,4,23,10,13,5,6,12,3,25,42,14,43,23,14,4,4,14
"DBR1",0,7,51,3,31,7,1,34,11,21,9,16,3,5,28,27,16,37,13,9,7,3,11
"GLRX2",2,22,39,16,19,12,1,16,17,16,5,13,9,2,14,28,4,64,17,4,6,6,18
"KLHDC7B",0,22,23,2,40,3,16,18,7,14,4,4,2,4,34,21,3,34,2,2,20,6,69
"MAPKBP1",0,13,34,8,42,3,1,24,10,16,6,19,5,3,21,40,1,56,19,3,5,5,16
"MED26",0,17,13,4,21,14,4,20,15,12,9,19,6,7,22,25,10,88,19,4,8,2,11
"MORN4",22,2,3,15,3,4,17,8,25,17,17,2,29,3,72,8,32,0,14,13,9,34,1
"PELP1",0,13,32,5,23,8,6,16,24,12,8,1,7,7,40,40,12,33,16,11,4,12,20
"PHF6",3,32,40,1,33,1,1,28,22,10,8,10,2,10,30,28,5,31,22,10,5,9,9
"TC2N",2,17,31,2,15,12,8,32,16,15,4,17,20,7,16,17,10,18,32,19,11,21,8
"CASP7",2,13,46,2,36,3,2,8,25,16,6,2,10,2,47,25,4,53,6,3,14,17,7
"CLEC1B",0,7,33,2,7,6,3,46,5,9,3,22,9,6,19,12,21,38,32,16,7,41,5
"FBXL18",1,11,29,12,9,12,3,14,9,16,12,23,3,6,21,31,5,76,16,3,5,16,16
"ID2-AS1",23,6,13,5,12,7,7,19,13,8,29,11,16,10,23,5,16,11,19,13,20,62,1
"PREPL",2,5,44,6,32,10,5,7,17,10,12,10,8,6,38,39,8,17,32,9,6,14,12
"RABL3",0,11,26,6,38,7,8,21,13,7,7,7,4,4,24,26,17,52,16,14,12,10,19
"ZBTB47",0,20,50,1,40,4,1,14,3,13,1,21,6,1,19,71,5,45,17,5,1,2,9
"ADO",2,8,43,4,40,6,6,27,9,15,6,19,4,4,36,21,4,65,10,4,1,4,10
"CCDC170",0,16,26,4,52,6,5,12,0,4,0,22,4,1,14,34,6,91,15,0,23,3,10
"CCDC68",8,2,6,50,2,7,21,5,12,12,4,3,17,21,7,22,40,23,26,15,5,23,17
"CHAMP1",2,6,38,4,24,1,5,28,12,20,6,12,7,7,32,31,6,48,18,11,12,11,7
"HAUS6",0,11,46,2,31,2,2,22,13,14,8,9,1,11,26,41,13,46,19,6,2,9,14
"KYNU",0,7,44,1,75,3,1,20,10,34,3,3,8,3,30,25,2,26,30,4,6,7,6
"LINC02976",1,17,49,3,38,1,2,15,1,20,0,27,4,0,10,49,2,64,19,1,1,0,24
"PLEKHG2",0,31,25,12,25,8,8,4,25,23,2,11,6,12,18,49,0,39,20,2,3,7,18
"PPP5C",0,16,46,4,32,5,1,10,28,28,10,6,1,19,31,34,4,18,28,6,8,4,9
"SLC29A3",3,3,49,2,17,8,3,4,8,12,19,3,0,1,16,51,5,9,118,4,6,3,4
"DNMBP",1,8,29,2,18,0,2,13,6,21,0,23,9,6,12,28,13,86,16,6,7,5,36
"JPT2",4,13,26,7,17,6,6,31,12,19,16,8,7,7,36,30,13,14,27,21,8,10,9
"LINC00174",12,27,38,33,16,5,11,17,5,13,1,18,8,5,14,37,10,27,8,8,6,16,12
"PRXL2B",2,6,34,3,38,5,0,22,14,17,1,19,12,6,19,33,6,35,18,17,9,18,13
"ALG6",2,20,42,4,35,5,1,41,8,17,4,9,3,1,26,45,11,36,8,6,10,4,8
"CTSK",2,23,39,7,20,1,3,18,11,13,9,39,11,0,6,36,7,52,14,9,6,4,16
"DUSP18",3,4,26,4,27,2,3,43,5,26,1,13,6,4,23,38,10,45,26,2,5,7,23
"HCN2",10,2,13,15,26,9,15,22,6,16,2,12,14,9,15,27,13,5,35,50,11,11,8
"MED27",3,16,24,3,20,10,1,23,4,27,5,14,3,4,27,27,15,64,17,6,5,11,17
"NF2",0,12,49,2,32,2,1,18,17,16,0,11,1,3,34,29,2,62,18,9,4,4,20
"RIN2",0,5,48,2,36,1,6,14,2,21,1,7,4,0,39,31,8,46,14,8,16,11,26
"SEH1L",4,7,19,13,17,4,4,16,11,25,14,14,10,4,27,13,18,40,45,8,8,17,8
"WRAP53",3,3,40,7,27,3,4,17,7,19,23,10,5,8,28,25,12,63,15,10,6,7,4
"C8orf33",16,8,36,4,17,1,3,23,15,28,5,9,3,5,30,44,14,28,16,4,5,19,12
"CEP85",3,14,35,8,24,7,2,4,23,26,13,10,6,6,23,27,11,37,10,13,10,18,15
"DHRS4-AS1",11,10,15,22,14,8,8,21,6,16,3,6,12,5,18,29,15,12,26,26,19,27,16
"IKBKE",0,14,51,4,43,2,4,19,19,30,9,3,3,6,33,28,2,29,29,1,4,3,9
"PAQR6",2,18,58,12,43,1,5,19,4,21,4,19,0,1,4,43,4,40,21,1,6,5,14
"PEDS1",4,11,28,8,20,8,7,22,12,17,8,17,16,8,31,14,14,31,25,17,8,11,8
"TPK1",2,15,44,0,31,5,8,25,11,14,0,16,5,1,29,33,6,56,15,4,17,0,8
"USP30",4,12,35,7,20,3,6,39,2,22,7,19,3,2,7,20,4,65,25,6,4,6,27
"ZNF182",1,15,55,7,39,6,0,33,6,11,11,10,4,3,19,30,3,35,22,4,7,2,22
"BRCC3",1,21,50,1,43,3,3,25,1,25,1,16,3,2,35,32,2,33,13,3,11,4,16
"LDLRAD4",0,26,43,0,36,13,3,16,7,12,4,17,7,1,26,46,12,27,16,3,8,1,20
"LIPT1",13,17,19,13,12,18,8,10,21,10,33,7,31,13,6,19,13,18,10,8,12,15,18
"PABIR3",0,21,26,5,30,1,3,15,11,17,26,25,7,3,17,43,8,30,5,9,12,10,20
"XKR6",11,5,17,11,4,11,6,21,26,24,9,9,15,5,26,25,32,12,37,9,5,19,5
"CHTF18",0,18,35,14,31,0,1,21,8,21,1,36,6,7,9,30,10,44,15,12,5,4,15
"FBXL13",1,18,46,8,9,2,3,26,0,7,2,15,3,2,20,53,11,79,6,5,8,2,17
"MRPL19",2,12,34,13,29,2,2,22,22,19,6,5,6,8,25,19,19,14,26,12,12,13,21
"SEMA3C",0,15,76,0,27,1,4,22,0,16,0,16,4,0,17,50,2,54,12,3,17,0,7
"SPATA33",18,7,13,8,14,5,6,26,28,19,14,7,15,8,21,24,17,8,19,15,18,33,0
"SRP19",3,21,35,20,38,1,4,33,12,11,22,12,5,1,21,22,14,24,20,9,4,5,6
"TIMM10",9,4,21,4,7,3,7,16,21,15,7,25,1,7,18,31,4,23,4,12,10,10,84
"DBP",0,9,37,6,32,1,2,13,16,21,3,33,2,2,35,26,8,29,18,7,6,3,33
"OGFOD3",2,7,25,13,32,5,3,11,19,18,4,5,12,12,26,20,5,26,30,23,19,13,12
"RBM4B",1,16,35,2,33,6,1,30,10,18,1,15,16,3,18,39,13,43,12,3,9,6,12
"SUCLG2",0,24,44,4,28,1,4,8,23,27,7,4,7,12,39,23,8,39,11,6,5,6,12
"XIST",0,0,127,1,1,3,1,19,0,0,35,0,6,40,0,2,10,44,0,0,1,22,30
"DDX28",0,8,45,2,48,3,6,31,11,33,0,21,6,2,25,21,5,31,15,4,7,0,17
"TIAM1",1,7,65,2,30,2,0,12,8,9,1,6,4,1,51,49,1,43,36,0,2,4,7
"CD3E",0,11,27,1,17,9,4,13,61,52,11,3,8,4,17,31,1,31,22,0,2,8,7
"CISD3",2,18,38,8,29,7,2,15,9,24,2,7,5,5,34,26,2,53,20,1,8,9,16
"GNAO1",5,1,23,27,7,9,18,31,16,17,6,10,12,9,17,31,17,17,36,18,5,6,2
"INTS9",1,8,39,2,28,8,3,15,4,19,6,16,9,4,24,30,3,71,19,2,7,5,17
"NAT1",2,4,42,5,48,2,4,28,9,6,4,13,10,2,17,46,3,42,13,1,9,14,16
"NCOA4P3",5,2,5,43,11,9,6,19,17,17,15,10,17,10,14,11,28,1,22,30,17,26,5
"QPRT",7,22,27,13,15,25,4,14,0,9,9,13,19,40,11,20,8,15,13,13,12,11,20
"TCL1A",0,30,22,4,50,6,15,3,65,21,15,9,11,6,16,14,1,24,10,0,7,6,5
"ZNF862",1,15,59,2,25,8,5,27,9,15,0,24,1,4,14,25,3,57,16,6,3,4,17
"ASGR2",0,17,57,6,41,5,1,11,0,33,0,3,9,0,50,40,4,30,23,1,4,1,3
"CBLN3",1,0,25,10,5,12,9,6,8,4,70,9,4,11,41,40,3,15,31,8,9,9,9
"GLI1",2,27,92,9,22,4,4,42,1,10,0,12,7,1,10,40,3,31,5,4,4,0,9
"MASTL",3,20,16,3,18,4,5,58,10,14,6,12,1,6,20,19,8,52,13,14,13,5,19
"PEX11B",4,8,38,7,32,3,2,20,6,10,6,24,13,4,22,22,13,45,27,5,7,8,13
"TATDN1",7,5,28,14,18,8,2,16,16,33,24,9,4,7,23,26,15,17,20,3,14,23,7
"TIRAP",0,18,57,4,41,6,3,21,5,15,4,12,4,1,17,33,6,57,8,3,7,5,12
"BTBD19",1,26,29,8,20,3,1,4,0,52,0,26,0,2,2,42,1,34,21,1,2,0,63
"MYB",0,14,49,5,15,4,1,23,18,8,9,10,4,1,23,45,31,15,16,16,10,9,12
"STON2",1,12,24,2,6,14,3,27,10,9,5,19,26,4,7,15,19,11,9,37,12,56,10
"ZZZ3",3,21,34,4,20,7,3,12,15,10,20,11,3,8,33,24,17,38,18,7,3,15,12
"AMN1",3,14,44,8,26,10,4,39,7,6,1,7,5,2,12,39,12,43,12,11,8,11,13
"CDCA7L",0,14,16,0,29,3,5,10,38,11,12,7,2,2,22,51,27,28,15,25,5,5,10
"CYSLTR2",0,33,52,7,15,8,2,11,1,21,2,27,1,4,22,32,7,64,4,0,7,5,12
"PLK1",8,10,10,6,14,7,3,47,27,21,17,7,5,17,12,16,35,11,19,19,8,11,7
"SLC43A3",2,8,43,8,35,4,4,24,9,20,5,4,3,7,29,27,11,49,15,7,8,2,13
"ZNF174",6,4,23,15,18,3,11,35,12,9,7,20,3,4,25,17,14,42,32,4,9,18,6
"FAM30A",3,38,20,1,17,14,7,17,57,2,19,10,2,17,17,20,3,24,15,5,10,3,15
"GATC",3,8,18,24,30,9,2,19,7,25,29,14,12,9,20,18,5,27,18,9,20,2,8
"ORC1",12,5,8,14,14,6,3,12,14,22,34,7,11,19,16,18,31,4,16,24,15,26,5
"SIAE",1,14,12,2,13,20,2,47,10,6,8,12,16,3,16,15,25,14,15,28,3,53,1
"SLC2A8",0,7,32,22,13,7,5,18,11,26,3,10,12,5,24,13,31,17,19,34,8,6,13
"ARPC1A",2,10,19,11,27,2,3,22,17,12,23,9,13,2,41,14,21,38,19,4,9,3,14
"FANCL",3,16,25,2,28,1,3,15,7,22,5,13,2,5,30,30,7,64,16,1,8,6,26
"PDE4A",1,15,20,2,26,9,1,9,5,26,7,2,6,24,44,40,3,30,23,2,4,4,32
"RRAS",0,10,40,1,35,9,3,28,9,18,1,13,17,2,38,19,9,35,9,9,1,23,6
"WDR43",0,19,29,2,18,2,1,6,35,20,15,12,6,12,39,22,3,59,10,4,6,9,6
"FCGR1CP",1,2,18,2,37,3,0,29,1,18,1,15,0,3,32,30,3,69,32,0,14,6,18
"MTRF1",1,18,25,5,27,7,5,30,14,11,19,14,6,6,25,32,5,46,16,4,1,6,11
"NDC1",6,8,28,15,6,9,11,18,15,12,19,3,4,9,26,37,11,18,31,21,14,7,6
"RHOF",2,5,15,10,22,8,2,52,17,15,19,18,16,6,11,33,12,25,22,3,9,2,10
"RPE",3,23,35,10,31,5,9,20,17,16,8,3,10,3,37,26,7,15,18,11,10,7,10
"SLC27A1",0,5,84,3,46,4,1,9,4,8,0,9,6,1,43,53,3,17,18,6,0,7,7
"SMG1P4",0,0,1,0,0,0,0,49,0,97,23,0,1,70,1,32,0,2,9,48,0,0,1
"SYNJ2",1,14,12,4,16,4,5,81,9,15,7,4,13,4,22,44,3,22,5,20,6,9,14
"GSTM2",0,53,25,3,19,4,0,5,5,21,2,22,2,16,10,47,2,47,11,3,3,13,20
"KIFC2",9,21,49,9,32,7,3,20,9,26,5,12,4,6,16,21,10,29,28,1,3,7,6
"MRPL1",10,9,21,10,16,8,2,29,19,57,5,10,13,15,22,14,6,9,21,5,17,9,6
"MTRR",0,14,25,1,31,2,4,10,28,22,13,5,10,5,43,42,8,27,18,3,10,4,8
"VASH1",0,10,97,2,33,5,3,34,7,23,1,10,10,3,14,11,1,13,26,4,5,9,11
"GFM2",5,8,28,6,17,5,4,33,12,14,26,7,7,3,25,22,24,33,7,12,5,13,15
"GFPT1",0,18,33,4,21,0,2,20,24,10,7,14,8,10,27,15,1,67,24,2,5,2,17
"IGHV4-39",1,36,29,0,21,6,1,9,36,2,27,2,0,11,32,14,3,3,52,2,4,4,36
"IGSF8",0,25,34,3,22,2,1,17,23,25,5,11,3,10,33,18,3,53,9,4,7,3,20
"MKKS",1,14,56,2,21,5,5,28,3,8,6,11,14,2,24,41,10,25,14,27,6,4,4
"PBLD",6,14,50,12,23,7,7,21,1,11,5,8,6,4,12,39,4,29,21,10,18,12,11
"TMEM243",0,16,47,2,24,5,0,20,11,16,2,8,2,3,23,30,1,62,31,1,3,3,21
"CHRM4",6,8,7,10,18,4,11,15,13,8,19,19,28,4,24,18,13,11,43,27,5,5,14
"DCPS",2,22,40,10,24,1,2,8,30,16,11,4,10,9,24,37,3,25,27,6,5,3,11
"KLHL20",7,4,40,4,22,10,3,17,30,8,32,4,12,14,16,25,13,21,13,6,9,12,8
"MTRFR",9,7,28,5,8,5,1,21,24,5,23,22,4,3,28,38,25,44,9,6,2,11,2
"NDC80",1,16,17,6,15,11,3,39,14,9,10,12,7,9,23,40,11,25,26,6,5,10,15
"SEC14L5",4,5,17,0,10,12,3,7,4,10,6,16,27,9,13,4,11,10,31,76,12,41,2
"SIDT1",3,22,22,1,16,9,0,11,36,14,9,17,7,8,26,35,10,7,14,11,8,20,24
"SNRPA1",1,22,27,2,25,8,6,2,16,22,9,13,5,12,28,28,13,36,22,6,0,8,19
"TBC1D7",1,25,44,11,17,4,2,10,8,33,6,25,10,2,8,17,14,56,15,2,2,7,11
"ASGR1",0,3,84,3,52,10,1,24,3,5,0,12,0,0,38,24,12,38,12,3,5,0,0
"CCDC13-AS2",1,6,33,3,39,2,2,31,3,37,0,19,4,0,24,33,12,41,15,12,2,1,9
"DCAKD",2,11,33,12,18,4,2,32,9,22,11,22,10,8,21,30,9,29,17,7,5,9,6
"HENMT1",0,19,46,1,25,7,3,17,4,23,1,3,5,8,35,36,13,31,19,5,3,10,15
"MTMR9",2,12,45,6,26,1,2,17,9,16,3,11,5,8,18,37,1,51,17,8,13,3,18
"NHP2",7,7,22,8,15,10,0,23,19,34,18,17,11,12,24,16,15,25,17,6,3,10,10
"PRKCZ",0,6,39,7,38,2,0,46,0,23,1,25,2,6,7,24,2,52,20,0,9,2,18
"TEC",2,15,23,12,12,3,0,19,21,4,58,24,4,4,15,24,10,28,12,6,2,22,9
"CEACAM21",0,31,36,3,23,6,3,13,11,16,1,5,6,4,3,66,18,34,13,3,10,10,13
"KRBOX5",3,9,44,5,22,1,5,21,6,10,18,5,5,2,27,48,9,31,21,8,5,13,10
"PCYOX1",0,15,36,0,32,2,1,41,8,10,1,1,1,7,33,47,17,46,13,9,3,2,3
"TAC3",1,0,141,8,0,2,2,42,0,3,0,90,4,0,1,8,2,11,7,0,1,1,4
"APOLD1",17,7,20,5,18,7,5,23,11,8,12,22,4,9,20,19,10,47,17,18,0,17,11
"CEP162",2,7,25,8,36,2,5,44,3,9,4,10,5,3,29,46,9,38,10,7,5,12,8
"HLA-DOA",0,15,29,17,23,1,8,5,51,18,17,9,12,14,20,15,3,33,14,0,4,7,12
"SPOCD1",0,1,32,6,5,4,1,36,6,9,4,40,19,4,7,2,21,6,18,53,15,31,7
"TMEM98",0,0,2,80,6,1,3,46,2,0,16,4,2,5,14,3,109,10,3,6,8,4,3
"TRIP6",0,15,57,3,28,0,2,19,7,19,5,13,5,4,16,42,21,25,22,4,1,4,15
"DBF4",9,17,13,11,9,17,4,31,20,23,8,22,3,10,8,31,21,14,10,10,15,8,12
"MAST2",0,13,45,4,28,3,4,21,6,20,11,7,4,12,26,40,6,23,23,7,0,7,16
"PIDD1",2,23,24,14,22,2,1,13,18,13,2,10,6,7,19,43,14,33,18,8,5,6,23
"CMTM1",0,12,54,6,38,2,6,33,3,13,0,8,4,0,39,23,6,37,17,0,6,1,17
"ITPA",9,19,41,3,24,9,4,4,14,16,16,12,11,6,23,26,12,30,20,3,8,10,5
"MAILR",0,9,34,0,27,2,2,33,3,26,0,15,1,3,19,40,12,66,7,1,10,1,14
"MRPL3",2,10,29,6,41,11,0,12,21,30,14,6,5,3,40,18,8,15,16,10,4,10,14
"PEX1",0,11,34,2,20,2,4,31,6,17,8,20,2,11,26,30,12,35,11,7,13,14,9
"RRP1B",1,15,42,0,28,6,2,18,34,7,7,2,5,5,42,35,2,27,13,5,11,6,12
"TARBP1",30,28,15,2,18,3,5,8,22,11,5,5,7,13,20,22,4,27,21,8,8,18,25
"ZBTB5",0,8,23,0,5,3,11,9,12,8,61,17,7,5,24,11,10,58,22,13,2,7,9
"ZNF468",0,8,37,5,49,2,3,35,8,16,6,5,2,4,18,48,7,42,2,1,5,7,15
"EXOSC8",1,22,34,5,20,0,1,31,25,10,4,13,1,11,27,38,3,19,24,7,3,6,19
"IGFALS",11,4,21,18,21,3,12,28,7,38,4,16,26,7,30,6,6,11,17,9,7,15,7
"MRFAP1L2",0,12,32,11,14,3,2,6,23,22,8,24,13,18,21,22,11,18,18,7,8,19,12
"NRAV",6,2,9,27,7,4,2,17,10,25,64,5,7,8,21,21,17,6,33,6,5,13,9
"RPS27AP16",13,17,12,7,30,4,1,29,17,16,9,13,3,6,20,17,25,19,15,14,7,20,10
"ARHGAP31",0,14,41,3,43,1,0,8,11,16,3,1,5,6,55,28,11,26,25,2,1,2,21
"CETN3",20,4,16,15,12,19,7,17,17,14,20,15,20,3,26,13,17,5,14,24,10,8,7
"KNSTRN",4,7,38,6,25,12,1,27,6,12,3,15,10,13,21,20,30,15,24,8,9,15,2
"MSANTD3",3,3,15,16,6,10,3,37,1,11,2,26,17,1,13,13,13,14,34,41,4,34,6
"PTPRS",0,32,33,6,27,5,1,18,11,17,1,18,2,11,27,24,2,11,15,5,5,20,32
"SLC35E4",0,3,17,5,24,6,10,95,0,17,10,10,5,4,28,12,6,37,14,4,1,4,11
"SOX12",2,9,35,5,19,3,4,24,27,9,19,20,13,6,9,28,12,21,16,8,2,16,16
"TAGLN",5,17,19,5,8,3,3,17,1,13,14,9,9,10,23,53,12,22,30,8,11,10,21
"TEX10",3,16,18,1,15,3,0,24,19,10,15,12,6,6,20,36,18,22,16,21,20,7,15
"CDC42",1,21,27,7,17,1,3,19,4,20,13,20,1,3,13,57,3,39,19,2,6,8,18
"DROSHA",0,20,20,5,18,8,3,21,16,7,9,1,2,12,28,53,4,33,23,4,7,14,14
"HCG11",0,14,59,0,36,7,5,22,6,2,5,10,5,4,23,32,1,46,11,5,3,15,11
"IFT25",1,21,23,3,21,7,6,14,8,20,7,9,4,10,23,27,17,48,18,2,6,9,18
"P2RY12",2,5,19,1,20,10,2,45,6,5,1,9,47,6,4,9,20,4,15,45,9,34,4
"POLR1H",7,3,27,9,35,5,3,29,6,6,2,20,8,4,12,56,12,26,21,4,5,7,15
"PTENP1",1,15,14,23,17,12,1,25,7,9,7,14,18,2,14,20,18,29,16,22,15,16,7
"SH2D2A",0,21,8,1,10,5,1,8,17,30,8,6,3,48,18,23,1,3,4,1,5,2,99
"UQCC4",7,18,17,9,15,7,4,15,26,25,14,22,2,6,15,27,14,30,16,10,11,5,7
"ABCA13",0,15,5,0,4,1,5,19,2,2,0,0,5,0,14,43,49,15,32,71,4,4,31
"GOLGA8A",0,25,17,4,7,0,1,5,13,10,4,4,3,15,30,71,4,14,56,3,4,4,27
"PICK1",0,14,24,4,32,4,4,47,13,5,2,26,3,6,19,25,2,63,11,1,2,4,10
"ZNF81",2,22,42,4,40,2,6,8,5,12,8,10,1,6,15,32,2,59,9,7,8,5,16
"B3GALNT2",2,16,26,14,10,2,1,21,20,13,11,12,26,9,29,26,8,25,17,10,3,16,3
"EPB41L4A",14,3,4,34,5,0,2,18,13,49,5,5,15,6,3,18,5,16,12,18,8,63,4
"GPATCH1",2,11,49,2,36,0,4,21,8,11,4,10,3,3,31,52,4,37,18,2,5,1,6
"KAT2A",0,21,33,9,23,5,2,17,20,14,5,16,3,10,32,45,6,17,6,6,6,6,18
"MFSD13A",1,19,34,2,57,7,3,35,2,13,1,1,1,2,20,7,12,50,29,7,1,9,7
"RBM28",0,19,37,3,36,1,8,30,9,9,2,6,3,10,18,42,4,45,19,1,9,2,7
"TARBP2",7,7,23,12,21,3,5,3,19,27,3,11,7,11,27,23,22,37,16,15,6,7,8
"CSNK1E",3,25,37,1,31,2,2,19,9,14,10,20,9,8,19,27,1,29,23,4,3,3,20
"ISYNA1",1,32,28,11,12,8,0,22,9,22,2,23,13,8,14,29,8,30,9,4,2,3,29
"JAG1",2,14,29,6,10,3,2,18,0,8,0,13,3,9,20,35,7,112,13,6,1,1,7
"FOXRED1",0,21,38,2,28,5,4,20,21,15,2,14,2,4,14,29,7,33,20,2,2,3,32
"PLD1",6,12,25,3,32,3,4,35,1,5,8,19,1,0,24,30,13,40,9,16,12,12,8
"GSTA1",26,1,4,4,3,22,0,17,7,84,0,17,15,15,15,6,16,7,8,21,20,7,2
"HSD17B12",1,12,40,4,43,2,0,26,1,15,4,16,3,0,28,23,11,38,13,9,5,6,17
"IL7R",2,8,9,9,15,6,0,9,102,11,8,5,2,0,21,9,3,57,10,3,4,12,12
"ITK",0,21,21,3,11,5,0,10,27,23,4,4,4,41,23,27,2,12,17,0,2,2,58
"SCO2",1,27,46,7,32,0,5,20,3,12,0,31,0,0,22,36,7,31,9,0,8,1,19
"ANKRD46",8,5,22,13,10,9,13,12,18,9,19,16,6,10,30,16,17,17,27,18,7,8,6
"CTU1",0,7,32,16,22,6,4,31,6,9,3,14,10,4,26,33,19,27,19,15,10,3,0
"GUCY1A1",1,5,3,0,12,15,1,46,2,18,3,13,2,3,19,28,11,11,24,29,11,42,17
"LCAT",1,18,37,6,49,1,2,26,4,13,0,17,1,3,15,45,5,35,11,1,8,3,15
"SLC24A1",4,7,16,7,7,3,8,4,16,10,106,5,13,13,19,13,2,8,20,9,3,14,9
"SMARCAD1",2,19,26,6,21,5,2,8,30,26,21,2,3,14,17,22,12,13,23,8,4,18,14
"ZBTB49",1,9,22,7,31,2,2,22,1,18,4,18,1,1,24,23,6,55,18,3,8,9,31
"ATP10A",0,24,29,4,18,6,2,3,10,33,4,7,6,25,26,43,0,18,10,2,9,10,26
"EEF2K",4,15,46,9,25,9,1,8,8,18,0,5,7,4,28,17,15,32,17,11,7,13,16
"KDSR",0,12,30,0,50,4,1,13,10,22,4,8,6,2,16,54,4,50,12,5,4,5,3
"NAXD",3,14,38,3,29,7,4,9,17,21,18,9,5,5,17,34,6,18,34,5,2,5,12
"STK39",3,16,29,8,11,4,2,12,29,23,3,4,2,15,30,25,3,35,6,10,11,15,19
"WDR25",8,7,15,16,28,8,5,12,16,8,5,15,12,4,22,16,14,25,19,13,21,15,11
"BATF",0,10,26,2,30,3,3,35,6,10,3,13,2,1,28,29,12,59,19,4,7,3,9
"CD101",0,14,53,7,38,4,3,13,8,19,1,19,3,0,34,32,6,32,15,2,4,2,5
"DNAAF11",0,2,37,7,28,3,0,8,0,9,0,16,2,2,5,83,1,39,29,0,5,2,36
"HEATR1",1,12,19,3,27,4,5,21,26,11,14,6,9,8,32,37,2,20,15,7,4,16,15
"MTMR11",0,9,54,0,53,5,2,14,1,23,7,1,7,0,36,31,5,32,18,0,4,3,9
"PARD6A",4,4,20,15,27,2,2,37,2,25,4,17,15,1,13,24,18,32,8,5,13,12,14
"RB1-DT",6,7,30,16,14,11,5,17,35,10,20,4,16,14,18,12,20,12,15,1,4,25,2
"SMAGP",6,14,19,30,14,8,6,17,11,21,19,9,9,8,13,26,17,12,23,4,10,12,6
"TMEM234",0,15,27,8,43,7,4,31,4,19,3,25,3,4,16,27,5,38,5,6,4,0,20
"TPPP3",3,2,40,0,11,7,6,4,1,78,1,10,7,2,51,36,1,24,11,3,2,1,13
"ZNF296",0,19,22,2,19,3,3,14,5,33,13,20,1,2,13,34,6,70,11,6,2,1,15
"CYLD-AS1",1,28,40,5,27,1,3,19,4,10,0,10,4,0,19,35,5,44,17,3,7,1,30
"ITGAV",0,15,41,1,38,5,7,13,2,5,0,8,4,2,28,51,6,54,13,1,7,2,10
"KIF15",3,11,16,23,3,12,2,25,10,22,8,4,3,9,16,21,18,18,33,16,7,22,11
"NXT1",3,22,15,0,22,5,5,12,2,30,11,22,3,5,9,38,5,62,17,7,1,5,12
"PAX5",3,22,12,3,39,2,15,1,82,16,47,1,1,14,11,1,3,16,9,0,2,3,10
"SLC26A8",1,12,26,8,18,4,4,27,2,15,0,17,0,2,9,32,3,57,39,4,9,13,11
"TAMALIN",0,62,1,0,1,1,2,1,8,32,2,15,0,82,12,2,0,50,7,0,1,0,34
"THRB-AS2",3,0,24,4,10,12,2,24,6,9,1,43,37,0,9,5,16,10,24,28,15,12,19
"TNFAIP8L1",2,6,31,4,17,8,4,22,8,20,11,15,12,4,12,22,11,37,13,6,9,24,15
"ZNF236",1,8,37,9,32,1,1,17,13,17,0,7,2,3,27,33,2,57,15,5,10,5,11
"ABHD10",4,18,48,4,21,3,4,19,4,7,9,9,2,3,37,28,17,32,13,13,2,2,13
"LANCL1",0,17,24,5,27,6,5,18,22,13,19,5,5,4,30,33,8,24,13,9,5,3,17
"RABEP2",0,16,33,1,20,1,1,14,27,13,5,10,3,8,22,26,9,54,17,7,4,4,17
"RALGAPA1",4,16,33,7,18,4,3,14,12,17,10,6,12,5,12,37,1,24,21,2,12,16,26
"SUDS3P1",3,6,8,28,18,2,2,20,3,11,3,16,21,13,25,23,17,14,28,24,12,9,6
"DHRS3",3,11,14,0,3,7,2,43,5,21,0,14,16,17,26,26,6,16,8,25,9,19,20
"ENTPD7",1,17,19,1,9,5,4,19,20,9,17,10,4,10,25,24,7,63,14,15,2,9,7
"FOSL1",2,5,4,0,9,7,9,5,3,34,2,13,4,11,18,21,3,118,9,10,7,4,13
"LOXHD1",1,17,32,5,14,6,3,17,5,12,0,34,1,0,10,59,10,35,19,4,2,9,16
"LRCH1",1,17,28,1,31,4,4,15,23,13,5,9,0,5,31,34,2,52,13,8,2,7,6
"PEA15-AS1",12,6,15,14,6,3,6,6,18,16,39,12,5,24,5,14,17,9,24,16,11,27,6
"PIAS3",3,9,44,7,24,1,3,21,16,13,3,3,4,6,21,30,7,42,30,1,6,7,10
"PRMT5",3,8,13,10,13,3,4,23,19,12,18,3,15,10,21,33,9,15,36,16,7,9,11
"RMRP",0,8,0,1,2,0,0,1,0,2,2,0,0,4,242,3,3,9,3,0,0,0,31
"SMG8",2,5,40,2,21,5,0,35,6,14,11,8,4,2,33,27,7,41,8,13,12,6,9
"CEP83",1,28,12,17,5,9,6,26,6,11,17,18,13,12,20,20,22,17,23,5,7,2,13
"MEIS1",1,8,54,2,4,16,5,7,3,12,6,25,13,10,6,8,14,8,12,21,12,52,11
"PARP15",1,52,13,1,20,2,2,12,23,23,9,1,1,28,14,51,0,13,16,1,0,1,26
"SYNGR1",6,8,13,3,5,3,7,17,8,21,2,11,10,10,19,39,28,21,28,23,1,4,23
"TBCCD1",9,7,24,10,22,8,0,21,11,12,19,23,12,5,9,21,13,25,14,20,10,10,5
"VAT1L",18,3,11,75,0,1,10,0,2,5,16,2,3,40,32,2,16,2,11,43,12,3,3
"WDR62",5,5,9,25,5,6,4,51,17,24,7,12,21,3,25,27,10,7,18,12,2,12,3
"ZNF79",6,9,27,12,22,7,3,24,5,23,11,13,11,4,17,21,11,25,13,13,13,15,5
"ABHD11",1,16,46,9,40,2,2,32,2,8,0,12,8,1,13,20,11,44,23,3,5,4,7
"ABRAXAS1",7,8,23,16,16,6,8,31,5,16,9,14,7,3,20,22,15,30,14,7,10,8,14
"CROCC",0,17,49,13,28,5,0,13,12,5,11,8,1,4,25,37,10,25,20,2,0,10,14
"FNIP2",0,15,31,7,24,4,3,9,8,8,8,26,8,0,34,26,10,35,22,8,8,5,10
"GPBAR1",4,8,54,3,44,3,2,14,6,18,1,6,6,0,40,35,3,37,15,0,5,1,4
"IGLV5-45",0,2,2,0,7,0,1,0,27,3,8,0,0,1,2,5,0,3,243,0,1,0,4
"PPRC1",2,15,37,6,11,1,2,12,25,22,11,4,5,10,27,14,8,47,24,5,3,6,12
"SLC27A4",0,16,41,0,36,10,6,17,12,20,2,8,8,4,27,25,10,23,22,13,2,4,3
"STARD8",2,4,47,4,13,3,2,18,3,17,11,10,7,2,25,11,10,56,17,17,0,13,17
"TRIAP1",3,24,25,5,26,6,6,18,14,10,37,18,10,7,11,20,14,16,12,4,8,3,12
"TTLL11",2,3,16,11,7,3,5,40,5,31,11,0,4,4,82,16,9,12,31,4,2,9,2
"UQCRHL",3,12,12,12,14,6,12,15,4,20,2,11,13,8,24,21,22,14,25,27,12,11,9
"USP35",1,15,23,0,38,3,7,31,0,19,0,11,5,4,13,65,4,23,24,1,5,1,16
"USP53",3,8,22,4,11,3,2,16,37,13,29,24,7,5,20,15,26,16,19,14,4,5,6
"EDC3",2,9,27,4,21,6,1,11,25,12,27,1,13,11,25,27,11,18,18,5,6,20,8
"EIF4A1",1,28,20,2,25,2,3,21,1,12,1,11,3,7,5,69,4,26,39,4,0,0,24
"FCRL3",3,35,19,1,12,0,2,3,49,22,32,0,4,18,21,41,0,7,3,1,6,16,13
"GPN3",3,7,31,5,30,10,5,19,8,11,2,6,21,6,30,45,10,31,14,3,2,3,6
"MRPL45",5,10,20,4,41,3,2,14,15,21,19,10,5,7,32,18,22,14,15,8,9,5,9
"PLD2",0,17,40,7,29,3,6,13,3,20,0,2,5,1,29,41,2,39,22,0,4,4,21
"SAXO5",6,1,15,30,9,4,3,12,15,9,9,17,14,16,15,14,16,6,14,12,28,22,21
"SPEN-AS1",2,4,33,7,19,3,1,18,3,24,7,20,2,1,20,19,17,47,24,11,0,3,23
"TNFRSF9",0,18,17,3,46,9,3,34,1,21,0,2,0,0,28,40,2,49,27,1,3,2,2
"ACAD9",3,8,34,7,33,2,2,18,13,20,11,5,9,5,31,28,10,28,9,9,1,6,15
"IGFBP7",0,23,37,1,13,6,1,16,3,38,9,9,5,11,20,25,4,37,20,5,6,7,11
"KIAA0319",2,21,22,10,24,5,4,33,5,15,2,16,4,0,8,42,5,55,8,5,1,3,17
"NPPA",99,11,3,31,29,0,0,8,16,7,0,1,0,1,51,4,0,0,41,2,1,0,2
"TLCD2",0,3,17,4,24,10,2,12,16,29,11,6,18,14,9,5,1,27,42,6,1,5,45
"TRHDE-AS1",8,3,4,14,7,1,3,32,1,12,30,3,0,4,1,49,53,0,65,12,0,5,0
"ACADSB",2,5,57,3,20,5,4,28,7,8,4,9,2,6,8,33,16,40,22,3,4,4,16
"C2orf76",2,10,39,3,34,5,4,24,9,24,3,8,10,4,18,17,10,55,4,2,5,9,7
"CDADC1",1,20,17,0,15,4,0,15,3,34,7,29,2,2,11,17,4,76,11,1,2,5,30
"EGFL7",0,5,25,3,7,8,6,20,5,12,4,27,20,12,7,6,34,13,28,23,2,32,7
"ENOX2",4,5,39,6,21,6,2,13,9,19,9,8,4,13,25,25,9,18,30,15,9,7,10
"FGFR4",17,0,9,5,19,7,22,14,8,12,9,15,4,7,17,19,34,9,20,42,6,11,0
"FTH1P11",7,16,9,21,13,4,2,55,16,12,7,19,3,5,14,5,33,20,5,14,5,16,5
"FTH1P16",1,17,8,7,4,13,0,39,19,9,20,16,12,15,10,21,31,14,6,13,5,9,17
"MARVELD1",0,11,60,0,16,8,1,19,1,23,3,6,3,0,31,49,6,34,19,4,7,2,3
"NDUFB5",8,27,31,3,26,5,1,16,16,18,9,9,3,6,17,26,6,36,17,2,1,5,18
"POLD1",3,13,28,12,18,7,2,22,20,18,6,6,2,5,37,23,17,25,14,14,1,5,8
"STMN3",0,18,55,7,10,7,4,20,20,12,4,23,5,3,21,24,6,25,10,5,4,4,19
"TMEM128",1,9,32,2,37,1,2,27,11,18,10,10,11,2,18,31,12,35,15,0,2,8,12
"ZNF180",1,6,61,3,23,7,4,21,6,21,0,15,5,2,19,41,2,32,18,1,3,2,13
"CLCC1",2,7,38,17,17,7,2,14,28,6,24,9,8,5,24,15,4,26,14,3,15,15,5
"NPIPB11",5,5,16,23,16,30,2,5,3,12,11,7,15,37,12,22,4,11,21,11,4,25,8
"PRKY",0,51,1,10,37,0,3,0,9,29,0,27,0,0,48,55,0,0,23,5,7,0,0
"PSMD9",9,3,18,10,12,8,10,18,11,18,31,7,12,3,24,21,14,10,26,15,9,10,6
"RAC1P2",2,12,7,8,35,14,4,15,13,7,2,17,8,4,13,20,26,20,21,27,15,7,8
"STK36",2,10,47,9,25,2,4,13,9,16,3,8,0,6,25,43,8,32,17,9,10,2,5
"WDR75",1,15,35,5,24,2,6,14,23,15,14,3,6,6,29,40,2,23,9,8,8,5,12
"ACACA",3,9,30,9,8,3,1,7,15,18,12,6,10,13,36,49,8,10,17,12,4,10,14
"ACTA2",6,8,14,11,4,21,10,4,19,21,5,13,7,3,10,34,5,13,3,38,12,20,23
"AFG3L1P",0,24,40,10,5,4,3,21,16,20,10,6,0,10,11,35,2,36,11,4,6,12,18
"NCKAP1",2,14,11,1,8,7,3,36,1,7,0,15,26,1,22,13,23,15,16,39,2,30,12
"SLC9A7",0,13,32,3,26,2,2,14,34,7,6,9,2,5,25,36,1,40,16,1,3,3,24
"SMTNL1",0,2,16,1,15,0,5,11,0,2,3,19,3,3,5,45,2,27,1,1,8,34,101
"AIMP2",4,3,20,15,15,2,4,18,17,16,41,14,12,17,24,15,7,9,9,7,14,12,8
"DPY19L1P1",6,12,18,45,8,1,7,23,3,16,4,3,6,15,12,17,11,9,32,24,14,13,4
"EEA1",1,24,33,8,30,1,2,19,15,11,2,2,2,3,14,37,3,51,15,9,5,5,11
"FCGR1BP",0,6,26,4,23,3,4,22,0,10,0,17,0,4,18,39,3,85,20,2,3,4,10
"GLCE",3,12,21,8,20,16,6,29,7,16,12,14,15,0,21,17,23,12,22,4,10,9,6
"LY6G5C",1,7,48,3,16,9,2,5,2,17,5,32,10,3,14,8,18,14,32,25,7,12,13
"PPP3CB-AS1",3,1,31,18,16,8,8,15,8,11,22,13,7,9,14,23,15,17,19,6,8,27,4
"SMIM15",5,14,30,7,39,1,1,17,9,21,4,2,2,7,22,26,6,41,14,7,5,14,9
"ZBTB24",0,17,34,2,23,10,1,16,10,6,2,12,10,6,12,43,2,61,14,3,3,5,11
"ACOT7",3,12,7,6,8,9,1,25,18,10,4,25,20,4,28,17,19,9,17,32,2,21,5
"ATG101",1,8,15,5,18,13,3,25,3,13,10,8,8,2,35,40,6,45,10,4,17,4,9
"BAD",3,8,20,12,29,4,4,30,3,17,8,20,4,7,24,12,16,26,13,8,15,4,15
"CACNA1I",5,6,27,29,8,10,3,26,9,8,2,12,20,19,12,43,10,14,20,1,13,3,2
"GTF3C3",1,12,25,7,12,11,2,20,11,7,9,4,7,11,28,33,14,9,26,20,10,11,12
"KIFC1",4,11,8,16,8,15,3,5,40,31,28,5,4,11,15,13,25,3,14,12,6,21,4
"KLF12",0,30,16,6,15,7,4,5,23,20,4,2,1,14,27,55,0,15,9,4,6,6,33
"METTL16",3,7,24,4,30,5,3,11,16,20,24,11,2,4,24,28,7,39,16,2,2,6,14
"MSANTD7",0,10,39,13,24,2,7,30,5,9,4,16,3,6,21,21,6,50,11,8,9,3,5
"NUP155",0,11,39,4,27,9,0,13,11,13,4,8,5,2,44,34,3,38,6,1,8,4,18
"POLR3GL",0,23,26,9,23,8,2,29,4,20,2,16,1,3,20,27,4,44,12,5,12,3,9
"RNASEH1",0,20,23,2,25,3,4,19,15,22,5,13,12,7,18,30,7,45,11,6,1,1,13
"TRIB3",5,15,8,9,9,3,3,18,4,13,2,10,10,3,18,22,16,77,38,5,3,3,8
"C6orf136",0,13,29,6,18,3,5,16,7,13,0,24,2,2,15,39,3,58,15,3,5,5,20
"CPT2",0,4,49,2,40,4,2,15,8,10,4,11,9,0,30,31,0,49,16,1,3,3,10
"HDDC2",8,10,9,8,12,7,7,17,24,26,5,9,3,13,21,35,10,12,25,5,5,15,15
"MYH11",0,21,20,10,5,5,4,16,6,18,3,24,0,3,10,37,5,51,33,4,8,3,15
"NOD1",1,11,17,5,16,4,8,25,1,12,7,9,10,4,23,49,1,57,6,3,6,12,14
"PYROXD1",16,8,23,3,7,5,10,24,5,32,14,8,3,7,13,30,12,22,17,5,6,14,17
"SHLD2",0,19,29,5,21,2,6,3,15,23,2,14,1,4,21,25,4,50,20,5,7,9,16
"CDAN1",0,15,43,5,23,4,3,19,2,10,1,16,5,5,21,33,14,47,9,8,2,5,10
"COX14",12,16,19,11,15,5,2,17,3,35,2,20,7,4,21,12,14,50,10,2,3,6,14
"ENOPH1",0,18,21,3,19,6,5,23,22,24,7,9,9,4,33,32,4,15,14,8,5,9,10
"FAM20C",0,11,43,2,30,1,1,11,3,38,0,5,4,0,51,12,4,46,20,3,0,0,15
"FBXO34-AS1",3,9,19,2,5,5,1,24,25,5,70,9,6,2,4,15,5,8,24,11,12,20,16
"MAGED1",0,19,12,0,21,7,5,5,54,22,5,13,0,14,21,35,3,23,8,5,1,3,24
"MYT1",10,2,23,4,13,3,7,22,55,10,25,8,5,17,8,20,8,7,23,4,1,15,10
"NCF1B",0,10,47,13,30,0,0,39,0,16,0,14,6,1,15,19,4,31,20,4,3,0,28
"NECTIN2",10,9,13,8,14,4,2,18,2,15,3,24,2,4,18,26,5,57,28,1,18,5,14
"SLC25A30",1,11,32,2,12,8,0,19,13,12,9,8,13,5,23,22,14,50,14,15,4,6,7
"TRMT5",10,10,8,9,13,6,4,14,23,11,56,3,16,5,19,18,12,13,13,16,10,7,4
"ANKRD50",0,20,43,5,24,3,5,19,4,13,2,10,0,2,29,37,4,40,19,7,3,2,8
"ENO3",0,10,27,8,26,5,4,16,2,46,0,13,2,3,17,27,7,30,24,7,7,0,18
"ERLN",9,4,21,17,22,7,5,10,16,14,11,3,12,12,14,16,18,22,36,9,2,12,7
"FAM136A",0,26,38,2,24,1,2,17,16,24,4,12,5,6,14,22,4,37,16,8,2,2,17
"IGHG4",2,11,5,1,3,0,2,0,98,1,3,0,1,59,16,23,0,0,21,1,0,30,22
"PRANCR",13,11,18,13,8,1,3,19,21,10,42,11,14,8,5,22,15,10,16,11,7,15,6
"ZNF784",0,9,25,5,15,3,0,6,10,14,4,34,13,5,18,11,6,63,25,9,5,6,13
"BMI1",0,24,20,12,35,3,3,16,11,16,5,11,9,3,26,27,8,28,22,6,4,3,6
"COG2",9,5,28,5,18,10,2,13,10,15,14,3,12,9,36,24,4,15,22,14,7,8,15
"COMMD7",3,16,19,3,13,6,8,20,9,22,0,9,11,8,27,21,14,33,18,20,1,5,12
"GDPD3",0,11,66,17,22,1,4,24,0,18,0,9,0,0,11,51,0,27,20,0,3,4,10
"PLCG1-AS1",6,18,8,9,7,8,0,12,21,20,12,24,8,7,31,15,14,13,38,11,2,4,10
"PPL",2,17,38,10,20,2,3,17,2,11,0,8,2,2,9,101,2,23,10,0,2,5,12
"PSRC1",0,22,51,3,36,4,0,31,1,9,0,15,2,0,12,35,2,44,16,3,2,3,7
"SIGLEC8",4,9,74,17,23,3,0,1,0,7,0,8,3,0,61,27,8,28,11,0,11,3,0
"SOCS2",11,21,15,8,12,7,9,13,9,23,2,7,9,14,17,10,11,21,7,20,14,14,24
"SPNS3",0,21,35,15,24,7,3,9,1,13,1,18,1,1,28,20,13,53,10,6,11,2,6
"ADCK1",1,7,10,11,14,50,4,19,3,8,12,9,5,12,15,10,20,15,38,18,9,3,4
"AHDC1",2,16,36,6,32,2,0,22,14,5,4,17,1,10,21,33,4,37,9,4,4,7,11
"IFT88",2,11,24,2,23,8,4,28,6,17,5,13,1,1,25,46,0,44,7,2,7,1,20
"LAPTM4B",0,9,14,0,14,8,0,42,9,19,7,10,9,4,14,11,11,26,11,22,9,43,5
"MARCHF9",2,12,25,5,27,3,9,17,22,10,13,18,12,6,31,20,7,12,13,12,2,8,11
"SAP30L-AS1",2,9,17,32,16,8,2,14,9,6,38,12,3,17,18,8,11,20,12,7,11,16,9
"TXNDC5",3,17,22,6,35,7,0,6,99,7,8,2,0,6,18,11,1,6,13,1,5,12,12
"H2BC8",13,5,20,7,3,13,3,43,9,4,16,23,22,3,4,22,15,3,7,25,7,24,5
"MTR",2,16,32,3,17,10,0,11,30,10,5,5,9,4,20,25,6,24,24,7,5,16,15
"STN1",0,7,36,3,27,3,0,27,3,20,0,15,7,0,14,34,3,56,11,4,6,4,16
"TAF4B",3,17,13,2,17,4,7,15,17,14,24,13,12,10,6,17,13,7,16,19,8,32,10
"TMEM229B",3,14,32,3,16,6,3,13,16,14,2,7,4,4,33,38,4,23,21,5,16,6,13
"ANKRD42",2,15,28,3,15,4,6,15,8,19,20,18,2,8,14,14,6,42,16,13,4,2,21
"C1orf35",0,28,31,1,25,5,3,18,14,15,3,8,3,4,19,27,12,41,13,0,4,4,17
"LETM2",1,16,42,4,30,9,2,27,0,20,3,8,6,2,17,46,18,9,12,1,2,10,10
"LINC00926",0,37,18,4,16,2,7,8,70,19,27,4,0,17,8,10,2,21,12,0,0,3,10
"MCAT",1,13,36,2,15,2,4,14,22,32,11,6,1,2,9,6,6,77,15,0,2,2,17
"TMEM120B",5,13,19,15,10,9,1,17,14,22,19,13,18,11,14,19,7,20,26,1,5,4,13
"ABHD15",0,19,21,7,22,1,2,4,9,18,4,13,1,26,28,27,7,17,7,3,9,12,37
"APLF",9,14,8,23,9,14,5,18,6,12,15,16,21,2,12,20,13,13,17,14,11,17,5
"CTSF",4,9,12,16,11,3,3,31,40,9,16,7,12,7,28,18,13,14,19,6,6,7,3
"GNB5",0,4,11,1,8,9,1,40,8,11,17,24,24,6,10,7,28,15,27,21,4,12,6
"IQSEC2",0,13,63,4,59,5,1,16,1,21,0,7,5,2,20,26,2,29,12,0,5,1,2
"NCAPG2",4,14,17,12,18,14,8,21,12,12,4,8,8,8,17,28,17,19,13,16,3,12,9
"POLR3D",0,15,28,14,16,8,1,14,17,16,7,7,7,6,30,46,7,11,12,6,11,5,10
"RBM38-AS1",5,4,18,12,12,3,3,39,21,13,17,8,21,4,3,25,9,14,24,8,9,16,6
"CCNQ",0,5,37,8,21,4,2,18,9,21,4,17,2,3,45,17,2,32,15,1,11,2,17
"CRYL1",1,3,34,1,13,10,1,20,0,20,1,10,25,12,22,17,7,23,23,15,8,14,13
"CTXN1",1,1,15,39,12,4,7,14,6,13,0,18,15,3,35,5,31,11,31,3,15,12,2
"FBXO45",1,7,34,4,20,5,2,18,11,9,1,8,2,4,24,29,9,56,16,12,5,4,12
"FOXP1-DT",9,2,22,3,20,5,3,11,24,12,82,11,2,0,18,11,12,1,19,11,1,9,5
"GSTM4",0,25,13,0,20,6,1,5,5,11,1,21,2,3,15,50,24,37,22,9,7,13,3
"IMPACT",0,11,35,6,41,8,0,18,6,4,3,5,1,2,26,41,7,45,17,4,6,3,4
"KIF20B",5,19,9,6,13,13,1,11,27,19,8,2,3,10,24,36,13,13,9,13,10,17,12
"MAPKAPK5-AS1",0,22,45,1,28,2,3,11,10,19,7,12,3,9,17,22,7,47,13,4,1,1,9
"NUDT15",3,10,9,2,21,0,6,22,22,20,43,5,17,8,14,12,9,12,33,8,3,7,7
"PCYOX1L",0,15,53,2,33,1,2,21,7,6,2,6,8,6,22,45,4,20,11,6,5,11,7
"RHPN1",0,8,21,3,3,3,1,56,6,4,1,23,0,2,33,15,8,41,26,3,24,1,11
"RPL41P2",9,11,6,22,11,11,2,35,17,20,15,17,16,1,9,12,29,3,10,5,10,14,8
"TRIM35",0,9,41,0,26,3,4,25,8,13,0,14,6,0,22,39,10,18,20,18,1,10,6
"TRPS1",1,22,38,0,37,2,6,16,1,9,8,8,5,2,39,31,1,29,16,0,5,4,13
"ZBTB16",1,17,18,1,8,4,1,12,10,10,0,13,10,30,25,43,1,41,9,12,3,6,18
"CHCHD4",4,8,28,23,15,7,0,9,26,7,10,24,8,6,22,24,6,11,27,8,4,11,4
"ITFG2",2,13,28,15,23,0,4,6,13,14,16,12,4,8,14,34,12,30,10,7,12,7,8
"PDCD7",2,13,32,4,18,2,4,14,18,12,9,9,3,3,35,24,7,32,24,6,8,4,9
"PIGBOS1",3,10,41,7,36,3,0,23,6,29,3,6,1,1,13,42,8,30,19,0,5,1,5
"SLC26A2",1,9,21,3,24,8,1,15,15,6,43,5,15,4,23,35,6,18,12,4,8,9,7
"SMAD5",1,19,33,4,23,5,2,8,13,9,2,5,8,3,42,42,7,29,8,13,1,6,9
"ZNF254",1,14,34,13,14,3,0,14,6,13,11,11,12,4,12,14,4,42,19,13,12,6,20
"ACP2",1,10,30,5,34,6,1,17,17,5,5,11,5,11,21,31,7,33,9,3,5,18,6
"CLUAP1",11,5,2,19,4,1,7,2,23,13,11,11,30,3,25,16,30,5,27,18,10,10,8
"CMC1",7,31,11,3,25,9,4,22,7,29,2,10,3,5,20,33,6,12,11,5,6,4,26
"CYB5D2",5,4,20,10,11,9,6,39,5,11,13,11,11,6,15,21,14,29,12,10,8,10,11
"LUZP1",0,27,39,2,23,3,2,5,13,23,0,5,2,8,22,24,5,43,17,5,3,6,14
"PDSS2",6,5,16,6,13,13,4,16,18,18,19,12,9,9,16,21,6,35,19,5,3,11,11
"PRMT7",2,25,26,3,12,0,3,22,20,14,1,11,2,5,30,29,5,23,23,13,3,5,14
"RBMX2",0,12,25,5,41,3,6,20,6,5,4,5,4,4,26,38,11,36,13,8,5,2,12
"SFXN1",1,13,21,5,18,3,1,17,39,12,5,4,3,4,44,22,6,15,11,9,14,6,18
"TAF5",2,8,21,6,20,1,2,9,17,11,21,22,4,3,22,14,3,66,9,11,6,6,7
"IFITM3-AS1",2,16,54,4,6,10,3,22,0,19,2,9,4,2,27,19,10,38,13,0,10,3,17
"IFT56",1,1,9,3,8,4,2,20,9,5,14,9,3,7,25,26,11,74,18,6,25,5,5
"INTS14",2,16,10,1,17,16,6,8,15,15,23,2,13,4,27,21,10,36,10,7,13,6,12
"MICB-DT",0,13,40,0,23,1,6,20,1,5,1,10,4,2,25,38,9,50,9,3,5,5,20
"MPHOSPH9",2,29,26,6,8,3,4,11,12,24,12,8,5,8,22,34,4,21,14,10,8,13,6
"NAGLU",1,17,35,2,37,6,1,9,8,8,9,27,0,4,18,28,14,26,12,6,3,2,17
"NBDY",12,3,17,6,17,9,9,17,10,21,5,8,2,9,16,31,29,22,11,14,3,12,7
"ZNF383",1,7,24,9,26,6,0,21,9,11,9,11,7,5,22,20,24,18,24,7,7,9,13
"ZSWIM7",2,15,27,6,16,6,6,26,12,23,8,2,15,10,17,17,11,33,11,12,4,6,5
"CDCA4",5,8,16,0,11,9,4,12,17,22,4,17,6,7,16,22,11,61,18,7,1,7,8
"FADS1",0,12,32,2,18,3,1,12,9,34,2,3,7,3,28,50,1,30,16,8,0,5,13
"GATB",10,12,23,14,8,14,3,24,8,24,10,7,15,17,19,15,12,12,2,11,15,11,3
"HMG20A",2,9,34,5,30,9,1,15,22,1,8,3,2,10,24,43,3,26,7,7,8,7,13
"KCNK1",1,0,3,17,1,5,0,44,3,7,2,23,8,10,56,3,0,5,26,73,1,0,1
"RASGRP1",2,38,19,3,16,3,3,6,37,11,12,6,0,20,32,29,0,16,9,0,0,2,25
"RBMS2",0,15,35,0,65,3,2,15,1,18,4,3,8,0,22,29,1,25,34,1,3,1,4
"TAF9B",1,15,34,1,20,8,1,26,3,29,1,14,4,5,7,36,4,39,13,3,3,2,20
"ADA",1,14,25,5,17,6,4,1,26,34,3,9,2,14,32,29,6,13,6,6,4,4,27
"BAHCC1",0,24,42,2,28,5,2,17,2,16,0,4,2,3,29,35,7,29,16,6,4,4,11
"CPEB3",2,13,44,3,20,2,3,12,5,15,2,29,7,0,23,15,3,30,17,5,14,3,21
"DDX19B",9,4,19,2,8,8,1,20,1,24,4,8,7,11,36,28,14,31,15,2,12,9,15
"DOCK8-AS1",0,9,37,3,21,2,0,22,0,15,0,16,3,3,20,43,5,46,16,2,6,4,15
"SNAP47",7,9,24,4,22,5,5,12,19,16,11,10,4,5,27,31,24,16,14,7,4,2,10
"B4GALT4",0,18,13,7,10,6,1,15,20,13,46,8,6,3,20,10,10,32,15,2,13,10,9
"CCDC34",9,3,5,21,5,5,6,18,6,16,4,8,16,12,24,29,14,3,28,23,9,13,10
"CRACDL",0,8,28,9,19,15,5,23,2,12,0,6,1,1,39,43,8,36,18,3,3,7,1
"IQCB1",1,7,27,1,17,3,2,12,16,9,5,19,0,11,21,30,9,44,16,4,5,5,23
"NOMO3",2,9,50,5,38,3,0,11,3,9,14,5,5,3,25,44,3,9,5,3,13,22,6
"PUS7L",1,14,52,3,29,2,2,17,11,1,8,6,1,2,17,27,3,42,14,8,5,6,16
"SRD5A1",0,16,42,4,19,4,3,11,12,12,3,11,4,6,41,35,5,23,17,4,2,6,7
"ZDHHC16",0,9,25,9,19,5,5,28,20,26,10,6,5,3,23,24,22,14,21,5,2,5,1
"ZNF623",0,10,38,9,18,4,0,22,11,12,8,4,4,1,19,51,2,29,18,6,12,6,3
"MRPS11",6,10,29,4,33,4,4,17,9,18,3,6,5,11,18,37,4,37,9,3,6,4,9
"NAA35",1,14,18,4,12,11,3,15,14,12,19,15,3,9,22,24,14,37,15,6,7,5,6
"RAD51",16,2,14,26,9,6,2,12,10,18,15,4,19,15,23,23,11,2,21,14,3,12,9
"RSAD1",0,23,37,5,31,5,1,11,20,18,5,6,8,12,21,24,10,19,11,3,1,2,13
"TIMM22",4,6,20,15,15,6,1,21,21,13,8,10,14,8,23,18,10,35,12,9,7,5,5
"ZMAT1",1,31,42,11,18,2,2,17,2,10,5,15,3,9,0,51,3,29,11,0,7,4,13
"ZNF737",1,0,42,1,26,1,0,39,3,6,3,5,5,2,15,45,4,43,25,2,7,4,7
"ACBD6",2,22,32,2,14,4,5,15,14,16,8,12,2,5,14,28,12,36,20,7,5,3,7
"EEF1AKMT1",14,8,12,20,46,5,9,16,7,8,6,5,22,13,27,11,8,2,17,7,3,13,6
"FANCI",2,7,23,8,2,4,2,16,21,26,12,10,9,5,9,30,13,18,15,20,3,7,23
"LRRC42",2,15,22,1,18,3,3,16,14,17,1,16,8,4,14,20,6,69,8,5,2,3,18
"LTBP4",0,25,33,0,23,4,4,14,11,11,3,15,1,1,19,50,5,27,19,3,3,2,12
"MCCC2",0,14,41,0,28,1,0,13,35,10,3,5,0,6,28,35,8,25,11,8,1,7,6
"NUDT19",1,12,30,4,21,3,2,4,20,11,14,20,9,3,24,28,14,18,14,11,5,8,9
"SNX25",4,11,16,43,13,0,3,13,41,12,13,8,3,7,15,16,6,3,15,29,8,3,3
"TBC1D3L",7,13,0,4,0,25,0,41,0,0,25,0,0,4,20,62,0,39,2,10,0,17,16
"ZNF426",1,1,16,4,18,4,1,36,13,15,23,8,11,4,17,29,4,42,23,5,2,3,5
"KCND1",1,23,37,6,22,2,4,20,3,12,2,10,5,2,17,47,5,24,15,3,0,3,21
"LINC02887",1,9,26,3,78,4,3,15,0,12,0,7,3,0,12,48,0,31,15,0,1,3,13
"MCPH1",0,21,17,4,22,2,4,15,9,3,3,6,7,8,30,27,5,49,20,6,6,5,15
"MIATNB",1,14,42,0,27,2,4,23,12,14,7,17,2,3,10,23,9,51,10,0,2,7,4
"PRMT3",16,9,28,1,15,8,4,21,11,16,24,8,10,10,14,14,8,26,11,13,2,7,8
"SH3PXD2A",0,7,16,20,12,3,6,28,8,9,1,9,15,9,17,37,13,20,14,14,3,16,7
"ST13P7",1,11,12,21,9,4,7,26,17,4,28,13,7,4,13,9,11,3,8,33,19,12,12
"VIL1",0,2,17,0,2,15,0,78,1,6,1,20,22,4,2,18,10,14,19,27,0,22,4
"XYLT2",0,11,39,1,17,7,2,18,9,13,3,11,12,1,29,33,8,32,12,8,4,7,7
"ABL2",0,8,34,1,21,4,7,15,7,6,5,9,7,9,16,33,2,56,11,6,7,2,17
"ADGRL1",1,36,35,6,11,1,4,6,17,14,2,2,0,9,20,76,1,17,8,0,3,8,6
"CSPP1",7,25,24,3,18,9,2,21,8,16,14,8,1,9,19,27,6,21,12,9,5,8,11
"GFI1",0,19,8,0,10,2,0,16,8,6,2,7,1,9,17,50,25,10,27,29,2,12,23
"IGHV1-3",0,89,0,0,4,14,0,6,72,1,24,1,0,8,9,8,3,1,20,5,0,3,15
"IKZF2",0,37,28,8,16,6,1,8,4,21,5,18,0,17,23,19,3,28,10,4,3,4,20
"MAP3K4",2,6,29,2,28,5,2,10,29,12,5,4,2,9,23,29,8,24,20,8,11,6,9
"NAGPA",0,7,52,1,40,0,4,14,8,18,2,2,4,6,24,22,16,27,10,3,6,4,13
"NARF-AS2",7,3,12,10,10,9,1,22,8,10,24,13,19,5,8,15,19,31,24,0,7,21,5
"POLG2",0,20,27,3,27,4,3,10,12,12,17,9,6,5,14,15,1,30,25,8,2,2,31
"CLN3",1,23,33,3,26,2,3,12,2,26,0,14,0,1,7,34,2,50,22,1,3,2,15
"CRYZL1",3,13,31,7,21,6,3,17,3,17,1,13,5,0,19,40,15,31,15,4,4,9,5
"MCRIP2",2,27,40,4,22,0,0,8,10,25,5,8,4,3,16,26,6,49,10,5,3,1,8
"PDE4DIP",0,8,39,1,39,1,5,26,8,8,13,3,7,1,25,21,1,30,15,3,7,5,16
"PKD2",0,22,33,1,30,2,5,25,7,13,0,5,4,0,25,29,3,29,15,4,8,6,16
"ST7L",4,9,26,10,15,4,7,13,16,7,18,14,2,3,17,16,10,37,20,4,13,8,9
"ZCCHC24",1,3,31,0,14,2,2,24,2,8,0,11,14,1,15,20,14,85,5,6,1,5,18
"ACAA2",2,14,23,1,33,5,1,14,17,15,5,11,7,6,26,24,16,20,9,4,8,7,13
"CARMIL2",0,25,28,5,16,6,3,11,49,7,13,16,0,16,14,13,7,21,6,1,3,7,14
"FAM219B",0,13,36,5,25,3,3,32,7,8,0,5,4,6,17,24,8,40,18,2,11,2,12
"MAP2K5",2,16,31,0,15,5,2,8,5,7,2,6,5,3,26,38,11,42,20,9,9,7,12
"TUBG2",4,5,9,20,9,7,5,18,3,14,8,2,11,20,29,22,24,7,20,15,7,14,8
"ZBTB26",2,7,26,4,24,3,6,13,9,7,11,10,4,7,16,23,0,47,8,13,6,8,27
"ERMN",0,19,6,2,8,2,2,2,1,12,0,23,0,2,0,9,1,43,5,2,0,0,141
"GALNT14",0,20,24,1,36,2,4,14,1,23,1,23,8,3,15,28,13,26,12,4,7,0,15
"INPP1",1,3,30,1,19,7,0,10,11,18,2,6,0,9,22,26,3,57,23,10,5,2,15
"ITGA6",2,27,42,0,14,3,1,6,13,6,5,8,4,4,13,31,9,37,19,4,11,2,19
"LYAR",0,10,33,1,38,3,0,13,6,26,1,9,5,5,49,18,1,33,6,3,3,5,12
"METTL23",1,16,21,3,22,2,1,10,19,13,4,17,3,6,15,24,10,55,14,5,5,8,6
"MRPL11",1,13,23,2,17,5,3,7,24,20,10,5,5,8,42,9,13,26,17,1,13,5,11
"NAE1",2,24,22,2,10,16,3,20,11,22,3,11,1,6,17,34,4,20,9,6,4,10,23
"NT5C",4,11,12,6,13,8,9,17,6,11,14,11,4,11,45,23,9,18,13,7,6,11,11
"PHF14",1,14,18,11,18,9,2,17,17,3,7,9,0,4,40,33,9,18,9,12,13,8,8
"PRKCI",0,10,38,4,10,5,1,13,6,11,5,8,12,5,28,31,10,26,25,14,5,5,8
"ST8SIA6",5,8,24,12,8,5,1,20,6,19,15,10,10,10,17,31,3,14,10,4,8,22,18
"TXNDC12",0,20,22,3,34,3,0,23,3,15,0,15,2,5,35,15,3,38,18,2,5,6,13
"ZFX-AS1",2,1,9,25,7,4,6,4,7,22,25,3,9,13,20,27,29,4,28,8,8,10,9
"ZNF747",1,5,14,9,42,0,7,14,16,12,3,15,5,5,21,28,14,20,14,7,16,6,6
"ATP23",5,14,25,17,10,15,1,22,3,11,6,23,10,13,15,7,17,26,18,13,3,4,1
"EFHC2",0,17,30,3,0,5,0,26,4,16,1,15,15,4,25,20,16,26,7,14,2,18,15
"EMP1",1,0,6,0,1,5,1,1,1,34,3,4,0,6,26,7,0,154,4,0,2,3,20
"LOXL3",1,6,37,4,25,4,0,37,4,6,4,15,12,2,19,23,10,28,10,11,2,11,8
"PRSS23",0,13,15,0,21,6,2,11,0,45,2,1,3,20,26,77,1,4,5,0,5,4,18
"SLC35D1",0,18,32,2,29,2,3,11,16,10,8,17,1,8,32,11,2,40,13,8,1,4,11
"TMEM119",0,17,12,3,5,4,8,7,1,42,0,57,3,0,7,19,3,60,7,0,2,0,22
"TNFRSF14-AS1",0,16,30,11,24,5,5,18,0,9,2,27,2,1,14,31,4,39,15,4,12,5,5
"TRIM66",3,6,39,0,28,0,8,29,5,9,9,14,4,2,8,39,3,36,17,4,1,5,10
"UQCC1",0,12,19,6,19,5,3,16,31,4,36,5,1,2,24,30,1,21,11,5,13,9,6
"ZNF808",1,7,22,7,38,3,3,15,2,18,3,7,2,11,27,43,4,34,13,3,1,4,11
"C18orf32",2,10,45,12,22,1,2,28,4,13,3,13,2,2,14,21,3,41,13,1,5,6,15
"CIT",1,1,11,9,9,8,4,33,10,20,4,13,12,14,22,43,12,5,15,11,8,9,4
"DHCR7",0,19,13,19,10,10,1,7,15,13,3,2,10,18,18,17,9,44,17,9,0,13,11
"ID1",6,19,4,1,7,1,0,7,7,17,14,7,5,5,1,5,5,121,11,16,2,5,12
"NDUFAF6",3,12,16,3,10,7,0,20,16,14,48,16,8,4,12,16,12,17,14,7,2,9,12
"NEU3",1,18,27,9,24,2,3,13,7,23,6,12,3,6,11,32,9,36,12,9,2,0,13
"RPTOR",2,4,33,2,25,6,0,10,15,7,18,9,8,5,28,26,3,16,13,10,7,18,13
"TXLNG",0,16,29,8,18,6,0,18,13,10,18,14,4,7,21,21,5,30,16,5,1,4,14
"CCDC149",0,13,29,6,48,1,1,20,4,8,0,0,2,2,37,41,8,32,11,5,0,1,8
"CYP20A1",2,17,17,8,30,3,3,12,4,6,6,7,10,5,22,42,2,39,25,2,4,2,9
"DLGAP1-AS2",19,7,21,13,17,5,6,17,14,17,19,11,6,6,6,29,9,10,13,9,3,12,8
"LINC01138",0,9,103,4,7,0,0,9,2,3,0,41,0,1,7,21,11,15,10,1,10,3,20
"LYPD8",0,1,3,0,0,0,0,2,0,4,0,176,0,1,6,4,0,47,2,28,1,0,2
"RAD52",3,6,24,10,21,3,4,37,8,8,11,7,8,4,18,18,14,17,17,14,10,6,9
"SEC31B",1,22,35,12,17,3,5,14,5,8,5,15,2,3,18,32,4,24,14,7,4,5,22
"ZNF440",5,8,10,9,13,1,4,13,12,7,32,23,3,6,13,20,4,34,6,13,3,7,31
"ZNF461",10,0,5,23,8,5,1,13,9,19,32,6,8,3,27,16,17,10,34,4,13,4,10
"EFL1",0,13,20,11,19,7,2,19,8,15,16,4,12,4,22,23,13,25,14,3,4,8,14
"FAM118B",1,8,25,4,26,11,0,22,16,11,4,6,14,1,18,31,5,27,11,7,4,10,14
"IGHV4-4",0,0,0,0,0,0,0,0,237,0,0,0,1,7,0,1,1,0,9,0,0,0,20
"KIT",0,19,40,4,11,0,0,18,13,12,7,15,5,4,12,27,7,15,6,19,6,24,12
"NIT2",11,20,12,6,10,5,9,5,23,20,4,6,8,7,22,19,14,13,15,19,3,9,16
"RAB36",1,9,29,4,19,4,7,11,2,7,0,19,11,0,14,35,6,57,25,0,7,1,8
"TMPRSS13",4,5,4,18,16,9,3,15,12,8,7,11,21,23,18,16,13,1,18,8,20,20,6
"C8orf44",11,9,22,10,6,3,5,18,15,3,77,5,4,6,2,10,16,19,16,2,2,2,12
"GALK2",1,6,25,4,18,5,2,24,17,11,33,1,5,4,24,17,12,21,14,15,2,6,8
"GEN1",2,9,22,10,11,15,3,17,13,18,15,4,1,8,17,36,5,17,19,6,7,6,14
"MRPS31",3,10,22,11,19,1,1,23,13,20,12,9,4,4,23,25,7,23,12,5,6,5,17
"PRICKLE3",1,7,45,4,41,4,1,18,7,5,2,6,2,2,32,29,10,20,12,6,2,9,10
"STK32C",0,13,43,16,18,3,2,27,4,16,1,13,3,4,28,20,3,29,12,6,4,5,5
"TMEM192",3,15,23,5,16,1,1,18,11,15,3,4,7,1,29,41,7,33,16,6,7,5,8
"EEFSEC",0,7,24,9,16,3,1,19,20,11,46,4,3,4,14,23,15,19,13,4,11,2,6
"GTF2H2",1,9,43,0,25,5,4,16,1,5,1,1,0,0,33,28,3,72,15,0,7,3,2
"IDO1",0,3,23,13,41,0,2,25,0,9,0,17,2,3,18,20,2,57,5,1,25,3,5
"MIR3667HG",4,5,27,21,18,5,3,12,13,8,15,12,5,8,15,19,11,27,15,12,7,7,5
"NAA40",0,18,24,6,16,1,2,11,14,11,3,18,4,11,17,34,2,27,20,3,6,7,19
"RAB12",0,1,20,8,17,5,2,23,10,12,3,17,6,2,20,24,16,44,15,1,10,4,14
"RAB34",0,9,37,0,37,4,1,7,4,24,5,5,6,3,21,22,6,46,12,5,1,8,11
"SLC4A7",1,26,23,2,20,1,1,14,15,14,8,10,4,6,32,18,5,31,6,2,2,8,25
"TRMT61A",4,3,27,17,11,9,0,7,19,24,28,6,4,6,11,20,14,22,17,8,8,4,5
"ZNF92",3,13,29,5,10,6,9,16,19,10,16,4,3,7,14,25,1,29,20,2,5,6,22
"ADARB1",1,17,18,6,8,6,2,9,22,12,5,10,18,4,31,21,11,13,9,4,6,26,14
"BBS10",2,6,49,0,20,3,2,23,9,6,11,9,12,5,27,31,5,16,16,7,6,2,6
"GLYCTK",2,14,23,4,23,0,2,28,9,13,4,18,1,6,10,25,16,25,23,7,5,3,12
"LIMD1",1,8,23,7,20,10,3,15,24,14,7,14,8,2,24,30,3,20,6,8,10,6,10
"MBIP",7,15,13,16,17,3,1,22,5,11,22,9,13,5,31,19,8,18,11,8,6,6,7
"NIF3L1",7,8,40,6,13,6,1,9,8,15,12,14,3,5,21,14,15,16,20,12,8,9,11
"TESMIN",1,3,40,1,15,8,3,29,6,7,0,17,5,1,24,38,12,32,12,6,8,1,4
"CCDC85C",0,61,20,1,9,1,2,8,5,7,6,18,2,3,10,31,0,46,8,3,4,2,25
"EFNB1",0,6,53,6,15,7,5,18,4,7,0,6,10,1,18,15,1,20,19,15,10,27,9
"FSAF1",4,4,29,5,23,4,2,19,15,7,8,14,0,0,28,42,8,23,20,3,4,4,6
"IFTAP",21,11,7,10,8,8,14,18,7,20,18,1,8,10,11,6,33,4,9,8,17,9,14
"MON1A",1,0,24,13,36,3,1,12,23,19,1,7,5,3,17,39,9,8,19,14,8,4,6
"NSMCE4A",0,25,27,3,13,5,0,5,9,26,7,9,0,8,18,30,4,27,26,7,5,7,11
"PWWP3A",0,10,22,10,19,6,5,16,17,7,26,5,1,6,12,37,4,41,17,6,1,2,2
"RPS7P1",16,12,12,3,11,7,2,20,14,18,18,9,13,5,16,11,11,6,7,39,2,17,3
"TMEM79",2,5,39,3,31,10,1,30,1,9,2,11,5,1,21,41,10,29,14,2,3,1,1
"AVPI1",7,5,18,11,20,3,3,15,5,18,4,6,16,23,13,8,14,25,17,4,10,20,6
"ERCC5",3,10,25,10,11,5,2,16,15,10,11,19,2,4,8,38,3,34,11,7,5,5,17
"GALE",2,15,25,5,15,2,4,12,9,22,5,16,1,3,13,27,12,43,14,5,5,1,15
"IGKV2-30",0,23,10,3,11,6,5,13,43,3,9,0,1,3,19,7,15,1,34,9,18,10,28
"LAMB3",1,7,13,3,8,5,6,12,6,35,4,24,11,4,16,11,7,45,10,4,3,4,32
"PMVK",1,14,31,0,9,8,3,14,28,17,9,7,10,6,26,20,16,20,11,5,6,2,8
"SMYD2",1,24,36,9,16,3,1,10,14,14,1,9,11,4,36,28,5,12,11,7,6,8,5
"TMA7B",2,1,6,3,3,7,5,37,11,11,36,15,13,1,0,9,13,8,26,25,7,26,6
"TRAF2",0,12,23,0,12,1,3,14,35,7,6,13,1,2,19,15,10,63,13,6,2,4,10
"BMS1",0,7,30,10,28,4,3,7,27,7,8,3,2,15,31,27,8,10,8,8,10,6,11
"ISL2",0,1,50,5,30,1,2,40,0,9,0,15,8,0,8,24,4,43,16,1,2,1,10
"KLRB1",1,39,2,1,5,3,3,6,4,38,1,4,2,28,41,37,3,16,0,1,6,4,25
"MYBL1",0,33,15,2,21,4,1,9,1,28,4,6,1,19,16,26,8,9,6,1,2,6,52
"RFC5",0,6,35,1,18,3,3,40,7,7,3,11,7,1,23,19,9,45,6,5,5,7,9
"RTL6",0,10,31,1,24,3,1,5,7,14,2,2,1,30,28,28,5,41,10,3,1,3,20
"SMPD2",1,9,23,13,19,6,0,17,17,15,6,22,5,5,18,16,8,35,13,2,3,5,12
"TOMM34",2,11,14,11,22,2,4,13,18,12,9,5,5,5,16,22,15,41,12,9,9,7,6
"XRCC3",1,20,26,8,7,1,3,12,9,9,0,20,5,4,8,27,2,31,14,4,2,5,52
"ANLN",5,4,17,10,6,18,5,24,7,17,8,7,1,6,17,24,18,8,10,27,2,16,12
"CCDC134",0,7,22,4,14,1,3,22,15,5,1,7,8,2,14,21,5,72,15,2,2,7,20
"CHM",1,11,49,5,19,6,2,19,9,9,7,2,2,3,21,26,8,34,15,5,4,2,10
"ELP5",2,14,23,6,26,2,3,8,12,21,7,6,2,3,29,13,6,47,15,4,5,5,10
"FCRL1",3,25,11,6,33,1,12,4,55,17,26,4,0,9,11,5,1,20,5,0,7,0,14
"MIRLET7BHG",0,6,28,15,16,3,4,24,4,8,9,18,5,0,15,40,6,32,28,4,2,0,2
"OXSM",8,19,10,12,16,10,3,3,15,9,14,16,11,3,19,13,26,7,9,12,14,15,5
"PDGFA-DT",8,0,20,1,6,10,4,17,24,7,4,26,6,4,0,8,30,12,5,29,3,35,10
"QSER1",2,11,32,1,17,1,1,14,9,3,8,2,4,5,37,41,3,22,16,9,7,4,20
"RBAK",1,30,25,0,40,3,3,6,7,10,5,0,5,10,23,20,4,30,9,9,10,1,18
"ZNF7",1,20,27,7,23,2,0,20,5,16,3,11,2,5,5,31,1,34,12,8,6,10,20
"ALG5",5,7,20,1,36,2,3,2,21,22,4,2,4,5,34,29,19,25,8,2,4,3,10
"GRWD1",1,4,25,1,12,4,0,4,30,21,32,2,5,5,22,16,8,28,20,2,4,10,12
"KLHL17",1,11,37,1,19,3,1,15,4,16,5,21,5,3,20,33,5,42,8,1,3,4,10
"MRPS5",3,8,27,24,11,6,1,25,9,15,14,15,6,2,19,14,13,9,14,11,9,3,10
"NBPF12",0,25,34,9,14,3,1,4,27,12,2,4,2,7,16,39,5,22,17,2,1,3,19
"STARD4",2,20,15,2,7,5,5,4,7,32,11,5,3,11,27,16,7,40,7,2,5,2,33
"TRAF5",2,15,15,7,17,0,0,7,28,14,16,6,6,16,17,25,2,14,6,5,8,9,33
"ZNF691-DT",15,3,6,0,6,2,5,3,15,14,80,1,12,17,10,20,5,2,10,19,1,21,1
"CABP5",0,1,17,1,10,4,0,47,5,8,3,30,16,3,4,5,30,10,14,36,6,16,1
"RFC3",5,12,6,1,9,7,2,7,16,14,55,13,9,8,16,13,11,15,22,2,3,9,12
"SCAPER",0,18,16,0,33,3,1,11,1,14,2,5,3,5,20,29,1,60,13,5,10,1,16
"STAM-DT",4,2,16,0,6,2,1,3,18,2,101,4,4,4,11,8,10,5,30,19,0,16,1
"TARS2",2,21,32,5,17,5,3,17,25,15,7,2,2,0,23,27,6,16,12,4,4,12,10
"H2BC15",8,4,20,7,7,7,3,18,7,3,19,26,13,2,13,7,17,10,4,19,4,37,11
"MCM10",8,1,6,10,4,6,18,11,10,7,41,4,4,4,25,21,6,3,26,13,4,29,5
"NVL",3,5,24,13,18,10,0,12,15,14,12,5,3,2,5,36,14,17,25,7,9,10,7
"PHC1",2,20,15,1,18,0,10,17,8,7,11,19,5,9,18,26,4,25,19,6,8,8,10
"PRKCA",0,10,12,0,29,3,3,19,9,8,1,7,7,9,19,28,10,9,14,11,12,32,14
"PTRH2",1,5,50,1,26,3,1,21,7,13,1,14,4,3,24,20,2,29,27,4,1,6,3
"SMIM8",3,14,23,7,16,2,2,26,7,15,3,13,1,4,17,30,15,34,1,6,6,13,8
"TMEM62",3,4,18,1,11,6,5,19,9,14,5,5,1,5,26,30,7,44,6,2,9,5,31
"COIL",0,11,35,1,19,3,9,7,8,23,3,7,3,7,23,23,2,39,12,6,11,4,9
"COQ6",3,4,10,20,15,5,2,12,12,10,9,15,16,6,6,26,26,23,15,10,3,10,7
"FBXO22",4,13,39,4,18,2,4,15,10,4,5,11,11,1,21,14,4,38,19,6,3,6,13
"GPR89B",5,13,14,12,17,2,9,17,9,15,14,7,7,5,9,23,14,7,9,25,13,5,14
"LARS2",1,6,38,6,17,1,1,12,12,4,23,1,3,5,29,36,1,36,11,6,7,3,6
"LIG1",0,16,17,0,21,3,0,11,14,17,4,4,2,8,9,30,20,37,12,11,11,4,14
"LRRC8B",1,13,8,0,22,3,3,24,8,1,0,10,8,3,23,16,2,68,22,15,2,6,7
"P2RX7",0,15,24,0,38,2,0,13,4,13,2,2,8,7,54,43,0,16,15,4,0,4,1
"PDK4",0,3,17,5,55,7,0,5,8,0,11,14,3,0,49,22,6,34,15,4,5,0,2
"ELP6",7,7,23,2,26,7,9,13,11,14,19,5,0,11,9,20,15,12,15,10,1,6,22
"FBXO41",0,31,35,3,20,7,1,5,10,7,6,2,2,8,13,57,1,27,9,4,3,2,11
"NDUFA8",3,13,14,10,15,5,2,28,15,15,12,8,4,3,22,29,12,16,11,8,7,8,4
"PCGF1",4,7,28,10,28,2,1,14,5,22,1,11,5,3,17,19,6,29,24,3,9,8,8
"SAMD14",3,2,7,0,4,18,0,48,0,15,5,17,20,1,15,8,28,4,22,28,5,10,4
"SENP3",4,11,32,3,39,6,0,9,4,17,3,6,13,6,12,28,2,34,23,4,2,2,4
"SNAI3-AS1",1,9,36,12,31,3,2,11,0,10,3,10,15,1,19,29,5,28,18,3,2,8,8
"UTP4",0,10,11,10,11,7,0,26,9,16,11,2,6,12,20,26,19,21,11,9,12,6,9
"ZNF529-AS1",7,6,16,15,12,1,2,20,15,15,20,8,7,4,21,9,15,11,17,10,10,14,9
"CEP131",0,11,36,6,24,1,3,16,2,17,0,14,4,2,11,30,3,36,25,4,3,6,9
"CHST13",0,10,37,2,32,1,2,28,2,19,4,14,10,2,26,28,5,24,8,3,4,2,0
"CREB3L1",82,1,1,0,0,85,2,32,0,0,0,0,1,1,2,0,4,0,1,9,0,42,0
"LRRC14",2,11,37,2,29,3,1,28,12,11,5,7,2,6,19,16,6,30,14,13,2,1,6
"RNF121",5,8,25,2,24,2,14,22,2,17,8,8,4,2,18,24,5,46,9,3,4,6,5
"TRIM15",19,0,24,11,4,6,13,23,6,23,6,5,8,8,10,13,13,8,10,26,8,16,3
"CENPN",13,7,12,13,8,4,3,10,6,14,7,17,15,5,21,13,15,17,12,22,7,12,9
"FN3KRP",6,17,26,3,22,2,8,14,9,16,1,11,3,5,16,24,6,31,16,9,7,3,7
"LRRC2-AS1",3,6,10,22,4,7,0,8,17,10,41,7,19,4,8,16,22,4,24,4,7,14,5
"MRPL50",9,3,21,4,6,4,2,23,18,28,6,13,3,5,20,22,8,32,8,6,8,6,7
"NPHP4",0,15,38,7,21,0,0,13,1,28,1,18,0,1,17,26,1,37,17,7,2,2,10
"CCDC77",0,11,22,3,8,1,0,10,15,16,56,9,11,1,24,11,13,9,18,10,4,7,2
"LINC02604",4,10,15,16,3,4,5,15,17,17,32,10,8,2,15,26,1,11,9,7,7,9,18
"LRRC37A2",3,5,23,0,40,5,1,8,8,7,15,10,0,2,6,21,0,64,11,6,0,4,22
"MAF",0,7,25,5,18,2,3,17,12,18,6,6,5,13,22,41,4,13,16,1,3,5,19
"POLH",2,10,29,4,31,2,3,8,14,12,6,6,6,6,23,22,9,19,12,8,3,9,17
"SH3RF3",1,20,53,2,15,3,0,34,3,13,0,9,0,0,2,24,0,16,43,1,2,3,17
"SLC38A9",4,3,34,10,14,1,2,18,15,4,11,6,10,1,23,21,13,28,12,4,10,12,5
"TSEN15",3,14,19,3,20,5,1,10,12,15,11,4,6,7,21,21,14,14,16,12,3,17,13
"MYO5B",6,0,0,10,9,3,6,25,10,3,75,8,13,3,14,8,7,0,20,27,4,8,1
"SDHAF1",0,5,32,1,17,3,5,29,4,9,6,12,2,2,18,23,9,44,17,4,9,1,8
"TBC1D22A-DT",1,8,21,14,10,2,2,18,8,29,36,15,7,4,11,14,5,24,13,11,2,5,0
"TFB2M",8,4,19,0,8,2,2,14,23,14,51,5,4,3,19,18,7,14,20,11,2,7,5
"TRIM37",0,13,36,0,19,1,3,11,4,9,5,13,3,2,29,20,2,56,10,1,5,4,14
"ZNF761",8,9,17,21,23,8,0,7,8,28,13,11,11,7,17,7,11,9,12,14,10,4,5
"ARHGAP12",0,37,20,0,22,4,3,11,10,10,4,2,2,7,12,25,2,41,6,7,2,1,31
"FTLP14",4,3,11,7,11,7,5,14,6,9,15,4,9,8,26,18,5,6,21,53,6,9,2
"IL6ST-DT",9,0,6,2,0,2,6,9,20,3,119,17,2,1,19,10,9,1,7,4,2,4,7
"MYBBP1A",0,15,30,0,29,2,0,8,21,10,1,6,4,10,40,33,5,9,14,3,1,6,12
"PIBF1",3,10,17,8,22,4,1,26,8,13,6,11,1,3,10,34,17,37,12,2,0,5,9
"TBCK",3,9,26,7,26,9,0,21,16,6,8,11,10,6,14,13,19,11,19,8,4,7,6
"UTP14A",2,10,35,12,19,2,2,16,18,15,15,8,4,10,19,18,6,16,9,3,4,8,8
"ZNF224",4,8,28,1,30,3,3,24,4,11,3,12,0,2,10,44,7,24,12,2,5,8,14
"METTL17",0,28,33,1,23,7,7,9,14,19,3,9,0,7,14,26,6,14,11,4,9,1,13
"NHLRC3",0,23,37,3,24,2,2,14,5,14,1,7,0,8,9,24,9,30,13,7,6,5,15
"NUF2",25,7,14,8,5,10,4,19,9,17,14,8,10,10,9,10,19,3,11,14,7,21,4
"TMEM202-AS1",5,4,15,14,8,5,8,25,16,10,29,2,4,6,22,22,7,7,13,4,11,12,9
"WASH4P",6,8,33,18,14,1,5,11,8,11,3,6,21,7,17,22,16,7,9,10,15,8,2
"WDR5B",0,6,42,4,26,2,1,9,8,5,4,10,1,2,27,25,0,55,19,0,7,0,5
"ACOX3",1,3,24,1,21,0,1,11,15,21,3,7,11,2,15,20,14,29,26,7,7,6,12
"ARL14EP",4,10,18,2,25,8,1,28,21,13,4,6,0,2,27,16,10,31,18,2,1,6,4
"DCUN1D4",0,10,28,4,16,5,1,25,8,15,9,5,5,2,25,34,3,27,11,9,1,12,2
"DDX51",0,34,27,5,18,6,0,11,21,20,4,10,2,6,18,17,3,20,13,2,5,1,14
"FBXW8",0,10,36,7,15,7,1,10,18,8,40,3,6,7,17,18,7,17,10,9,2,8,1
"NDUFAF7",2,13,25,1,17,3,0,30,10,6,2,5,2,6,11,27,9,35,18,3,2,9,21
"PGAM5",3,4,17,1,16,3,2,19,21,11,26,5,9,11,26,28,5,9,10,9,2,15,5
"ST13P5",1,11,18,19,1,12,5,21,10,10,15,7,10,5,9,14,8,1,10,31,6,18,15
"TMEM42",12,10,15,19,17,4,0,15,20,13,5,3,13,3,14,32,12,10,16,5,8,6,5
"ARL16",1,9,26,8,13,5,1,14,9,2,9,13,3,4,27,32,8,42,16,3,2,1,8
"CCDC112",0,16,35,5,32,4,4,20,1,7,5,6,7,0,27,34,4,25,14,3,3,0,4
"DOCK8-AS2",0,16,23,5,24,1,4,13,0,8,2,3,0,2,5,72,2,30,12,0,3,3,28
"EFHC1",0,10,31,3,3,2,4,13,4,7,0,34,1,0,19,32,1,42,8,6,5,7,24
"IFI30",1,12,11,2,21,3,0,18,0,40,0,29,0,6,14,24,4,55,10,2,0,0,4
"LDAF1",1,5,28,2,25,3,2,12,3,13,4,16,13,3,20,33,8,30,9,1,5,15,5
"LPAR5",0,4,22,0,16,7,3,34,18,4,3,16,7,4,21,18,11,8,14,20,4,11,11
"LZTS2",1,3,19,4,15,11,4,15,14,5,5,12,3,5,10,23,12,25,11,9,8,23,19
"MEGF8",0,19,33,3,31,5,3,8,10,16,4,10,1,7,26,29,6,20,13,1,3,2,6
"RPL13AP25",4,9,9,14,24,2,2,31,12,10,5,17,11,3,21,5,25,8,14,13,6,6,5
"RTL8A",3,7,29,1,15,4,1,25,5,19,2,13,5,0,15,15,12,37,22,4,10,4,8
"TRAPPC5",2,9,14,21,7,9,1,29,17,6,9,19,6,8,8,14,18,12,19,15,1,5,7
"UBA5",0,20,26,3,11,4,2,5,17,9,3,4,8,13,28,26,12,14,9,11,7,4,20
"ZNF678",3,17,39,10,7,1,8,16,8,4,18,3,3,14,22,20,10,5,8,12,14,8,6
"DEPDC5",0,11,39,2,17,3,1,17,15,10,2,6,0,4,19,23,7,60,3,0,5,3,8
"LINC01275",25,1,13,10,5,4,4,17,26,14,18,11,25,11,2,14,14,0,7,6,3,17,8
"LINC01504",4,0,26,10,16,3,12,14,4,13,20,7,4,12,22,26,8,9,20,5,8,10,2
"MRPL35",9,10,18,3,22,7,2,6,25,12,24,0,3,3,38,16,11,13,10,7,2,10,4
"NOP14",1,6,21,22,15,0,2,22,8,17,14,5,10,4,16,16,13,13,24,10,7,7,2
"PANX1",2,8,31,2,14,12,5,34,4,11,4,1,14,0,16,26,6,8,9,14,12,18,4
"RHOBTB2",2,5,19,16,17,2,0,5,32,5,28,3,7,2,23,22,6,11,11,1,7,24,7
"TRABD-AS1",1,13,32,2,28,5,0,15,2,28,0,29,1,1,13,16,2,40,12,4,0,1,10
"ZNF587B",0,24,25,3,10,0,1,4,9,23,2,17,1,5,9,26,2,50,12,4,3,2,23
"ZNF703",0,2,48,0,51,1,0,2,1,6,0,4,3,7,41,33,3,18,25,4,1,2,3
"ZNF783",1,13,36,15,25,5,0,10,14,17,4,12,3,3,19,16,1,21,18,6,1,5,10
"ADCY9",0,7,25,4,25,3,5,9,4,10,1,2,6,6,35,47,2,27,14,1,6,10,5
"ARHGAP33",2,19,17,4,8,4,1,24,7,15,1,6,5,8,9,21,8,53,15,7,2,3,15
"CPM",0,5,23,3,16,6,10,13,0,29,8,4,4,5,30,23,7,26,19,11,3,7,2
"IL15",2,17,34,2,23,4,2,1,5,9,4,0,1,8,19,22,2,26,7,1,3,47,15
"SLC5A6",0,31,16,3,20,2,3,11,12,6,6,15,2,26,15,17,8,22,11,4,2,6,16
"SLC9A9",0,17,16,0,19,11,2,38,10,19,2,8,11,7,10,21,8,18,9,2,5,16,5
"SPHK2",1,8,24,9,18,6,6,27,17,8,5,5,1,8,11,26,9,28,14,10,3,6,4
"TRAF3IP2",2,12,25,9,24,1,9,18,8,8,5,14,3,5,13,25,10,23,22,6,3,3,6
"XPO5",0,14,33,1,20,6,1,9,9,5,9,2,1,3,45,24,2,25,16,5,4,8,12
"ZNF250",7,10,13,2,2,3,0,10,20,9,26,6,8,14,9,8,10,31,15,24,6,7,14
"ZNF707",1,8,35,2,30,4,0,14,3,11,2,9,5,4,13,28,3,44,10,4,8,1,15
"ALG11",6,2,17,4,18,3,3,15,12,18,26,9,3,4,12,21,7,22,16,10,8,5,12
"DRAIC",1,7,26,4,18,1,0,4,0,9,0,11,4,0,8,44,0,91,8,1,0,1,15
"EIF2B2",1,12,14,8,13,5,5,9,8,12,7,11,7,3,22,20,2,21,18,22,7,7,19
"FADS3",6,17,26,2,22,4,3,15,10,27,4,4,3,8,10,7,3,34,7,9,3,4,25
"PKLR",9,5,9,28,4,10,5,13,7,16,7,3,7,17,22,9,13,8,16,26,8,5,6
"PLCL1",0,6,43,0,38,4,1,42,1,9,0,8,2,1,18,14,4,44,5,3,3,1,6
"TIAM2",0,10,20,3,4,4,1,7,8,16,15,4,11,0,30,21,9,54,6,7,6,6,11
"VILL",2,15,15,1,28,1,1,6,11,11,0,3,2,5,21,39,10,34,25,6,2,5,10
"ADPRH",0,6,37,1,33,2,1,11,4,15,0,2,6,2,28,29,5,37,11,6,1,4,11
"ANKMY2",0,7,33,5,23,3,2,21,4,1,3,14,3,5,17,22,15,31,17,6,7,6,7
"CD2",0,18,26,19,13,4,0,9,9,25,4,2,0,9,33,28,5,13,10,1,12,8,4
"CEP152",0,18,26,8,5,1,3,14,17,10,15,15,1,7,19,18,2,24,13,16,6,4,10
"MIR646HG",0,21,2,2,39,4,1,12,5,5,0,13,1,4,9,37,1,41,33,2,5,0,15
"MUC20-OT1",1,21,23,5,8,0,3,8,7,18,2,11,1,3,13,25,1,52,14,7,2,6,21
"PAQR8",1,4,31,3,22,13,1,13,16,9,2,1,11,1,38,22,16,9,9,7,12,9,2
"PLCG1",4,23,9,4,10,4,10,15,29,9,15,3,0,14,26,21,7,10,11,11,0,9,8
"PRDX4",3,30,20,1,18,5,3,10,24,12,3,9,6,0,39,12,5,23,7,4,2,4,12
"STAC3",0,15,32,2,23,3,1,15,19,14,4,6,1,2,31,16,5,32,11,2,6,6,6
"VEGFB",0,16,9,1,10,8,2,16,22,14,8,21,1,6,20,24,13,17,18,2,4,6,14
"XXYLT1",3,17,35,0,27,3,0,22,5,16,2,7,3,5,19,30,2,20,15,9,2,5,5
"ZNF674-AS1",0,9,13,1,9,8,2,21,0,29,4,22,2,1,3,24,4,77,8,2,3,2,8
"ZSCAN21",0,2,18,21,18,3,1,22,5,20,9,6,4,9,16,12,3,23,18,6,14,15,7
"ADCY3",2,13,16,0,8,5,4,40,8,3,4,5,15,5,20,18,8,5,16,21,2,19,14
"FAAH",0,21,39,5,26,1,1,10,3,5,0,5,5,0,14,29,5,32,25,6,2,5,12
"FAM76A",1,12,24,5,20,3,1,10,11,2,7,9,4,2,20,11,2,59,6,3,5,5,29
"GNGT2",1,4,10,20,21,6,13,25,5,15,8,9,17,10,9,23,4,14,10,6,4,7,10
"LRRC19",1,7,6,44,8,5,0,10,10,17,35,3,36,3,20,11,3,3,10,2,7,2,8
"MED12L",1,6,16,12,2,4,4,16,1,6,5,8,7,2,15,20,19,45,11,18,4,16,13
"NDUFAF2",11,10,10,23,8,10,10,7,7,19,2,12,15,10,17,12,16,12,15,2,7,8,8
"POLR2M",3,11,17,0,11,8,2,17,9,16,29,5,5,6,23,18,8,16,11,7,10,4,15
"POMT2",8,7,17,2,11,0,6,18,7,6,11,8,12,4,22,18,11,22,9,33,8,5,6
"PSPH",21,9,9,8,8,11,4,2,9,20,7,14,28,1,17,12,13,5,14,8,8,16,7
"SBF2-AS1",0,4,12,54,7,4,4,14,0,5,5,12,21,1,7,19,8,3,23,4,32,8,4
"TRAPPC6A",0,16,23,2,12,2,0,10,14,26,0,12,2,11,17,19,16,27,14,10,10,2,6
"TRMT6",1,17,19,1,9,1,1,3,9,42,7,8,0,4,16,10,14,57,14,3,1,6,8
"ZNF8",0,11,17,1,23,3,0,18,12,3,16,14,11,0,15,24,5,39,8,5,2,1,23
"ARHGAP24",1,27,24,1,10,5,3,12,3,8,2,5,2,2,33,21,15,33,6,7,14,5,11
"CLTCL1",0,5,25,3,24,8,0,16,8,12,0,0,2,1,15,39,20,24,23,17,1,4,3
"IRF2-DT",4,6,17,3,25,6,1,16,8,12,29,8,11,4,15,19,10,9,9,4,7,21,6
"LINC00671",0,21,21,3,25,1,9,26,0,7,0,42,0,0,4,31,1,27,12,1,5,1,13
"LINC02328",21,7,8,13,3,6,10,6,15,2,14,8,5,2,4,10,2,10,4,6,5,77,12
"MTX1LP",0,4,18,3,22,0,5,34,5,11,4,5,8,4,14,25,6,38,20,4,3,6,11
"PAGE1",25,1,2,17,14,8,3,31,16,17,7,1,4,5,9,3,45,2,7,9,5,11,8
"ZSCAN30",0,13,26,5,28,2,3,26,8,5,1,9,7,4,10,41,4,19,13,4,9,6,7
"GPR157",0,5,39,5,14,0,1,24,6,8,0,12,3,2,13,31,4,41,25,3,2,0,11
"NUTM2D",3,3,12,20,5,7,5,35,11,6,52,0,3,4,16,14,4,13,10,5,10,9,2
"SPRED2",0,15,23,2,19,4,3,13,1,12,2,11,5,3,14,27,5,38,12,2,7,3,28
"TMEM44-AS1",8,11,9,15,9,9,1,34,7,18,6,5,3,7,15,37,10,21,4,1,10,7,2
"ZMYM3",0,15,30,0,21,3,4,9,26,5,5,7,4,6,24,31,6,22,8,2,9,5,7
"PPP1R16A",0,6,22,1,22,3,4,17,6,14,3,10,0,9,10,20,17,35,26,6,3,7,7
"TTI2",3,9,33,2,27,12,1,28,2,7,5,10,9,2,16,27,6,13,13,2,2,9,10
"UFSP2",3,9,27,11,21,0,6,15,14,12,8,14,10,5,16,15,11,21,9,4,7,8,2
"CA5B",0,25,16,3,5,7,2,7,6,17,2,1,1,1,19,18,58,37,7,1,3,2,9
"DLG4",1,6,34,3,22,3,0,15,6,14,0,3,1,2,30,35,6,18,16,5,1,19,7
"ESPL1",2,5,17,13,5,5,3,24,10,22,16,2,3,8,19,18,11,13,16,9,1,9,16
"FGFRL1",0,6,11,10,15,2,0,6,12,18,3,8,10,11,22,13,0,31,12,15,1,11,30
"ITPR3",0,36,4,3,11,2,0,7,28,12,7,4,0,23,23,46,0,13,4,0,0,4,20
"MYH3",0,7,9,12,5,4,5,18,7,13,15,9,8,8,5,20,6,10,44,7,3,26,6
"PAPLN",0,39,13,2,10,2,2,15,0,16,2,21,2,0,10,52,1,43,2,1,2,2,10
"PGAP3",0,22,34,1,24,2,0,16,6,19,1,13,11,4,15,22,3,25,7,0,0,6,16
"PMS2",1,4,26,6,34,6,4,14,12,8,5,14,3,3,12,26,5,26,14,4,13,4,3
"RAD1",4,18,17,2,22,5,0,17,7,13,2,16,2,9,21,23,7,21,12,5,9,6,9
"SLC35A3",3,22,21,1,20,1,1,5,5,3,3,7,1,3,24,44,10,34,9,3,4,3,20
"SPSB2",0,9,23,5,9,1,2,25,3,3,1,20,5,0,22,18,23,30,15,21,4,4,4
"ZNF141",0,9,30,9,26,4,0,21,8,3,4,4,9,5,10,48,3,22,10,3,3,6,10
"APIP",2,26,34,2,19,4,2,8,4,24,3,3,6,3,20,27,7,18,10,5,2,4,13
"CDK2",4,9,2,5,10,6,2,15,9,13,5,20,7,13,14,17,16,40,13,8,6,4,8
"CDK4",0,8,15,2,19,10,3,9,34,16,6,5,3,9,35,20,8,11,12,10,0,4,7
"DOLPP1",0,5,7,8,25,7,2,20,10,7,15,3,7,9,26,14,14,20,16,9,1,12,9
"FCRL5",0,23,4,9,24,2,2,3,97,10,10,4,0,15,13,1,1,12,7,0,1,5,3
"GFOD3P",1,16,14,16,16,6,9,12,13,10,7,0,4,8,13,19,6,27,21,4,6,17,1
"IL10RB",0,21,37,6,27,0,9,13,0,13,0,12,0,4,13,23,0,32,16,1,0,1,18
"LINC01948",1,8,20,0,26,1,0,38,0,14,0,9,4,2,14,25,0,61,7,0,1,0,15
"NCOA4P4",5,4,2,22,6,6,8,17,9,15,7,10,9,3,12,9,17,9,28,22,10,15,1
"PRSS57",2,9,14,2,10,10,0,26,27,3,16,20,0,4,15,31,7,6,9,4,5,6,20
"RSKR",2,26,28,4,14,2,1,16,7,13,0,15,6,2,24,31,6,26,11,1,1,1,9
"THUMPD3",1,14,22,2,13,5,1,10,21,13,5,1,0,5,26,13,9,44,12,3,3,4,19
"TTC21A",0,9,15,0,11,2,1,12,9,16,1,11,0,3,13,54,1,30,7,1,12,3,35
"ZDHHC4",10,4,16,5,17,3,1,13,7,12,4,6,7,21,18,5,21,14,24,7,12,19,0
"ENPP4",1,16,15,2,11,1,2,14,8,19,3,3,0,11,17,31,10,30,21,8,0,3,19
"GEMIN8P4",5,6,8,11,5,7,3,8,25,1,96,5,8,2,6,9,5,3,13,7,3,8,1
"POLR3F",0,21,24,2,18,5,2,24,7,8,10,6,4,4,16,19,7,20,19,2,2,2,23
"PUS10",0,11,21,3,31,2,3,21,6,10,1,13,5,10,24,15,0,18,9,3,6,7,26
"TMEM263",5,12,21,0,23,4,3,10,14,8,5,11,1,5,21,16,7,16,13,18,2,5,25
"ZCWPW1",0,19,33,3,8,2,3,17,0,7,0,14,3,1,2,35,3,49,8,0,0,7,31
"ATP5MC1",1,4,41,0,19,2,1,10,18,13,11,18,3,10,22,10,3,15,14,7,7,4,11
"CAAP1",3,6,20,5,19,5,2,10,15,11,11,10,8,5,19,14,10,26,15,8,5,4,13
"CES1",0,16,76,8,45,1,0,4,0,4,2,9,0,0,50,1,3,15,0,7,2,0,1
"DHODH",6,15,30,4,11,4,6,17,19,8,21,4,5,5,9,16,1,7,10,9,14,13,10
"DOP1A",1,17,42,6,27,0,3,8,3,7,14,10,2,3,17,25,2,22,4,2,9,7,13
"HGH1",1,10,31,3,29,6,0,19,16,6,0,3,1,4,42,22,5,9,24,6,0,3,4
"IFT27",1,13,30,3,21,6,1,21,7,12,6,3,9,1,9,23,4,36,22,2,2,0,12
"IPO11",5,12,24,3,16,3,0,31,16,6,3,13,6,3,20,9,15,26,11,8,0,8,6
"NMNAT1",1,5,29,8,32,4,1,25,1,8,0,13,0,0,18,37,9,19,9,3,5,10,7
"OPRD1",5,0,21,14,8,12,6,12,11,19,35,3,20,2,11,22,2,7,10,8,10,3,3
"OR13A1",3,10,9,5,31,9,12,1,4,6,1,27,24,3,8,19,4,13,7,37,5,5,1
"TYW1",2,10,27,4,12,1,4,8,12,8,4,14,3,5,15,24,4,27,24,12,11,6,7
"AACS",0,11,20,1,14,5,3,19,6,28,3,1,3,3,29,28,8,32,11,6,0,3,9
"ACSF2",0,16,29,11,13,6,1,14,12,16,5,17,1,3,17,18,0,39,3,4,0,8,10
"ATIC",0,13,40,1,18,1,3,7,34,8,7,6,1,8,21,20,5,14,8,6,2,10,10
"DLAT",1,14,15,1,17,6,2,13,7,14,16,1,0,11,22,34,16,12,18,7,3,3,10
"GUSBP11",1,13,43,2,14,2,3,31,1,4,3,10,3,0,4,35,2,36,13,3,3,2,15
"HSD17B7",6,12,28,2,29,2,6,20,3,13,0,21,1,1,18,14,5,26,9,2,7,5,13
"MTCL2",0,16,42,2,25,4,2,3,10,7,8,6,1,1,35,26,4,15,10,3,6,6,11
"PER2",0,14,24,1,11,2,5,7,6,11,2,9,2,10,30,32,1,57,8,0,4,1,6
"RBM33-DT",2,1,16,22,8,4,2,11,32,14,43,0,11,6,7,8,2,8,8,3,19,8,8
"SWI5",0,2,20,3,14,7,5,29,12,7,11,13,6,2,14,18,11,24,5,10,10,17,3
"SYNGAP1",1,22,11,0,29,6,2,8,18,14,3,6,2,13,24,35,3,17,13,5,0,2,9
"TIMELESS",0,10,16,2,9,4,0,17,35,8,4,5,3,10,21,25,8,16,4,15,5,23,3
"TMEM106A",0,7,29,2,17,5,0,18,7,9,40,3,2,4,18,20,7,16,17,7,5,9,1
"ASPHD2",2,13,21,0,13,3,2,13,8,12,1,14,1,2,21,18,3,53,8,0,13,4,17
"CBR1",7,1,31,5,34,2,6,19,6,5,2,13,0,3,38,12,12,26,4,4,2,5,5
"COL17A1",0,5,1,0,3,8,2,21,0,1,1,9,7,1,10,16,53,12,21,51,6,3,11
"FKBP3",2,12,25,3,14,4,4,15,23,13,1,5,2,2,25,29,4,24,10,5,6,3,11
"GPALPP1",3,11,21,9,27,1,2,11,9,18,6,11,5,8,28,25,5,15,8,6,5,2,6
"PAXIP1",3,11,32,7,24,2,1,8,7,7,11,10,2,3,16,24,2,35,18,4,6,3,6
"SBK1",0,16,11,0,8,1,0,12,11,25,1,4,1,25,37,45,2,5,7,2,2,9,18
"SLC25A14",3,15,16,6,19,1,4,13,12,18,3,19,2,3,11,22,1,47,5,3,5,0,14
"SLC41A3",0,28,17,1,21,6,2,18,18,21,2,8,0,9,12,16,15,24,6,4,4,3,7
"TRMT10B",6,13,15,20,11,2,1,10,8,22,15,10,5,8,4,14,12,17,17,6,6,12,8
"CLEC2L",0,0,7,2,1,36,2,32,0,23,1,14,19,1,4,0,23,20,17,30,0,5,4
"CRIM1",0,17,18,5,24,2,2,7,0,16,0,13,2,14,46,20,1,21,10,0,5,6,12
"ENDOV",2,8,22,11,20,6,6,9,8,18,8,9,6,5,9,24,3,37,13,3,4,4,6
"HEMK1",0,14,22,2,21,2,3,8,13,10,1,6,0,2,24,35,6,32,17,1,1,5,16
"NUP42",5,17,21,11,20,6,3,19,16,9,6,5,2,3,19,29,6,14,12,1,6,3,8
"SC5D",9,9,12,3,9,0,4,14,3,20,7,14,3,11,14,16,10,46,13,3,6,0,15
"SGMS2",0,8,35,0,28,5,3,11,1,18,0,7,3,0,30,14,0,59,12,1,3,0,3
"SMIM13",2,10,17,9,12,8,2,14,6,5,4,6,12,10,17,10,18,28,20,12,2,4,13
"TBC1D24",2,5,20,17,46,1,4,28,6,10,1,1,6,6,5,11,2,5,27,9,17,7,5
"WEE1",4,6,22,3,4,6,4,15,30,11,13,7,0,4,15,15,6,23,6,20,10,8,9
"ZNF585B",0,3,17,13,20,1,7,10,18,16,25,5,5,4,16,14,1,15,25,8,3,12,3
"FAM98A",1,12,14,4,7,8,2,15,16,10,23,24,11,4,18,10,7,7,13,16,7,7,4
"GTF2H2C",5,13,24,5,35,10,5,9,3,9,0,7,7,1,13,36,2,20,15,4,5,3,9
"MRPL15",4,17,28,5,13,4,4,12,15,21,7,5,10,1,19,12,9,22,8,8,3,5,8
"NSUN4",1,12,29,0,22,1,3,13,14,8,3,11,3,4,17,13,4,38,15,4,1,1,23
"PRKAR2B-AS1",1,4,8,20,7,8,6,11,0,15,11,0,8,38,22,5,3,3,50,4,5,5,6
"TRAC",0,5,15,3,9,10,0,12,41,40,11,2,0,4,24,16,1,25,9,6,3,1,3
"INPP5E",2,9,26,9,20,2,5,8,14,20,2,11,1,8,26,29,3,24,8,3,3,3,3
"SCMH1",4,9,35,5,8,5,5,43,11,3,0,2,3,3,23,19,5,19,17,12,2,1,5
"ZNF780A",1,8,47,2,21,1,2,20,2,10,2,6,2,2,21,21,4,13,16,4,7,14,13
"CDKAL1",6,7,17,2,18,12,2,11,11,21,19,4,8,8,9,15,3,18,12,18,4,8,5
"CDKN3",24,7,11,18,5,17,2,23,6,17,4,4,2,5,9,23,25,4,9,3,6,3,11
"GTPBP10",1,7,45,15,23,5,3,17,6,7,4,11,9,4,18,10,3,25,9,3,5,3,5
"MYO9A",0,9,15,7,24,3,1,15,20,8,2,3,4,4,29,31,2,21,12,14,5,3,6
"NEK2",5,7,7,17,4,10,0,25,12,22,7,2,3,13,12,33,14,5,2,13,5,11,9
"PPP1CB-DT",0,8,25,17,9,1,1,8,5,28,6,7,6,6,10,2,17,9,14,6,21,1,31
"RUFY2",2,8,24,13,7,7,5,14,4,13,0,3,9,5,21,36,13,22,9,2,11,0,10
"TDP1",0,11,23,0,8,6,3,12,18,7,7,7,1,7,18,35,10,17,16,14,7,4,7
"ANO8",0,16,32,4,18,0,1,17,6,22,1,4,1,11,18,25,3,29,15,6,0,4,4
"CHRNA10",1,7,20,17,20,7,3,4,8,19,22,8,8,0,16,16,8,7,11,7,3,5,20
"FBXL6",1,13,41,6,14,0,2,13,9,17,2,10,1,7,17,21,3,31,15,3,5,1,5
"GOLGA8B",0,34,13,9,14,0,3,7,20,13,5,5,0,15,13,18,0,19,19,2,3,2,23
"HADH",3,24,18,0,11,8,2,21,11,10,5,8,5,7,14,21,15,13,14,9,1,8,9
"OGFOD1",0,7,37,8,13,3,2,13,11,8,3,8,9,4,13,30,5,18,22,2,7,9,5
"PLBD1-AS1",1,15,32,4,18,3,2,23,0,6,0,14,4,0,20,17,7,36,16,0,6,1,12
"SLFN12L",0,34,16,0,8,1,2,5,7,17,1,1,1,10,14,57,0,9,4,3,6,1,40
"ZNF304",1,15,7,7,21,7,2,5,13,7,20,25,6,7,21,9,2,5,14,16,6,15,6
"CIAO3",0,11,28,9,31,2,5,12,11,6,1,4,1,2,19,23,8,38,10,2,1,1,11
"DTNB",0,13,29,7,18,2,1,19,5,8,1,10,5,6,17,8,6,61,8,3,2,0,7
"EXOSC2",1,15,30,1,31,4,0,7,11,16,2,7,2,10,15,22,6,21,12,6,2,6,9
"KIF23",2,14,12,13,7,7,2,33,6,18,3,6,13,7,15,17,8,11,7,8,9,13,5
"LRIG2",0,10,41,0,15,8,1,8,14,12,7,5,6,3,17,31,6,27,4,6,5,4,6
"OSBPL3",0,18,23,1,9,2,0,6,10,19,8,3,6,11,32,21,5,17,16,7,1,1,20
"PSMG4",5,10,12,2,23,0,8,11,7,10,20,7,8,8,17,25,1,25,18,6,2,8,3
"RUSC1",0,15,22,3,22,2,1,6,5,22,5,13,1,2,14,28,5,39,12,5,4,3,7
"SEM1",1,33,16,2,19,3,0,14,23,13,7,5,2,4,12,18,11,10,12,8,5,8,10
"SLC7A6",2,10,37,1,25,2,1,13,13,10,4,1,2,7,21,29,5,29,18,1,1,1,3
"SPIB",0,7,25,2,10,1,2,3,59,4,28,5,3,1,34,18,0,10,6,0,4,6,8
"ATRIP",7,11,28,2,24,4,0,19,12,28,3,12,1,2,14,25,4,22,4,3,1,1,8
"CDT1",4,10,7,10,2,10,3,11,15,15,4,11,4,7,12,20,19,8,15,16,7,15,10
"COQ5",9,8,17,7,15,0,4,11,20,14,32,11,11,1,17,21,6,7,9,2,4,6,3
"CRLS1",4,5,14,6,19,11,1,12,5,19,18,5,11,7,15,26,9,12,15,10,3,3,5
"HEATR3",1,32,35,1,24,0,1,13,4,10,3,4,2,2,20,27,1,15,14,6,8,0,12
"MRPS23",2,13,24,1,30,4,2,23,11,10,5,2,4,2,29,11,10,25,7,7,4,4,5
"N4BP2L2-IT2",0,29,16,2,10,3,2,7,5,7,16,11,2,0,8,47,4,12,14,6,2,4,28
"NAP1L5",1,10,4,8,12,2,3,43,10,14,2,10,4,24,3,4,7,2,8,13,1,41,9
"NSUN6",8,15,11,6,12,4,0,13,10,17,26,5,4,6,7,15,5,11,14,18,1,8,19
"OLR1",0,8,6,0,0,3,0,19,0,2,0,3,6,4,6,16,44,16,33,53,1,4,11
"SENCR",0,1,22,1,24,10,1,27,4,8,0,18,10,3,14,20,11,18,11,13,5,9,5
"TRAF1",1,22,30,3,13,4,1,10,10,12,11,6,0,10,10,24,5,23,6,8,9,2,15
"ATP7B",3,9,14,6,22,4,1,18,9,7,4,2,9,9,12,18,9,14,17,7,9,17,14
"CCDC18",2,11,21,10,14,4,1,28,8,15,9,5,7,5,12,15,11,18,14,5,9,5,5
"CD6",0,8,13,0,12,2,1,16,21,28,6,3,4,7,24,33,1,29,14,0,0,3,9
"COMMD10",12,16,21,5,19,4,0,9,2,17,2,4,5,6,30,22,8,26,9,6,1,7,3
"COX18",1,7,31,1,27,3,1,10,9,13,1,9,0,1,15,31,6,36,9,4,1,1,17
"GIHCG",0,9,17,2,12,8,1,31,5,6,13,18,0,1,15,24,5,29,6,8,3,7,14
"PRKCE",0,10,24,2,27,4,1,5,7,1,3,13,5,7,35,13,1,54,4,2,3,3,10
"RNF170",4,9,26,2,13,4,1,15,4,12,1,7,3,1,34,25,7,25,13,4,5,1,18
"SPATC1L",3,5,15,2,38,2,12,7,3,10,1,8,2,1,15,7,7,13,18,35,17,5,8
"TMEM209",2,5,17,6,24,1,0,15,11,17,17,4,6,6,27,18,2,18,14,8,1,6,9
"TNFRSF13C",0,10,4,2,11,2,10,6,81,16,32,6,3,11,8,3,2,15,3,0,4,2,3
"ACTL6A",4,7,24,1,20,5,1,17,12,12,14,2,3,2,22,32,7,16,10,6,5,5,6
"ANKRD54",0,10,23,3,23,3,1,18,5,13,9,6,6,1,25,25,2,27,16,1,4,2,10
"CCHCR1",4,12,24,4,22,3,3,14,7,6,10,7,2,2,20,34,6,33,6,2,2,6,4
"CPA3",2,4,36,15,17,10,4,8,15,14,5,11,3,1,11,21,3,17,15,5,5,6,5
"DHCR24",1,12,6,13,7,7,4,4,23,16,1,0,3,9,28,6,7,8,19,22,1,19,17
"DHRS4",3,1,21,9,19,4,9,2,18,31,7,9,7,1,18,10,8,27,9,0,13,4,3
"ENTPD4-DT",3,7,0,4,0,5,1,9,31,6,89,0,2,9,10,7,4,6,2,17,6,15,0
"FCHO2-DT",9,6,10,17,4,3,5,14,15,11,30,1,3,8,5,20,32,6,7,7,9,7,4
"HSPA1L",3,3,33,2,21,6,6,12,4,9,9,5,4,2,20,14,7,20,26,5,4,6,12
"KCNJ2-AS1",1,4,26,4,15,0,5,12,0,20,0,18,0,0,13,30,2,56,13,1,10,0,3
"PLA2G15",0,3,38,2,15,1,1,14,5,10,1,13,10,2,25,26,5,36,13,2,3,2,6
"TRPT1",0,5,23,5,36,4,2,18,4,13,2,20,0,4,8,20,5,27,9,1,8,3,16
"ZNF25",0,9,33,2,17,2,2,13,6,17,3,12,0,2,21,30,4,33,7,1,7,5,7
"ATG4C",2,5,36,2,27,0,0,25,11,12,4,6,5,2,17,22,2,25,14,4,3,6,2
"ATP5PO",24,9,24,7,11,2,7,16,12,18,6,8,2,8,8,8,21,13,9,2,7,2,8
"CDYL2",1,9,24,1,20,7,1,46,2,11,3,2,6,2,19,8,6,30,1,19,5,4,5
"DNAJB5",0,12,8,1,12,7,3,19,4,22,3,16,3,0,15,30,5,50,14,1,0,1,6
"EHBP1",4,5,12,0,14,4,0,7,5,6,72,14,2,4,21,0,6,16,11,13,5,10,1
"H2AC11",7,3,17,2,3,7,4,17,7,10,5,10,20,5,11,15,14,6,17,19,3,24,6
"RDH14",4,8,12,6,12,4,2,9,27,9,24,5,2,6,18,22,9,9,19,9,5,10,1
"SUCLA2",1,15,23,2,17,2,2,7,18,11,4,0,1,7,39,23,5,16,10,11,5,5,8
"ZFHX3",0,12,26,7,22,8,1,3,5,13,3,9,2,0,32,31,4,30,9,8,3,0,4
"ZNF888",2,1,7,7,14,7,0,27,1,16,2,17,7,10,9,22,4,47,5,10,1,6,10
"ANTKMT",0,24,32,2,18,4,0,8,18,17,2,3,0,7,21,15,4,30,11,2,3,1,9
"DHX33",2,7,41,8,21,3,1,4,15,5,4,0,6,0,22,15,10,31,14,2,1,8,11
"NCAM1",0,24,5,0,12,3,1,6,1,6,1,1,6,13,18,58,1,11,10,0,2,11,41
"POLR1HASP",4,8,16,2,22,4,14,6,5,10,53,10,3,1,11,12,1,10,21,0,13,2,3
"SGF29",2,9,38,2,14,0,3,28,8,7,4,13,1,6,12,20,3,32,9,4,7,3,6
"SNHG15",0,28,12,0,10,3,4,3,7,26,6,6,3,6,11,22,6,50,10,3,2,1,12
"ST6GALNAC3",39,25,27,1,14,5,11,3,1,7,0,3,9,13,10,6,6,26,7,1,5,0,12
"YBX1P6",1,3,10,23,10,5,2,44,6,10,4,19,8,1,2,16,20,7,12,7,8,12,1
"ZBTB14",2,11,37,1,17,2,1,23,4,2,0,6,7,2,15,25,8,30,15,3,2,13,5
"ALOX15B",3,3,16,16,10,3,4,24,2,6,11,11,20,4,8,17,11,2,16,12,6,22,3
"ARMC2",1,12,15,1,15,4,2,14,2,10,1,25,1,1,19,27,8,49,13,0,1,2,7
"BCL2L2",1,17,22,0,13,2,0,18,4,8,3,8,9,6,11,21,8,27,8,15,9,15,5
"COPG2",0,15,16,0,15,5,3,16,6,10,1,8,0,2,11,21,6,53,9,6,8,4,15
"DGCR11",0,10,13,3,8,3,4,22,2,16,7,29,1,0,6,13,5,51,14,3,1,3,16
"EIF2B3",2,7,11,18,10,4,3,14,14,10,6,17,18,14,5,14,11,12,13,9,6,7,5
"FDXR",5,13,25,4,16,1,1,24,12,9,8,7,2,2,8,29,13,15,16,9,8,2,1
"GAR1",2,19,13,11,7,2,0,16,8,10,18,23,8,5,15,19,4,14,9,7,0,19,1
"HEATR6",0,5,25,0,17,5,4,11,13,8,4,7,6,6,26,26,2,24,6,6,6,8,15
"HNMT",0,5,43,0,29,4,1,20,2,20,2,2,6,0,23,26,8,18,11,1,1,5,3
"MIER3",2,14,18,5,6,3,4,6,12,10,11,4,3,4,23,21,7,42,11,7,4,0,13
"RPAIN",16,14,17,4,21,1,1,13,6,13,14,5,1,7,14,17,7,19,10,10,1,6,13
"SNHG14",0,19,11,8,14,4,3,10,13,15,6,6,5,8,19,23,5,3,7,7,2,1,41
"TRAF4",1,48,7,5,11,0,0,9,13,8,10,21,2,12,13,14,1,26,2,0,0,5,22
"CD34",0,17,13,0,15,19,1,12,12,5,4,26,6,7,5,21,10,5,7,7,10,15,12
"CEP290",1,11,19,14,5,3,2,19,14,17,12,9,7,9,16,16,12,13,6,3,9,2,10
"DHX57",0,12,43,1,17,1,0,8,10,8,6,4,5,2,25,28,7,26,9,7,1,3,6
"FBXO21",0,6,30,0,23,1,0,11,11,18,7,7,3,2,21,17,3,36,9,2,8,6,8
"FEN1",1,17,7,0,8,8,1,14,18,8,4,8,1,15,17,13,27,25,9,7,3,7,11
"H2AC8",29,8,9,4,8,7,1,19,11,1,9,14,16,4,10,14,12,9,3,9,1,26,5
"IDUA",1,22,29,4,19,0,0,12,8,19,0,12,1,5,13,25,2,33,10,0,1,0,13
"PID1",0,4,38,1,44,0,2,7,0,16,0,5,5,1,20,24,4,28,18,2,3,0,7
"RPP30",3,1,16,8,14,4,5,13,13,12,5,5,8,5,26,21,19,13,12,5,7,9,5
"SHCBP1",2,11,19,2,5,8,4,16,35,7,7,0,12,7,11,22,11,7,11,17,6,6,3
"SLC22A5",3,7,25,1,15,0,6,15,6,8,4,10,3,0,22,19,8,34,15,4,5,4,15
"SLC51A",1,9,30,2,11,3,1,9,2,15,1,8,1,5,12,31,7,40,14,4,2,2,19
"SPACDR",1,4,19,26,19,3,5,21,6,10,5,2,1,2,22,10,5,26,17,9,4,4,8
"BYSL",2,7,21,19,10,9,4,9,14,10,6,1,7,10,17,12,5,10,19,6,5,16,9
"CDK1",17,16,5,4,3,4,0,15,15,18,4,6,7,14,22,9,19,4,15,12,0,17,2
"CRACD",2,6,7,7,4,3,4,22,14,16,8,10,7,3,7,9,25,13,19,9,1,30,2
"DDX55",1,18,20,3,16,4,4,9,10,9,5,7,5,0,13,21,4,25,16,9,9,7,13
"PPM1H",0,7,42,3,15,2,1,19,9,7,0,8,3,0,19,29,10,24,13,9,2,1,5
"QNG1",2,2,45,2,35,5,2,16,2,1,4,1,3,0,36,39,0,14,8,1,2,5,3
"RALGPS1",1,22,26,0,25,5,1,22,0,12,0,6,1,0,15,30,4,38,9,0,4,0,7
"VAV2",0,6,22,1,21,5,6,5,24,10,10,3,8,6,16,25,1,41,10,2,3,0,3
"ZW10",3,8,23,8,11,3,3,10,19,15,5,5,4,4,21,23,10,10,15,13,7,4,4
"FDX1",0,12,28,0,23,4,1,9,15,25,2,4,3,0,15,22,7,27,4,3,3,4,16
"KBTBD8",8,10,10,10,11,5,2,9,18,4,34,3,6,10,7,10,5,15,11,33,4,0,2
"LAMC1",1,15,7,0,7,4,2,12,22,3,1,0,8,5,24,14,6,7,17,26,6,34,6
"METTL25",0,12,30,3,43,5,1,17,0,6,2,8,2,2,9,27,3,32,11,0,6,0,8
"PXMP4",2,6,23,1,22,4,5,15,13,4,13,10,6,4,20,10,9,21,15,5,8,9,2
"RPL21P80",10,6,8,22,21,3,3,29,14,6,8,14,4,2,15,6,11,6,7,11,4,11,6
"TMEM107",4,7,19,1,31,1,2,15,1,13,4,13,4,3,14,13,17,32,8,6,10,0,9
"UBE2C",3,20,14,4,9,7,3,18,20,12,6,7,1,4,16,18,19,13,10,10,0,8,5
"ZNF765",1,7,30,5,24,3,2,23,4,6,5,7,1,1,17,28,4,25,16,5,2,6,5
"BAZ1A-AS1",1,3,13,5,17,5,1,24,5,13,4,14,2,2,25,20,6,36,8,0,5,4,13
"CCT6B",9,6,7,9,20,3,9,9,4,14,4,43,15,0,7,5,3,10,15,16,8,10,0
"MAST4",0,9,19,15,13,9,1,8,10,7,13,6,17,3,9,16,3,3,15,16,7,21,6
"NBEAL1",4,12,23,3,12,4,3,6,16,8,15,13,6,9,8,12,5,20,19,18,4,1,5
"RPL24P4",6,7,15,8,15,10,1,24,10,6,29,7,4,3,9,5,28,3,4,17,1,7,7
"SCFD2",0,6,16,1,6,6,2,11,5,7,1,24,11,3,20,11,10,22,8,22,7,22,5
"ZNF280D",5,20,23,1,16,3,0,12,1,8,7,1,4,4,22,35,8,16,12,7,5,10,6
"CCNYL6",5,6,8,29,2,3,10,8,10,10,15,8,6,23,9,8,4,3,26,8,5,12,7
"CD40",1,3,19,6,12,2,2,9,28,18,13,1,0,4,19,22,1,42,8,1,0,9,5
"FOXP4",0,7,30,1,22,0,0,15,15,20,7,3,2,5,24,27,0,9,22,1,6,1,8
"HLA-K",2,9,27,30,18,12,6,0,0,9,10,5,9,13,0,32,0,4,19,4,7,7,2
"PARPBP",10,7,10,13,8,9,6,22,10,19,9,5,14,10,13,12,9,6,7,6,6,6,8
"POMGNT1",0,17,28,2,16,7,0,13,7,15,3,7,5,3,20,26,2,17,15,2,3,6,11
"POMT1",0,13,28,8,12,6,0,10,9,8,0,8,3,6,16,26,3,36,7,2,2,4,18
"RBBP4P2",7,3,9,10,3,4,1,11,16,8,73,3,14,1,8,9,11,5,6,7,5,8,3
"SIMC1",0,3,7,36,7,4,4,17,12,23,8,3,20,4,8,20,6,14,12,5,2,5,5
"UPB1",3,18,9,2,18,6,1,16,1,9,1,19,0,1,9,15,1,29,14,2,10,7,34
"JAM3",0,1,22,0,1,15,1,42,3,9,0,11,25,4,5,0,12,5,5,28,9,25,1
"PUDP",0,8,38,1,10,1,1,25,7,12,3,2,13,2,20,24,11,23,8,2,3,3,7
"SFR1",9,9,22,0,30,2,3,17,3,7,3,9,5,1,34,11,9,17,9,7,5,1,11
"SPATA24",7,1,8,19,3,8,0,17,7,12,16,2,7,12,18,9,11,3,16,8,16,17,7
"FOXM1",0,2,8,3,11,4,0,33,7,13,4,7,7,12,11,30,15,10,13,10,2,14,7
"PRR13P5",1,22,21,3,22,4,3,15,3,6,1,6,2,1,19,15,8,30,15,3,4,5,14
"SLC26A11",0,17,36,6,34,1,0,16,5,15,0,8,0,1,10,23,4,22,9,0,2,6,8
"ZP3",0,0,23,4,11,0,0,87,1,3,1,34,13,4,18,8,2,4,2,3,3,2,0
"CLEC11A",0,7,10,0,8,2,2,7,21,2,1,12,1,1,11,45,26,20,5,19,4,5,13
"COA6",18,7,9,1,7,4,4,18,15,13,10,9,2,2,18,16,16,16,10,6,1,4,16
"GOLIM4",0,9,25,0,19,4,1,10,11,17,5,7,0,5,15,28,5,26,3,6,10,3,13
"IGLV4-69",3,12,2,0,17,7,0,4,69,0,13,0,0,11,15,15,6,1,5,3,4,2,33
"KRT8P12",0,4,42,5,28,2,0,33,2,9,0,6,0,1,16,23,8,30,4,1,1,5,2
"MSH2",1,20,17,1,20,6,0,12,20,7,8,7,3,2,25,15,7,10,13,6,4,9,9
"NFS1",1,5,19,5,24,6,1,6,8,7,8,6,2,1,31,31,2,15,12,13,5,8,6
"NUP43",0,19,40,4,14,1,2,20,11,11,6,1,1,1,20,21,3,14,6,8,5,3,11
"ZNF195",1,11,24,3,20,3,5,15,6,20,11,4,1,10,12,16,7,19,17,3,2,1,11
"AGA",0,19,17,2,28,3,1,16,10,8,2,3,8,6,4,17,15,23,9,6,17,1,6
"ARL1",1,8,9,0,17,8,1,8,15,25,7,9,3,4,18,14,12,23,11,5,2,5,16
"CASD1",0,21,16,1,16,1,0,3,11,14,12,5,1,5,24,30,9,12,17,6,1,5,11
"FBXO44",0,22,20,5,18,3,6,11,11,11,7,2,0,10,28,20,0,18,13,0,0,2,14
"HACD3",5,6,15,5,10,6,0,11,14,19,7,4,2,7,17,24,13,16,6,10,3,6,15
"KCTD15",0,17,36,4,33,1,3,8,6,11,1,7,3,2,24,18,3,21,12,2,3,1,5
"MPI",0,8,19,4,17,2,2,21,22,9,8,7,0,7,13,22,8,25,13,1,4,5,4
"PTBP2",1,20,28,2,13,2,5,15,8,15,6,3,1,6,9,13,4,22,12,8,4,6,18
"RPAP2",2,14,23,15,7,0,1,12,9,6,5,5,14,4,17,27,11,15,17,4,2,4,7
"SUCNR1",4,1,16,0,7,11,0,13,1,5,2,5,6,1,6,14,23,16,21,34,2,26,7
"WDR53",2,13,24,4,24,2,1,13,2,3,3,15,0,0,18,14,6,52,7,3,3,4,8
"ZNF512",0,15,18,8,26,1,7,6,9,7,12,12,2,2,9,27,5,23,11,3,3,1,14
"BGLT3",7,2,4,5,4,17,12,2,25,4,75,1,0,19,8,0,3,0,4,4,1,10,13
"INSIG1-DT",1,0,15,7,4,10,0,12,9,10,2,20,8,1,11,13,20,21,10,14,2,26,4
"MIGA1",0,21,29,1,18,7,2,15,8,16,0,7,3,0,23,20,4,25,12,2,2,1,4
"MRM3",4,4,8,7,12,5,1,6,21,12,20,6,7,13,16,16,19,16,10,6,3,7,1
"NTPCR",1,11,30,3,23,5,2,6,13,19,5,5,3,3,20,10,13,23,10,4,4,2,5
"OTX1",3,11,72,5,12,7,1,10,0,8,4,10,1,0,10,11,7,7,24,2,4,0,11
"RPL26L1",0,8,22,4,27,3,1,11,5,15,5,12,1,1,17,14,10,25,14,5,5,5,10
"CCNF",7,7,15,7,11,14,2,17,10,12,9,7,3,17,14,7,14,11,7,9,6,11,2
"DNAJB6P1",2,6,6,1,9,4,0,8,9,7,39,6,13,7,12,14,4,12,13,14,3,25,5
"GEMIN4",1,6,27,1,16,2,2,5,9,16,2,3,4,5,21,17,13,32,16,6,0,2,13
"HGF",0,14,42,1,16,7,0,20,0,4,0,4,4,1,27,29,5,13,10,5,11,6,0
"KCTD3",4,10,9,10,10,5,2,14,5,10,11,7,4,10,14,17,29,4,17,9,5,8,5
"RAB30",1,17,13,0,9,12,9,2,26,22,11,4,7,15,7,13,5,14,11,7,3,2,9
"SLC25A21",16,7,22,22,8,2,5,4,6,6,0,7,37,6,1,2,25,11,18,4,2,3,5
"SLC2A9",0,22,25,2,18,2,1,13,0,21,0,10,0,0,29,31,5,25,8,1,1,2,3
"AP1S1",1,10,26,0,20,3,1,9,6,17,4,4,4,0,15,15,17,34,11,4,6,7,4
"CBX8",0,3,31,1,17,5,1,14,0,14,2,20,0,0,14,26,9,29,15,2,6,3,6
"CDKN2AIPNL",3,12,10,4,11,3,0,14,10,19,8,13,8,2,11,14,21,19,9,8,2,14,3
"CHKA",0,10,22,3,11,2,1,13,11,21,5,5,1,1,12,16,4,51,15,3,2,1,8
"COG7",0,5,17,2,12,1,1,13,12,12,4,12,2,3,13,29,8,26,19,8,9,7,3
"DAAM2",0,63,18,3,8,7,0,9,0,16,0,5,4,3,4,27,3,5,14,4,10,2,13
"DANCR",5,7,16,3,10,3,1,26,20,12,29,0,6,4,9,9,10,13,12,12,8,0,3
"EFEMP2",0,4,22,4,16,2,1,32,0,9,0,7,1,4,20,20,4,53,10,1,3,0,5
"FASTKD1",2,9,20,7,16,7,0,10,17,10,4,4,5,12,29,14,6,10,14,11,1,6,4
"HFE",4,3,22,4,29,0,0,23,2,2,6,6,4,1,25,48,2,17,9,1,6,3,1
"MTERF1",2,10,19,1,29,2,3,10,2,13,5,7,2,2,23,25,9,25,9,4,4,1,11
"PNPLA4",8,6,7,7,10,11,6,19,5,17,16,5,3,10,14,12,22,5,17,9,2,4,3
"SLC39A10",2,20,28,8,7,3,4,8,9,13,15,4,2,3,25,10,1,12,17,3,7,3,14
"UHRF1",6,16,14,2,12,2,0,20,19,3,5,6,1,6,17,20,10,12,16,15,3,6,7
"ZNF219",0,6,16,0,13,9,0,23,3,24,1,14,9,1,11,15,5,39,15,3,4,5,2
"ZNF589",0,11,34,4,10,4,4,11,8,22,5,4,2,2,23,30,2,21,9,0,1,0,11
"C17orf67",2,6,8,0,2,1,0,15,37,6,31,6,17,2,6,3,21,6,6,7,7,4,24
"FGD6",0,6,37,1,15,1,1,5,56,2,1,4,5,1,14,18,0,30,6,0,3,4,7
"GRIN3A",0,1,14,16,6,0,15,14,3,28,25,8,5,4,6,35,1,2,25,0,5,0,4
"HMGN3",0,14,14,4,28,2,5,9,13,26,2,1,0,6,25,12,2,27,9,1,1,3,13
"ITPKB-IT1",0,9,41,6,32,2,7,9,0,9,0,17,1,0,9,36,3,16,7,3,3,1,6
"LINC01765",3,6,27,3,20,8,3,41,0,10,1,14,0,0,22,16,3,26,9,1,1,1,2
"MIEF2",1,11,24,0,23,6,3,14,8,9,0,14,2,1,6,22,5,37,11,3,4,4,9
"MRPS9",0,9,14,9,1,6,1,12,11,13,13,8,13,7,17,26,9,7,16,11,4,5,5
"PYHIN1",1,33,11,0,9,0,2,1,10,26,2,2,0,10,22,40,0,4,9,0,5,3,27
"DNAJC25",2,20,14,3,8,1,4,11,10,13,4,9,3,2,22,23,2,39,12,2,4,0,8
"EOMES",0,14,9,2,11,4,1,1,7,15,1,5,1,10,26,37,4,7,5,2,16,8,30
"GPR35",0,15,22,0,24,3,3,8,2,13,0,11,0,1,16,15,6,56,12,0,1,4,4
"LNCATV",0,5,40,2,20,6,5,4,0,8,0,7,1,2,7,40,7,27,19,0,5,2,9
"NOL9",2,7,21,9,14,2,1,13,13,5,11,7,7,3,23,23,2,18,10,6,2,3,14
"NR2C2",1,7,21,11,21,3,2,15,5,7,4,4,8,6,10,12,7,25,14,3,1,8,21
"PIK3C2B",0,22,16,3,14,1,2,9,34,11,12,6,2,2,9,18,4,15,10,5,0,15,6
"STPG1",0,4,14,16,11,10,3,25,9,20,3,2,13,9,13,9,10,13,12,4,6,7,3
"THAP8",0,3,11,13,24,5,0,25,2,9,4,9,14,6,12,24,11,6,16,3,8,9,2
"TRDMT1",1,24,17,4,16,6,1,23,2,6,1,6,4,7,15,16,4,50,1,1,0,3,8
"ZNF875",2,13,29,3,24,3,1,9,12,12,5,10,2,6,8,23,3,18,8,2,3,4,16
"BCL2",0,12,18,1,11,3,1,11,27,10,21,3,2,8,16,14,3,24,13,0,2,5,10
"FKBP9",2,9,31,0,16,3,1,24,4,2,1,2,1,1,20,19,6,26,25,7,7,3,5
"LSM5",4,20,28,1,13,3,1,12,7,17,6,9,5,1,14,25,15,16,5,2,1,5,5
"NCKIPSD",1,5,24,6,7,8,0,12,6,5,0,7,10,2,17,25,9,18,15,16,4,16,2
"OMG",0,16,32,1,12,0,2,10,0,29,0,23,0,2,6,25,0,20,17,0,0,2,18
"SDC4",3,2,12,2,3,8,1,10,3,19,26,4,6,4,11,15,7,41,9,16,0,7,6
"SLC20A1-DT",9,10,16,11,11,2,2,9,5,15,6,4,6,9,12,7,9,9,8,10,18,23,4
"SMYD4",1,7,15,9,7,1,0,6,13,14,7,2,14,1,27,21,6,14,14,7,4,18,7
"WDR5B-DT",8,2,12,6,6,8,3,28,11,18,7,15,6,2,2,21,8,3,15,3,20,7,4
"ANKRD13C-DT",22,2,6,8,23,15,5,11,7,4,3,6,8,9,7,4,6,27,16,10,3,8,4
"CAB39L",7,2,18,2,18,1,5,21,4,11,6,9,1,2,29,17,8,25,11,0,2,7,8
"ILVBL",3,16,23,1,9,9,1,12,12,15,3,3,3,9,20,16,5,25,8,3,5,8,5
"KIF18A",7,4,11,10,11,6,8,20,5,18,7,6,5,9,15,14,10,7,5,18,2,14,2
"LINC00861",0,23,13,2,12,4,2,9,13,19,1,5,2,4,19,45,0,8,10,1,6,7,9
"MOSMO",3,4,21,4,19,3,0,17,12,2,1,6,2,3,16,12,18,21,10,13,5,13,9
"NAIPP2",0,4,28,1,34,3,8,13,0,4,2,4,5,0,20,23,11,25,19,2,3,2,3
"NBPF1",2,5,21,8,20,8,0,5,13,4,3,3,1,3,22,29,4,11,17,13,8,11,3
"NCAPH",5,3,11,5,8,6,6,17,26,11,4,2,8,10,11,16,17,6,8,7,6,16,5
"NDUFV2-AS1",5,6,13,13,12,3,1,20,16,14,11,15,8,3,3,13,5,24,8,7,3,4,7
"RHOBTB3",4,8,15,13,20,4,1,10,8,12,6,7,3,10,14,16,2,10,7,1,5,26,12
"TTC5",1,14,24,0,26,3,2,7,12,11,5,4,5,4,22,24,7,8,10,9,1,10,5
"BLMH",0,8,27,1,12,1,1,11,24,18,5,3,5,6,12,32,0,15,11,2,4,5,10
"CDK5RAP1",2,19,23,3,16,5,2,9,6,10,2,6,3,3,11,20,10,11,13,4,9,5,21
"KATNAL1",7,10,6,7,3,2,0,9,13,16,13,5,7,4,21,26,16,16,6,7,5,8,6
"METRN",0,3,6,2,7,2,0,12,7,12,1,2,51,6,26,17,10,10,26,1,5,2,5
"POLR1F",0,12,11,2,8,6,1,14,18,15,6,5,4,17,9,15,1,37,10,4,4,6,8
"TGFBR3L",2,1,8,14,9,6,5,12,6,10,5,7,10,0,44,6,22,2,26,6,3,8,1
"THOP1",3,12,21,3,10,0,3,13,17,11,2,8,0,12,20,18,16,9,9,5,4,7,10
"TPTEP1",0,13,9,4,15,8,2,28,0,6,1,15,1,2,30,4,10,19,17,14,3,9,3
"TRDC",0,31,5,1,19,7,1,2,5,20,2,3,8,9,17,49,0,1,8,0,3,12,10
"VWA5A",0,8,30,0,20,15,2,16,9,10,2,6,2,6,25,19,11,6,7,10,2,3,4
"AP1AR",0,4,42,0,24,5,0,11,8,11,3,7,0,0,17,27,4,29,13,1,1,1,4
"BSCL2",2,6,7,3,4,4,2,13,18,6,16,17,12,7,13,21,14,5,8,14,7,7,6
"CC2D2A",0,25,20,1,24,3,1,10,3,5,0,4,1,1,13,31,1,30,9,1,0,3,26
"DACH1",0,6,28,1,15,7,0,8,0,4,0,2,2,0,13,27,9,37,14,13,9,10,7
"EXD3",11,3,4,3,13,3,7,13,12,14,11,7,11,6,14,12,20,15,8,4,2,6,13
"LRRC40",4,12,30,6,16,2,2,8,12,12,4,9,1,4,12,20,4,18,13,9,5,0,9
"PRIMPOL",7,20,23,4,23,3,1,13,7,11,7,5,1,7,4,21,7,17,7,2,4,8,10
"RNU7-103P",1,2,12,15,7,11,4,27,11,22,33,1,8,0,1,5,13,5,8,9,5,2,10
"SERAC1",0,4,26,3,15,1,0,20,4,9,2,7,2,1,14,33,3,27,18,4,3,7,9
"TMEM161B",0,18,39,1,36,0,1,8,6,10,1,0,6,4,14,21,2,22,3,3,0,3,14
"UBXN8",24,12,4,10,9,8,1,15,5,12,10,5,4,3,8,9,26,9,10,5,6,11,6
"ZNF738",4,5,16,0,11,3,5,16,6,17,1,10,8,7,6,23,1,21,21,17,2,5,7
"AGK",0,22,19,2,19,2,3,6,13,10,5,1,1,12,21,16,2,12,8,0,5,6,26
"CCDC24",2,3,18,2,10,6,0,13,9,15,1,3,10,2,18,19,5,21,20,17,4,10,3
"CLEC10A",0,5,34,7,28,9,2,4,4,14,0,10,2,0,29,28,4,18,10,1,1,0,1
"COPB2-DT",7,7,6,5,8,6,3,13,3,37,2,16,12,4,6,40,16,6,3,1,3,4,3
"DEPDC1",10,7,10,2,3,13,0,21,11,28,17,2,2,6,9,13,9,3,10,9,13,7,6
"HOOK2",3,9,18,0,17,8,1,20,6,21,3,15,0,8,6,25,4,25,6,6,2,3,5
"IGHV3-11",0,19,0,1,9,6,2,6,86,4,12,0,0,2,32,3,0,4,7,0,1,13,4
"MAST1",4,1,11,24,2,6,4,16,10,6,3,3,9,12,8,10,9,8,10,13,6,26,10
"MORN2",10,0,0,11,7,5,5,8,6,2,10,2,19,14,22,2,31,4,15,15,12,4,7
"SERPINF2",12,4,9,5,7,6,4,17,13,11,11,6,13,5,19,2,4,12,21,15,6,5,4
"SERPINH1",1,1,10,0,7,5,2,11,36,12,43,3,6,1,9,19,4,1,7,12,7,9,5
"SLC35A1",0,5,26,0,38,2,1,22,4,5,1,2,2,0,17,19,11,32,16,3,3,2,0
"TTF2",6,15,40,2,15,17,6,13,6,7,1,0,1,4,10,14,2,20,13,5,0,10,4
"ZNF236-DT",0,5,28,30,9,0,1,13,3,9,2,2,7,5,10,21,16,26,13,4,7,0,0
"DNAJC27",1,5,11,1,13,3,6,9,7,14,19,10,7,1,18,12,7,35,15,6,3,2,5
"ERI2",6,3,16,5,18,3,2,9,11,12,42,0,6,1,13,8,10,5,21,3,4,9,3
"IFFO2",0,17,26,0,19,4,3,3,13,11,8,4,0,6,18,23,3,27,13,3,0,6,3
"IZUMO4",0,7,22,11,29,1,0,18,0,6,1,15,2,0,11,20,3,47,7,2,3,0,5
"LINC00115",2,4,5,7,6,1,3,5,13,5,43,5,7,6,9,6,9,8,18,23,7,13,5
"MIR3945HG",0,7,24,9,23,1,3,17,1,5,0,6,2,3,29,23,2,28,10,1,3,3,10
"NLRC4",0,2,12,7,47,3,3,16,2,6,0,1,1,1,29,18,11,17,11,6,4,7,6
"PAIP2B",3,5,3,16,5,2,1,8,29,7,28,21,6,0,6,15,8,3,10,12,0,20,2
"PLCH2",2,42,17,2,11,4,3,7,3,24,1,3,0,14,13,26,0,6,5,2,2,2,21
"PLEKHA1",0,19,24,0,12,1,0,8,12,10,1,2,3,19,16,25,3,9,14,4,3,10,15
"SLC37A4",2,6,18,8,23,6,1,8,9,6,5,4,6,8,11,16,17,27,10,11,2,4,2
"ST20",0,9,62,8,25,5,3,10,0,9,0,11,0,0,8,23,3,10,7,1,6,0,10
"TTN-AS1",0,15,28,0,20,3,2,14,0,9,3,7,0,2,12,17,8,23,12,7,8,1,19
"ACCS",0,27,29,8,14,1,0,6,8,9,4,20,2,4,12,20,3,8,8,11,6,5,4
"APC2",0,6,25,6,27,2,3,7,3,4,0,20,3,1,12,19,6,40,11,4,3,0,7
"C1orf21",0,22,11,2,9,2,1,13,4,27,0,8,2,19,15,34,4,4,7,3,2,8,12
"DIS3L",0,19,10,0,18,2,1,9,18,4,2,6,1,7,28,22,2,13,19,14,8,2,4
"KIF18B",2,8,21,10,5,5,0,12,15,10,18,3,1,6,20,19,10,4,13,9,2,12,4
"NAA25",2,13,26,0,13,5,7,10,12,9,2,5,2,1,20,11,4,23,13,4,4,6,17
"OSBPL7",0,36,19,1,10,0,5,3,7,12,3,4,0,9,12,26,2,17,2,1,3,2,35
"RGS1",0,47,10,2,7,3,1,7,2,12,4,9,2,24,10,6,1,25,10,3,1,1,22
"S100Z",0,8,18,2,39,0,1,16,2,19,0,5,1,0,8,16,5,37,17,3,4,0,8
"SOSTDC1",1,1,2,1,1,2,0,5,17,2,65,3,0,1,3,14,1,7,74,4,1,4,0
"TG",1,18,22,0,6,2,5,5,0,27,3,13,0,4,7,30,1,30,12,1,1,0,21
"TRIM65",0,16,25,4,19,0,2,8,12,14,3,8,3,6,18,21,4,16,13,2,2,4,9
"WDR12",1,13,18,8,15,5,1,6,18,18,4,4,4,1,24,9,3,21,9,7,8,8,4
"YEATS4",3,13,20,1,11,5,2,13,12,8,2,14,6,9,12,7,17,18,13,10,2,3,8
"ZC3H10",2,0,39,3,12,2,1,15,7,3,21,6,3,0,15,20,6,29,8,2,2,6,7
"ZNF45",1,4,24,0,19,4,0,17,3,4,4,4,2,7,11,28,5,37,10,8,7,2,8
"AURKB",1,4,16,8,9,3,1,16,19,7,5,12,1,4,17,13,17,14,8,4,7,2,20
"C1RL-AS1",2,16,22,2,6,3,5,6,3,5,4,6,0,8,7,46,1,44,4,2,4,3,9
"CHST14",0,6,29,1,13,4,2,6,6,6,3,3,0,1,21,29,5,34,15,4,3,4,13
"HEG1",0,28,14,1,10,1,2,1,11,12,1,0,0,8,50,26,1,10,3,0,6,11,12
"PACSIN1",0,10,16,6,20,1,0,13,4,3,1,29,1,5,18,18,1,11,7,0,12,12,20
"RUSC2",0,5,43,2,27,1,1,10,0,15,0,4,5,0,25,16,0,26,16,0,2,0,10
"SGK3",0,3,27,1,15,4,2,17,0,15,0,1,4,0,14,22,10,46,6,4,5,2,10
"ST13P18",0,14,3,21,4,6,0,23,7,10,17,6,8,6,6,4,6,3,13,26,6,13,6
"ZNF41",1,9,21,2,21,7,1,15,10,5,4,7,6,0,20,22,6,24,7,4,8,3,5
"AATBC",0,8,34,8,35,3,0,11,4,9,0,3,6,0,23,38,1,18,3,2,1,0,0
"CLCN5",4,4,25,5,23,1,2,16,3,6,3,5,5,0,22,22,3,25,12,3,4,1,13
"HIVEP3",0,13,31,0,15,3,4,4,5,10,3,2,1,13,17,19,2,17,16,1,1,5,25
"IFT43",7,9,6,10,9,4,1,6,10,18,6,6,8,2,18,10,13,16,14,9,10,5,10
"MTND2P28",1,9,11,7,3,3,2,3,0,6,0,3,8,1,5,12,8,4,2,109,0,3,7
"MVB12B",0,6,22,4,10,2,1,26,4,6,0,9,1,3,12,12,17,25,17,14,4,5,7
"PECR",0,11,29,3,27,2,4,8,2,9,2,6,1,1,23,15,8,24,16,4,6,2,4
"PXN-AS1",0,22,21,4,17,0,3,12,0,21,0,11,1,0,8,36,0,15,23,0,2,0,11
"SEPTIN8",4,7,15,22,0,3,7,13,10,15,4,0,10,16,13,16,11,6,15,10,5,4,1
"SERPINB9P1",1,6,18,0,5,0,7,7,10,3,8,9,3,3,3,11,1,64,4,7,10,5,22
"SLC22A1",0,6,17,0,10,1,2,9,1,17,1,13,1,4,8,42,6,30,11,0,0,2,26
"TMEM176A",2,12,7,7,2,8,1,3,9,36,5,7,0,0,13,67,4,17,0,2,1,4,0
"ALDH18A1",0,14,11,0,8,2,1,5,46,7,21,1,4,4,19,16,13,3,8,6,3,6,8
"DDX11",0,19,15,1,8,1,7,8,7,13,11,1,2,3,7,19,2,24,5,9,5,6,33
"MIER2",0,6,43,5,16,4,1,8,3,17,4,8,2,7,13,11,3,30,4,4,5,2,10
"NPIPA5",4,0,18,32,0,7,3,2,13,6,33,0,13,4,8,9,0,8,17,6,6,13,4
"PLCB1",0,12,39,0,20,2,4,14,0,10,1,12,2,1,21,16,2,33,8,1,1,1,6
"TCEAL8",0,12,20,0,20,5,3,13,8,7,5,27,4,4,15,8,3,19,5,5,8,8,7
"WDR36",0,8,19,9,15,1,5,2,9,12,11,4,2,1,30,11,2,21,11,10,3,3,17
"ZNF14",2,2,21,0,21,0,2,22,2,5,1,10,7,1,25,23,2,41,4,2,3,3,7
"ZNF778-DT",6,3,25,3,12,4,0,10,15,8,30,2,4,0,4,12,5,10,30,7,1,13,2
"ZSCAN22",3,5,13,2,9,1,1,10,2,11,34,8,11,3,11,15,1,12,19,11,6,11,7
"CRPPA",1,8,9,7,1,16,2,5,6,2,14,7,6,1,14,14,18,8,45,12,3,4,2
"EMICERI",1,9,27,5,14,4,1,5,0,11,0,5,0,0,8,26,1,45,8,2,3,0,30
"ENTPD2",0,4,8,5,3,6,1,24,0,55,0,19,2,0,15,24,2,18,13,1,0,1,4
"NTMT1",1,7,13,6,10,5,2,15,6,22,2,12,5,3,7,17,20,25,14,5,3,4,1
"PFAS",0,5,15,1,24,3,2,10,24,5,7,4,1,4,27,26,4,10,2,5,6,2,18
"RARG",0,4,7,3,17,3,2,8,4,24,1,4,6,2,31,16,0,41,13,4,2,2,11
"SEMA6B",1,5,12,0,8,1,4,24,6,12,4,4,2,3,26,20,3,38,11,3,4,6,8
"SMPDL3A",0,13,59,1,33,2,3,4,3,7,0,7,2,0,9,22,5,15,11,3,2,2,2
"TMEM272",0,14,11,2,25,3,4,11,1,6,0,2,5,3,12,20,2,53,19,3,1,0,8
"CEP89",0,3,24,2,21,3,1,24,10,6,3,3,5,0,13,21,3,23,14,6,9,3,7
"DCTN6",4,16,8,0,15,4,3,5,7,24,4,12,5,4,14,17,3,23,8,3,5,3,17
"LTC4S",0,6,33,7,28,5,3,16,0,8,0,19,0,2,10,25,7,11,14,2,4,0,4
"NFKBIL1",1,4,11,6,25,4,1,9,0,20,3,23,2,1,12,20,5,35,10,2,3,0,7
"POLR1A",1,7,15,0,14,3,2,3,18,7,10,1,7,12,24,16,3,23,7,7,11,2,11
"WDR3",0,4,23,1,24,4,2,12,16,7,1,5,1,2,25,28,3,20,13,2,1,2,8
"ZNF615",0,5,23,4,21,1,2,25,4,5,4,9,2,4,12,31,6,22,11,5,1,1,6
"ASTE1",2,5,41,2,17,1,1,20,4,7,2,4,2,2,18,17,1,30,10,6,1,3,7
"IGHV3-49",1,19,10,0,41,1,2,0,68,0,5,0,0,10,20,6,0,1,8,0,1,2,8
"LGMN",0,7,8,0,17,4,4,12,12,9,4,10,3,6,11,17,8,10,8,4,13,18,18
"PRKCQ",0,10,13,2,11,7,1,17,15,9,5,5,6,11,16,16,5,7,11,14,7,4,11
"RPS4XP16",2,0,14,10,9,1,0,16,20,5,55,2,10,5,3,18,4,4,5,7,1,12,0
"TTC39B",0,14,19,1,17,4,1,28,11,6,2,6,6,0,15,17,3,17,5,12,9,3,7
"ATAD3A",0,14,16,2,14,0,4,8,29,10,2,3,4,9,13,12,5,21,24,1,5,3,3
"DPAGT1",0,11,36,3,15,1,1,17,12,13,4,2,7,3,13,21,4,12,8,5,4,3,7
"LINC01011",0,6,15,1,3,2,1,43,1,6,14,8,7,3,5,18,6,16,6,16,2,20,3
"MALRD1-AS1",0,6,17,2,2,12,1,50,2,6,12,17,11,2,1,4,8,2,14,9,0,17,7
"PTPN14",12,4,5,14,4,9,5,5,13,1,8,2,13,14,38,8,5,4,10,5,9,6,8
"TYW5",0,18,16,8,7,3,2,11,6,8,8,8,7,6,11,20,10,28,12,3,0,1,9
"ANXA2R",4,13,7,1,14,5,2,4,5,11,6,9,1,4,11,37,4,19,7,2,8,15,12
"CD27-AS1",3,5,19,5,9,4,1,26,6,4,2,8,4,12,8,20,9,16,7,17,0,11,5
"ENKUR",0,6,22,0,2,7,1,15,3,12,0,18,17,1,3,14,8,13,5,15,2,32,5
"FAM153A",1,2,5,8,9,3,0,14,4,5,1,4,7,2,0,8,6,4,110,1,2,0,5
"KRBOX4",2,11,21,2,11,5,2,8,5,14,1,11,3,0,14,25,4,37,4,3,6,3,9
"LINC01270",0,9,24,3,28,1,4,21,0,13,0,16,1,2,12,22,1,24,2,0,2,0,16
"PKHD1L1",0,4,22,1,0,6,3,21,6,5,7,5,12,4,5,9,5,7,12,8,7,44,8
"TSNARE1",0,11,23,2,24,1,1,19,11,4,3,0,0,0,15,33,8,22,10,2,3,4,5
"ZSCAN9",0,9,30,6,16,3,2,11,2,10,1,10,1,6,15,23,9,23,6,1,3,0,14
"CYP4V2",1,15,19,1,14,1,4,4,4,20,6,2,2,10,16,19,9,31,6,1,2,2,11
"EOGT-DT",2,3,11,5,2,7,2,8,12,11,47,1,6,5,12,4,10,4,26,5,2,7,8
"GFER",3,13,21,3,21,1,0,10,15,11,7,6,3,0,19,6,12,17,19,1,5,3,4
"HAUS8",0,9,25,5,16,1,2,9,9,6,2,6,0,1,17,25,3,35,11,1,5,4,8
"HMGN2P3",1,6,23,5,18,3,1,24,1,14,1,12,6,2,6,26,4,18,11,4,2,7,5
"LPAR1",0,7,24,2,29,2,2,10,0,0,0,1,3,0,22,19,0,43,14,1,13,0,8
"PDE6G",4,4,4,19,9,5,5,8,7,6,2,8,12,2,15,17,8,7,14,0,4,27,13
"PYROXD2",7,11,19,7,11,5,5,11,6,9,5,7,6,5,20,16,9,5,11,7,8,5,5
"RPL22P5",6,5,0,12,5,8,5,8,14,0,4,10,14,15,8,5,5,1,3,2,26,42,2
"RPS2P55",0,3,5,7,12,12,2,21,6,9,12,4,5,13,11,15,13,4,12,13,6,13,2
"RPUSD4",7,7,21,2,9,3,3,8,27,14,3,2,2,5,21,14,6,21,14,3,1,1,6
"SLC24A3",1,3,8,1,10,5,5,15,1,9,0,14,28,0,9,13,9,10,20,12,6,16,5
"STOML1",0,9,8,2,11,1,0,22,11,18,3,4,3,5,12,20,6,32,6,3,5,7,12
"ZNF121",1,26,9,4,9,3,9,5,8,15,4,4,0,7,18,13,4,26,12,1,4,5,13
"BCAT1",2,10,24,0,19,12,0,10,14,6,3,2,6,5,24,13,2,11,11,7,5,2,11
"CHRNE",1,11,3,7,20,0,1,11,1,20,0,24,15,2,5,15,1,16,4,4,3,5,30
"CYP2R1",3,9,41,2,21,3,2,4,3,12,1,1,1,11,14,34,1,16,6,1,2,1,10
"HMCN1",0,0,0,0,0,0,0,0,0,1,0,0,0,0,0,3,195,0,0,0,0,0,0
"KLHL26",0,5,34,1,12,2,0,23,7,8,0,8,0,1,18,10,1,50,0,1,3,6,9
"LINC02980",2,7,12,9,6,7,4,13,2,8,11,0,2,3,8,30,7,11,14,7,6,10,20
"TBC1D31",2,7,10,8,9,5,9,6,13,10,7,2,7,2,19,33,8,6,13,2,4,6,11
"TMEM150A",0,10,33,1,11,4,1,11,6,13,1,9,0,4,23,30,0,20,15,1,1,0,5
"AKR1C3",0,15,13,2,5,5,3,5,3,19,6,7,0,14,16,22,6,7,16,4,11,2,17
"BRIX1",0,12,11,1,14,4,1,10,11,32,1,2,2,10,16,25,1,18,6,5,2,3,11
"CMSS1",2,9,4,10,1,7,4,15,6,14,6,18,7,5,12,15,5,9,17,15,2,7,8
"EID2",0,8,25,3,17,0,2,7,5,12,3,7,4,2,27,25,3,26,14,2,3,0,3
"IDNK",5,8,9,6,4,3,3,16,3,14,8,11,1,4,7,26,11,18,11,4,6,10,10
"LIAS",4,14,13,3,26,3,1,12,9,13,7,7,2,3,7,26,18,8,5,2,4,0,11
"MED31",3,6,36,7,16,3,1,13,1,12,2,10,1,1,11,19,5,20,14,4,2,3,8
"MFSD14A",1,3,13,10,22,1,2,9,13,12,24,1,11,6,7,13,6,9,9,3,9,12,2
"PRMT5-DT",1,8,19,10,13,3,3,10,4,6,2,0,0,0,28,17,4,34,10,0,6,13,7
"PRMT9",3,2,18,12,16,0,7,10,13,4,11,4,10,4,5,20,4,19,11,16,4,4,1
"TMEM68",0,3,31,0,21,3,1,10,3,1,8,11,0,2,15,21,3,37,10,2,4,3,9
"TUBD1",2,6,15,1,9,4,1,15,21,6,16,10,2,2,17,7,10,12,16,2,6,13,5
"ZNF169",0,11,22,6,15,0,5,5,0,1,4,10,2,2,12,30,0,23,17,5,3,3,22
"ZNF17",1,7,9,12,13,12,3,7,10,7,16,4,7,2,6,22,8,8,6,23,2,8,5
"BTF3P10",1,5,7,10,13,5,2,20,6,5,11,5,18,7,8,8,15,1,10,12,7,15,6
"CAMSAP1-DT",2,2,15,17,7,0,0,10,24,17,22,3,7,8,16,10,7,4,14,2,5,4,1
"COG6",0,12,22,5,7,8,2,10,14,11,8,7,4,3,16,16,3,21,7,1,10,2,8
"HPGD",1,6,20,3,4,10,0,13,8,11,1,12,14,0,15,4,6,9,8,17,9,19,7
"IGHV4-61",0,17,28,0,14,1,5,0,31,1,8,6,0,1,40,3,5,3,11,0,2,11,10
"MARCO",0,7,4,1,16,1,0,4,2,13,0,1,5,0,46,36,5,35,13,0,7,0,1
"MED9",1,7,23,4,7,4,1,6,4,10,8,7,4,9,9,17,5,42,10,4,7,1,7
"MRPS18A",1,10,13,7,10,5,2,21,6,12,17,3,6,3,15,11,5,10,14,5,3,13,5
"N4BP2",1,4,31,7,9,3,1,4,13,8,8,8,0,7,13,11,12,19,6,10,4,3,15
"NEDD4",3,8,25,0,12,6,4,23,4,5,0,5,5,1,16,24,1,24,10,8,2,5,6
"RNF215",5,7,17,2,11,4,3,11,4,10,2,13,3,7,9,18,6,27,8,12,6,2,10
"TDRKH",12,6,5,7,0,6,5,4,2,3,8,3,8,13,15,11,10,12,13,22,4,19,9
"ZBTB20",4,14,17,6,11,1,6,15,6,11,8,17,5,12,4,8,4,23,2,7,2,8,6
"AKT3",0,2,15,2,9,3,0,25,4,5,0,4,8,7,23,16,5,18,14,9,3,11,13
"ALDOA",0,17,28,4,22,0,0,21,0,11,0,15,1,0,15,22,2,18,11,5,3,0,1
"DBF4B",1,9,21,5,20,2,1,12,7,7,8,7,2,0,11,30,6,20,8,3,5,5,6
"DRC12",0,11,30,1,20,11,2,3,0,18,0,5,0,0,11,21,6,29,18,1,3,3,3
"FTH1P23",9,8,4,10,6,8,5,17,3,7,7,20,4,5,6,9,27,12,10,10,1,7,1
"IGHV2-5",0,12,26,0,16,8,1,0,57,1,4,0,4,6,35,12,0,7,4,0,0,2,1
"KIF20A",1,11,8,10,3,3,2,33,5,11,6,5,9,4,10,11,11,6,15,13,6,8,5
"LDAH",1,15,13,5,12,9,1,12,14,10,6,5,6,4,19,10,15,8,10,9,5,2,5
"MRPS18C",13,4,10,0,14,1,3,11,5,19,4,16,3,3,12,12,3,23,17,5,3,7,8
"MYO18B",8,1,4,27,3,4,1,15,6,8,22,5,5,10,7,9,4,4,17,15,5,8,8
"RCAN1",1,10,20,1,18,3,3,25,5,8,0,12,3,4,15,21,2,24,11,4,4,0,2
"SH3TC2",1,3,14,0,2,13,3,21,1,4,2,11,11,1,4,8,13,8,7,26,3,34,6
"SMIM23",0,3,16,8,8,2,5,27,4,15,9,4,20,6,8,17,3,10,11,7,3,5,5
"THAP7",0,13,16,5,23,2,0,19,10,6,1,9,1,3,16,18,2,24,12,1,5,2,8
"TMC4",1,7,20,0,13,2,3,11,1,6,0,22,2,2,17,36,4,15,4,5,5,3,17
"UBE2E2",0,5,22,1,26,0,4,7,5,19,2,2,9,4,16,21,4,27,12,4,2,1,3
"ANKRD53",2,1,19,5,17,9,3,10,22,14,16,0,11,1,14,6,2,7,4,1,17,12,2
"C1orf159",0,9,25,0,11,3,1,17,6,8,5,15,6,2,8,17,3,24,12,2,1,2,18
"GIPC1",0,6,11,2,4,9,1,6,13,22,0,9,1,7,33,26,5,11,3,6,0,11,9
"H2BC9",2,1,12,3,6,7,5,13,1,4,7,22,5,4,7,4,12,4,11,34,3,27,1
"KRT2",3,1,4,6,5,3,2,0,7,3,26,10,11,11,4,1,28,2,10,8,38,4,8
"NR2C1",1,18,14,4,9,8,3,7,11,9,2,1,2,4,11,13,12,23,10,9,3,8,13
"PDGFC",0,5,16,0,3,10,2,30,4,8,4,8,22,1,4,10,9,7,5,17,5,19,6
"PIR",12,1,13,10,0,4,1,8,17,7,13,4,11,4,7,19,13,11,10,8,6,13,3
"SLC19A2",0,9,16,3,15,2,0,9,3,16,0,25,1,3,2,8,1,51,8,2,5,2,14
"SLC25A12",0,8,26,3,24,1,2,7,7,19,1,8,10,16,10,10,4,15,12,0,4,0,8
"TAMM41",3,4,12,8,4,8,2,23,12,6,2,17,12,3,5,12,15,6,12,5,11,7,6
"TBXA2R",3,1,5,3,7,7,1,24,3,5,5,10,8,3,9,5,6,7,6,23,17,31,6
"ZFP62",1,7,36,6,12,3,1,8,13,6,2,8,0,5,15,12,4,20,14,2,4,8,8
"AARS2",3,13,14,1,14,2,1,7,11,6,2,6,4,7,21,16,12,5,15,8,5,9,12
"ANKRD6",0,5,31,3,14,1,2,16,0,3,0,9,0,1,16,17,1,57,6,1,2,3,6
"BTG3",6,7,8,11,10,11,4,19,12,10,11,3,7,6,13,11,10,13,3,6,4,4,5
"DTYMK",6,7,6,3,15,9,1,9,25,14,0,10,0,11,14,12,12,10,9,9,3,0,9
"FMNL2",0,4,9,3,19,8,0,16,0,4,2,15,2,4,28,22,0,15,13,4,19,1,6
"FTO",0,0,19,2,14,1,2,14,17,18,1,4,2,4,19,28,7,24,2,7,5,2,2
"MTX2",0,4,9,4,12,1,2,11,18,3,10,10,6,7,24,9,12,1,10,13,9,11,8
"OR6K4P",8,0,3,2,5,5,9,14,21,1,9,4,24,19,3,5,17,3,17,3,3,13,6
"PPP1R3E",0,5,21,2,14,0,6,23,12,4,4,6,1,1,6,25,0,29,7,6,1,3,18
"RETREG1",1,7,48,2,9,1,0,15,14,0,2,12,8,0,19,15,2,13,11,1,11,0,3
"THOC6",0,12,25,5,13,3,0,7,8,18,8,0,1,2,15,19,3,12,15,8,9,2,9
"VENTX",0,11,36,0,7,0,2,8,1,4,0,3,2,0,24,17,3,50,14,0,1,0,11
"ZNF814",1,23,8,4,8,4,0,8,4,16,3,14,8,3,14,20,2,18,12,4,2,0,18
"ZSCAN16",0,0,17,3,16,2,2,20,5,11,8,14,1,0,8,20,7,29,6,3,5,0,17
"ANAPC15",2,8,19,11,22,2,1,13,5,13,1,4,2,5,11,15,18,12,14,8,3,4,0
"ASAP2",0,2,10,0,9,7,0,26,1,2,5,9,7,2,12,3,6,14,11,46,7,13,1
"CCR7",0,8,7,1,10,3,7,13,44,6,28,5,4,2,13,6,1,20,6,0,2,0,7
"LINC00910",7,3,26,3,14,1,5,20,6,2,6,9,7,1,7,16,1,26,12,2,3,5,11
"NBPF11",0,11,45,6,7,1,1,2,7,8,2,6,0,3,15,24,2,10,19,2,3,4,15
"PA2G4P4",2,8,9,11,4,7,3,9,2,9,7,6,8,5,18,6,12,5,7,19,11,20,5
"PRR7-AS1",0,17,26,4,8,0,3,12,2,5,1,13,3,3,6,12,1,33,11,4,3,1,25
"RNASE1",1,6,20,10,6,8,0,11,3,6,6,2,7,10,5,8,8,9,14,13,25,10,5
"SLC16A7",0,16,23,0,11,0,1,6,9,16,1,2,1,1,21,23,1,24,8,6,5,8,10
"SUV39H1",0,4,14,5,8,1,0,16,9,6,3,12,8,7,14,10,5,30,15,4,7,8,7
"TBC1D4",2,10,27,1,22,3,0,7,15,9,1,2,5,3,27,21,0,8,5,4,0,9,12
"ZFAND2A-DT",16,4,2,8,2,3,0,10,37,19,12,16,6,0,3,5,6,11,10,9,4,1,9
"ZNF548",1,10,13,6,8,2,3,6,9,10,26,3,2,6,8,20,5,11,15,7,2,5,15
"CCR5",0,4,27,3,15,4,3,6,6,8,4,1,1,1,30,23,3,29,3,1,1,4,15
"DARS2",3,6,27,2,19,2,3,7,8,5,6,4,6,4,18,18,10,10,19,6,4,4,1
"GPR137B",0,8,28,2,15,5,1,18,4,5,3,1,6,2,30,4,13,21,10,6,4,3,3
"IGF2BP3",7,9,6,0,8,8,1,26,12,3,12,0,4,4,11,0,5,9,4,12,12,20,19
"IGHV1-46",0,10,2,4,8,1,0,3,84,8,10,0,0,12,13,7,1,0,0,0,0,20,9
"KIAA1958",4,4,12,5,16,2,2,13,0,3,0,5,1,4,29,11,3,36,11,4,11,8,8
"LILRA4",0,10,7,0,22,0,0,4,6,3,4,22,2,1,33,15,5,14,8,2,4,10,20
"MRPL4",4,11,22,4,17,3,1,13,18,13,5,2,2,1,8,22,6,15,7,3,6,5,4
"NAPA-AS1",3,3,9,17,7,8,1,11,7,20,2,16,11,8,9,15,5,10,9,1,5,8,7
"NMUR1",0,21,8,3,10,0,0,7,5,21,0,4,1,17,22,41,3,6,13,0,0,1,9
"POLR2I",12,4,3,20,6,1,2,21,6,13,2,13,11,5,6,7,13,5,11,5,7,4,15
"SERPINF1",0,25,4,2,15,3,0,4,3,15,6,29,3,0,11,19,0,14,6,2,3,9,19
"TIGIT",0,22,17,0,18,3,0,4,4,10,2,2,2,11,24,33,0,4,11,4,2,5,14
"TMEM19",1,9,33,3,18,3,3,12,10,7,5,5,3,4,14,10,3,12,8,4,7,5,13
"TMTC2",0,4,30,0,32,5,1,8,4,15,1,0,1,0,19,13,2,36,10,3,4,1,3
"TSR1",3,7,22,1,15,1,1,8,20,8,12,1,1,2,20,30,6,12,9,4,2,1,6
"CLEC4C",0,11,3,5,30,2,0,3,2,0,2,13,0,0,27,14,8,32,4,1,22,7,5
"GCSAML",1,3,30,5,11,13,2,15,1,13,1,7,3,0,8,2,11,18,13,19,2,3,10
"MIR130AHG",8,1,9,6,4,2,1,19,9,2,62,3,4,2,7,8,3,5,9,9,1,15,2
"PTX3",2,5,7,0,7,0,0,6,0,17,0,4,2,2,5,11,8,68,13,20,8,0,6
"RIOK2",0,14,32,1,18,3,0,13,3,11,1,1,5,5,12,32,6,13,7,2,6,2,4
"ATF3",3,9,5,0,23,0,3,4,3,0,2,7,2,3,11,25,8,38,3,4,20,11,6
"BCL9",0,8,31,2,23,3,0,10,0,5,1,6,0,3,11,14,1,56,9,0,2,1,4
"CHML",2,20,18,4,13,3,4,8,10,11,4,13,5,3,13,11,5,20,9,5,3,0,6
"E2F6",1,9,20,2,14,1,1,13,5,12,18,7,7,4,11,14,7,24,6,8,1,3,2
"HSPA14",1,13,18,3,12,2,3,9,6,8,6,12,0,2,10,17,6,38,8,5,1,1,9
"LINC02649",0,4,25,11,13,0,8,21,1,17,0,18,1,0,17,17,2,18,10,0,4,0,3
"THOC1",2,12,18,4,8,0,2,18,13,12,1,5,5,2,16,20,10,13,7,5,5,4,8
"TMEM126A",1,10,16,0,17,1,2,18,4,19,4,4,1,6,17,19,11,20,3,0,3,0,14
"DCAF17",0,4,21,0,14,1,4,2,17,8,3,0,6,9,17,28,6,20,6,3,7,8,5
"GTPBP8",14,4,15,9,6,9,2,10,10,2,12,1,4,2,13,24,5,19,6,2,3,13,4
"MAP3K6",0,9,19,6,23,0,3,6,5,7,1,6,3,2,24,21,2,25,15,1,5,2,4
"PPP1R14A",0,7,18,6,6,9,1,10,8,8,3,22,6,4,5,4,19,4,7,14,4,14,10
"PRAG1",0,6,37,5,10,0,3,9,19,14,3,1,3,4,28,10,3,22,4,2,6,0,0
"RCAN3",0,5,25,2,11,5,2,3,32,11,6,2,0,4,23,16,6,11,6,3,3,0,13
"SPNS2",0,9,16,3,20,3,0,29,1,5,0,8,0,4,5,15,6,29,15,7,1,3,10
"TSKS",0,2,12,23,4,7,0,9,16,12,5,4,14,1,12,9,1,2,12,12,21,11,0
"ZNF302",1,13,21,3,13,4,1,6,12,8,3,5,3,2,12,37,3,12,14,2,2,1,11
"ANGEL1",0,4,51,3,30,6,0,14,2,7,4,5,1,2,9,14,2,16,6,2,2,4,4
"CDKN1C",0,6,26,0,6,1,1,6,20,6,4,9,4,1,22,7,3,45,8,2,3,3,5
"DIAPH3",1,13,9,3,3,4,2,15,10,15,6,1,5,7,23,25,7,7,13,5,5,4,5
"F8",0,17,13,1,28,3,2,9,0,5,2,13,1,1,22,14,10,30,5,1,4,2,5
"GABARAP",5,3,14,7,12,6,3,4,7,11,1,16,3,4,16,15,12,12,11,2,7,8,9
"GBP6",3,1,15,5,10,1,1,21,0,0,0,11,0,0,9,31,3,44,6,0,8,9,10
"INKA1",2,2,18,8,5,13,1,18,5,6,1,6,9,3,6,6,15,4,6,16,9,26,3
"ITGA1",0,12,50,0,25,2,0,16,3,0,1,11,2,0,8,12,0,26,6,3,4,2,5
"LINC00205",1,6,13,1,19,7,4,17,11,9,11,2,5,1,13,10,7,17,9,3,7,2,13
"MFSD4B",3,22,28,5,12,3,0,3,6,6,5,6,1,5,6,32,0,19,4,1,0,11,10
"NPHP3",2,3,29,5,18,12,2,7,3,4,4,1,1,0,7,31,9,26,11,3,1,1,8
"NR4A1",0,12,11,0,24,2,3,1,7,23,1,3,2,20,11,34,5,18,5,2,1,0,3
"PDE8A",0,8,19,0,30,4,1,9,2,7,2,6,4,1,10,22,3,34,12,3,2,2,7
"POLR1B",0,8,12,5,14,2,5,11,13,13,3,8,2,1,36,14,2,9,4,11,8,4,3
"RNF32-DT",1,9,13,5,10,7,1,19,9,1,20,14,10,2,8,13,8,2,12,2,14,6,2
"RRP1",0,6,19,4,20,7,1,10,18,11,3,3,0,4,13,16,4,20,13,4,1,4,7
"SAYSD1",1,13,20,1,8,9,2,19,5,6,0,3,9,2,10,17,4,24,9,8,9,5,4
"STAT4",2,22,5,0,7,3,0,3,9,14,0,3,0,26,23,22,0,6,10,0,6,4,23
"TCF19",4,8,8,5,12,2,0,16,17,11,2,3,6,4,10,9,19,7,9,16,5,13,2
"TMEM150B",0,4,41,0,24,2,5,12,2,6,0,6,3,2,24,15,2,15,15,2,8,0,0
"ARHGAP5",0,7,16,9,5,1,5,19,23,7,0,5,6,3,11,10,2,18,9,13,2,9,7
"BBS2",2,8,23,1,22,2,1,11,5,2,0,4,5,3,8,20,4,40,9,0,9,2,6
"FLVCR2",2,7,15,0,21,1,1,7,2,18,3,1,1,1,39,10,4,23,9,1,8,5,8
"GMNN",5,12,2,0,15,3,2,9,33,1,4,12,0,5,3,20,11,28,5,6,1,6,4
"GON7",0,8,15,0,20,4,2,16,7,13,0,8,1,0,23,21,3,22,8,6,1,2,7
"IDH3A",1,20,26,2,23,1,4,1,9,7,1,0,2,2,19,21,1,17,9,3,5,6,7
"LNC-WAL",2,5,10,6,15,3,2,6,9,14,13,3,4,1,10,10,3,24,10,7,0,3,27
"MRTO4",1,13,16,2,6,4,1,5,12,8,4,5,2,5,13,25,7,11,20,4,6,7,10
"RINT1",4,9,10,5,8,1,0,15,14,5,6,8,2,3,12,18,4,27,12,7,3,4,10
"SLX4IP",2,13,18,2,22,2,2,10,7,11,2,5,4,1,15,21,3,16,5,5,2,5,14
"ASAH1-AS1",1,3,16,12,6,3,5,17,3,17,9,18,11,1,7,3,12,6,13,2,2,13,6
"CDK5",0,11,29,2,15,1,1,9,5,11,5,1,6,7,23,16,6,17,13,3,2,2,1
"CTPS1",0,7,10,4,14,2,0,5,19,7,4,1,2,24,15,2,2,15,12,2,1,3,35
"FAM162A",1,5,14,1,12,3,1,7,2,8,0,14,3,8,9,18,12,47,3,7,2,2,7
"IGKV1-16",1,59,4,1,11,10,0,0,42,0,5,0,0,2,24,3,2,0,11,2,1,1,7
"MEI1",1,13,11,1,10,2,1,8,13,9,5,17,1,4,15,8,4,21,12,4,1,0,25
"MS4A2",0,1,42,2,17,1,1,21,13,1,5,4,6,0,13,25,0,17,9,1,3,0,4
"PEX12",9,2,16,8,4,1,2,11,12,2,51,6,4,1,9,7,4,8,3,3,4,10,9
"RP9",3,9,13,9,8,3,7,22,4,4,4,10,14,8,15,14,3,5,7,4,5,7,8
"RTL10",1,6,26,2,9,7,4,8,2,3,3,3,1,0,17,27,3,26,9,8,6,5,10
"TKTL1",0,12,14,4,8,0,2,1,6,21,0,5,9,15,32,1,5,9,9,1,4,1,27
"ZFTA",5,11,4,4,3,5,4,9,17,2,15,1,10,4,15,23,3,4,12,5,7,13,10
"ZNF66",0,8,25,3,5,1,2,16,0,1,1,10,2,0,4,34,2,45,15,1,1,1,9
"C4orf46",4,19,19,1,12,1,3,9,4,5,3,15,0,7,15,13,9,28,9,3,1,2,3
"CDC7",2,11,5,2,2,7,7,12,8,8,3,4,14,6,6,23,13,11,10,12,2,9,8
"CPNE8",0,13,28,0,27,2,1,8,0,6,0,1,3,2,24,23,10,15,13,4,3,1,1
"KIFBP",2,7,18,3,5,3,4,4,3,15,2,10,0,7,9,15,5,38,8,5,3,8,11
"METTL27",2,2,14,4,3,15,0,8,25,5,4,3,38,1,16,15,11,1,2,2,1,5,8
"NCR1",1,24,8,0,4,2,2,5,2,16,0,4,8,20,16,36,1,4,4,3,2,10,13
"NLN",0,2,35,1,47,0,1,10,0,9,1,1,1,1,31,4,1,15,12,5,2,2,4
"RPAP1",3,6,15,7,21,4,2,7,12,12,8,2,1,8,24,14,2,11,6,2,4,10,4
"SFN",0,9,11,2,9,1,1,10,0,25,0,20,2,2,1,16,1,44,5,0,2,0,24
"SH2D1A",0,20,11,0,9,7,4,5,5,15,1,3,7,10,17,17,2,15,7,2,1,5,22
"SPATA20",0,5,32,1,5,2,3,0,12,15,5,5,0,3,10,36,0,33,2,0,3,4,9
"TRG-AS1",0,19,24,0,20,0,3,14,2,23,3,5,7,1,20,13,0,6,13,0,0,1,11
"VMA12",0,11,18,6,15,1,1,21,3,8,2,9,1,1,20,28,0,22,12,2,0,0,4
"ZNF367",0,7,12,0,7,3,1,24,3,6,3,18,12,5,10,16,11,2,7,18,1,12,7
"ZNF93",0,1,23,1,9,5,0,20,0,1,2,2,9,2,10,45,7,28,7,2,0,4,7
"CIP2A",2,6,6,4,5,5,1,9,17,20,13,1,5,6,20,16,13,4,2,13,2,9,5
"VIPR1",1,3,29,2,22,0,1,12,3,18,0,9,5,0,17,21,1,18,17,2,0,2,1
"BLK",0,15,14,3,12,0,2,6,55,8,25,1,1,3,15,6,0,5,3,1,2,3,3
"CALD1",0,3,5,1,5,7,3,20,0,14,2,10,15,4,25,5,20,4,9,17,3,8,3
"CKAP2L",6,4,5,6,15,10,0,11,10,10,9,2,4,14,11,17,14,2,5,12,1,9,6
"GNAL",0,14,24,3,19,0,0,17,0,7,0,8,2,0,7,32,4,20,7,0,3,1,15
"LCLAT1",1,5,16,1,9,3,4,9,5,4,5,4,5,0,15,29,0,37,7,6,0,6,12
"OXTR",0,0,5,1,4,6,0,31,2,8,3,5,18,3,1,11,11,7,8,36,1,19,3
"PXYLP1",0,15,27,0,15,2,3,20,4,10,1,5,4,1,15,20,5,26,5,1,1,1,2
"SLC38A6",7,5,4,7,9,14,1,15,9,10,10,0,4,3,19,11,10,8,12,12,4,4,5
"SNRPD1",1,23,14,5,8,1,2,7,16,16,4,6,0,1,17,9,12,15,8,4,2,4,8
"ST13P15",3,14,2,21,3,5,0,9,7,8,13,9,5,5,8,6,9,3,6,25,5,12,5
"ST6GALNAC6",4,1,5,11,1,1,2,15,6,13,8,14,9,4,4,13,10,0,16,24,8,9,5
"STXBP5-AS1",1,4,5,0,12,5,1,7,1,10,5,19,8,0,3,20,5,21,3,34,1,9,9
"TRIM3",0,14,23,6,10,0,1,11,0,14,0,7,1,0,24,17,1,38,9,0,0,2,5
"ZNF251",0,7,11,4,23,2,1,12,4,11,4,10,3,7,10,23,9,20,7,6,1,3,5
"ZNF75A",1,11,10,2,16,1,3,6,4,8,3,13,3,4,14,18,8,24,13,7,1,5,8
"ARID5B",0,13,15,1,31,0,1,2,14,17,7,6,0,6,9,8,1,19,10,0,3,3,16
"ARMC5",2,16,20,1,4,4,3,9,9,18,1,9,3,0,15,14,4,21,8,6,4,3,8
"C12orf60",5,4,8,6,1,6,3,19,14,5,32,1,3,5,18,12,9,2,6,13,2,7,1
"CLOCK",0,8,17,1,21,1,2,7,7,8,6,3,7,1,16,13,4,15,12,17,2,3,11
"CSTF3",1,10,19,1,11,5,5,12,14,13,7,8,0,0,13,19,4,17,3,5,3,2,10
"DYNLL1P1",10,2,6,11,4,7,4,20,18,10,15,7,10,3,6,1,19,1,9,6,4,8,1
"EXOC3-AS1",2,2,8,20,11,7,4,4,7,9,0,4,14,1,10,9,18,2,14,7,18,7,4
"INPP5F",2,12,19,2,2,2,3,14,8,6,2,7,3,12,17,23,4,20,8,3,2,4,7
"PBDC1",0,14,23,0,21,1,1,4,7,15,3,5,0,2,16,13,4,29,7,1,0,5,11
