"Gene","GSM3288223_Sample_01-H_dLCC","GSM3288226_Sample_02-H_dRoDeAA","GSM3288228_Sample_03-H_dZC","GSM3288231_Sample_04-H_dTG","GSM3288234_Sample_05-H_dPF","GSM3288237_Sample_06-H_dGiAg","GSM3288240_Sample_07-H_dLePe","GSM3288243_Sample_08-H_dNB","GSM3288245_Sample_09-H_tripletC","GSM3288248_Sample_10-H_tripletH","GSM3288251_Sample_11-H_tripletQ","GSM3288254_Sample_12-H_tripletW","GSM3288257_Sample_13-H_tripletS","GSM3288260_Sample_14-H_tripletA","GSM3288263_Sample_15-H_tripletG","GSM3288266_Sample_16-H_tripletJ","GSM3288273_Sample_18-H_tripletT"
"HBB",54935,299588,336634,112422,17745,131153,7716,120486,315233,1932153,1519480,4823659,1372248,2038776,3862605,2817440,2932325
"FTL",259503,68706,64724,135158,300893,88113,85292,128109,29655,40044,53100,55757,72400,121676,51838,72122,88130
"FTH1",148504,59375,76248,89115,165234,70513,57943,89866,27423,55246,70549,96415,68575,90668,82687,83219,99108
"HBA2",11706,6647,16049,10390,6168,15585,2649,49466,886581,271796,291830,324318,526400,736228,286515,436639,249569
"RPL13",98528,48532,46706,45656,98776,91012,84307,118822,87116,47112,64864,33156,94233,101037,22911,86662,64549
"RPL8",81158,59548,45530,36668,58193,64913,45240,70916,61095,60914,73060,47928,83090,101402,35545,90161,79940
"RPL3",93083,93395,67025,47440,58663,72707,43961,56883,43365,48631,60988,43388,66410,82335,27221,81907,90076
"RPS6",73392,85420,52396,33034,51430,53659,36165,49134,53584,51010,82982,46346,72307,79994,34024,109448,82755
"HBD",8575,26163,24118,11255,3217,24517,2935,40094,110253,199241,289593,214128,225756,335674,165138,270483,249468
"HBA1",10464,6173,15684,8876,4388,16002,2210,48249,543812,195842,231425,230863,399338,430769,194259,287248,149970
"RPS3",72642,76845,51895,34456,44661,55273,33415,46258,34312,49602,54968,41467,65279,74127,31138,80559,75132
"RPLP1",65223,46732,40449,32754,57656,50450,38036,64663,36542,46164,53526,45719,63176,73554,27417,81903,70701
"RPS12",55583,58550,34033,26964,34324,43946,25090,42434,55798,47877,70699,46296,83830,84710,27964,93345,79170
"RPLP2",58687,27839,22649,19098,52967,42907,38493,63674,90691,47979,60096,35953,81788,85935,27088,91268,50526
"RPS11",70633,53807,33766,24443,50945,46487,34317,50942,38606,43424,46260,41259,56749,69172,27138,63200,62545
"GAPDH",89418,84442,83426,48644,84588,57787,51145,50525,15410,32041,34693,33617,42844,46262,14742,39885,65837
"ACTB",42948,60371,74746,44223,48158,32676,16657,24010,22501,43770,53528,48110,62741,65830,38871,71260,74289
"RPS19",72460,48879,34078,29249,65915,54932,48265,73160,45583,29731,43097,23724,54865,66261,17078,56577,47535
"TPT1",82297,72567,54413,50418,39970,33263,20068,22187,10613,45297,44599,88354,33685,46646,55129,72344,81574
"AHSP",6418,20665,14041,6830,2006,17252,1754,32815,183411,122024,127273,120837,155821,198170,99650,191466,106547
"RPLP0",43289,57816,43527,24831,24285,32138,18338,33379,22911,36760,38362,35946,45211,47293,23796,63874,65859
"GNB2L1",71841,52954,34335,31830,40572,43544,31682,38074,18262,27127,32939,28871,37916,42816,17848,41786,48751
"BSG",29079,15665,19647,21420,13769,19688,9799,22331,28452,59038,46767,111789,59853,76427,89560,67139,71782
"RPL11",59579,52618,30195,22392,40360,37404,26498,35078,19797,31942,39883,27505,40414,51621,18973,50404,45796
"RPS8",46061,45950,34621,24505,29128,34976,20534,31834,21073,36590,44487,29765,47543,46652,21999,60283,51107
"TFRC",12250,30947,41177,19283,2268,12346,1469,8285,27553,100265,95642,201973,82877,90719,115958,195628,154371
"RPS4X",66955,46100,47599,21460,24863,30764,28908,38035,20007,33132,44931,35243,44789,33875,14124,39227,42724
"ALAS2",10129,12540,18075,9989,2650,14038,2209,20057,67708,87956,88779,162312,103588,121213,137462,128926,101735
"RPL18",55490,31705,28284,23133,38400,43957,32941,50931,25589,26112,31042,21867,38776,47225,15434,43672,39324
"RPS2",46680,44425,41325,26974,27030,35835,18713,28793,15767,31446,48277,24232,50472,43931,16785,48744,54699
"SLC4A1",3782,6797,17278,5320,1399,7518,588,11937,117536,161363,160155,284628,165026,190081,186874,203747,154379
"S100A6",61819,50137,37838,27096,20330,45238,13883,42882,23276,17403,65395,10746,64606,42983,8244,57414,42623
"BLVRB",9710,19419,17419,8190,7311,14187,3140,16614,46156,81050,81612,93895,79768,108166,69749,114813,85155
"RPS5",42186,35698,28629,19301,28377,33175,22385,36913,25558,26172,34925,19721,43428,47858,15182,45249,40158
"RPL19",51882,46012,35312,23619,34973,33541,22129,30894,10843,26193,29259,28691,28896,38937,18256,42364,47358
"RPL4",36808,46263,34694,21478,21680,30805,16189,23349,20262,29377,36788,29586,39308,42114,17157,47506,50940
"RPL13A",52467,43492,31338,25402,34131,35207,23575,33864,19855,21283,29235,21515,36255,36770,12445,40999,38344
"RPL28",61070,23183,20431,22529,56061,44319,40164,48674,28661,19421,20584,17274,28173,41068,10063,26149,29859
"RPL37A",49845,41151,21224,17260,29626,31819,23369,35479,27073,24335,29029,18181,37530,37631,11569,42025,36343
"UBA52",39157,24444,18116,15057,33397,24564,21428,31720,33466,25669,29588,24537,40780,50670,18222,37464,32234
"PRDX2",6064,18941,19280,6660,3483,11719,2140,14607,41583,92543,90390,83824,77635,111114,59139,118169,97270
"OAZ1",44663,18586,21074,22624,46520,19836,19751,27726,20343,20638,22313,32468,33467,38380,29601,39033,35006
"HBG2",21743,18906,20331,7452,853,18256,2387,22973,101897,25876,49147,36978,151732,117803,71298,103601,51463
"RPL32",40073,41157,24237,15898,23877,27044,17412,28236,14426,23800,29859,21915,31235,36623,14774,38815,35515
"RPL27A",35740,32132,18929,15957,30588,26186,19431,30881,17895,21991,33745,17664,32502,39690,13506,38762,32614
"RPS16",29391,29227,23261,16969,20384,25381,14195,27001,18361,24422,29254,19856,34136,34359,13168,43139,35821
"RPS20",36324,37807,20612,14775,21906,23892,13910,21822,19576,23757,31524,19208,36011,37015,11274,43470,33152
"RPS14",35857,37597,25491,17968,23834,25358,18324,26261,11963,22117,24027,19844,26536,26865,14789,38078,32615
"EEF2",40582,45846,49816,34941,20811,28865,13464,15693,9394,16224,15976,39230,13635,22581,20230,20039,47280
"SLC25A39",8388,8611,11261,7220,3583,10058,2386,10017,28840,62976,54895,98722,64798,90136,81688,80269,73579
"RPL29",35032,27704,21716,15241,26582,28061,20568,31624,13598,18449,24299,16174,26393,33044,11248,30373,30323
"MYL6",36236,16811,11568,12498,25169,17319,13258,24642,28475,24704,29374,17059,38720,37686,18151,38158,23146
"CTSD",74554,11235,12127,36440,234954,26785,63900,64794,10835,11368,9048,11033,19588,32354,8246,10120,12149
"RPS24",27733,36712,20332,12693,22831,19383,11963,18081,12756,22559,31071,20412,27858,33082,13975,40229,31613
"FKBP8",21464,9666,11262,10420,16549,15476,10762,18913,28460,26686,22785,45028,34810,45383,39406,37245,29589
"RPL10",40680,29882,25995,17610,18153,22607,13349,17744,8275,19635,25312,20746,27470,27251,13998,35172,36889
"GYPC",12140,13420,12419,7948,4369,10334,3416,12023,28416,49094,48150,56411,51828,62321,46396,65643,52312
"RPL35",28089,20750,18811,11121,26445,23968,19553,30603,25779,19281,25207,12931,28447,38754,8729,33209,24288
"EEF1A1",21130,40878,33972,18676,7721,11739,3699,5066,7784,25343,61880,39041,59222,20383,22530,56718,61097
"RPL34",35866,28095,17406,12920,21725,21515,17333,23539,20697,17935,25476,13203,31308,28674,9605,35395,22805
"RPL36",34795,18942,16240,13565,30046,29189,23525,34931,19420,16710,20846,10991,25843,30056,7944,26876,23426
"RPL18A",32327,23808,20854,15255,31230,30187,24747,35261,12801,16325,18021,12713,22353,27514,8771,22933,24425
"RPL7A",29598,36624,24905,16251,15376,19261,9554,15173,8105,20772,25827,21127,25994,27531,14770,35834,40824
"EIF1",30504,19129,13791,14241,12300,12123,6539,9546,12141,30220,26661,46960,28738,32113,31617,47401,35897
"EEF1G",31478,32088,22037,14949,22035,23191,17060,19356,10609,16547,18695,20290,19036,26783,12280,27223,33460
"RPL37",32470,32044,19034,12487,17850,17845,11391,17694,11697,18761,24271,19280,24540,29629,11722,33612,30993
"ALDOA",42054,23135,29091,22849,42271,25964,21169,26097,6730,15336,12870,17434,16628,17959,9207,15684,22254
"RPL23",33757,33989,19138,13179,22169,24455,15336,20667,16499,14723,23037,8630,29218,26393,5736,26138,25842
"RPS27A",22645,28802,17165,11245,15909,16559,9060,15519,16476,19238,28290,15391,29912,27674,9970,37310,29633
"RPL5",25081,38290,24703,15147,13728,18792,9643,14455,9557,16789,21688,17074,20835,22171,10086,30533,34230
"RPL27",25556,26914,19684,13057,16412,17071,9740,17111,10784,17800,21396,16326,22401,26367,11701,32005,29903
"LMNA",28452,12901,18270,17620,18260,22502,7648,16797,16829,13586,20324,15571,27780,30192,11727,28178,26078
"NFE2",9221,7152,7261,4456,4804,9719,3419,11771,42870,39579,36830,60092,51790,46176,45003,45475,39877
"RPS21",20798,18801,13388,8139,14897,15117,10398,18586,19655,17007,22602,13621,25138,31193,8957,34008,24520
"RPL35A",22727,26804,18407,11638,13625,15625,9654,16869,8864,16488,19434,17863,20064,23386,11949,30599,26269
"NEAT1",23255,7037,10284,10538,12919,8957,5352,5555,16633,17814,25119,35064,26630,42465,48179,33075,35112
"PSAP",43451,15463,13388,25226,54462,12649,14587,21496,7467,10350,10934,18743,13854,17995,13680,14940,19491
"UROD",5271,12232,10058,3748,3312,7224,1958,7855,27754,44018,48031,49288,49056,57258,36263,60956,45969
"HMBS",3699,11049,9121,4224,1004,6091,769,5999,27315,61453,53903,88972,67344,65155,64768,89536,61036
"RPL31",24835,28583,17783,11902,12897,15027,8288,12100,7124,17328,20190,18455,19735,21834,11440,29729,28484
"RPL14",26376,28497,19462,13177,12586,17824,9743,14875,7226,15018,17616,18135,15307,23055,9990,24359,29935
"RPL24",19018,19789,13673,8849,10177,12745,7412,13183,19368,16528,24011,14697,27687,29068,9264,32410,24679
"PRG2",78839,179158,13287,35197,27032,23071,28797,24864,8585,8434,4546,4311,7131,20141,2581,15337,15584
"RPS15A",23428,31686,17656,10539,10994,12520,6990,11097,6469,16555,17530,21347,16699,22917,11370,25813,31297
"RPS23",20913,30189,17357,10431,11893,14005,8279,11796,10270,16050,19374,13354,20514,19533,8735,28300,24321
"FAU",21444,13542,12480,10161,14623,14390,10106,16291,13172,14222,17245,13881,20012,22390,11344,27684,20677
"ANP32B",8336,15716,12378,5859,6538,8446,2810,5535,19067,25694,30035,36683,27479,35804,21803,39471,31240
"RPSA",14752,18867,12387,7943,9374,13681,8505,15813,21342,14578,19919,10168,28705,25648,7102,29473,19631
"RPS29",19778,22718,12436,7830,9584,11057,6472,12130,11447,17217,17059,15101,19916,22520,10000,32265,23831
"HES6",8199,14081,9608,6633,2083,11335,1154,8487,15038,34480,37297,31573,25223,47027,29085,53165,29287
"UBB",11605,13903,15334,7597,4615,7827,3144,5305,6771,18449,20866,48522,24418,23842,32864,40483,32367
"CTSB",33973,13969,16417,32532,44364,10356,12406,15354,3503,10345,6779,19594,8923,13559,13915,11812,14872
"KLF1",6176,11029,13304,6409,1055,8771,1779,9224,16230,28541,27453,43755,34121,36050,32736,40554,38590
"RPL30",21329,28204,16804,10350,10144,11413,6293,10411,4076,14878,15393,19843,13084,18980,11603,25214,28144
"CFL1",21165,19181,20838,14494,20388,13496,7794,11675,4710,12863,13877,10699,14247,17045,7318,20991,22690
"UCP2",9755,8864,10423,5534,5608,7423,3371,6790,10089,26931,20469,48195,16890,35641,32409,24180,37283
"S100A4",53268,34789,24435,18999,26854,24384,17072,32885,9987,3170,27017,2349,20680,9198,1713,14018,6737
"RPL26",22644,30652,18651,11761,10698,12395,7002,10862,5454,10975,15986,13532,14149,15828,7576,21755,22197
"RPL12",26562,25855,16068,11912,14919,14751,10997,14271,6861,9039,14319,9183,14589,16579,6171,17338,16601
"NACA",17170,21024,14171,10114,8523,10029,5683,6884,8946,13831,18047,17792,16192,19591,10720,25269,25954
"CALR",17621,15391,20842,11280,16226,8739,7345,8205,6275,11989,15196,14377,17593,17773,12326,16047,24449
"MCM7",4857,12305,12014,4158,6893,10134,2941,8690,19089,23464,25280,18168,27380,32940,11901,32991,32637
"TALDO1",13410,9776,9514,7131,14059,8517,5940,8995,11193,13441,15049,21161,20613,24255,17735,24725,20831
"PIM1",11947,7246,6025,7874,6699,7482,5110,7371,15485,15753,16037,41383,20440,23526,26438,28071,27010
"H1FX",5344,4877,10677,5253,9340,9338,3874,7885,13822,24701,17883,39443,20360,37847,20893,28550,27789
"RPL6",14909,21568,16182,9550,9260,11792,5327,8584,5770,14050,19917,13785,19505,18290,8428,24491,26086
"RPL38",20459,14706,11225,8415,12994,12747,8702,12873,8950,12185,14923,11111,16338,16435,8205,21811,16226
"SERF2",26797,9669,7331,7526,14433,10100,8997,17249,13758,11164,15222,8597,20115,20806,8941,21371,12802
"AP2M1",10977,10773,9221,6362,7698,6751,3811,6462,14374,18639,20113,20920,21348,25396,15536,27962,26180
"GLTSCR2",24758,10640,9896,11881,26247,24536,20430,18972,11010,7115,9946,6978,13158,15908,4403,12414,11987
"RPL10A",18671,23756,15453,8963,8786,11691,6046,8655,9566,11991,16417,9762,18490,17379,6426,21663,20430
"TIMP1",90600,14185,43557,58264,8676,56760,25478,27913,5680,1875,7401,1015,22061,4830,2665,10919,16674
"SLC25A37",3614,2962,7576,4730,1709,3578,559,4666,28619,34938,55225,109000,15620,44417,66501,41100,64778
"HDGF",5668,8572,10295,4811,5006,4538,2043,4992,13840,25680,25253,35677,23565,30125,22193,37635,35975
"P4HB",28697,17430,15872,14947,31258,13223,14134,12011,4645,8708,9598,8605,10303,12145,6166,10988,15601
"HSPA8",15375,21209,27688,12911,5223,8173,2836,4428,3824,10411,19199,11949,20918,17572,12557,27652,38148
"SLC1A5",7922,9219,8319,4516,5802,5195,2286,4571,7247,25812,18395,42783,19644,23576,34087,28087,32560
"LRRC75A-AS1",19599,28205,17703,12549,17718,15300,11822,10623,7402,7385,8847,6344,15449,9659,4144,13742,14841
"MAP2K2",10255,10220,10681,8360,9355,13663,6199,13810,12269,11034,12113,12296,16190,17875,8399,14759,18772
"HSP90AA1",8041,12033,19202,6731,4563,5244,2182,4208,9543,13735,23362,11754,24933,25790,13402,35290,32412
"PFDN5",20480,9453,5805,5696,16036,9394,9871,11691,14116,10389,16415,7007,16475,18789,5843,19486,11258
"COX4I1",17938,9909,8183,6764,16287,10631,8918,14010,12788,8907,13159,7033,17101,17462,5134,17418,12227
"HNRNPA2B1",5110,14374,19150,6236,4495,4383,1507,2453,10146,20733,24410,21536,17328,31850,14877,33128,34401
"TRIM28",12205,12072,13873,8539,9955,13239,5914,9898,8030,10016,12447,8651,16874,16624,6000,14625,20187
"LAPTM5",79775,27671,31401,36374,33088,36611,28924,23566,3009,1617,3130,3309,8465,6771,1774,4764,8969
"NUCB1",19817,6836,6210,9819,14538,8347,7845,7943,7006,11947,10102,17124,12410,17246,13602,12438,14025
"TUBB4B",5418,8308,14233,4716,4095,6618,1802,5023,6940,20390,20327,27291,16772,28342,17229,30579,31351
"ATF4",17258,13638,7350,7515,8832,7779,4947,6259,5838,13049,13644,14931,15694,16072,10489,20483,19504
"HK1",5430,9543,8763,4722,3076,5456,2178,4475,11393,22752,17663,37064,22208,23491,25163,20280,28371
"PFN1",19547,18867,22511,13652,17803,13293,6881,10073,1890,8694,8173,9312,7460,12002,7529,11865,18361
"RPS15",16814,9476,9051,7139,15611,14304,10299,16626,8907,8736,10688,6262,14411,16536,4331,12075,11196
"RAD23A",4941,4770,6108,3375,4523,4707,2334,4857,13673,23619,19631,39877,22782,25883,24497,26085,23684
"TUBA1B",7225,15191,16906,5551,3805,6286,1830,3896,3806,18870,16588,25719,13159,20268,14437,28641,35391
"PABPC1",7088,16575,14328,8452,4348,5317,1765,2719,8019,14249,15277,27318,15762,13430,17307,24848,24111
"MALAT1",5532,3339,11069,8002,5474,4920,2280,5711,11129,13082,9869,23635,9793,32723,39121,28608,18126
"ENO1",30143,19340,28039,16330,39173,17569,18863,15126,2313,4784,4640,3786,10689,8154,2416,6091,9000
"GABARAP",18055,7803,5105,6578,15135,6574,6886,9108,7423,9812,9366,15594,11186,13429,15875,13712,11528
"GLUL",16598,16905,20312,17228,14055,9394,3767,5253,1694,6559,6748,21181,8606,9582,13010,14170,15373
"SLC3A2",11223,8148,5799,6366,7873,6278,3464,4737,4465,16239,11550,26508,12178,15838,17045,19952,22516
"PTMA",4836,15438,21221,6433,4161,4589,1456,2534,10630,13942,22470,12570,19775,19273,8691,28483,27432
"UBAC1",5189,8819,8509,5213,1406,5029,854,3708,11331,23037,21411,26716,20156,26698,17882,35923,30488
"RPL15",11554,21054,16954,9731,7835,8601,4251,6377,2712,9210,10683,14020,9004,11146,8092,15485,20267
"ACADVL",16361,6788,6189,8384,12657,9851,8113,7461,5281,8451,12747,8214,11036,16844,7683,12616,18782
"KCNH2",6555,12102,17766,11723,1007,11106,2157,7225,4237,11909,13379,19676,13365,16370,10923,22547,32924
"ATP5B",10656,18473,15355,6986,5442,5542,2496,4268,3663,12331,12399,17268,12170,14202,11856,19705,24229
"RPS3A",9075,15241,8347,4952,5325,6438,3555,4815,7233,10358,27755,9894,30032,12886,5730,22973,17917
"HSP90AB1",12246,17599,20125,10526,4370,9287,3284,5790,4063,7316,11808,6881,14487,12746,7913,17115,23416
"HMGB2",1748,14974,13893,2867,1531,2238,286,948,7811,35432,32542,69283,17297,33143,34665,63932,62273
"LYL1",16205,5324,6464,8246,10347,11850,8855,12227,9519,7433,8028,10137,14141,14022,7557,10732,8737
"EHBP1L1",4032,2923,3983,3363,8480,4744,3072,6385,18930,16886,15950,21969,15985,36718,13830,18561,18554
"APOE",31430,4765,5101,17568,24732,14505,38919,49765,8532,2353,6423,2571,10932,18911,2015,3814,7177
"PIGQ",3629,3418,3256,2795,2395,5670,1883,5775,25317,23698,21296,27016,25592,32843,17004,21907,19057
"RPS13",11261,15816,10668,6487,6542,7070,3610,6923,4676,9959,12401,11061,11639,12695,6682,19325,18689
"JUND",11598,3272,7947,12773,5751,12834,4293,7562,8794,7664,7596,17411,8028,18206,11114,17418,10464
"MPP1",9526,11091,10827,7555,3389,7014,2226,4446,4278,11264,11103,24264,11608,13495,14087,16189,19958
"RPS25",10487,18833,13331,7344,5123,6806,2911,4387,3085,10421,13299,12886,11451,11930,7401,19300,19964
"PPIA",11853,18200,14744,7225,6282,7516,3237,6132,4348,8110,15409,6508,15415,11768,4467,17160,17208
"AES",10798,4440,6506,5240,8541,6560,5858,8094,8932,10811,9776,11346,12434,15400,9569,15547,13094
"GUK1",5965,2851,4193,3524,3499,3604,2134,4608,15889,15198,15613,25800,19952,23676,20632,25029,18748
"GATA1",6892,7266,5582,4063,1029,8022,2923,7849,13639,13369,15059,15468,19636,21745,10357,18387,17504
"CD36",2753,19739,15742,6846,1811,3152,606,2193,6623,14141,24144,21729,19328,16126,18325,24714,41405
"RPL22",11021,15191,9419,5967,7788,8639,4428,7125,4771,8928,11883,7954,11381,12191,5064,16032,13978
"STK11",6062,3234,5003,4121,4595,5910,2899,6384,14671,13135,11055,23756,13981,21672,16875,14401,16291
"GSTO1",10279,12528,9593,6653,5829,8316,3987,9087,8877,6279,12027,6143,20135,14503,3639,17992,10324
"RPL39",13555,15423,7237,5675,7777,7449,4870,7407,5410,8484,11428,8131,11087,11493,5654,16076,13258
"MTRNR2L1",27920,17208,3530,11747,10702,8639,6842,15659,2682,7929,5795,13838,3953,9361,7932,10012,11817
"UROS",2925,7024,4452,3346,1863,5618,2040,9154,18842,16223,21569,15568,23015,23784,9656,22342,14621
"UBC",12707,8694,6180,6262,8101,5948,4412,5448,6988,7766,9413,12489,12385,12171,9680,15027,14247
"EIF3K",11471,7835,6097,4214,8543,7613,5326,8648,11522,8518,12213,6194,15657,14891,5207,14570,10156
"CALM3",7043,8726,11229,4719,4812,5178,1962,3059,8610,16534,13555,20396,14078,11574,12256,20700,11188
"TXNIP",20014,9366,7620,12895,5709,7894,3639,4145,2538,7332,6352,20909,6114,8437,20728,12884,17283
"EDF1",15709,6455,5094,4954,11907,8106,7846,10557,10231,7153,9901,5175,11629,15185,4686,11582,9059
"SH3BGRL3",32468,7104,10840,13176,19380,15976,13993,12368,4133,3400,3949,5878,6273,8477,6318,5328,5948
"RPS28",13160,5569,5525,5824,10148,11373,7947,14001,9337,7181,8209,5027,12717,13987,3576,10987,9069
"CCND3",5130,6049,5783,3353,4357,4418,2045,5273,10764,15637,14230,16319,16223,17959,9375,20851,19080
"ANK1",4619,7271,10596,5965,506,5590,1012,3128,5507,18063,14349,41737,13155,21240,26455,18729,30018
"ATP5A1",8044,15194,11956,5401,3568,5362,2144,3496,5734,9627,13123,10064,12733,13538,6325,19181,19681
"AARS",7089,8944,5497,3974,4538,4519,2070,3055,5468,15159,11450,27757,10067,12721,16926,15365,21153
"HBG1",3884,1666,5077,2153,601,3791,776,4509,29123,13194,14078,12142,114409,20102,18713,45318,33455
"MAZ",7203,7749,10148,5518,5050,6509,2732,5037,3665,10927,9430,16014,8938,13094,8236,13263,19117
"RNF187",6641,5182,6567,4220,3600,4823,2271,4699,8587,11972,10269,24537,8906,11207,19059,15130,15068
"NARF",4580,4492,3473,2859,2539,3618,1809,5692,12330,12773,13656,23070,16993,19616,18110,21200,15999
"DDIT4",5805,6717,7594,5596,2156,5883,1147,2370,3223,24162,11650,32975,12176,8421,24096,14005,30834
"NDUFA13",11550,5558,4471,3814,10691,7325,6755,11630,13961,6689,9029,3715,13307,13862,3618,12264,7461
"HMGA1",10386,10859,14713,7647,6234,9942,4479,8295,4162,6112,6249,7405,8038,8426,4619,8688,13221
"UBXN6",8766,3004,4259,4621,5729,5600,3303,4926,7782,8353,7311,16566,13418,14006,17926,14488,11830
"RPL23A",9845,9785,6253,4164,5167,5533,3373,6018,5640,8505,12464,7744,13521,10402,5514,15893,12959
"PRDX6",7826,6573,5040,3690,2444,4196,2056,3550,7260,11380,12001,16855,14689,17628,10820,19336,14502
"GNB2",7335,5062,6954,5398,7739,6569,3427,5857,4085,9753,7809,10132,9563,12352,9375,12813,13394
"H1F0",1001,2780,7592,2183,965,1988,269,1080,13518,36471,24597,102217,12308,24191,61065,36037,38790
"GFI1B",4551,7923,6222,4220,747,6895,1247,5820,8366,12702,14333,13695,18929,15719,9717,18783,20415
"GNAS",10043,13249,13734,7636,6152,5334,2283,2836,1108,9705,7955,18250,5579,10079,11381,12886,21276
"RPS27",12367,11075,5285,4309,5347,6147,4378,6178,2863,8339,14842,7732,13400,8588,5372,13161,11103
"RPS7",8384,13621,9853,5083,4600,5501,2590,4191,2770,8142,10571,10225,10168,9892,6404,15855,15582
"HADHA",9350,9243,7563,4657,7692,6141,3564,5344,4058,7413,8570,9856,8461,10467,6383,10999,13117
"EIF2AK1",4894,5811,6219,3406,1644,3508,1009,3284,5381,13674,11879,38195,10576,15832,21267,17707,22919
"COX6B1",10033,5912,3901,3080,5919,5012,4204,7526,9910,7244,12496,6023,14906,16102,4744,13791,9687
"HBM",689,399,1229,1497,384,508,103,2647,126285,61574,62287,46990,95610,100679,38014,55457,37400
"SLC25A3",7835,13129,10341,5577,4029,4588,2129,3548,3562,8932,10308,12396,9493,9620,6556,15956,15457
"MYBL2",1278,4655,6383,1692,2533,6020,1094,4793,11933,15527,15980,16004,17860,22581,9065,19961,23781
"LDHB",10998,25157,17789,7522,5174,7639,3168,4728,3061,5105,8342,3981,9894,8545,2609,11604,14589
"BCL2L1",5775,3536,4786,4466,1897,4487,1843,3906,6186,10235,8263,29360,13228,13587,24551,15970,14036
"SPTB",5262,5309,8286,3871,350,3244,473,2131,5988,20064,15745,33853,14377,24039,23145,22867,28540
"EEF1B2",9344,14649,9158,4817,4803,6694,3416,4602,3315,6817,9273,7504,9581,9444,4264,13252,14135
"PRDX5",11823,4122,3607,3520,11062,4933,5857,8370,10447,7173,8749,8924,11118,12952,4869,9902,5081
"RPL7",9620,13505,7147,4387,4902,5371,3045,3984,5321,6601,14520,5829,18048,8489,3792,13133,11556
"PLIN2",17257,9276,12339,13051,9075,10865,5901,6875,1330,4207,4805,6223,5550,7306,4523,7260,10424
"AP2S1",6453,3446,3938,3190,12828,6409,5723,10945,10807,6785,8627,5047,10504,13805,3807,12045,7043
"PSMB4",7292,7075,6343,3739,4141,4863,2385,4324,4406,8995,10518,9521,12344,12104,6881,14835,12853
"SNRPD2",10848,9169,7035,4197,6429,7030,5058,9201,7082,5810,8188,3720,9719,9565,3157,11058,7593
"LGALS3",15995,6505,5181,8914,6422,2388,1232,1830,1022,9390,11170,30778,6249,12053,18280,16233,15353
"LONP1",5546,4722,5585,3315,6582,5708,3649,4680,6465,9802,6957,12638,10194,10947,8853,10135,10716
"GARS",5882,11143,5621,3626,2459,3367,1400,2094,3423,13555,11563,19243,11518,10907,12507,16920,18114
"EIF5A",5272,7934,12893,4970,3830,5403,2120,3967,3638,7603,8927,10244,10037,10786,6793,11260,16263
"PGD",16065,15502,8696,8984,12720,7094,5713,5936,2010,4918,4797,4629,5618,5955,4266,6249,11081
"TPI1",10733,9901,10534,6299,7301,6184,4576,7006,5179,6188,6904,3067,8597,8110,2572,9733,10202
"XRCC6",5328,8184,7724,3605,4443,4690,2326,4112,6525,7609,10565,6756,12411,11588,5005,13838,13463
"ARL6IP4",11796,4836,4624,4193,11233,8352,8087,9229,8269,5472,6373,3485,9307,10111,2736,8558,6512
"UBXN1",10385,5442,4165,4414,6922,6366,3762,6259,6404,6963,7262,7246,9308,10834,5569,10092,7725
"TCEB2",9927,3781,3260,3117,9099,5221,5403,9373,12433,5666,7486,4330,10929,13805,4006,10551,6613
"EIF3L",8195,10937,7332,4438,5792,5708,3472,4526,5030,5852,6863,8357,7429,8407,4714,9600,11155
"RANGAP1",3714,3883,5514,2435,4877,4833,2431,4185,9979,10494,10201,8650,12117,15339,6116,13450,11619
"FBL",6361,8498,7508,3358,5726,7423,3899,6205,6871,6229,8623,3655,11818,10820,2802,10575,10371
"PPP1R15A",5106,3108,5207,3762,2249,3079,1144,2087,2974,14350,8745,38677,8143,15906,22328,19080,17755
"SARS",11135,8299,4252,4663,4319,5266,3262,4554,4101,6012,6364,11512,7681,8332,10979,9599,9519
"RHOA",7693,9359,7740,5059,5619,3832,2464,3990,3279,6890,7650,11352,6829,7482,6743,10960,12627
"EIF3D",9171,10220,7155,4744,4206,5728,2768,4317,3890,6301,7191,7752,8046,8683,5054,10497,10811
"CD63",62109,19230,15064,25882,35768,16543,15484,19736,1354,1238,2155,1006,4260,4064,948,2506,3643
"EIF3B",6904,6192,7178,3678,6349,6875,4082,6244,6417,5346,7194,4468,10136,11785,3031,9021,10281
"TESC",4585,2735,3029,2405,4458,2727,1319,3433,9309,9645,12408,13012,13837,17568,8982,17542,15930
"SLC7A5",4503,4824,4689,3674,1654,2520,1121,1282,3767,12831,9304,37326,9768,12598,23620,13621,23647
"FBXO7",2815,9159,6638,2990,1375,3102,794,2022,3673,12455,10562,25559,10335,12896,16860,19914,17773
"NCL",5020,13105,15056,4835,3496,4959,1530,2547,4126,6237,9022,5983,9183,11222,4055,11607,15867
"SNRNP70",9376,3866,5901,4549,10948,7580,7215,6573,5559,4774,6335,3951,6906,10983,2725,7578,7954
"FIS1",6597,3727,3334,2379,4151,4731,2565,6281,9652,7382,8546,7826,11339,12379,7294,12576,8024
"ATPIF1",2923,7332,3700,1885,2128,3637,1145,2742,11825,11369,15874,9526,13871,17171,5330,20098,15692
"GRN",34011,5362,6046,16767,50585,10187,15035,12837,1011,2706,2136,3657,3979,6114,2474,2657,4610
"SRRM2",7946,4133,5805,4397,7757,5094,3740,2736,3601,6730,6978,9895,6114,12539,7092,7492,12467
"H3F3B",5982,6843,6238,3667,3293,2826,1324,1952,5555,8096,8456,13879,9277,11349,9744,18388,12509
"ATP5D",8919,3246,4217,3682,9009,7790,6896,11417,10876,3972,6265,3479,9139,11290,2716,7595,5529
"COPE",9588,4323,4892,4454,8798,6235,4511,5900,3842,5995,6723,5040,8058,9417,4253,9170,8536
"SLC43A3",6030,7196,7639,4346,3340,4973,1867,3597,4304,8503,7679,5155,12347,9956,4488,14749,13540
"H2AFZ",2413,10705,8889,3015,2537,2486,766,1350,4167,14169,14710,13639,11384,12256,7331,21688,20634
"YBX1",4583,10552,14082,5391,2327,3253,950,1447,2030,8993,11075,15335,8228,10096,9396,14509,18162
"RPL41",7168,9105,9444,3553,3226,3604,1968,3680,2097,7239,15141,6200,13980,7874,4680,14099,10734
"CLTC",3542,6428,5557,2667,2359,2388,887,1884,4496,11146,13931,16628,10470,12633,11082,20127,18020
"TXN",8305,7804,6260,5428,4716,3578,1833,2944,3209,5583,9317,8160,9059,9118,7794,10951,9409
"PSMC3",4974,5462,5194,2713,4422,5322,2639,4700,6654,6953,9326,5206,10873,12842,4454,11307,10085
"RPL36AL",9808,6509,4789,3893,4105,4498,2766,4676,4642,5763,9367,5677,9028,9995,4475,10937,8179
"UQCRC1",6556,5477,5546,3077,6150,5300,3184,5710,6756,6126,7679,4375,9704,10577,2963,10074,8689
"FAM50A",9665,2605,2488,3510,8408,4865,4673,5569,8768,6159,7624,4920,9022,12398,4299,8491,6720
"MKI67",1800,4607,4097,1260,3523,3246,1098,2110,8615,12588,13399,16951,11153,19245,8977,14377,15221
"TMSB4X",11736,12352,7149,7754,14395,5711,4190,5649,1982,4527,4044,6462,4566,5540,4673,6141,4189
"NAP1L1",6708,7768,5492,3773,3984,3893,2143,2809,4009,6528,9022,8705,7694,8908,4917,12683,12068
"STMN1",3257,14770,10849,3342,2806,3598,697,1624,4539,8812,10245,9927,9445,8428,5938,17463,15463
"HDLBP",11467,5893,5918,4921,7211,4992,3642,3844,3204,5403,5520,7475,5821,7410,5109,7017,9021
"DMTN",2529,2995,4683,3222,315,3121,521,1622,3659,16275,11708,54332,9602,16647,29625,17893,28608
"TMBIM6",7801,8581,7995,5835,4022,3032,1646,2652,1848,6635,6065,11356,5978,6827,8542,11351,12466
"HSP90B1",15072,7044,7433,5006,7060,3502,3604,3163,2975,4698,7118,4726,7145,7491,3578,8287,8262
"DDX5",4829,8458,7474,4450,2166,2612,890,1148,2070,8635,9803,17508,7707,10458,10769,17487,18352
"CAPNS1",11936,7152,6059,5879,9844,7079,5528,6343,2108,3675,4617,4609,5477,6603,3880,5179,7049
"CIRBP",7891,3537,3335,3413,7190,5855,4625,4847,5121,5896,6986,6324,7095,7971,4274,8335,7769
"MYL4",1732,4955,2816,1143,602,3158,818,4074,14069,13832,19211,17319,14223,23104,7791,16318,11583
"TSC22D3",15129,5514,6633,8319,6721,6477,3820,6920,1912,3534,3293,9159,3986,4176,5104,7374,8216
"COX7C",7987,7986,5820,3936,3309,3724,1782,3131,2801,6935,9099,5950,8489,8807,4383,14086,11130
"PSMB1",5306,5257,4731,2714,3169,3663,1980,3310,7318,6871,9337,5886,11188,11050,4460,12862,9295
"GPX4",18668,5553,4933,7426,17726,8217,10439,11459,2035,2013,3183,3064,4072,5452,3834,4214,4872
"RABL6",5132,3585,4662,3279,6125,5476,3724,4822,5765,6466,7139,5236,7272,11945,3371,7644,8803
"STXBP2",11032,3669,3499,4458,9854,6245,5502,5872,3925,3862,4806,7008,6366,7971,4568,4952,6273
"SEC61A1",12508,4905,5285,4555,8342,4881,4710,4842,3182,4915,5170,4945,5958,6920,4019,6431,7810
"ERP29",9499,7680,4332,3950,7287,4560,3390,4841,4243,6362,7284,4026,7602,7878,2724,7660,6724
"SNRPB",5428,7229,8169,3994,4556,5293,2280,4707,2708,5908,6358,5171,7482,8450,3269,10228,11444
"PPP1CA",7037,5352,5429,3633,6491,4641,2891,3933,3576,5373,6228,6330,7244,8221,4643,8134,9093
"PSME1",3712,4437,3482,2156,2354,2211,1001,2472,4602,8930,11781,11690,11631,14083,9964,17799,14932
"TAGLN2",10653,10422,13116,8740,5271,7310,2673,4554,1408,3207,4572,3669,6423,5717,2922,7104,10798
"ATP6V0D1",9529,4429,4747,4338,10190,4590,4270,5511,4375,3988,5261,4225,7147,7212,3893,7677,6509
"GADD45GIP1",6063,3184,3969,2591,5368,6055,4390,9234,13239,4741,8206,1934,11340,12377,1814,9224,5741
"FERMT3",6197,4760,4555,3738,7484,4024,2560,3299,3018,6566,5973,8776,6458,8463,5912,7424,10223
"RALY",5759,4455,4814,3142,5848,4229,2750,4092,4009,6798,6664,6598,6917,9536,4810,8969,8675
"C19orf43",9179,4902,4964,4298,6790,5164,3504,5364,4824,4901,6050,4584,6561,7905,3089,7301,6307
"NASP",3022,7881,6221,2174,3639,4731,1668,3191,5088,7433,10203,4951,9772,12130,3448,12433,10558
"SQSTM1",17398,6399,7326,12277,12255,7458,5703,6094,1123,2378,2371,7114,3203,3477,6111,4912,6166
"SOD1",4872,5977,4642,2617,1977,2984,1398,3200,4357,7155,8862,7862,10063,10219,10186,13450,10405
"DDX17",5634,7422,4905,3612,3071,2625,1438,1942,2411,8107,7868,14079,6972,8111,9014,12966,12339
"FLOT2",6525,5007,4244,3366,4942,3983,3021,4705,6018,6359,5980,7125,7431,7704,3799,7794,8091
"ERGIC3",9128,8054,4985,4290,4793,5741,3178,5389,3582,4737,5292,4729,6482,7316,3333,6907,8225
"VCP",5799,6056,6349,4008,3822,3736,2033,2701,2651,5406,6354,9518,6592,8236,7212,8542,12014
"AP1B1",5621,4030,4503,3397,5164,4070,2011,3153,3907,6387,7315,7605,7341,9974,4801,8953,11121
"YARS",4429,7682,4553,2850,3532,3034,1736,2221,3280,7849,6847,10937,7856,8212,7920,10117,12229
"PPOX",2481,4062,3309,2101,857,3156,601,2921,7792,12136,11176,15884,13576,13555,11738,13902,13032
"APEH",3565,5337,4644,2076,2397,2882,1441,2940,6431,7292,10427,7567,10083,11296,6334,12477,11935
"NDUFB9",5750,6469,4853,2712,5654,4231,2523,4800,3885,6269,5921,4736,7941,8680,4167,9971,7657
"MCM5",1873,5810,6379,2150,4420,5200,1646,3906,4750,7118,8481,6018,8551,11657,3967,9752,14116
"CCT3",5538,8293,8179,3642,2351,4118,1935,3620,3155,5689,7344,4680,8293,8776,4100,10185,11881
"AP2B1",3328,8603,5380,2763,1404,3472,990,1974,2973,9420,9855,12673,7655,10301,8727,14373,13773
"NAPA",6691,4389,3955,3603,6516,3807,2844,4153,3208,5192,5016,8536,6867,7679,7422,6880,8181
"TKT",10710,13311,10620,6700,12193,7097,4589,5886,1690,2348,3894,3071,4383,5192,2086,4345,8049
"MTRNR2L8",16431,9053,3225,7097,5863,5975,3749,9082,863,4555,3706,10603,2376,4632,5434,4968,9490
"HNRNPU",3075,8143,8522,2960,2549,2544,856,1386,4317,7859,9033,9745,7454,11918,6118,14239,15298
"CCT7",5106,7367,8148,3708,3012,4205,1870,3193,2896,6009,7069,5122,8175,7931,4088,10106,11632
"PTMS",5041,1737,3393,2944,2491,3778,1960,4740,6351,7875,6231,13962,6540,10167,7878,9325,9412
"TANGO2",2712,2527,2341,1481,1608,1957,764,2175,9526,11981,12659,16042,13732,15733,11527,14546,13970
"TMSB10",38797,13157,11066,12523,23410,17754,23278,19921,1942,1517,1834,537,4460,2760,542,2726,1747
"IMPDH2",3527,11033,6900,2733,3142,4584,1903,3704,4880,4895,8052,3911,9074,8549,3012,9585,10825
"EIF3G",9781,5131,4971,4145,8435,6734,5648,6485,3238,3695,4360,3279,5756,7368,2458,5531,6255
"BTF3",5133,12529,10233,4856,2282,3016,915,1492,1221,6211,7726,11755,6366,6675,7676,12997,14840
"JUNB",3915,1675,4357,3530,2644,2491,1205,1874,3433,8479,7685,16502,6311,14529,11646,14082,14598
"CD59",11363,6441,5290,6212,4056,3468,1806,2787,2375,4864,5574,7861,5614,6256,5141,9569,8126
"PCBP2",5374,9858,8883,5098,2158,3119,1018,1449,1182,6923,6756,16873,4495,6218,10503,10824,16686
"ATP6V0C",7282,2889,5676,6304,13594,4516,3663,4856,2755,3505,3469,7934,4215,5769,6539,5119,6636
"DDX39A",4158,4812,5553,2743,4029,4743,1962,4049,4348,5371,7358,5861,8768,9736,3306,9782,8779
"WARS",8881,6577,2752,3435,4614,3171,3748,2624,3471,5940,4604,9879,5507,4984,9324,7097,8289
"PSMC5",4942,4471,3962,2452,4254,4121,2301,3491,5636,6445,8672,4593,8246,10696,3663,9229,8201
"KIF22",1765,3969,3479,1396,2744,3222,1128,2879,6173,9662,9337,11551,9961,14460,6681,13427,12238
"TAL1",3356,3540,3788,2402,356,1996,642,2021,6466,11134,10011,24426,12028,12944,15976,15626,14042
"TUFM",5822,7046,7069,3713,4768,5161,3001,4930,3501,4191,5663,3449,7192,7204,2561,7770,8400
"TLN1",5180,6592,6325,4406,5280,4077,1882,2431,1257,6253,5779,10704,3966,8018,6373,6712,15189
"TACC3",1700,3709,3622,1302,3784,2669,1305,2178,6023,9504,10916,10884,8741,14265,6528,13397,13382
"MPST",7106,3685,3571,3400,4318,5925,3981,7179,6235,4013,5533,4024,7231,7543,2385,7637,5764
"NDUFV1",4780,4345,3647,2248,6391,5036,3442,5125,6928,5219,6585,2939,8363,9235,2401,7815,7193
"DDB1",3450,4481,4762,2373,2152,2499,1158,2452,5070,6590,7679,11291,8420,8758,7762,12628,12408
"HNRNPM",3432,5217,7700,3206,2693,3346,1247,1958,3266,7032,8318,7149,8281,9359,5021,10873,12057
"DCAF11",2258,4339,3097,1592,1442,1670,755,1600,6530,10774,10647,19489,9586,14026,13026,13291,13499
"ETFB",5969,3352,2925,1981,5937,5077,3430,5793,7576,4889,6934,2625,8844,10251,2707,8951,6087
"CHMP2A",4605,3066,2405,1881,4475,2772,1879,3289,7227,7066,8382,6649,9070,10871,5793,10615,6963
"SRSF3",2202,7114,6927,2575,2392,2514,713,1343,4532,8149,10060,8377,10531,10089,4605,16282,14454
"PSMD2",3491,3982,4683,2319,2466,2384,1385,2358,4330,8242,8064,10955,7278,9910,7174,10214,11645
"RPL9",5935,6008,3569,1880,4934,2888,2002,3695,5245,5065,14306,3754,18753,5942,2043,9990,6270
"H2AFX",2626,4285,6824,3015,3430,3857,1371,3119,3012,6881,6156,10063,5581,7975,6375,9899,10588
"PCBP1",3966,7179,9333,4601,2077,2357,794,1209,1226,7644,8160,15407,4737,7795,10771,10688,16860
"PRKCSH",9012,5441,4996,5423,10393,7438,5835,5028,2742,3176,3509,4040,3645,6248,2025,4269,6508
"IDH2",2727,6725,5711,2582,1883,2426,658,1678,1776,10968,10128,11488,6543,11934,6946,15371,16346
"GLRX5",978,4437,4081,1391,587,1423,264,1107,7112,15158,14794,26806,13581,18497,12387,27270,18487
"ASNS",2016,7696,2782,1681,979,1931,636,1498,4962,13825,10630,14452,9608,10934,9104,18169,16201
"ACTG1",17229,16902,10222,11931,11837,6629,5146,3798,687,2221,2077,2915,3721,3878,2261,3819,6107
"PSMD13",6469,4237,3477,3184,4012,4206,2171,3538,4433,5946,5186,5301,7587,6423,4562,8642,6774
"ILF3",4187,5252,5953,3141,3117,3601,1797,2243,2809,5532,6457,7112,6980,8494,4440,8834,11515
"MRPL28",4179,2703,2983,1861,4822,3739,2712,5393,8496,5255,7544,3691,9840,10850,2779,8627,6663
"MICALL2",4039,3083,2782,2765,2266,4826,2337,4210,6446,5167,7821,6827,7994,12575,3786,6500,7734
"NDUFA11",6627,2893,3004,2625,5978,4719,3901,6881,8370,4131,5337,3077,7294,8735,2335,6985,4790
"PPDPF",5036,2590,4928,2846,5873,6564,2217,3085,2155,6917,4924,6727,3723,8431,6376,7273,9320
"C19orf48",3580,4852,3925,1919,4286,5927,2667,5297,4821,5600,6541,3029,9899,9493,2200,7788,7562
"PQLC1",3640,3296,2795,2324,3874,3492,1726,2958,6300,3495,6583,6799,8218,10078,6287,12355,8472
"STOM",1921,4076,3316,1826,1733,1701,626,1318,3351,10261,8440,27260,7916,10728,18202,14096,13630
"QARS",7623,3753,4175,3237,4865,4459,3177,4291,3902,4040,5587,4164,6394,6672,2720,7449,7239
"RBM38",1022,1425,3048,1713,392,1394,234,1375,8152,14115,10469,44529,17360,15549,29155,21163,20231
"NDUFB11",7209,4845,3090,2521,5066,4651,3460,6089,5680,4058,5656,2769,6918,8441,1952,7941,5629
"OS9",10791,5172,3572,5204,10778,5070,5100,3601,2008,4000,3727,4162,4190,5521,3273,4783,5219
"RUVBL2",3350,5768,5682,2385,3050,5556,1935,4051,4951,5060,6525,3294,8305,8802,2544,8242,8404
"GPX1",16992,6637,4918,7194,22895,8209,11447,12145,1817,1152,1972,3597,3772,3890,1669,2526,2361
"DPP7",13429,3700,3875,4963,19135,7076,9186,8642,4180,2366,3329,1493,4204,5433,1289,3368,4455
"PSMD4",4972,4499,4147,2445,3227,3583,1919,3179,4574,5132,6672,4770,7994,8470,3889,8882,7601
"ATP5O",4544,7212,4745,2403,3204,3160,1433,2986,3474,5591,8096,4673,7808,8379,3039,10943,8002
"TSPO",9263,5055,5513,4390,9004,5998,4620,9204,3290,2784,3273,2646,6004,5088,1435,4946,4483
"CCS",3445,1481,992,1632,2409,2486,1749,3864,10400,6894,7642,10828,12909,11494,9971,10364,6357
"NME4",4249,7602,4893,3431,2092,3927,1709,3775,1391,6984,8263,9008,3245,7387,4001,9249,10579
"MBD3",5934,2839,3723,3149,7844,5492,4833,7350,6345,3485,4633,2396,6922,7356,1804,5619,5039
"SSRP1",2732,7100,6981,2254,1955,3265,958,2223,2891,7309,7426,7079,7265,8945,4450,10847,13174
"TRIB3",5638,2411,4510,3478,1776,3037,1166,3513,4452,8941,1751,25832,4845,4031,24568,6956,6404
"PTP4A2",3771,8294,5160,2819,1694,2331,945,1778,3227,6413,8081,7036,7994,7927,5580,11930,11041
"RBM3",4080,5808,6594,3577,3040,4018,1264,1943,2339,5277,7091,6656,6670,6166,3808,9230,11229
"AKAP8L",4733,1943,1649,2123,4346,3628,3381,4425,8327,4644,5503,6811,7143,10928,4562,6791,5837
"MRPL37",4821,6313,6121,3791,1608,3986,1426,3202,3539,5374,7085,4239,7688,7281,3214,8813,8308
"HNRNPC",3109,12175,10335,3458,1702,2333,835,1383,1857,6058,7479,7905,6220,6731,5308,11225,14820
"MIIP",44669,1995,1357,8804,4646,8212,8941,4765,4756,3166,3158,3445,3742,4883,2375,3803,3154
"CDC37",6680,4033,5121,4127,7906,5780,4452,3976,2275,3608,4115,3565,4178,7202,2787,4775,6575
"DPM2",3358,2028,2043,1584,2012,2796,1635,3176,7026,7426,7858,8532,11069,12195,6520,9632,7155
"COX5B",5193,4079,4137,2692,4345,3517,2337,4438,4492,4538,6578,3316,7951,7746,2636,8380,5951
"PKM",34187,10912,19934,18415,35213,15281,18177,14927,596,858,791,955,2386,2970,825,927,2621
"TXN2",4958,5121,3856,2865,2732,3893,2567,4119,3997,4743,5619,3846,7613,7210,3011,7775,7084
"GRINA",9825,1947,2277,5272,21734,4075,7578,6800,1460,3272,2644,7248,2989,4971,4957,3853,4185
"MAF1",4984,3303,3929,3100,3081,2892,1838,3329,2346,5078,4057,10304,5363,6488,8887,7831,8550
"ARPC4",7753,4234,4115,3850,8074,4908,4013,5783,3349,3406,3773,2728,5545,5505,2293,5870,4492
"ATP5G2",7177,8903,6220,3876,4170,4086,2079,3579,2175,3772,4820,3150,5369,5492,2291,7091,8115
"GHITM",2480,5513,5860,2779,1562,1891,644,1145,2323,8119,6659,18437,5992,7077,13986,10700,12271
"EZR",8219,4518,6833,4342,1980,5470,2568,5565,4720,4512,3808,4872,4840,4225,2503,4247,5990
"CTSZ",11157,3588,2768,6465,18723,2992,4364,5410,1269,4017,3356,4531,4207,5491,2594,3865,4891
"NDUFS5",4733,5507,4536,2507,2547,5376,2173,6003,4379,3784,7285,2362,7948,7621,1632,8162,6811
"EIF4G1",3777,4192,6943,3571,2654,2503,1126,1487,1956,6335,5561,10670,4834,7201,7960,6546,11604
"EPB42",1051,3059,4319,1456,212,1496,116,1185,4975,14779,13476,39870,10743,16756,27071,17127,20640
"MAP2K3",1369,1689,2902,1524,1154,1363,546,1583,7613,8226,8934,19549,13877,11967,14315,14928,12055
"MARS",3844,6474,3689,2400,2862,2182,1259,1685,2029,6979,6627,9791,5495,6884,6089,8557,11886
"SLC39A3",2724,5110,3777,2072,3419,4801,2213,4011,4007,5258,5986,4022,6311,8679,2170,8251,7921
"GPAA1",4564,2921,3344,2141,4303,3605,2533,3939,5773,5376,5522,3879,6660,8227,2513,6865,6681
"FUS",2979,6750,7216,2346,3101,2991,1099,1708,2537,5864,6978,5622,5753,8456,3677,8201,11976
"SPTA1",586,4096,4630,1498,244,1929,220,1276,3535,14304,11337,39592,9515,13808,21991,19844,19036
"SF3B2",5378,5664,5450,3094,4265,3575,2096,1986,1618,5015,5545,5620,4788,6948,3593,6167,9253
"ARF1",5249,5493,7582,5107,3596,2882,1192,1647,762,5038,3702,14738,3223,4609,10196,6991,10576
"EWSR1",4314,5599,5360,3077,3079,3442,1328,1807,1770,5294,6016,6600,5295,7416,4418,7677,10568
"HNRNPA1",3041,8404,7111,3657,1903,2937,710,1155,2649,5379,8631,6150,7454,6614,3821,9275,12111
"ATP6V0B",8579,2897,3088,3512,7702,2969,3269,4930,2436,3535,3428,4752,4352,6082,4355,5540,5238
"TMBIM1",4224,4693,4758,3547,1847,2235,881,1641,1247,7076,5356,14285,5553,6137,10135,9048,10594
"PPP4C",5578,3067,3387,2897,5836,4067,2955,4118,3472,4061,4721,3820,5367,6372,3019,5904,5626
"LMAN2",6970,4132,4480,3965,6019,4111,3096,4049,3759,3559,4212,2805,5367,5797,2011,5229,4889
"UBALD2",3807,2052,2706,2575,5010,3286,2079,3120,4185,4684,4779,7248,5305,7670,5512,8965,4748
"TK1",1125,3724,4209,1389,1794,2706,619,2131,3804,9653,9261,5618,8766,11953,5335,15087,14013
"PSMA7",3809,4629,5443,2918,3273,2890,1364,1984,1843,5436,6005,5745,5616,7649,4353,8381,8983
"APRT",5780,4317,4345,2782,4474,4698,2931,5394,2961,3798,5216,1612,6425,6687,1824,7938,5637
"COMMD4",4639,3098,3125,2013,4555,3652,2199,4196,6483,4571,5980,2548,7451,7968,2006,8000,5588
"UQCRB",5530,5843,3625,2504,2859,2760,1640,2719,3408,4263,6801,4415,6159,7401,2739,9089,6557
"AURKAIP1",4848,2378,3098,2063,5415,3734,2980,4978,6392,4075,4955,2774,7055,8551,2194,6260,5080
"CLCN7",11621,2650,3367,4690,17493,5471,7962,6848,2192,2227,2589,2906,3239,4158,2758,2567,3682
"POLR2L",6085,2367,2983,2163,5597,4261,2981,6531,5831,3435,5161,1753,7937,8456,1926,6999,4616
"OPTN",3866,2221,1838,1696,1755,1883,932,1783,4592,7542,6533,16222,7075,8851,10636,9873,8460
"CA1",400,2751,2605,1656,50,390,32,338,3311,51005,26370,124297,8619,14196,58729,59673,77142
"ARHGDIA",13631,4299,6863,7243,18828,8679,8092,5956,1474,1653,2056,1737,2961,3714,1561,2191,3721
"EIF3H",4742,7999,6345,3560,2875,3381,1319,1841,1327,4645,4787,7609,4023,5296,4229,7132,9503
"SCAND1",6764,1995,2773,2606,8759,5339,5868,9628,5947,2732,3221,2313,4613,7225,1625,4584,3354
"BABAM1",3576,2712,2618,1816,2489,2730,1452,2562,4714,5496,6629,5310,8539,9253,4565,9190,7284
"FADS2",9369,14994,17392,7833,4497,7930,2499,4176,932,3015,2380,3396,1741,3059,1085,3018,8830
"RNPEPL1",5895,2105,2264,2620,6482,4146,3605,3831,3534,4030,4468,4097,5850,6376,2919,5144,5862
"PPP2R4",3507,3973,4543,2476,3065,3326,1652,3278,3152,4660,5360,4901,5235,7437,3382,7054,7491
"MTRNR2L2",14445,6996,3290,5820,4378,4914,2587,9660,658,2720,1912,8872,1615,2400,6110,3965,7650
"PA2G4",3178,6743,6530,2285,2371,3716,1348,2716,2064,4228,5486,4896,6299,6832,3467,6913,8749
"ARF5",4993,3579,3227,2750,4780,3437,2195,3658,3334,4233,4937,3494,5589,6333,2704,7541,5795
"TSC22D4",5063,2725,3587,3354,5273,3582,2543,3446,2266,3272,3850,5827,4849,5315,4814,5703,6517
"CSDE1",3757,6016,5417,3065,2602,2285,1276,1998,1972,4553,4952,8952,4468,5300,6107,6899,9297
"EIF3F",6199,5321,4523,3104,2995,3236,1630,2432,1917,4373,5230,4556,5348,5454,3215,8205,7506
"POLR2E",5015,3503,4158,2935,6662,3931,3391,4897,2878,3131,4008,2609,5623,5945,2301,5024,5775
"BAP1",2522,2660,2625,1640,2044,2244,1113,1722,4933,6484,7609,7406,8496,10778,5466,8781,9737
"MKNK2",2625,1987,3357,2345,1379,1611,589,874,2718,7984,6296,23264,6137,9702,15454,10525,13200
"ABCA7",4040,1532,947,2175,4559,2697,2762,3501,10538,5016,5977,5500,7089,10454,2912,5832,5247
"CHID1",2724,3303,2354,2040,2015,2784,1296,2963,5375,5719,6106,5599,7116,8847,4322,8802,7243
"PTBP1",3055,4164,6488,2878,2980,3209,1477,2629,2914,4177,4488,6348,5101,5868,3042,6496,9334
"FLNA",14931,6736,10376,10950,28347,15607,14166,9155,861,902,1334,759,2985,3704,782,1202,2873
"APOC1",12953,6305,2011,3369,722,3714,4547,5881,5347,2404,5743,1569,6618,9218,1425,5877,6846
"SLC2A1",797,1974,5761,1734,231,934,102,767,3239,12559,8894,62879,10893,13091,34829,18979,23828
"GAS5",9022,9851,3863,4630,3700,4778,3396,3865,2067,3387,4067,2053,4698,3562,1441,4753,5669
"EIF4EBP1",6064,5220,3165,2418,8471,4607,4524,5669,3428,3757,3323,2269,4598,4436,1358,4740,4208
"NUDC",3773,4243,4048,2089,3149,4368,2009,3035,3960,3878,5750,2471,7406,7813,2154,6678,6015
"APLP2",2513,6488,5957,3469,2590,2026,1013,1468,1198,6070,4663,11979,4489,5834,7045,7062,8782
"HMGB1",1193,8095,7573,1753,965,1459,337,843,2792,7772,11424,10342,7929,9107,5340,14733,15537
"MYH9",3845,5830,6259,4034,3847,3130,1257,1443,2243,3872,4939,4929,3986,8123,3140,4736,9061
"PNP",1838,3896,3684,1806,883,1507,313,928,2439,7828,6834,26351,7388,9103,15934,11948,13716
"HPS1",4335,3756,3303,2782,3249,3246,1591,2748,1393,3219,3780,9012,5104,5350,8299,7075,6408
"ILF2",3206,7174,5893,2519,1603,2083,713,1433,2815,5177,6744,5674,6277,6773,3557,9971,10123
"CTSL",4317,2677,4587,4897,1986,2137,701,2500,1107,5592,3736,15797,4199,5287,10792,8023,7219
"SF3B5",5584,3619,3883,2350,3506,3691,2234,4331,4469,3377,4223,2495,6613,6395,1969,6479,4872
"PTTG1",1407,3643,2833,976,813,1613,344,1171,6057,11139,11333,10697,9095,12796,7048,16602,10862
"NRD1",4247,4803,3167,2169,3000,2456,1524,1850,1904,5159,5705,6763,5173,6714,4971,6692,7296
"E2F4",1496,3609,4536,1853,1094,2220,493,1174,1687,8374,7340,15541,6148,8678,9551,10431,15331
"CDC20",909,3914,3297,959,1307,1546,463,1616,4724,8923,9564,10538,7227,11374,8375,12546,13334
"HINT1",4715,9335,5172,3106,1739,2761,1039,1749,843,6195,4933,5146,3699,6472,4456,9162,10542
"BIRC5",954,3793,3207,948,1543,2172,763,2245,7118,7440,8164,7008,8607,11562,3500,11871,9949
"NDUFS8",4951,2398,2714,2198,5079,4721,3314,5614,3612,3720,4362,2385,5523,7034,1958,5174,4433
"TUBA1C",2606,4276,4990,2175,1380,2346,661,1735,2372,5417,6218,8341,5457,6747,5453,11641,10717
"SSR4",9657,3645,3320,3724,5915,3963,3655,5059,2260,2827,3476,2243,4263,4732,1782,4827,4537
"ATP5E",3730,2393,1972,1464,2536,2080,1271,2278,5328,5740,7241,5138,7490,9541,3694,9678,6235
"GMPR",3379,4277,5215,2784,337,4139,1250,3264,1685,4698,3665,11604,5111,5464,11138,7155,7789
"HNRNPK",2491,6201,7146,2930,1563,1553,576,1083,1744,5667,5897,11285,4539,6068,6465,9231,12701
"XRCC5",2748,6651,7041,2325,1901,2290,835,1527,1945,4727,6555,5804,5647,6107,3598,8823,10413
"LAMTOR4",8257,2468,2022,2119,10132,4115,5290,8228,6409,2709,3783,1466,6137,5423,1259,4951,2008
"ATP6V0A1",4213,1715,1413,2141,6290,3386,3165,3399,5188,4009,4386,4780,5712,6860,3197,5473,4289
"RAN",2092,7920,7781,2295,1268,1755,458,1084,1526,6304,7826,7808,6138,6836,4669,11892,13925
"UBTF",2337,3304,3288,1747,1766,1976,942,1611,4444,5814,6086,7309,7937,7686,5151,8152,9099
"JTB",6527,3767,3673,2839,2727,2392,1574,2431,2021,4454,4868,4255,5035,5683,3575,7380,6792
"PSMD9",2735,2761,2525,1743,1045,1785,611,1650,4528,6797,7753,8201,9729,8332,5753,11965,8324
"NPM1",4809,16642,13863,4625,1832,3552,1093,1705,1018,2655,4961,2977,4840,3572,1916,6314,10867
"DRAP1",4565,3117,2925,2753,2094,2791,1657,2806,3272,4999,5281,4145,5120,7807,2865,6972,6400
"ADRBK1",7157,3621,3272,3468,13845,4210,5890,5409,2379,2361,2531,2601,2761,4768,1537,3220,4056
"SLC25A5",4092,10245,8906,4345,2078,2829,751,1359,849,4023,4856,5511,4242,4940,3150,8048,10946
"ADRM1",4433,2586,3761,2811,4189,3575,2180,2989,1876,4093,4336,4085,4905,6014,3074,5640,6338
"PSMB6",3847,3004,2738,1743,2634,2344,1495,2578,4642,4396,5477,4056,7061,7676,3234,7847,6320
"PLEKHH3",1482,1747,3632,1854,774,3022,489,2841,2051,9271,6777,12742,5754,9237,6350,10507,15203
"TPSAB1",239750,1479,24525,30862,4587,7200,45917,19222,2214,158,3424,75,2920,796,511,2892,1363
"PER1",2964,2505,5381,2766,2003,2829,1102,2368,2282,4276,3669,11673,3337,5819,8480,5442,8187
"SAT1",14134,5077,3690,8654,17541,3710,4717,5238,598,1392,1442,3716,2357,2369,4140,3911,2970
"VPS28",6897,2453,2129,2268,4790,3349,3869,3508,2588,3562,2963,4773,4636,5759,4137,4458,3962
"RBM42",4305,2695,3155,2396,4300,4036,2448,3256,2733,3564,4387,3586,4741,6647,2568,5310,5655
"TSPAN17",1220,3179,2878,1441,756,1958,468,1627,5449,8087,10619,6310,9862,11658,4559,13754,11182
"SMIM1",2487,1977,3095,1836,823,3261,793,5476,7443,5514,6028,3701,6348,14210,3282,7984,6106
"CYC1",2999,4404,4630,2117,2129,2475,1001,1950,1232,5845,5272,6565,4670,7462,4954,7364,10279
"RNF10",2848,2938,2957,2293,1622,1767,761,1114,1955,4834,4034,16645,6464,6150,16921,7544,9636
"LAMP1",6017,3936,4927,5630,9013,3289,3009,3162,1968,2463,3090,2970,3279,4121,2583,3488,4244
"CST3",27196,4165,7347,6407,17631,8806,9659,10765,1183,864,1533,865,2767,3032,702,1890,2892
"NBAS",5950,3320,2912,2667,1131,3421,1469,2373,3290,5073,4088,6061,4985,5613,4567,6334,5328
"HNRNPH1",1250,3505,4835,2161,1091,989,355,460,4609,8210,9905,9890,7676,10326,6807,14933,14227
"CHD4",5875,4474,4570,3838,4562,4208,2902,2636,1953,2755,3719,2811,4173,4564,1866,4261,5776
"RHOG",9470,3910,3601,3887,7706,5044,3778,4452,1823,2470,3219,2141,3399,4155,1499,3554,4158
"SLC43A1",2062,2604,1914,1311,1574,2005,910,3044,7457,6644,6155,5607,7409,7511,4078,9482,7568
"CLTA",5096,5189,4612,3223,4094,3151,1837,2644,2023,3199,4346,3378,4471,4707,2465,5222,5167
"SRRT",3534,2548,3327,2013,3477,2943,1698,2104,3231,4350,5379,3606,6420,7459,2684,5940,6769
"GDI2",3557,5659,4629,2484,3009,2705,1268,2259,2640,3395,4470,4451,5168,5106,2747,6449,6788
"WDR34",1271,1861,2704,831,1420,2547,865,2444,8992,6964,8379,4770,9575,11928,3499,10164,7141
"PPP2R1A",6475,4486,4082,2970,4823,3940,2825,3630,1891,2882,3300,2658,4263,4196,2064,4524,5255
"PARK7",4940,6515,5919,3018,3492,3550,1524,2658,1403,3243,4190,2522,4516,5175,2146,6183,6572
"ATP6AP1",10181,3633,3163,5797,10077,3436,3569,4490,1309,2308,2632,3464,2542,3282,2631,3548,3443
"HNRNPD",2039,7533,8039,2219,1775,2216,556,1004,1707,5463,6153,6598,5315,6530,3486,8800,11065
"CALM2",1926,8053,6746,2500,1314,1640,344,804,1136,6186,6982,11847,5143,5791,7487,10702,11983
"HSPA5",11363,4240,7430,5527,3528,2324,1728,1689,1002,2262,2532,4491,4563,3285,4898,4480,6446
"NUDT1",1639,1839,1498,835,3135,2199,1309,3335,8421,6476,7839,3548,9013,11552,2505,9972,5737
"ADD2",714,4784,3623,1093,153,1461,124,1433,5701,11312,12380,14147,9240,15501,8210,17537,17659
"DAZAP1",2305,3447,4497,1972,3064,2845,1430,2403,4201,3876,4396,4303,5054,6714,2692,5912,7047
"WBP2",5802,2679,3051,3518,4651,3123,2130,2601,1029,3645,2703,10415,2637,3782,7391,4495,5141
"UBA1",4886,3705,5301,2596,4061,2806,2292,3150,1913,3330,3407,5057,4048,3872,2983,3764,5479
"MGAT1",10781,2901,2939,4989,16602,3491,5138,5492,1488,2181,2182,2269,2950,2872,2166,2962,3249
"CCT4",2984,5920,5143,2279,1421,2262,833,1571,2675,4012,5429,4163,6204,5871,3261,9135,8618
"PRDX1",5711,4280,4434,3255,4702,2127,2003,3345,1881,2829,3118,3734,4693,4185,2742,5393,4642
"FAM134C",3311,2169,1903,1549,1733,2537,1114,2651,3904,6204,5738,4432,8382,7631,4526,6893,5795
"BAG1",3457,2928,2447,1462,2289,2432,1286,2382,4251,2945,4105,5526,7612,6245,5596,7430,5325
"FECH",606,3442,3969,1161,163,681,91,586,4717,13795,12545,35480,10868,12300,18460,19735,19324
"AP2A1",1928,2917,3822,1993,1717,1744,631,917,1754,6831,5727,15041,4206,7772,7163,8027,12242
"COX7A2",4109,4536,3391,2003,1897,2140,1212,2093,2706,4393,5704,3434,6238,6560,2861,8084,6031
"PPP6R1",3711,2463,4317,2582,3873,3198,2126,2172,2564,3320,3253,5595,3721,5532,3752,3963,6184
"TOMM7",5797,3853,2465,2173,2980,2944,1836,2674,2475,3989,4398,3596,5133,5159,2297,7029,4928
"AUP1",5111,3513,3199,2511,3950,3144,2005,2357,1387,3957,3550,4521,3756,5661,3487,4849,5883
"NUMA1",3268,2810,2704,2094,2467,2444,1159,1522,2803,4797,4586,6807,4602,7151,4256,5659,7820
"EMP3",16932,5925,6879,8198,11181,11156,7048,10452,1215,865,1536,854,2878,2529,481,2052,2534
"ATP5I",5587,3111,2235,1921,4069,3020,2617,4643,4908,3020,5009,1473,5655,6054,1434,6276,3575
"HNRNPAB",1485,5143,7808,2212,1154,1834,425,996,1747,6339,5797,8751,4558,8105,4432,8515,14374
"SART1",4204,2843,2770,2115,4192,3544,2219,2109,2671,3642,4018,3666,4431,7145,2514,4394,5421
"PHB",3958,4265,4866,2072,3422,3725,2412,4314,3467,2634,4348,1202,6379,5861,1107,5353,5320
"PHB2",3709,7787,7226,2917,2046,2954,1207,2080,898,3650,3753,4562,3670,3901,2977,6104,9205
"VPS51",5693,2899,2975,2622,4352,4390,3206,4086,2712,2769,2629,3317,4123,4183,2483,3649,3737
"ECH1",4970,5573,3831,2582,3620,3553,1811,2599,926,2840,4060,2802,3493,5604,2349,6238,8609
"TPP1",6567,4600,4110,4645,5898,2738,2144,2528,1234,2791,2784,5344,2344,3067,4177,3796,4137
"PES1",3417,3502,4177,2031,2675,4006,1982,3355,3857,2925,4077,2093,6454,6315,1609,4968,5214
"R3HDM4",4001,2020,2381,2449,2201,2633,1624,3446,3436,2538,2315,10659,5312,4704,7044,4333,4517
"KLHDC3",3169,3431,3136,1676,2542,2601,1495,3000,2540,4061,4720,3518,4810,5927,2929,7165,6521
"PSMA4",2679,5379,4298,1689,1991,2155,943,1320,2671,4287,6373,4793,5602,5726,3282,7732,7083
"TUBG1",1392,2979,4144,1480,551,2074,316,1479,1358,11017,8164,13624,5427,8185,7522,9594,14824
"IFI30",16375,3444,2216,6749,35501,2821,7707,11180,691,1680,921,2441,2447,4553,2102,1292,1833
"CAPG",70446,9043,15507,20029,44244,16474,18101,19882,492,488,284,508,1537,2628,330,531,646
"EMID1",8210,1931,3228,3596,1178,5228,2777,4915,2462,2495,3352,4377,4365,3854,2832,4040,3611
"FDPS",5980,6949,6530,3060,2930,2772,1696,2137,824,3506,3770,3718,3126,3957,2385,5360,6075
"GUCD1",1772,3979,3329,1606,1014,1712,524,951,1810,6412,6678,11975,5874,7028,7833,8837,10912
"ATP5L",3642,4091,3497,2064,1927,1975,894,1636,2379,4357,5344,4741,5546,5721,3651,8413,6212
"HAGH",1602,2613,2070,1318,820,1470,384,1111,2025,9501,7782,14275,5613,9959,10600,11744,10533
"HN1",2317,2933,2828,1527,1825,2195,995,2068,4271,4476,6083,4557,6085,7417,3439,8089,5761
"UQCR10",2862,3142,2369,1303,2370,2232,1364,2755,4612,4055,5640,3507,6299,7609,2790,7389,4544
"CCDC124",4338,1695,3056,2061,4491,3620,2478,4205,4415,2932,4021,1744,5308,7550,1650,4467,4054
"PSMD8",4819,4690,4600,2596,2546,2586,1394,2044,1334,3559,3645,4626,3562,4771,3533,5603,6303
"PQBP1",5537,3009,2025,2122,3207,3517,2625,3724,3183,2726,3974,2668,5198,5663,2209,4352,4108
"SHARPIN",3639,2111,1788,1984,2517,3107,1700,2665,2180,4442,4097,5955,4274,6026,4916,5152,5510
"SNHG5",2114,1141,3663,2650,6089,4359,950,4713,9131,2981,8506,1886,6593,5696,166,10796,8326
"STOML2",2801,4247,4070,1696,1697,2370,1025,2296,3236,4099,5126,3401,5986,5788,2677,7023,6393
"SHMT2",4354,6174,3392,2636,3915,2452,1602,1871,1816,4001,3388,4031,3707,3526,2697,5368,5699
"POLD2",3401,4139,4383,1768,2383,4241,1608,3472,3856,2856,4591,1834,5111,5784,1541,4963,5652
"COL18A1",2564,2016,3539,2419,760,3188,871,2272,2911,5712,4977,6492,4970,8383,3246,5419,8604
"PNPLA6",5039,1832,1799,2651,6803,3259,4106,3145,3080,2833,2931,4017,3449,5889,2527,3460,3000
"CDT1",1222,4352,3749,1536,2717,3844,927,2247,2821,4594,5090,4474,4825,6352,2539,5807,7395
"CAPN1",3794,4243,5662,3711,2315,3249,1167,1951,955,2794,3511,8101,2769,3986,3861,4182,8232
"TMEM259",6818,1845,2680,3892,8806,4963,4660,3182,1520,2495,2230,3128,2680,3902,2540,2560,4161
"SKP1",2380,4454,3409,2074,1202,1546,627,901,2655,4899,5711,7131,5465,6456,5495,9489,7812
"CHCHD2",3700,4486,4516,2368,2145,2325,1117,2196,1258,3910,4269,3632,4663,4669,3413,8515,5715
"C14orf2",3762,3661,2761,1669,3155,2904,1740,2983,4046,3129,4738,2558,5441,6070,1763,6074,3612
"UQCR11",4787,2639,2807,2661,2769,2808,1807,3758,3535,2772,3869,2102,5177,5280,2267,5855,3949
"DCTN2",3530,4563,3170,2233,2049,2403,1162,2003,1973,4091,3910,5531,3757,4451,3741,6432,6103
"MPDU1",2291,2897,2476,1480,1851,1839,870,1753,4758,5142,5115,5183,5668,6138,3865,7357,6680
"CDC34",2813,1226,1484,1545,2271,1926,1309,2511,4091,4721,4119,8205,5738,6597,6984,6191,4437
"UBE2D3",2232,4806,4367,2338,1766,1484,575,855,1634,4211,4523,10064,4342,5229,6946,8377,8968
"RBX1",1974,3546,2340,1228,1160,1559,596,1414,2600,6415,6573,7592,6039,7498,6290,9542,7313
"NCAPH2",2182,1299,2134,1127,2495,2707,1252,2159,4832,5339,5826,4017,6724,8475,2558,7102,6317
"CDK4",5271,8546,7181,3709,2165,3940,1361,2672,635,2427,3524,2929,3035,3515,2130,4731,7299
"ENSA",4251,5551,4297,2441,2820,2783,1254,1990,1239,3373,3734,4783,3420,4069,3097,5378,5521
"PCNA",756,6277,6437,1563,488,1217,130,474,2085,8621,11331,9718,7064,9139,5932,18269,17508
"EIF3I",3419,5446,5113,2243,1943,2646,1170,2049,1958,3010,3928,3297,4530,4774,2505,5883,6880
"ATP5J2",3381,3746,3054,1875,3380,2652,1605,3222,1855,3640,4568,2660,4077,5981,2425,5417,4815
"H2AFV",1876,4685,3632,1572,1391,1503,498,1022,1543,5857,6185,8404,5197,6509,5266,10045,9316
"ARFGAP2",4592,3101,2513,2021,3250,2705,2042,2022,2358,3324,3612,3935,4047,5243,3071,4482,4930
"FBXW5",6170,2074,3015,2799,6203,3557,3296,3797,2280,2490,2513,2788,3172,4384,2024,3393,3677
"RPS19BP1",5286,2380,2589,2423,5934,3340,2898,4689,3239,2390,3244,1430,4864,5301,1380,4820,3103
"COX8A",3983,4184,4421,2547,2981,2649,1310,2416,831,3884,3363,4420,3200,5023,2751,5889,6851
"TRAK2",1309,1481,1947,863,491,757,302,979,4279,8393,7191,21463,8946,8904,16433,12982,10623
"TRAPPC5",4282,1578,1818,1759,8203,3029,3400,4921,4052,2318,3031,2870,4159,5554,2076,3722,2792
"UXT",4123,3441,2055,1636,2093,2360,1493,2538,2557,3622,4764,3274,5461,5972,2649,6542,4797
"EIF4G2",2275,5633,6238,2928,1455,1507,362,732,895,4168,4943,10102,4288,4832,6008,9991,10788
"CCT5",2048,6372,5815,2287,1581,2160,626,1079,1365,4109,5872,4644,5073,4657,3396,7642,8935
"MZT2B",4079,1950,2174,1549,4434,3521,3126,2684,5457,3239,3773,1981,5110,6234,1445,5195,2964
"SSR2",8839,5824,4159,3698,4755,3210,2601,3173,1286,2113,2608,2281,3121,3047,1581,3644,3681
"ATG9A",2916,1502,1851,1657,1734,1922,1076,2528,3782,3951,3339,7037,6127,4899,6973,6228,5638
"SH3GLB2",2540,2645,2362,1940,1505,2633,1043,2017,2179,3785,4617,5078,4856,6903,5229,5824,6119
"PTGES3",934,4729,4969,1920,1203,1392,306,462,2529,5300,6991,8896,6051,7020,6973,11046,10945
"ALYREF",1649,3131,4759,1757,1680,2548,721,1638,1991,4537,5430,4342,5987,6636,2494,7736,8505
"ATP6V1E1",4475,4054,2940,2725,3282,2419,1338,2344,1669,2768,3681,4261,3915,3865,3306,5042,4590
"RNASEH2C",3039,2069,1787,1318,3402,2150,2040,3569,5291,3645,4470,2385,5458,7137,2163,5424,4010
"NPC2",17158,6725,4810,8122,9797,4331,3731,4588,717,1562,1782,1808,2194,2545,1256,1719,1966
"SRSF2",1918,4848,5827,2250,1049,1463,405,766,1078,5763,6199,7942,4899,5150,4900,10310,12503
"USF2",6029,2509,2730,3120,7706,2868,2994,3188,1790,2651,2719,2958,2681,4013,1805,3327,4166
"GNAI2",9871,5973,6474,6740,12504,4682,3901,4206,727,1245,1566,1943,1845,2650,1261,1891,3310
"KIAA0930",3910,1854,1881,1880,10782,2041,2415,2905,1895,3141,2642,5100,3376,3518,4462,3982,4043
"SMAP2",3312,3553,2527,2249,4096,1973,1397,1344,1740,3566,3591,5863,3790,4509,4203,4455,6382
"VAMP8",8269,4368,2951,2910,9380,3592,4825,5573,2646,1561,2349,1157,3540,3583,825,3507,2240
"UNC45A",3803,2519,2460,2007,3211,2252,1493,1942,2366,3427,3661,4472,4141,5278,3970,4736,4952
"ACTR1A",3832,2269,2427,1995,3178,2139,1615,2269,2517,3707,3820,4619,4236,4972,3167,4930,4712
"OSBP2",375,1668,2028,798,74,1204,97,814,5197,14702,11742,37158,10553,14091,21544,13956,19300
"PSMF1",2315,4193,3426,1977,1275,1827,572,1154,1154,4271,4400,11039,4384,5479,7818,6706,8396
"MPO",20657,11865,11248,8132,79863,8735,22014,16386,609,1234,217,2199,513,1464,761,348,496
"SREBF1",5336,5010,7458,4406,2241,3889,1216,2629,826,3110,2659,4834,2619,3703,1695,3185,5769
"NOSIP",4571,1971,1821,1495,4340,3627,3062,4817,5387,2538,3710,1642,5311,5502,1370,4518,2793
"H2AFJ",3002,1499,1440,1115,4699,2480,1833,3331,5449,3930,3787,3789,4420,6760,2882,5966,2968
"CNBP",3122,6206,5692,3519,2178,1824,638,675,993,3796,3920,6657,3733,3985,5101,6020,7979
"NDUFS6",3911,2209,2533,1556,4056,3107,2195,4102,5104,2576,4085,1659,5121,5899,1394,4883,3352
"RPN1",5705,3824,4373,3132,3632,2343,1755,2025,1400,2829,2978,3506,3249,4013,2141,4381,5161
"ADD1",2588,3429,3608,2219,1438,1746,638,938,1496,4717,4661,9022,4366,5444,5437,6700,8344
"GTF3C5",2437,2889,2490,1411,2032,2288,1343,2644,3771,3649,4669,3472,5584,5422,2366,6568,5340
"CHMP4A",3935,2704,1922,1389,2756,2063,1433,2330,4410,3464,4694,2420,6784,5399,2293,6516,4068
"POMP",2546,3343,2994,1659,1596,2100,816,1496,2268,4077,5493,4644,5674,5932,3647,7061,5891
"PFKL",4800,2850,3452,2587,8815,3754,3767,3434,1798,2287,2414,2098,3054,3846,1273,3058,4119
"TFR2",4519,6231,5008,3680,333,2566,583,1190,1591,4303,4325,8743,2892,4966,4624,3898,9080
"MRPL12",3463,2880,3925,1922,3828,3929,2882,4439,4295,2131,3588,911,5463,5648,828,4415,3713
"UBL5",4355,3285,3031,1914,2135,1860,1155,2454,2319,3419,4023,3050,4624,5304,2620,6423,4843
"CDK5RAP3",5587,2647,1658,2006,4881,2888,3401,2154,2275,2896,3506,2759,3869,4400,1915,4344,3938
"SF1",3309,4150,4553,2578,3229,2982,1264,1813,1622,2653,3059,3825,3455,4367,2368,4811,5831
"SAFB",4275,1880,2586,2606,4482,3478,2162,2675,2256,2831,2900,3261,4040,4321,2499,3411,4076
"CTDSP1",4950,2859,2747,2411,4859,3061,2321,3140,1983,3316,2666,3145,3406,3675,2151,3186,3599
"DCXR",3476,2030,1881,1322,2575,2628,1795,3239,4147,3322,4083,2691,5374,5742,2242,5756,3983
"PLD3",33603,4478,4140,11025,25824,7754,8011,9966,464,911,773,1192,1195,2016,658,1055,2111
"MRFAP1",3485,4082,3180,2499,2098,1916,1006,1557,1664,2811,4341,4937,4391,3916,3576,6652,5579
"FAM210B",1179,3950,2773,1283,298,1193,235,1073,3387,6491,6527,13037,6627,7568,8817,11495,10850
"RHOT2",4274,1661,2232,2059,4334,3035,2572,2581,3010,3115,3164,2774,4012,4937,1980,4011,4346
"WDR13",4805,1517,1619,1963,4523,3173,2670,2892,2991,3105,3161,3356,4101,4489,2583,4018,3297
"MED25",2546,2064,2130,1954,2973,3713,1898,3003,1888,3078,3127,5557,2827,5528,4294,3320,5141
"ZNHIT1",4328,2225,1943,1900,3733,3323,2345,4202,2383,2615,3416,2364,4481,5047,2105,4506,3368
"FURIN",3957,2450,3213,2580,3657,2600,1559,1990,1333,2708,1925,7985,2810,3575,6352,3565,5160
"EMC3",2544,1931,1397,1171,1590,1372,780,1536,4445,4078,4829,6920,6396,6821,6190,7632,5798
"SFPQ",1993,4433,5296,2007,1215,1526,572,798,1665,4444,5484,5573,5134,5270,3793,8068,10051
"RHAG",2198,6222,7224,3423,40,468,66,151,990,11528,10403,33679,5143,8483,20735,17473,25584
"FAM83A",7428,3348,2032,1999,721,3326,744,3544,3354,2332,6178,6747,2651,1212,8363,2538,10340
"PPM1G",2561,4111,4429,1960,1878,2354,901,1589,1624,3803,4019,4571,4253,5296,2659,5327,7098
"NDUFB7",4095,1992,2076,1515,4446,3070,2587,4656,4609,2628,3820,1578,4894,5674,1129,4934,3017
"MDH2",4110,4927,4872,2650,2474,2549,1245,1961,1320,2857,3820,2576,3960,3894,1908,5774,5732
"EIF2S3",2942,4117,4242,2253,2720,2027,1153,1450,1918,3890,4392,5108,4104,3592,2300,4923,4889
"C6orf106",3196,2697,2284,1843,2126,2190,1221,1791,2449,3134,3294,5552,3998,4831,5329,4879,5297
"MRPS34",4136,3030,3788,2118,3971,3098,2302,4130,3016,2267,3555,1192,4774,5063,941,4363,3972
"PTOV1",4979,1791,1998,1993,3661,2869,2715,3274,2451,2618,3466,2484,4251,5083,2080,3816,4170
"PARVB",3406,3107,2473,1688,2300,2272,1356,2704,2580,2991,4571,2857,4345,4799,1967,5974,6097
"UBE2S",1335,1703,2090,1044,1229,1679,574,1486,6575,5376,5054,7685,5388,9736,3667,7482,7076
"PSMD1",3306,2895,3102,1843,1357,1937,879,1254,2409,3935,5020,4187,5098,5592,3180,6760,6167
"PRPF6",3971,2771,2350,1718,4336,3209,2244,2222,2446,2857,3422,2507,4119,4737,1966,4156,3909
"RPS6KA1",4753,4239,3890,2642,4776,2682,2224,2121,1714,1844,3458,2328,3586,3841,1882,2890,4658
"ALAD",1006,5132,4172,1428,426,1163,237,1125,2544,6864,5511,16075,3920,5865,7991,7874,11770
"SNRPD3",2681,5207,3890,1721,2163,2136,1054,1733,2027,3259,4523,2849,4609,4917,2102,6075,5729
"SLC44A2",3676,2980,3021,2119,837,2101,959,2052,1797,4056,4011,6654,3393,5193,4029,5037,6520
"BLVRA",4428,4471,3047,2670,821,2178,746,2053,1916,3533,5455,3060,4581,5546,1848,7121,6531
"KLHDC8B",3503,3027,1909,2030,1846,3032,1831,3497,2501,1461,4650,4666,3973,4694,4480,4410,2503
"POLD1",1382,2324,2981,1199,2708,3026,1202,2499,3667,3641,4388,3116,4958,6803,1829,5211,6472
"FEN1",1075,3295,3579,1117,1241,1961,600,1784,3317,4744,6213,4006,6358,6418,2447,8694,8357
"ATP6V1B2",4285,2764,2982,2946,4168,1482,1164,1677,766,3216,2527,7836,3208,2914,8246,4298,4780
"SSNA1",3270,1904,2217,1558,2485,2294,1284,2513,2473,3700,3872,3472,4317,5674,2917,5729,4819
"SGTA",3000,2309,2962,1707,3216,2831,1865,2621,2917,2877,3250,2891,4537,4689,2004,4147,4376
"TNIP1",6781,3179,2893,3209,5174,3018,3110,2596,1344,1708,1565,4176,2614,2748,3886,2828,3013
"BRK1",4037,4595,3016,2618,2374,2053,1128,2067,1612,3000,3209,3382,3339,4477,2452,5369,5182
"KARS",2770,4863,4169,1845,1743,2318,1033,1434,1513,3297,4160,3909,3994,4812,2769,5371,6181
"TCF3",1621,2724,4022,1964,656,1964,476,972,1355,5611,4722,10301,3914,6351,6536,6569,10022
"RPN2",3890,4683,4259,2813,3087,1960,1199,1436,1880,2776,3754,2669,3767,4076,1817,4839,5108
"EIF3M",3065,6194,3881,2173,1383,2384,820,1014,1685,3243,4837,3402,4893,4554,2226,6651,6189
"S100A10",4982,1948,3572,3725,3341,2737,1360,2501,957,3353,2588,4619,4362,3576,3832,2832,2938
"HMGN2",1110,3651,4172,1189,1418,1265,337,555,1502,6030,10254,6587,8963,5048,4438,9709,9133
"TPM3",2930,5351,4886,2851,2300,1648,873,1148,1278,3391,3134,5683,3079,3376,3526,5472,5794
"CNPPD1",2866,2207,2133,1970,1856,1917,941,1284,1721,3453,2720,10921,3775,4314,7643,4933,5895
"SNRPA",2586,3816,3714,1562,3327,3240,1662,2410,2234,2815,3510,2431,3345,4935,1453,4313,5128
"CCT8",2283,6937,4590,2044,1634,1831,692,1220,1408,3248,5120,3685,4135,4145,2526,7264,6855
"FDFT1",5142,6332,5387,2650,2852,2225,1623,2316,958,2070,2490,6456,2353,3038,3691,2659,2712
"CAT",549,4621,4164,1303,490,597,146,414,1517,8782,8880,24491,5147,7320,14266,13293,12294
"SF3A2",4767,2510,3547,2892,5969,6161,3664,2935,1265,2025,2236,2184,2098,4186,1442,2048,3957
"MRPL51",3169,4376,2708,1499,2046,2409,1066,2295,2528,3285,4602,2163,4465,5487,1556,6227,4613
"SUPT6H",4142,2203,2188,1972,3835,3118,2189,2079,2569,2745,2730,3298,3339,4850,2397,2793,3893
"ATP1A1",2422,3736,4054,2061,1667,1433,715,1246,1248,3916,4284,6667,3066,4687,3587,5541,8515
"TOMM6",3653,4557,4107,1987,2225,2571,1025,2302,1431,2749,3926,2072,4073,4547,1939,5164,5000
"ASCC2",2578,1980,2053,1460,1751,1925,1069,1285,1738,3816,3787,7394,4397,6077,4984,4880,6080
"PDXK",8350,2059,2772,3555,11144,3567,3920,4912,1885,1449,2407,1016,3163,3211,889,2525,2521
"PDIA3",6370,5135,4920,3555,3029,2099,1351,1490,900,2590,3105,2452,3200,3273,1771,4181,5062
"SUPT5H",4071,2153,2342,2002,3491,2739,1857,1739,2803,2550,3004,2774,3883,4813,2400,3630,4057
"SRSF5",2869,4263,3834,2097,1967,1651,965,1060,830,3477,3624,6808,2367,3983,4298,6473,7928
"DHRS13",876,1230,1371,715,316,934,425,1338,8509,8729,8962,10571,9582,9285,5106,10253,7874
"CPSF3L",3616,1941,2110,1728,3745,2939,2221,2478,2653,2788,2828,2853,3618,4629,2311,3711,3623
"NDUFB10",3743,2317,2100,1665,3281,2318,1916,3135,4104,2599,4111,1704,4818,4710,1477,4533,3038
"NR1H2",2428,1665,2496,2141,1457,1667,692,1508,1130,4318,3064,11009,3354,4858,7358,5866,7547
"MARK3",1891,1825,1932,1384,1165,1098,510,935,2053,5051,4779,12586,5009,6119,7308,7717,7773
"C6orf89",2286,3178,2304,1431,1188,1500,561,1095,2329,4766,5002,6361,4266,6076,4215,6481,7089
"UQCRQ",3669,2820,2886,1559,2031,1997,1236,2535,2972,3042,4269,1716,4972,5548,1485,6484,4155
"INTS1",3220,1367,2135,1468,4691,2781,2999,2804,4140,2746,2850,2260,3941,4982,1715,3238,3538
"UBE2M",2901,2472,2936,2192,2421,2478,1264,2377,2967,2803,3102,3125,4115,4329,2264,3585,4317
"ANP32A",1891,4201,4087,1575,2228,1593,726,1136,2287,3723,4558,3680,4241,5011,2232,6071,6730
"NDUFS7",3356,2022,2248,1513,4043,2562,2099,3471,3842,2799,3005,1952,4387,4712,1374,3954,3285
"SERBP1",1821,4893,4946,1777,1279,1602,510,908,1696,3913,4760,4492,4518,5480,2814,6735,8199
"UBR4",3955,2949,2480,2384,2814,2954,1756,1680,1217,2300,2082,5900,2506,3934,5021,2947,4494
"PSMB10",4126,1281,1179,1302,4516,2085,2237,2680,4798,2047,4148,2039,4748,6328,1766,4914,3786
"CTDNEP1",3678,2817,2874,2270,3039,2474,1543,1957,1568,2708,2857,3342,3353,3779,2535,4062,4548
"COX7B",2796,3941,2769,1286,1570,1424,745,1632,2149,3576,5432,3030,5448,5438,2417,7158,5243
"TCIRG1",11187,1542,2068,3798,17598,4371,7706,5648,1947,1154,1787,972,2461,3370,737,1781,1714
"RECQL4",1105,1418,1973,864,1928,2291,1024,2014,5228,4516,5207,3372,6232,8488,2008,5045,6126
"TMEM14C",1744,7075,3765,2313,508,1202,234,777,1304,4286,4081,7055,4114,5594,4349,12678,13240
"H2AFY",2352,5633,4616,2425,3408,1461,761,1166,656,3480,3637,4684,2667,3780,2760,6234,7388
"C20orf27",1549,2479,2675,1228,3459,2172,980,2695,3426,2672,5680,2380,5658,4467,1470,5299,5334
"TRAPPC1",5388,2889,2688,2646,4917,3250,2472,3090,1275,2184,2492,1821,2591,3871,1661,3398,3272
"ACSS1",2605,5070,2996,1531,1360,2381,910,1916,2254,2382,4255,3253,4184,5217,1806,5615,5652
"TPX2",647,3931,3489,881,689,1075,256,1007,3162,5741,5811,10977,4787,6460,5601,9860,10222
"SLC29A1",2825,4365,3717,2022,1647,1712,703,1346,777,3562,4050,5391,3254,4464,2629,5761,9377
"RAB1B",3848,2814,3078,2707,3263,2477,1501,1940,1101,2669,2543,4080,2651,3428,2965,3520,4914
"USP5",2458,2909,2456,1500,2056,2482,1256,2278,3154,2838,3621,2369,4226,4965,2027,4491,5332
"WDR1",4466,4467,4322,3265,3566,2373,1414,1763,926,2222,2426,3264,3051,3401,2051,3440,4150
"RAC1",3451,3463,3429,2280,1897,2039,875,1471,909,2882,6303,4574,3026,3204,2762,5135,5992
"DUS1L",3241,2103,2663,1817,2709,2773,1585,2008,1746,2981,3537,2300,4056,5010,1939,4543,4835
"COX6C",2564,3848,2824,1486,1948,2014,799,1382,2603,3228,5144,2445,5179,5104,1889,7015,4337
"TIMM13",3858,3085,2961,1649,3934,3264,2484,4399,2926,1812,2979,1011,4963,4199,923,3498,3191
"UQCRH",2870,5190,3823,1822,1402,2148,783,1493,1660,3291,4288,2609,4507,4942,1905,5067,5747
"BOP1",1921,2155,3285,1582,1861,3078,1247,2947,4901,2526,3886,1200,6649,6389,1093,4394,4994
"VPS4A",2936,2499,2368,1679,2296,1935,1317,1636,3096,2994,3477,2893,4050,4818,2261,4740,4945
"GTF2F1",3769,2939,2736,1993,2591,2605,1592,1818,2269,2464,3211,2625,3080,4880,1727,3907,4677
"MGEA5",2319,2860,2174,1716,1068,1411,592,759,2195,3845,4062,7758,4285,4933,6154,7467,5830
"GNB1",4072,4029,4242,2868,3294,1961,1198,1516,781,2697,2637,4348,2509,3065,2824,4129,4971
"PSME2",2362,1891,1988,1154,1790,1521,1013,1713,3600,3268,5646,2106,7464,6657,2085,6449,5344
"HSPA9",1933,5245,5250,1870,1181,1486,561,979,1178,3774,3676,7664,3179,3362,4724,5297,7432
"MCM2",580,4700,4734,978,844,1424,240,811,1506,6046,6341,7565,5203,6200,4368,9753,12937
"SNF8",3017,2404,2205,1369,2501,1962,1202,2347,2769,3025,4099,2405,4924,4821,1774,5489,4081
"GYPA",429,2365,3770,837,43,425,46,282,2119,17691,13972,36145,7554,11915,22673,21156,25144
"C11orf31",4109,3868,3284,2456,3017,2861,1781,3334,2314,1932,3211,996,4371,3524,889,5112,3503
"ABCB6",1252,1158,1351,926,357,1241,361,1346,5454,6197,5992,11000,7022,8527,7303,8017,7128
"DNM2",2774,2869,3750,2667,3170,2118,991,1622,960,3061,2581,6378,2078,3593,3098,3436,6683
"MVD",9415,2425,2717,2507,7565,3863,5331,6094,2752,1248,2043,1097,2518,3012,753,1934,1655
"FAM132B",655,3227,4423,1452,169,1079,80,604,1143,11714,5793,29475,4245,7797,18269,9476,11997
"LRPAP1",8003,3815,2716,3612,22754,3101,4033,3781,609,1522,1457,1821,1828,2592,1218,1793,2543
"MYL12B",2993,4145,2812,2334,1566,1493,512,846,1450,3799,4061,5520,3939,3854,4476,5720,5338
"TMC6",3204,1967,2078,1976,2332,1954,1291,1480,2410,2838,3878,4289,3427,5852,1759,4801,4415
"EIF2S2",1845,3566,2345,1313,1216,1340,614,981,1683,4624,5072,6075,4491,4713,3635,7412,6965
"CIB1",4285,2168,2514,1904,2436,2415,1753,2411,2274,2082,3146,1764,4158,4528,1859,4911,3793
"HNRNPL",2327,4228,6531,2611,1306,2001,464,801,585,3900,3996,5559,2349,4160,3539,6447,9380
"RAC2",14877,11202,12851,13765,3485,6442,2339,2329,203,1264,1015,1827,1127,1302,1258,1705,2931
"ELOVL1",2459,2285,1952,1571,1717,1222,656,1351,1345,4437,4383,6211,3791,4818,4696,5601,6830
"KCNN4",2517,1095,683,1642,3117,1814,1852,2222,2840,3694,3812,3982,4835,4621,3319,4084,4852
"COASY",3302,2198,2275,1577,3223,2247,1852,1995,2259,2649,3405,2330,3695,4463,1710,4044,4416
"PCK2",1987,4517,3071,1398,879,1376,448,821,1197,5379,4159,7986,3852,4018,5384,6468,8324
"MAP4K4",2216,2367,1939,1466,835,1032,559,814,2549,5126,5397,6369,5100,6462,4726,6222,6455
"EIF6",5342,3465,3319,2171,3440,3156,2629,2917,1627,1877,2703,1413,3684,3665,1005,2791,3321
"PSMA5",2216,3672,3311,1655,1030,1466,612,1037,1924,3188,5074,3585,5052,5073,3018,7243,6142
"PITHD1",1119,2162,1884,952,817,920,313,715,2751,5797,5423,10173,7357,6510,7556,9844,6936
"CD74",39281,9894,4391,20956,79040,8477,20556,11699,230,429,323,951,1134,1518,639,161,368
"YWHAB",2384,4323,4389,2196,2115,1707,652,1021,1478,2893,3654,3647,3897,3647,2410,5892,5742
"APEX1",2426,5259,4765,2154,1595,2007,621,1186,1198,3068,4249,3044,3713,3702,2010,5489,7030
"WDR83OS",4749,2901,1918,1747,3308,2406,1994,3126,1509,2285,2647,2158,3447,3660,2102,3845,3373
"ACIN1",3344,2748,3144,2285,2599,1861,1045,1475,1376,2582,3009,4028,3210,3857,2971,3825,5206
"GET4",2691,1442,1752,1379,2642,2363,1494,2341,3580,2792,3229,3539,3776,4287,3154,4011,3190
"BCAP31",6319,3070,3074,2984,6851,3351,2981,3119,1289,1545,1964,1078,2847,3406,1254,2755,2746
"NUCKS1",1470,3935,3833,1380,1285,1120,398,846,1591,4911,4473,6949,4026,5171,3622,7221,7562
"LBH",1455,2887,3661,2052,122,1341,321,878,1526,4354,4951,8766,6535,4818,8503,9940,12206
"ARPC3",4602,5321,3972,2983,2958,1784,998,1093,614,2841,3009,3799,2252,3342,2512,4452,5202
"PICALM",862,2854,2747,1276,748,1047,304,629,1605,5687,6023,13182,3677,6310,6436,9321,10851
"CPOX",408,1525,2802,1108,188,575,85,278,5359,10698,11437,17731,8966,10871,10494,16859,12432
"RPS6KB2",2600,1575,1756,1330,2596,2295,1523,2273,2935,3133,3536,2840,3916,5156,2328,3958,4016
"CISH",3347,1696,1193,1703,1383,893,729,698,1831,4574,4041,6359,4176,4748,7586,5844,9262
"MCM3",922,5328,4544,1244,1403,1809,473,966,1362,4167,5247,3826,4627,5036,2530,6650,8798
"FKBP4",3432,3731,3491,1762,2490,1809,1606,2456,2367,1844,2851,1410,3545,3656,2101,3843,4912
"LGALS1",34079,9451,12895,16859,19924,11179,11178,10367,353,251,376,257,1335,1721,296,671,1318
"TPSB2",452522,1941,40725,46246,12038,29361,2826,28259,2,15,130,171,4211,3367,316,2003,2800
"HEBP1",892,4292,3023,1541,711,1354,253,1195,1251,4812,5513,7049,4311,5990,4150,9282,9791
"PNPLA2",4697,1279,1771,2434,6894,3200,2816,2392,771,1648,1369,5916,2277,2627,5359,2588,3610
"TPRA1",2035,1153,1093,1143,2162,1499,894,1578,2842,3745,5077,4825,4682,6114,3521,5758,5806
"NCOA4",1546,3607,3315,1715,626,768,170,303,927,4965,3932,25537,4184,4454,16848,8757,11189
"FAM117A",743,2512,3376,1314,150,918,273,527,1494,6843,6511,21369,4021,6743,11766,11025,12991
"LAMTOR1",3924,4035,3058,2149,3062,2203,1324,1831,969,2291,2751,2831,2862,3212,2739,3663,4315
"HNRNPA3",1436,3916,3922,1492,1251,1297,398,615,1814,4003,5186,4943,4810,5498,3109,7306,7866
"CDC25B",1813,1894,1766,1113,2291,1405,638,1337,2998,3804,4394,7025,3801,5352,3519,5051,4868
"RRM2",405,3183,3914,632,435,702,99,467,2496,8641,8795,12488,6409,9829,6872,13494,16416
"GPS1",3259,2016,2462,1580,3101,2349,1807,2764,2508,2385,2660,2164,3416,4168,1719,3503,3940
"INPP5D",4050,3072,3188,2696,1920,2942,1436,1256,1691,1924,2592,3885,2453,3501,2282,3445,4475
"GUSB",3216,2790,1602,1631,2941,1730,1187,1646,1927,3286,3858,3367,3387,4634,1718,4671,4167
"GRK6",2539,2050,2314,1725,3181,1787,1206,1406,1196,3099,2940,5144,2377,4472,3541,4214,5467
"STK25",2121,2265,2805,1904,1665,2078,864,1628,1729,3468,3447,4549,3038,4723,2245,4929,5131
"SNRNP200",2322,3713,3442,1672,1274,1539,658,807,914,3722,3904,6837,2841,4901,3538,4959,8186
"SURF4",5223,3521,4383,3348,2462,2158,1299,1682,708,2230,2229,2950,2306,2963,2469,3495,4876
"COPS3",1691,3982,3121,1102,654,1279,370,780,2206,4666,5320,5181,5836,5231,3157,7646,7466
"GDF15",3544,1069,4507,6103,699,3276,460,1749,403,1783,1735,13518,3809,1778,18190,3176,6445
"EPRS",1544,5096,3081,1292,749,1018,347,611,833,5168,5546,9195,4012,5097,5257,8077,8447
"GDPD5",2732,887,1070,1126,478,1402,679,1333,5748,5766,5176,5662,4852,7591,3833,7034,4635
"NDUFB8",2984,3294,2916,1619,1937,2066,963,2067,1732,2788,3556,2172,3773,4071,1594,5152,4555
"HSPD1",973,5551,5712,1561,736,1221,258,678,1891,3995,5520,4792,5551,4174,3360,7594,8577
"ARRDC2",2550,847,955,1402,2942,955,889,1202,1414,2713,2279,13265,4930,4859,12831,4739,5160
"ANAPC11",2252,1743,2129,1360,1879,1668,863,1955,1814,3960,3652,2964,4213,5359,2181,6762,4818
"NDFIP1",1507,2855,3107,1665,933,1362,413,895,1986,4136,4046,6194,3961,4533,4030,7330,6244
"DYNC1H1",3185,2258,2479,2088,2759,2246,1156,1406,1470,2603,3521,2954,2810,3849,2617,3755,4456
"PSMA6",2370,4135,3047,1595,2287,1692,830,1158,1460,2836,3952,2832,4183,3583,2286,5241,4738
"TST",3108,2881,2827,2133,1276,3077,1431,4026,2895,1821,3047,1722,4070,3078,1061,4466,3408
"LARP1",1902,2782,3457,1911,866,1109,416,725,1145,3740,3996,8683,4253,4189,5933,5753,7333
"C14orf166",2803,4487,3159,1543,1276,1485,668,1112,1223,3000,4601,3285,3785,4265,2131,7035,5787
"SET",2045,5716,5224,2342,1373,1610,565,856,975,2848,3521,4262,3185,3166,2731,5540,6845
"GANAB",3648,4924,4420,2862,2286,1765,1091,1043,695,2504,2531,4424,2111,3199,2772,3031,5729
"SND1",6407,4118,4350,3549,3202,2982,1891,2013,767,1526,2003,1948,2021,2573,1495,2561,4727
"SUMO3",1955,3325,3257,1469,1454,1489,631,1244,1286,3640,4016,5496,2947,3222,2506,6733,7233
"CAST",1594,5437,4517,1749,460,1097,301,634,1350,4449,5864,5931,3624,4741,4024,8331,7517
"LBR",666,2617,2817,804,621,933,266,717,2498,6669,5985,9440,5094,5976,5636,9940,8414
"DCTN3",2149,2125,1690,1237,1235,1215,538,997,2126,4617,4762,4657,4477,5853,3412,7150,5517
"LSM4",2365,3440,3917,1860,2278,2198,1032,1980,1568,2442,3018,2054,2818,4616,1343,4559,5035
"GIGYF1",3173,1499,1336,1496,3580,2852,1933,2287,2755,2460,2524,2645,3195,4582,2099,2849,3381
"YWHAH",975,3340,3223,1370,613,926,225,721,2176,5330,5728,7959,4345,5674,4259,8158,9248
"FASTK",3481,1172,1394,1389,2725,2237,1876,2184,2770,3094,3123,2337,3816,4331,2131,3711,3522
"OTUD5",2704,1794,1648,1718,1327,1580,1036,1124,1855,3010,2531,7237,3380,4129,5923,3920,4955
"PTPN7",6943,4296,4230,3013,3144,4038,3547,2396,1385,1204,1962,899,2845,2399,892,2508,2863
"DBNL",3487,2014,2519,1803,3826,1926,1429,1627,1855,2639,2753,1958,3590,4072,1849,3777,3673
"NOP56",2555,3802,4193,1588,2474,2460,1268,1662,1222,2438,3102,1599,3639,4254,1309,4048,5350
"CTSA",7884,4116,3829,5209,9484,3155,3531,3227,559,1202,1335,1732,1519,1936,1319,1396,2776
"CBX3",1861,4084,3737,1648,1269,1290,443,707,1210,3562,4566,5063,3948,4397,2892,6560,6569
"PSMA2",2153,4574,3102,1424,993,1270,462,803,1303,3829,5089,3556,4760,4839,2645,7131,6360
"SNX8",2233,1767,1984,1345,2775,1800,1175,1864,2594,2987,3276,3166,3657,4758,2207,3709,3825
"BNIP3L",1326,3824,3678,2569,703,919,199,406,1159,4946,3462,13983,4037,3077,12602,8503,5138
"ILKAP",2317,1718,1532,1157,1250,1646,787,1531,2830,3654,3467,4170,4882,5260,3706,5403,3668
"HSD17B10",3102,3035,2970,1496,1934,2698,1035,2704,2216,2316,3188,1209,4471,3590,1279,4852,4063
"TAF10",3561,2057,2525,2036,2328,2096,1202,2004,1338,2616,3051,2880,2629,4210,2196,3795,3705
"RNPS1",2483,2611,3433,1719,1455,2015,828,1300,1286,2950,3364,2906,3658,3827,2658,5058,5482
"STIP1",2554,3218,4585,2081,2170,1734,1040,1492,868,2468,2744,2653,3019,3650,2634,3892,5640
"PSMD7",2422,3071,2995,1667,1422,1566,713,973,1122,3266,3742,4391,3549,4012,3197,5265,5382
"METAP2",644,4478,3943,1309,559,931,186,465,2624,4915,7317,7131,5165,6622,2780,10971,8600
"NCLN",3522,2324,2669,2178,4314,3266,2724,2747,1836,1570,2333,1089,3724,3832,818,2793,3408
"KIF2C",598,2725,2131,665,781,1213,251,904,3208,5614,5671,8155,5254,6102,4694,8331,7502
"HNRNPUL1",1817,3958,4691,1801,1762,1516,648,942,762,3122,2785,7800,1949,3627,3751,3952,7328
"SRSF6",1920,3325,2976,1375,1167,1174,576,856,1515,3442,4419,3882,3905,4982,2196,8087,6892
"CPSF1",3748,3030,2530,2495,3367,2945,2605,1569,1011,1779,1679,2815,2471,4360,1799,2047,3812
"SRI",2189,5005,2655,1580,643,1403,311,954,1452,4534,4170,4779,3535,4832,3309,7059,5756
"CDCA5",942,2464,2075,768,1627,1661,648,1438,3600,3825,4681,3241,5236,5786,1921,6181,5320
"FKBP5",4553,7446,11174,4489,3846,4039,1388,2477,343,1554,1758,1805,1412,1521,1079,2162,4449
"NDUFA2",2216,1933,1735,1067,1719,1502,960,1907,3211,3108,3831,2322,4463,5282,2040,5712,3779
"XAB2",2937,1498,1669,1441,3369,2873,1791,2610,2626,2128,2628,2269,3136,4332,1778,2959,3007
"TCF25",5756,2576,2227,2438,4436,3392,3001,2701,1619,1404,1831,1349,2512,3039,1258,2398,2649
"WDR6",4014,1916,2152,1851,2238,2496,1219,1703,1558,1896,2529,3443,3618,3653,2522,3084,3622
"DNAJC8",2097,3953,3274,1421,1510,1449,714,1401,1261,2678,3584,3719,3254,3898,2460,5083,5581
"MTRNR2L9",11122,4276,1546,3070,2852,3195,1821,5891,453,1702,1021,5302,784,1732,2938,1693,5023
"MGAT4B",5422,4788,5056,5223,3792,3931,2036,2358,378,1095,1662,1820,1662,2178,1291,2422,4494
"SERP1",3870,3395,3118,2426,2675,1668,1162,1260,916,2299,2665,3570,2132,2944,2413,3512,4448
"IK",1896,3060,2174,1181,1193,1428,502,911,1548,3643,4088,5207,3751,4759,3364,6183,5841
"EPN1",3871,1598,2622,2660,5376,4180,2739,3736,1338,1523,1420,2357,2022,2634,1988,1632,2531
"EPOR",922,2102,2300,1153,239,1131,146,652,1637,7244,5406,16644,4328,6193,9959,7305,10045
"IRF2BP2",2116,3069,2680,2406,944,820,360,483,929,3932,3118,12410,2633,3646,7813,6404,7480
"EBP",7601,3642,2953,2332,3995,3410,3168,4209,1420,1538,1808,915,2585,2560,594,2575,2219
"ATG4B",2765,1476,1485,1377,3236,2254,1701,2060,2444,2510,2772,2480,3537,3986,1820,3777,3241
"PPP1R12C",3943,1435,1835,2184,4233,2378,1832,1639,1026,2568,2416,2958,2362,3732,2495,2761,3530
"C19orf53",3951,2205,2387,1885,2309,2494,1787,2830,1218,2088,2745,1713,3067,4100,1603,2998,3296
"PDAP1",1969,2854,3183,1380,1701,1803,750,1144,1080,3622,3333,3641,3096,4683,2565,4190,5593
"CTNNA1",2080,2398,3115,1629,930,1132,409,700,1149,4229,3552,10474,2674,3271,6103,5303,6733
"DUT",700,3696,4187,1164,752,1317,301,745,1518,4963,6623,4084,4313,5708,2668,8289,8215
"SLC38A5",671,2020,2853,739,677,1823,231,1225,4218,3896,5749,5019,6070,6802,2933,5864,7524
"NPLOC4",2543,1685,1952,1518,2117,1561,1303,1400,1632,2710,2767,4863,2803,4065,2880,3623,4634
"SRP14",2652,4749,4251,2295,1505,1504,498,869,449,3293,3256,4822,2517,4027,2663,4969,6550
"NPRL3",1343,2094,2492,1309,836,1610,584,1009,1448,3937,2852,7426,3192,5299,5797,4602,6216
"MTCH1",2710,2003,2268,2049,2852,1550,967,1332,1021,3028,3015,4329,2204,3366,2717,4247,4955
"PRPF19",2102,4409,4452,1678,1656,2106,854,1369,1205,2352,2756,2501,2937,3389,1997,4036,5531
"MPC2",1164,4967,4011,1441,328,1064,141,437,1086,5386,5281,6962,4853,7112,3864,9341,11796
"TUBA4A",1091,1063,1384,604,1415,1320,554,1016,3032,4464,4657,4881,5379,6571,4161,7302,6955
"NDUFS3",2115,2540,2090,1076,1595,1453,779,1683,2332,3018,4093,2247,4992,4664,1677,6121,4141
"ELOF1",2908,1774,1888,1518,1933,2288,1503,2277,1675,2184,2511,2860,3588,4164,2425,3412,3178
"POLD4",5416,1682,1317,1786,3128,2121,1874,2268,1822,2121,2022,2470,2805,3197,2385,3714,2460
"COPZ1",3466,3287,2394,1757,1570,1421,810,1345,1030,2550,2965,3494,2964,3394,3686,4495,4282
"C7orf73",1408,1636,2037,1279,467,765,285,674,1501,5566,5420,10526,3390,5475,9179,8688,7260
"SESN2",2211,1264,1264,1025,1072,1210,603,998,2384,4700,3160,8550,3581,4326,5226,5720,5442
"SPTLC2",2001,3415,1662,1480,1471,1274,525,719,1398,5023,4560,4618,3306,3419,2408,6606,6643
"MLF2",3323,2613,2549,1850,2223,1824,1294,1762,1141,2422,2273,3591,2338,3258,2494,3326,3917
"CCT2",1233,5503,6308,1738,461,1250,214,635,562,4139,4662,5946,3784,4530,3976,7421,10643
"NONO",3176,5662,4624,2645,1554,1873,741,959,978,2158,2347,3742,2187,2830,1976,3667,5437
"TFDP2",1179,2255,2312,957,371,1264,422,1036,2983,4291,4218,7793,4447,5186,4865,6430,5406
"SPSB3",3308,1009,1050,1615,3036,2367,1848,2406,2169,2277,2087,3457,2794,3983,2656,3220,3266
"CCDC88B",4620,742,361,1155,8833,1647,3889,2222,4157,1882,2410,3258,5501,9124,1406,2164,1114
"S100A9",9769,3647,4608,5192,43419,4383,11162,7650,940,1547,224,990,2798,3053,627,280,228
"MKRN1",1811,2307,1711,1296,907,926,395,883,1589,3239,2934,12354,3759,4155,7328,6142,5415
"EIF4B",3013,5411,4122,2486,1701,2032,947,1244,946,1970,2452,3411,2404,2456,1784,3569,4796
"RRM1",549,3458,3002,723,673,1015,170,488,3349,5737,7086,5630,5827,5902,3474,9962,8266
"POLR1D",3924,4338,2880,2629,1161,2080,992,1578,834,1963,2378,3035,2617,2943,2547,3912,4103
"MTHFR",2160,2614,1973,1567,1453,1730,1191,2208,2309,2221,2557,3289,3391,2474,3202,3555,3655
"PHPT1",4902,2439,1936,2044,3441,3100,2131,3519,2559,1482,2031,942,3322,3660,762,2515,2625
"ECI1",1670,2400,1933,1425,1998,2400,998,2090,2262,2616,3218,2224,3328,4119,1517,4334,4077
"PSMD3",2018,3411,3862,1751,1547,1863,750,1052,887,2659,2942,3901,2724,3428,2779,3892,5879
"SPINT2",3949,4342,3284,3094,490,2347,934,1537,768,2979,2779,3634,3155,2956,1607,4353,3779
"DCAF8",2106,1750,1505,1466,1133,1283,775,1163,2170,2471,2366,6875,3582,3565,6166,5055,4479
"NDUFA4",2831,4907,3501,1763,1433,1606,659,1209,635,2904,3273,2955,2881,3762,2173,4569,5252
"RBM5",2954,2303,1698,1759,1823,1550,938,1151,1366,2883,2409,4509,2785,3235,3558,4252,4334
"GTF3A",3489,4124,3297,1645,1706,2293,998,1578,1545,1967,3090,1465,3639,3327,1269,3874,3937
"SRSF1",1503,3667,4685,1590,1262,1203,446,684,827,3489,3933,4261,3328,3638,2900,5980,7789
"FARSA",2398,3205,3657,1804,2025,2215,1095,1766,1134,2172,2469,1999,3115,3316,1619,3389,4876
"KEAP1",2419,2447,2351,1505,1504,2163,847,1510,2077,2348,2725,3149,3674,3237,2310,3902,3750
"TNS1",616,253,806,877,545,422,138,324,2935,9590,6130,37901,6673,8338,22486,9762,13804
"ERMAP",948,965,1768,805,207,597,260,985,2987,6462,5774,12895,6433,7150,6452,8627,8473
"NUP210",1180,3292,3119,965,1776,1912,723,1564,1314,3008,3892,3468,2996,4644,1894,3869,5578
"C9orf16",4152,1453,1343,1546,3289,3443,2641,3241,1738,1881,2506,1383,2553,4703,823,3117,3111
"TADA3",4645,3467,2605,2413,2416,2366,1493,2280,1072,1939,1839,2365,2036,2577,1741,3010,2698
"IRAK1",3108,2373,3277,1788,4301,2463,1716,1912,964,1742,2308,1787,3068,3061,1267,2556,4085
"ARFGAP1",5219,1053,1274,1791,4338,2505,2635,2011,2070,2136,2180,1886,2976,3244,1605,2498,2458
"EIF5",1647,2592,3010,1608,981,951,345,545,1117,3277,3589,7890,3528,3872,5889,6169,6561
"SYMPK",2694,1689,2208,1507,3016,2558,1844,2321,2846,1894,2381,1822,2982,3674,1206,2663,2988
"GRB10",2610,2681,1599,1326,1480,1263,884,1074,1682,3231,2738,5681,3106,3231,2826,4590,4256
"THEMIS2",3040,3479,2129,2387,2711,1972,1060,1403,715,2204,2325,3270,2200,3074,2066,3492,4854
"MRPL27",2321,2006,1655,850,1537,1880,989,2350,4630,2198,4256,1250,5704,4795,1332,4434,3015
"HGS",3296,1524,1869,1938,3061,2408,2033,1503,1212,2143,2260,2903,2787,2995,2141,2612,3570
"PYCR2",1271,2708,2239,1162,670,762,232,380,1027,6599,4930,8843,3845,5288,5788,7778,10301
"FAM195B",4352,1268,1504,1650,4273,2997,3215,3491,3073,2095,2070,943,2988,3221,816,2713,2141
"TMED9",6261,3524,3170,3284,3441,2215,1492,1501,841,2011,2268,1501,1998,2568,1253,2543,3104
"PSME4",2680,1644,1702,971,670,1132,635,815,2462,2857,3207,5860,4858,4411,5303,5517,4669
"PSMB2",1987,2779,3034,1270,1310,1582,694,1261,1276,2686,3677,3036,3640,3900,2246,4711,5018
"AURKB",924,1921,1882,711,1406,1447,458,1180,2364,4518,4250,4520,3850,5386,2846,6215,5569
"ARPC1B",10931,5074,5995,6574,10423,4517,3016,3483,407,685,1078,776,1523,1816,470,1399,2151
"NDUFA10",2179,2832,2423,1419,1835,1723,1077,1507,1966,2386,3085,2034,3193,4001,1731,3826,3912
"PLEKHM2",3018,2021,1899,1980,4501,2378,1680,1589,918,2157,1975,3315,1979,2892,2332,2329,3823
"NELFB",2347,2103,2738,1759,3115,2368,1393,1884,1529,2082,2311,2147,2480,3497,1466,3073,3536
"PKN1",8053,3613,3010,3603,7270,4760,4598,4413,1079,795,1340,544,1989,1984,433,1654,2317
"ATP5G3",2521,5823,5882,2325,1150,1449,476,1011,531,2617,3108,2720,2623,3279,1654,5732,6229
"ANAPC5",2342,3325,3070,1544,1489,1501,807,1287,1078,2591,3025,2682,3213,3334,1782,4738,5411
"ISOC2",3496,2865,3481,2123,1281,3297,1194,3058,1717,1612,2661,924,3521,3620,866,3464,3128
"CHMP1A",2786,1565,2150,1606,2807,1949,1382,1643,1577,2242,2401,2816,3287,3153,2184,2931,3187
"DYNLRB1",4407,2617,2089,2029,2459,2386,1435,2398,1288,1830,2544,1663,2728,2850,1279,3036,3107
"SIAH2",1434,2142,2715,1496,525,979,293,1017,872,3797,2274,12161,3660,3432,12366,5277,6311
"ZFP36L2",2448,4975,5180,3353,2697,2756,1034,1737,418,1397,1555,3117,2723,1482,1993,3213,4251
"HBBP1",1435,3016,2593,1268,80,434,163,627,3319,4682,5735,11840,6213,4486,8407,10169,5908
"TMUB1",4761,1272,1726,2253,5155,3677,3513,4359,2274,1513,1577,1304,1925,3161,833,1777,1872
"SARAF",3597,3160,3542,2684,1873,1865,976,971,665,1939,2503,2944,2169,2745,2343,3998,4097
"PIN1",2253,1636,2126,1266,1937,1792,1073,1718,1957,2779,2942,2166,2893,4638,1575,4094,3990
"KRTCAP2",4328,1950,1692,1610,2975,2238,1694,2181,1737,2040,2658,1582,2841,3282,1257,2824,2689
"ARPC2",3918,4652,3861,3371,3955,2022,1398,1337,629,1628,1761,2453,1792,2263,1619,2497,2880
"TMEM59",2170,2532,2081,1476,1073,892,425,756,1306,3186,3378,6195,3264,3484,4457,6477,4956
"TARS",1184,4428,3120,1308,745,938,272,431,941,4228,3967,7821,3563,3772,4372,7181,7790
"ZMAT2",1689,2783,1870,1219,1266,1193,560,880,1754,3077,3454,3856,3879,4245,3277,5004,4523
"NHP2L1",2989,3488,3087,1705,2171,2034,1371,1871,1092,1871,2474,1737,3007,2791,1272,3186,3724
"POLR2A",2316,1985,2970,1763,1881,1765,834,1318,1162,2332,2495,3330,2552,3631,2311,3361,4706
"CHMP4B",3099,2126,1957,1663,2877,1644,1171,1386,1133,2254,2645,2700,2704,3508,1861,3750,3318
"BRMS1",3408,1424,1728,1288,3347,2089,2049,2374,3003,1798,2423,1197,4190,3460,1103,3053,2308
"NDUFA1",3895,2599,1754,1363,1846,1489,971,1633,1408,2399,3213,1887,3233,4004,1662,4538,3065
"RAB7A",3450,4221,4272,2699,2580,1530,909,1511,517,1685,1877,3847,1641,1997,2732,2833,4325
"IRF3",3274,1397,1425,1333,3005,1640,1773,1707,2096,2086,2143,2572,2842,3364,2842,2792,2621
"IER2",3071,1432,2105,1862,2240,2081,1266,1179,1596,2341,1628,2725,2349,4337,3014,3577,2847
"IDH3B",2479,2266,2118,1459,2305,2142,1210,1717,1624,2352,2655,1790,3245,3600,1394,3389,3467
"SELENBP1",411,1096,1639,910,146,775,48,1243,2703,9268,5163,22005,5098,9049,12830,8125,8012
"RNF40",1962,1910,1968,1276,1903,1619,1008,1489,1781,2790,2517,3287,2700,3890,2525,3057,3937
"HMG20B",2429,1722,1446,1348,2379,1879,1338,1741,1909,2108,2541,3094,2235,3763,1911,3391,3807
"YIF1B",2958,2530,2874,1813,2979,3025,2021,2739,1063,1927,1652,1591,2055,3022,1135,2506,2970
"CCDC85B",3433,1502,2070,1500,5616,3527,3427,4693,4194,1201,2257,432,3108,3425,424,2588,1747
"YPEL4",949,1010,1176,1053,271,839,217,748,1828,6340,4117,14107,5498,6111,11696,6899,6477
"CLN6",2258,2141,2349,1107,4136,2371,1434,1749,1814,2016,2656,1292,3799,3876,1022,2699,3428
"LXN",1631,13060,12625,3222,140,1777,281,840,320,3334,3535,3962,1977,2685,2576,4891,9542
"RBMX",1387,4282,3185,1433,776,1404,347,734,1478,3232,3795,3966,3410,3579,2209,6090,5756
"KXD1",2488,2178,2529,1649,2028,1872,1129,1272,1376,2338,2563,2528,2787,3177,1898,3189,3714
"USF1",2002,1053,794,861,2601,1270,936,1311,4145,2765,3425,3060,4866,4780,2306,4368,3050
"WIPI2",1791,1618,1694,1233,1412,1381,740,1166,1572,2570,2773,4496,2980,4174,3640,4801,4540
"RBM39",2153,3496,2804,1853,1126,1131,524,627,767,2781,2785,5395,2610,3147,3686,5440,5780
"DNAJA4",304,3154,2244,782,141,829,63,515,2106,7383,8542,12336,7225,7360,6364,11123,10561
"BAX",4078,2919,2921,2449,2485,2333,1224,1669,584,1782,1815,2340,1888,2855,1978,2695,3873
"PSMD6",1422,3000,2532,1205,735,1255,419,671,1425,3439,4609,4131,3807,4205,2690,6128,5905
"RRP7A",1796,1959,2078,713,2228,2530,1036,1421,3938,1710,4562,1496,4556,4946,980,4637,2386
"CCT6A",1366,4733,5835,1813,900,1402,425,695,808,2608,4323,3002,2977,3358,1846,4909,7576
"NRBP1",2631,2574,2749,1974,1628,1591,877,1457,1041,1986,1892,4225,2016,2909,3123,3077,4276
"TXNL4A",2987,2327,2159,1543,2200,1835,1241,2153,2154,1815,2913,1326,3173,3231,935,4296,3084
"ILK",3149,2430,1888,1554,2294,1256,1008,1016,860,3139,2188,4756,2190,2787,3045,3524,3924
"PIEZO1",3530,2622,2912,2110,3683,3374,2315,2478,1124,1035,1840,1243,2255,2940,723,2546,3534
"MCL1",2079,2474,3183,1743,1447,1187,670,930,865,2367,2435,4942,2289,3431,3724,4554,4687
"PIH1D1",2666,1791,1821,1164,2427,2003,1391,2216,1933,1929,2076,2316,3039,3398,1648,3692,2743
"G6PD",5561,2989,3780,3531,6324,3143,2259,2505,625,1061,1249,1610,1318,2260,1297,1232,2821
"SHKBP1",4959,2164,2631,2353,6188,2873,2867,2488,1046,1332,1468,1442,1928,2370,941,1858,2262
"RTFDC1",2296,2694,2619,1551,1675,1336,693,1132,1239,2365,2706,3732,2777,3127,2602,3629,4255
"RPL22L1",1712,3899,3417,1258,813,2111,695,1845,1365,2515,3498,1778,3661,3785,1109,4498,4787
"PLEKHJ1",2387,2023,1758,1230,2934,2004,1578,2214,2342,1960,2709,1098,3397,4905,919,3358,2944
"TM9SF3",1222,2644,2635,1224,791,923,327,553,1120,4068,4298,6940,2712,4090,4551,6669,6986
"TUBGCP2",3567,1851,1911,1652,3226,1916,1317,1652,1603,1745,1976,2358,2491,3229,1530,2827,3398
"RBM10",2280,1864,2041,1066,2294,1873,1289,1309,2096,2291,2585,2290,3053,4191,1643,2987,3562
"FAM53B",1766,1364,1760,1336,723,1631,701,1482,1552,3190,2888,7308,2852,3520,3354,3549,4844
"LMF2",3081,1078,1414,1467,2765,1893,1566,1495,1339,2645,2556,2594,2361,4269,1767,2985,3981
"ATP5H",2329,3282,2598,1431,1411,1284,522,1045,854,3024,3635,2971,3112,3509,2091,5012,4625
"SF3B1",1627,3557,3033,1819,1083,898,329,456,984,2834,3186,6837,2784,3005,4986,5486,6205
"TSSC4",2883,891,1130,1161,2636,2024,1728,2609,3707,2054,2293,1614,3705,3632,1663,3287,2398
"MRPL4",2516,2354,3334,1558,2197,2908,1670,2749,1718,1591,2181,1068,3039,3091,881,2733,3047
"HM13",6151,2472,2772,2908,7132,2548,2844,3325,882,1153,1345,832,2140,2169,848,1856,2181
"CNOT1",1754,3071,2200,1179,1340,1140,608,1056,1459,2581,2965,4014,3421,3329,2516,4721,4770
"RER1",2453,2260,2235,1478,1540,1523,728,1007,1109,2694,2907,3548,2716,3548,2494,3991,4260
"SRGN",3221,13735,9676,3574,8744,1679,1173,1125,462,1284,732,2160,1023,2522,1412,1196,3078
"DDX56",2861,2201,2024,1367,2189,1914,1230,1613,1410,1973,2592,1636,3412,3385,1527,3328,3716
"RNF167",1972,2663,2347,1323,1581,1559,732,1140,805,2952,2673,4267,2168,3612,2808,3767,4946
"URM1",3528,2735,1992,1843,1601,2688,936,2477,1566,1601,2175,1744,3109,2873,1225,3135,3207
"MAN2A2",2097,3123,2392,2204,1096,1129,503,731,623,2708,2681,7036,2160,2871,4130,4555,6295
"FAM134A",2640,2044,1904,1626,1649,1406,828,1429,1425,1881,1912,4242,2531,2798,3749,3681,3737
"SPN",2690,4593,5911,2526,1708,2571,1261,1721,701,1412,1355,3654,1492,1827,1721,2064,4214
"ROGDI",964,1671,1319,788,1296,1803,612,1601,2279,3866,3949,3548,3253,4915,2460,4256,4419
"ATF5",1355,1579,2758,1262,1079,1870,561,730,1936,3903,2143,7389,1940,2798,6890,2615,4821
"RAB6B",804,2181,2469,981,128,1265,147,819,1370,6718,4316,10837,3969,5656,7242,6370,8500
"COX5A",2873,3899,3391,1927,1772,1911,913,1592,750,1880,2953,1489,2688,2905,1219,3889,4126
"CA2",329,3217,3174,886,31,250,16,216,1284,16080,8727,39897,3903,4762,17598,24142,36969
"CDV3",1956,3318,3242,2005,1418,1546,565,687,692,2419,2702,4599,2507,2645,3325,4208,4788
"CCNB1",512,4438,3620,674,400,863,137,454,1550,4912,5721,8488,3697,5330,4682,8838,8542
"USP15",1086,2416,2385,1133,439,672,143,329,907,4659,4759,13580,3689,4694,8397,8590,9153
"VDAC3",1479,3979,3011,1159,762,1052,387,680,716,3507,4159,4462,2695,4588,2992,5979,6890
"MCM4",306,3488,4083,866,499,1042,199,598,1480,4845,5578,5105,4395,5057,3064,9191,9740
"TPGS2",2104,3728,4299,1835,494,1085,359,987,715,3233,3321,4571,2284,3955,2737,4104,7232
"EIF4E2",2407,2723,2275,1398,1460,1760,831,1595,1741,2018,3018,1969,3067,3422,1459,3828,3528
"NDUFS2",2242,3138,2622,1383,1537,1588,752,1056,1052,2659,2677,3056,2628,3177,2167,3682,4006
"STK40",3342,1382,1738,1931,1977,1862,1120,1325,1139,1901,1734,4714,2545,2371,4647,2356,3005
"LMO2",644,6691,4688,1536,453,2126,262,720,809,4112,3628,4513,2834,4311,2372,5033,6347
"KDM1A",2471,3241,2382,1168,1291,1541,772,1132,2066,2115,3232,1865,3120,3754,1219,4675,4248
"CAPZB",3363,3776,4140,2461,2554,1967,1018,1453,583,1803,1975,2419,1664,2252,1481,2773,3763
"SF3B3",1690,3419,3418,1431,1012,1421,486,765,926,2894,3022,3300,3225,3232,2454,4232,6366
"RFXANK",3021,2160,1606,1243,2808,2328,1711,2315,2010,1551,2097,1684,2860,3192,1174,2968,2347
"IQSEC1",1153,1514,1827,1002,737,1042,254,856,2016,3718,3936,6485,3705,4828,3884,5616,6834
"MAN2C1",4106,1220,1070,1375,3029,2419,2359,1607,2265,1830,1714,2635,2167,2663,1782,2412,2883
"CANX",2798,5506,5774,2611,2496,1534,768,888,568,1570,2016,2980,1740,2157,1684,2563,5139
"SH3GL1",1912,1358,1906,1325,1806,1785,834,1459,1383,2376,2297,4032,2722,3372,3055,3016,4103
"SLC25A1",4944,2535,2891,2243,5739,3028,2893,3648,1035,1209,1424,1243,1214,2432,678,1733,2281
"TPD52L2",3369,1944,2349,2017,3726,1913,1485,1744,1056,1470,1996,1580,2441,2668,1602,2735,3276
"LSM7",2911,1914,2216,1230,2763,2609,1856,3292,2416,1571,2159,775,3390,3264,691,3354,2346
"CIZ1",2344,2438,2331,1633,2005,2271,1320,1229,744,2254,2182,3118,1606,3182,2146,2810,4614
"RCC2",1699,2948,3376,1557,1277,1306,515,926,680,2892,2697,4982,2557,2691,2805,4096,5775
"MLXIP",1809,1189,1371,1341,1321,1257,687,866,1199,2698,2658,7668,2820,4386,5724,3196,4322
"KHDRBS1",1538,4041,3215,1583,1430,1506,466,665,1353,2464,3264,2769,3152,3224,1712,4809,4723
"COPS6",2464,2428,2116,1256,1586,1583,890,1334,1613,2542,3062,2063,2790,3574,1458,3809,3684
"ATG13",2494,1520,1406,1230,1330,1254,802,1268,1477,2516,2252,5324,2896,2959,4036,3757,3887
"SARNP",2994,3314,2020,1403,1388,1584,873,1189,1268,2598,2991,2127,2952,3221,1473,4339,3019
"PSMG3",1302,1225,1094,754,1448,1208,858,1537,3155,4028,4419,2217,5101,4615,1740,5637,2796
"UGGT1",1348,2244,1934,1154,860,1082,432,929,1891,2786,3797,3948,4292,4229,2568,5297,4850
"YWHAZ",2156,4284,4904,2804,1798,1485,445,638,785,1790,2577,3423,2309,2432,2085,3743,4544
"HUWE1",2235,2287,2279,1468,1672,1607,961,1008,1270,2034,2409,3289,2284,3464,2709,3097,3939
"HBQ1",708,858,816,561,334,1239,284,2327,9224,4162,4319,4413,6046,8136,3953,6632,3118
"GPI",7274,5214,4416,3422,10331,3518,4320,3486,573,1350,705,1621,1637,1391,293,750,1540
"MRPS16",2007,2339,2534,1061,1249,1464,585,1350,1685,2558,3375,2156,3575,3583,1690,4728,4019
"RSL1D1",2889,5296,4164,1956,1886,2039,949,1416,993,1419,2131,1592,2470,2169,1134,3079,4027
"CCNB2",406,3029,2496,540,408,871,148,552,1554,5594,5902,8632,3828,5922,4964,9680,9175
"SLC25A38",1559,2325,1301,927,520,1213,462,900,2058,3621,3650,4568,4401,3721,3284,6079,4739
"PKD1",1524,818,963,911,1454,1324,866,1247,2896,3461,2766,4657,3820,4020,3424,3523,3964
"DAZAP2",2037,3638,3272,2296,1383,1026,382,468,716,2440,2869,6003,1793,3113,3251,4561,5557
"ENG",1921,3785,3319,1393,3766,2028,1751,2425,1096,1366,2238,1496,2008,3685,684,2134,3288
"TRA2B",799,3273,3825,1249,908,906,240,376,1164,3562,3899,5074,3224,4698,2802,7882,7501
"RAB11B",2936,1594,2126,1982,2196,2144,1193,1558,888,2001,2064,3071,1964,2728,2141,2596,3364
"DTYMK",996,1695,2289,710,1197,1468,539,1361,2102,3696,3930,2127,4255,4783,1589,5921,4324
"SEC24C",3400,1998,1696,1535,1985,1407,1297,1259,1184,2002,2233,3248,2174,2913,2398,2853,3074
"C12orf57",6066,2258,1785,1764,2867,3908,4168,5541,2082,1128,1266,924,1725,1769,658,1708,1662
"PCYT2",4355,3149,2737,1495,2463,2746,2422,3812,1787,1058,1798,1119,1894,2190,794,1964,1992
"SMARCA4",1907,2155,3015,1462,2396,2337,1190,1008,1533,1911,2527,1948,2507,3780,1179,2437,3631
"YPEL3",3302,763,1054,1772,2539,1181,1323,1751,940,1613,1188,6645,2369,2868,6275,3389,2993
"OTUB1",3557,1930,2219,1920,3405,2407,1834,2304,837,1500,1715,1905,1840,2484,1286,2362,2857
"MTA2",2053,2773,2846,1440,1399,1468,676,962,1074,2450,2762,2774,2608,3473,1742,3431,4876
"MXD4",3526,1125,1637,1869,1371,1730,1167,1573,1118,1822,1730,4095,2122,3328,3138,3180,3075
"LARS",1557,3749,2290,1144,1173,1323,697,954,1213,2837,3111,2929,2670,3046,1859,4257,5173
"USP7",1149,1728,1787,954,808,983,407,785,1434,3349,2759,7950,3160,3598,5432,5315,5448
"HNRNPF",1176,4020,5202,1815,772,840,354,573,696,2700,3432,4783,2533,2988,3018,5216,7394
"ZNRF1",5416,2773,3363,3617,581,2868,1162,1646,740,1676,1750,2189,2159,2292,1475,2684,2947
"PAF1",2328,1524,1397,1064,2081,1687,1184,1537,2129,2153,2642,2229,3163,3770,1835,2948,2707
"FANCI",479,2181,1787,518,579,1106,245,667,2959,4446,5746,5462,4468,5475,2773,7410,7169
"UFC1",3794,3720,2427,1854,1579,1748,883,1269,829,1677,2350,2150,2274,2883,1468,3050,3722
"CD151",7230,1347,1713,3308,4123,3030,2672,2898,363,1204,2410,969,2186,2266,1404,2233,1709
"NSMCE1",3852,2589,1875,1416,1711,2471,1397,2014,2497,1652,2134,794,3404,2823,924,3512,2129
"ARRB2",2927,1725,2006,2002,5573,1228,1429,1397,572,1647,1866,3811,1465,2615,2868,2402,2999
"FCGRT",5135,1220,951,2516,14941,1888,3456,3892,875,1512,1630,1429,1621,3040,529,1562,1969
"NENF",3582,1795,1344,1185,2628,2468,1995,2951,2580,1619,2352,956,2577,3356,749,3174,1870
"ARHGEF2",2289,1659,1626,1570,1513,1351,831,1128,1191,2438,2225,4860,2220,2979,3010,3338,3555
"SELO",2289,867,1013,1291,3456,2298,1783,2091,2134,2044,2352,1769,2774,4569,1081,2593,2707
"ST6GALNAC4",1030,1287,1029,651,537,640,269,750,4119,5122,4518,7018,3928,7249,3788,5599,5263
"TPST2",3436,3519,6633,2304,692,2746,824,2082,738,1968,1299,3548,1374,1595,2645,2589,2151
"CLTB",2768,1554,1791,1240,2712,2174,1453,2056,1881,1826,2325,1180,2907,3622,1072,3001,2439
"NDOR1",1977,975,1216,1154,2837,2091,1595,1284,1869,2435,2608,2219,2995,4035,1609,2327,3361
"DDX41",2618,2302,2453,1473,2745,1971,1246,1329,1033,2036,2219,1818,2357,3166,1356,2638,2953
"MRPS15",2745,3177,2333,1168,1734,1573,1122,1445,1090,2024,2616,1675,2245,3709,1147,3753,3567
"POLDIP2",1814,2619,2734,1216,1192,1439,675,1031,1079,2444,2602,2953,2837,3353,2154,3476,4714
"CSTB",9220,3210,5082,7361,8652,2918,2281,2700,105,1221,1103,878,1118,1463,1713,953,1970
"RBM6",3360,1592,1179,1211,2139,1562,1249,1356,1789,2379,2240,2094,2857,2928,1805,2968,3215
"CCNDBP1",811,2449,2054,1097,335,465,111,284,987,5108,4097,18727,3326,4323,12138,8753,8721
"CENPB",2393,1658,2666,1647,3280,2250,1555,2117,1344,1593,2036,1690,2252,3156,751,2444,3015
"ZNF672",1511,1348,1489,1115,1161,1126,630,958,1816,3298,3199,3693,3083,4028,2755,4074,4603
"HSPB1",10920,2126,3581,4698,2636,4425,2447,3900,533,880,1127,622,1743,1498,1131,1406,1914
"FOXM1",627,1603,1601,548,1254,1309,485,1068,2962,3562,3912,4255,3870,4824,2242,4591,4679
"RNF181",3711,1920,1360,1316,2457,1607,1469,2018,1181,1804,2227,1931,2424,2712,1683,3158,2416
"TRMT112",2391,2617,2725,1417,1253,1487,701,1389,889,2487,2187,2493,2816,3453,1774,4439,2773
"NDUFV2",1839,2957,2320,1218,1340,1230,568,1177,1328,2355,3171,2368,2750,3071,1758,4707,4018
"SHFM1",2608,2638,2102,1244,1601,1644,758,1385,1465,2148,2971,1520,3004,3191,1228,4463,2986
"IMMT",1706,3548,2707,1425,1130,1307,472,676,1055,2745,3063,3409,2671,3183,1841,4155,5075
"SRSF7",973,3834,3868,1070,821,903,281,544,905,3431,3965,3451,3315,3755,2122,7131,7517
"TECR",3698,2162,2212,1541,2693,1979,1603,2075,1228,1669,1812,1525,1961,3003,968,2314,2905
"XPO6",2287,2445,2508,1189,1992,1667,1004,1098,913,2118,2189,2513,2216,3279,1951,2851,3885
"SMG5",3463,1445,1563,1523,2608,1632,1462,1627,1476,1823,1900,1900,3074,2584,1695,2428,2641
"PABPC4",2168,4941,4333,2407,986,1720,525,625,586,2007,2287,2852,2244,2592,1498,3897,6146
"TPRG1L",2162,1081,1036,1005,1609,1183,721,1106,2170,2250,2317,4416,3152,3254,3539,4414,3398
"MRPL20",2338,2069,2177,1097,1320,1571,689,1395,1878,2262,3300,1327,3870,3523,1179,3988,3528
"ETFA",864,3307,2977,1164,599,844,211,403,1236,3530,4648,4243,3731,5180,2577,7052,7274
"SUPT16H",1218,3160,3083,1077,954,1261,450,938,1579,2623,3129,2895,3073,3292,1725,4306,5152
"SIVA1",1218,1383,2176,817,1182,1276,689,1457,1611,3238,3227,2264,3634,4060,1631,5296,4280
"CXXC1",2375,1612,1468,1115,2873,1888,1385,1377,1243,2126,2469,2011,2465,3705,1440,2585,3243
"DDOST",3554,5027,4639,2967,2232,1661,921,1043,484,1710,1561,2203,1575,1761,1453,2213,4090
"BANF1",2245,3042,2805,1351,1368,1719,707,1172,778,1967,2449,2052,2345,3543,1705,3731,4429
"IARS",1151,5147,3524,1235,322,679,146,264,542,4895,3695,13187,2314,2972,7375,5975,9837
"ATP6V0E1",4785,3716,2382,2633,2584,1539,1159,1643,421,1283,1619,2162,1744,1795,2117,2802,2882
"ASNA1",2284,2716,2961,1570,1622,1369,651,1213,475,2199,2201,3174,2011,3020,2620,3113,4615
"MEPCE",2269,1830,1841,1331,2054,2071,1040,1359,1731,1893,2378,2232,2586,2798,1578,2515,2746
"TXNL1",1385,3141,2253,1130,671,909,336,555,1402,2990,3532,4274,3463,4239,2999,4975,4737
"PYCR1",1899,3996,2415,1310,386,1335,506,812,890,3339,3089,3097,2881,3366,2011,4607,6292
"MRPL38",2626,1890,1889,1207,1996,2076,1214,1800,2119,1779,2267,1253,3101,3022,1020,2866,2703
"EHD1",3029,1291,1734,1631,1884,1700,1193,1674,1434,1772,1599,3609,2459,2451,2477,1932,2721
"PIP4K2A",1418,3416,2666,1620,561,957,314,583,814,2083,1968,8623,2911,2544,8521,4330,4897
"TRAP1",1196,3835,2237,1160,944,2190,732,1656,1450,1927,2779,1374,3567,3550,979,3612,5463
"HNRNPDL",1738,3763,3898,1537,1109,1467,378,665,847,2463,2809,3189,2500,2890,1533,4188,5567
"PGP",2317,1070,1640,1117,3061,1596,1660,2036,2290,1786,2415,1243,2575,3997,969,3109,2663
"RPS27L",2466,3542,2999,1587,630,1107,363,643,554,2367,4132,3118,3021,3395,2851,4700,4799
"UBL4A",1740,2068,1801,1110,1037,1260,598,1094,1528,2770,3263,2846,3038,3278,1964,3564,4490
"PSMC4",2344,2666,2635,1535,1195,1612,687,1218,735,2235,2449,2618,2376,2996,1946,3134,3994
"PRKAB1",1429,3020,2226,1056,389,1074,432,1031,1477,3146,2637,5364,3150,2893,2787,4866,4651
"NT5C",2945,1834,1808,1488,1771,3062,1544,3342,2102,1167,1857,1143,3420,2415,897,2159,2078
"DNAJA1",1848,2367,2782,1390,738,762,351,704,1001,2133,3357,3497,3630,3390,3719,5465,4782
"GSTP1",4499,1956,1989,1341,18314,2318,5461,5855,1140,1150,1190,1411,1134,2266,602,606,1002
"YBX3",820,2859,3059,1382,1025,1012,386,542,913,1860,2924,6655,2544,3692,4551,5219,4296
"NOP10",2902,3899,3157,2114,2117,1589,736,1562,518,1589,2042,1737,1955,2538,1496,3353,3195
"DDIT3",4563,1067,1271,1348,1250,1583,781,1069,1085,2455,1791,5297,3180,1884,5198,2441,2564
"RAB5B",2583,2219,1657,1532,2431,1374,979,1120,1012,1798,1673,3808,1795,2603,2898,2639,3060
"PGK1",2531,5148,6276,2979,1852,1200,527,573,438,2699,1823,3262,1571,1913,1285,2886,5092
"SREBF2",5383,4151,3859,3489,2816,2524,1413,1774,318,1130,1051,3664,919,1417,1521,1576,2681
"FPGS",2663,1985,2204,1538,2803,2404,1689,2476,1723,1253,1815,1102,2234,2648,768,2142,2976
"SLC6A9",884,693,1409,763,181,813,155,869,2245,5828,3840,13111,4992,5140,7871,4778,7011
"SMOX",1667,393,1622,950,447,1248,331,1568,1763,3450,2565,8340,3234,4493,5488,4335,4558
"STARD7",1797,2891,2691,1350,1750,1530,853,1273,1230,1860,2716,1370,3273,3044,934,3581,3955
"MGST3",501,1650,1713,581,875,452,170,768,1516,4980,3663,9355,4490,4427,5801,7008,6559
"GTPBP2",1399,1292,2170,1330,562,748,217,466,948,4072,2302,14841,2552,2550,10553,4504,6445
"GCN1L1",2033,2012,2184,1260,1514,1659,862,1236,1538,1824,2478,1888,2791,3222,1375,3026,4083
"INF2",2736,1588,2186,2260,3098,2719,1532,2365,1189,2438,1374,2089,1747,2278,508,1482,3593
"SNX17",3577,3155,2838,2053,2552,1812,1157,1719,660,1489,1299,1787,1802,2108,1680,2316,2909
"REEP4",1477,1087,1084,971,2100,1173,714,995,1355,2615,2630,4992,2978,3435,3832,3190,3470
"AP5Z1",3707,1214,1255,1789,4210,2201,2183,2259,1147,1443,1422,1942,2222,1974,1790,1676,2107
"RAVER1",2221,1812,2636,1438,1778,2271,1276,1734,1060,1698,1866,2331,1881,2841,1286,2245,3573
"EFTUD2",2289,2647,2840,1438,2468,1737,1081,1192,889,1828,1980,1767,2448,2625,1138,2666,3801
"SHISA5",2820,2503,2729,1987,1088,1612,646,1014,750,1814,2358,2902,2105,2823,2064,2990,3741
"SMARCC2",1833,1691,1619,1060,1690,1196,837,1047,1673,2398,2542,2841,2684,3304,1947,3447,3431
"HAX1",1916,3590,2147,1168,935,1026,490,1020,659,2836,2852,3763,2381,2751,2447,4275,4735
"AP3D1",2458,1871,2617,1950,2256,1688,980,904,648,1815,1968,2955,2184,2566,2148,2363,3486
"LAGE3",1332,1512,1547,889,1053,1620,591,1823,2318,2064,3448,1536,4164,4901,1213,4338,3836
"CENPF",406,2532,2287,576,503,771,137,505,1176,5202,4808,9499,2728,5492,5493,7643,7807
"USP22",2722,2808,3204,1791,1444,2022,849,1461,769,1612,1885,2474,2081,1974,1459,2676,3571
"PI4KB",2000,1327,1418,1012,1430,1254,830,1232,1473,2319,2318,3331,2853,3169,2491,3392,3744
"SMARCD2",1869,2751,2337,1363,2341,1636,942,1280,1534,1746,1927,2173,1927,2684,1487,2443,3268
"CREG1",2025,5118,3459,2537,1955,1242,397,781,431,1319,1270,5438,1643,1656,5641,2725,4532
"PTTG1IP",4363,2845,3067,2362,1706,1580,830,1225,838,2106,1325,2646,2055,1371,1735,2097,3269
"GDE1",1486,1927,1939,1267,943,1099,546,804,861,2363,2160,6249,3025,2830,4543,3534,4223
"ARAP1",4597,1674,1949,2259,6200,1889,2005,1854,651,1243,1281,2149,1514,1777,1525,1764,2065
"EIF5B",1210,2576,3096,1064,1271,1118,311,699,1308,2383,3539,2365,3607,4203,1873,4313,4830
"RXRA",1548,781,1498,1094,2315,1046,585,840,1927,2793,2309,4961,2679,3517,3172,3435,3294
"BUB3",878,2699,2509,905,566,806,227,523,1529,3422,3999,5557,3091,3487,3061,6686,6369
"RBM8A",2151,2302,2202,1300,1309,1368,671,1228,1375,1991,2560,2218,2721,3014,1636,3520,3186
"LRP10",3168,1777,2445,2535,1882,1505,891,1238,387,1678,1331,6526,1367,1965,4001,2318,3135
"RGS10",2278,3367,2262,1522,889,1390,510,844,1036,2412,2954,4052,2112,3091,1625,3893,2721
"BAD",2384,793,995,1076,1827,1591,1150,2231,2313,2344,2311,1830,2952,3709,1280,3727,2538
"SLC20A1",1578,1338,1686,1212,1538,980,670,838,1776,2391,2988,3453,2574,3257,2003,4461,3818
"METTL9",1674,3041,2428,1413,1214,614,399,444,768,2740,2646,5728,2363,2597,4921,4332,4673
"PPP1R7",2110,2450,1910,1056,1812,1351,792,1175,1526,2197,2415,1950,2684,3241,1277,3420,3198
"ARL2",2950,2256,1714,1255,2486,2502,1657,2832,1903,1545,1704,850,2253,2839,684,2676,2128
"C7orf50",1718,2228,2412,981,1563,2193,931,1238,2155,1710,2188,1600,2668,3323,781,4687,2957
"ARL4A",1017,1213,1658,1156,372,1051,273,638,1959,2345,2357,8272,5094,3940,7391,5799,3416
"NAA10",2846,1521,1851,1077,1967,1913,1501,1981,1938,1604,2245,1024,2896,3029,941,2696,2683
"PI4K2A",1914,1100,1752,1218,1119,1321,599,1016,603,2555,2226,5608,2910,2874,4110,3699,4159
"ARF4",1217,1750,2203,1017,363,470,184,323,1445,4383,3083,13198,2872,3109,9049,5692,6586
"SPNS1",3602,1639,3006,2942,4802,3039,1964,2709,759,1015,944,1376,1437,1620,1451,1203,2342
"AHCY",2734,5942,4714,2042,2255,2621,1196,2100,680,949,1768,801,2135,2010,580,2084,3458
"ATP5C1",2484,4636,4030,1875,937,1298,430,764,628,1953,2497,2440,2274,2218,1540,4096,4573
"CENPT",1744,1122,988,934,1556,1272,888,993,1403,2969,2712,3762,2556,4326,2149,3240,3681
"TRABD",3281,1247,1455,1492,4270,2075,2581,2289,1708,1214,1586,1087,2399,2779,727,2072,2219
"CARHSP1",1277,1413,1427,693,698,900,495,1008,1801,2272,4001,3603,3532,5319,2411,5400,4511
"VAT1",20765,7362,6231,9966,6768,5885,4181,4589,177,357,643,493,754,837,367,563,1549
"WHSC1",701,2247,2585,799,658,911,244,436,1021,4559,3506,7838,2486,3929,3736,5076,7083
"MXD3",801,991,982,583,1384,1103,430,929,1921,3891,3392,5671,2544,5595,2866,4844,4461
"CCNF",540,956,1120,433,833,978,335,766,3708,4138,4460,5578,4235,5980,2964,4972,4567
"SSU72",3221,2916,2648,1947,2364,1809,1264,1515,776,1461,1768,1329,2335,2102,1277,2209,2364
"ARFRP1",2009,1031,991,863,2370,1554,1642,1995,2882,2063,2227,1576,3052,3272,1258,2660,2270
"WNK1",606,1337,2406,1114,438,538,140,347,727,4477,3644,17950,2713,3350,11718,6569,8445
"ITFG3",3245,1949,1686,1561,2310,2278,1724,1689,1233,1720,1626,1356,1803,2501,1092,2268,2447
"SUN2",1770,1618,1404,1230,2145,998,996,1097,1054,2564,1898,4766,1654,2900,2725,2482,3574
"HJURP",260,1611,1279,377,283,604,86,293,2735,5514,8511,11933,4585,8111,5666,10131,9783
"SZRD1",2426,2279,2591,1428,1990,1544,1095,1322,771,1630,1820,2505,1815,2455,1622,2616,3166
"SUB1",2104,3943,3451,1648,751,947,368,656,889,2167,3235,2518,2569,2779,1735,4710,4132
"ATP5G1",1910,3222,2400,1041,1430,1853,857,1887,1395,1673,2565,880,2849,3340,774,3498,3389
"LIG1",548,2434,2382,778,749,1204,258,524,1164,3964,3633,4382,2942,4844,2547,5306,7018
"TERF2IP",1088,1614,1535,958,358,514,177,291,1013,4300,3281,13214,3732,3867,9338,7372,6286
"NT5M",1839,1719,1136,1174,468,1868,591,1350,1735,3777,2682,2959,2310,3565,1961,4087,3013
"FBXO18",1315,1643,1651,904,778,1166,656,1074,1232,2809,2810,4252,2408,3499,2738,3723,4130
"ODC1",516,3805,5555,736,273,916,111,367,873,3819,3472,6485,3134,3978,5943,7527,8031
"MTHFD2",1683,3978,2488,1916,538,692,307,473,649,3585,3051,4837,2579,2463,2589,5018,5946
"NUBP2",2076,1580,1951,1093,2085,2048,1283,2074,1629,1685,2043,1160,2792,3081,896,2682,2624
"GSPT1",1110,3565,3112,1143,466,862,220,427,701,2413,2686,9632,2666,2645,5156,5019,6397
"SNHG6",2596,2919,1645,1311,1786,1886,918,1335,995,1940,2199,2101,2075,2629,1097,3030,2563
"SEPT2",2500,4131,3283,2502,836,1055,370,475,376,2321,2122,4910,1981,2334,2583,3533,5294
"ARAF",2709,1578,1690,1232,2195,2099,1379,1569,1275,1594,1396,2446,1872,2637,1597,1888,2948
"SAMM50",1190,2868,2170,947,936,1357,543,1234,1194,2325,2441,2706,2872,3452,1438,3795,4476
"SDF4",3326,2345,3232,2985,2812,2052,1253,1328,425,1408,1389,1968,1473,1930,1357,1888,2935
"UBAC2",2955,2799,2052,1789,1451,1564,883,1461,899,1757,1731,1743,1922,2344,1414,3037,3123
"GDI1",3330,800,899,1639,2703,1349,1355,1161,1402,2137,1694,3208,1797,2640,2512,2364,2467
"CORO1C",1585,3078,3617,1832,1252,1317,503,706,608,1841,2027,4092,2146,2204,2722,2847,3949
"AK1",1142,1166,742,478,572,774,447,877,3018,3684,4401,5032,3130,6046,2687,5544,4385
"BTK",5025,3238,2005,2250,801,1101,829,621,941,1748,2121,2720,1885,2647,2179,2798,2610
"OST4",3362,3190,2714,1871,680,1014,483,898,405,2205,2138,3569,1693,2609,2848,4008,4360
"DGAT1",2620,973,989,1251,2191,1291,1237,1416,2243,2153,1915,2385,2399,3483,1398,2588,2356
"DNAJC9",502,2760,2547,624,340,839,185,407,977,5185,4565,6480,3432,4705,3407,7579,7827
"METTL7A",1424,1573,1954,1454,785,1012,407,673,1154,2123,2858,5063,2754,3520,2457,5669,3688
"SNRPD1",1262,3003,2469,900,1170,1421,592,1235,1769,2076,3163,1388,3487,3370,902,3927,3438
"PCMT1",1889,2933,2612,1693,858,1238,332,697,846,2574,3030,3032,2307,2762,1883,4137,3896
"ADIPOR1",983,1787,2069,1235,734,546,251,417,935,2670,2417,12076,2500,2891,8006,4593,6221
"SNRPC",1843,3370,3013,1121,1322,1451,573,1251,945,1871,2760,1463,2725,2501,1118,3919,3765
"EIF3E",2140,8045,6017,2400,992,1309,438,611,207,1877,1961,4113,1127,1741,1971,3329,6270
"NCS1",1579,1258,2521,1706,78,1613,492,686,1761,2510,3839,3219,4565,4646,1740,4122,6623
"UBE2I",1828,2708,2773,1665,1281,1188,572,1183,1077,1910,1907,2608,2008,2266,1769,3099,3729
"ALDH16A1",1898,1184,1759,1132,3042,2035,1353,1783,1455,1734,1902,1327,2297,3503,1019,2534,2504
"SAP30BP",2028,1450,1364,1103,1659,1640,909,1395,1436,2082,2323,2172,2774,2720,1717,2844,2616
"RBBP7",959,3956,3527,1172,668,1043,187,425,804,3042,3461,3938,2677,3641,2254,5527,6039
"NECAP2",1957,2538,2002,1478,1179,1170,552,964,819,1926,2117,3769,2045,2182,2665,3597,3762
"SQRDL",1412,947,645,577,2473,525,772,832,2467,2445,4585,2289,3967,4467,1698,6800,3981
"NHP2",1787,2313,2730,1115,1616,1860,879,1890,1497,1599,2340,957,3093,2945,769,3232,2815
"SELPLG",12253,3750,3069,4956,5425,4388,2895,4751,555,318,423,860,1310,936,1341,768,1028
"TBL3",1895,1185,1636,1027,2068,1954,1429,1949,2128,1603,2090,1108,3183,3424,847,2439,2781
"NAA50",719,2008,2290,821,730,669,265,500,1371,3512,4364,3830,3723,4264,2332,6794,5736
"HMGB3",694,1877,1468,459,1722,1027,440,813,2778,3281,3821,2761,3146,4177,1693,4915,3506
"PSMA1",1303,3441,3201,1417,894,1012,359,458,797,2337,3049,3338,2320,2848,2351,4468,5157
"PIM2",6588,3069,1790,3172,620,1744,848,711,709,1177,1334,3181,1689,2024,2622,2374,3620
"SAE1",1871,3287,3285,1362,1246,1269,541,778,768,2359,2259,2576,1974,2641,1678,3096,3922
"C1orf43",2694,3977,3147,2047,1526,1320,646,836,429,1736,1843,2880,1598,1921,2143,2635,3931
"CYB5R3",2593,2556,3426,2198,1346,1890,666,1004,412,2017,1494,4546,1088,2187,2025,1681,5059
"STEAP3",1089,1958,1723,773,369,587,324,624,1206,3339,4344,5449,2917,5015,3112,5557,6387
"PLK1",543,2546,3033,722,746,1066,197,547,815,3615,3021,8018,2355,3616,3917,4632,6601
"SSBP3",807,1687,1495,1028,647,813,259,450,1121,3487,3846,5089,3452,4618,3632,5253,6299
"PELP1",2172,1427,1602,994,2062,2250,1750,1520,2393,1473,2648,884,3008,3165,671,2374,2475
"RNASEH2A",636,2132,1722,586,749,1148,361,1011,2184,3060,4266,2266,3651,4589,1659,5384,4552
"SNHG1",1467,2932,2036,1026,791,869,356,594,798,2745,3152,2840,3188,3556,2030,4978,6479
"PISD",1664,4204,3219,1624,889,1458,573,704,471,2426,2088,4263,1460,2073,2217,2501,5711
"HP1BP3",998,1804,1955,1004,835,767,304,511,947,3332,3007,6009,2440,3618,3782,5132,5371
"CDK5RAP2",1040,1723,1363,672,1317,1080,420,696,1424,3237,2694,4192,2461,4317,2587,4051,4653
"TMEM219",5258,2177,1301,1799,4038,2462,2440,3133,1682,879,1594,492,2370,2135,360,2252,1763
"SLC6A8",594,957,1443,561,185,923,124,748,2033,4743,4224,8511,4532,5807,6062,5763,6945
"RTN4",2439,4376,4819,3061,1342,1286,396,423,332,1806,2436,2852,1502,1974,1816,3216,5216
"CD47",1392,3324,2617,1165,638,834,453,634,1000,2432,3175,3445,2324,2994,1884,5047,4567
"PRR14",2259,1483,1583,1316,1838,1573,955,1187,1143,1977,1996,2292,1881,2817,1622,2579,3319
"TMA7",2223,2189,2417,1398,1450,1401,764,1195,1208,1678,2251,1844,2079,3089,1105,3218,2941
"CCAR2",1908,2087,2349,1296,1718,1430,780,969,870,1960,2154,2302,2366,2783,1409,2802,3427
"C19orf70",2841,1345,1402,1174,2082,2224,1638,3083,2471,1304,2067,580,3016,3125,598,2562,1971
"LCP1",10234,10926,6430,4930,15504,4238,4737,4132,231,460,343,677,707,1129,332,512,896
"WASF2",1543,1821,1921,1166,1400,1053,462,835,635,2576,1799,6424,1914,2327,4002,3014,4540
"SYNGR1",1226,3560,2464,1018,1326,1710,721,1683,787,2032,2350,1619,2410,2790,911,3579,4023
"CITED2",1401,2058,3507,2157,917,844,248,598,404,2108,1571,11213,1710,1918,6902,3678,4990
"RANBP1",953,2441,3225,973,738,1184,356,778,1342,2689,3505,2004,3192,3664,1238,4667,5207
"HDGFRP2",2932,1419,2151,1571,3398,1791,1846,2017,1980,3094,1149,949,1722,1892,807,1507,1830
"MAN2B1",6358,2260,1764,2593,12358,2538,4926,3195,597,674,849,1065,1085,1497,575,920,1388
"GSK3A",1388,1374,1986,1256,1537,1227,600,1057,767,2289,2012,4191,1804,2957,3037,2639,4171
"PEBP1",2664,3855,3581,1944,2779,2302,1329,2111,877,876,1752,625,2106,1966,484,2264,2807
"IST1",2072,2182,1806,1433,1251,1082,561,814,769,2179,2077,3896,2133,2213,2671,3428,3379
"ETF1",1164,2699,2448,1024,699,866,302,575,962,2529,3017,4370,2548,3286,2787,4524,4984
"PDHA1",1224,2295,1995,792,1134,1144,492,724,1368,2498,3513,2480,2745,3370,1592,3918,3990
"MTRNR2L10",4666,3348,764,2229,1590,1581,1035,2166,445,1981,1226,3082,1017,1853,2050,2432,2950
"ST13",1899,2750,2205,1512,786,1203,555,830,797,1514,2440,3564,2462,2277,2980,3105,3348
"REXO2",877,4017,2673,1141,222,921,159,484,526,3346,3294,6483,2573,3326,5502,5291,7903
"UQCRC2",2007,4796,3581,1680,1020,1282,439,714,346,2149,2280,2865,1759,2225,1577,3441,5294
"MAP3K11",3107,1282,1632,1654,3906,1805,1640,1575,1067,1423,1417,1816,1729,2227,1215,1582,2300
"GRB2",3330,2530,2808,2430,3093,1289,890,989,421,1475,1580,2169,1629,1903,1328,2308,3172
"ADIPOR2",1622,2403,1853,1197,907,879,354,582,606,2850,2563,5226,2146,2805,3295,4111,4760
"A4GALT",389,1877,1108,750,81,1549,141,397,2272,7261,6709,4578,4181,8728,1588,7353,11635
"MORF4L1",1253,2761,2545,1383,722,745,235,378,931,2977,2632,4798,2411,3177,3237,4697,5233
"CDC42",1596,2521,2794,1611,957,965,430,660,568,2390,2420,3981,1951,2694,2454,3763,4120
"FN3K",2031,1564,1777,1851,536,2454,1140,2284,443,1167,1724,3494,1987,2633,3176,3172,2090
"CD2BP2",3023,1714,1523,1289,2185,1694,1272,1396,1212,1708,1889,1391,2216,2578,1108,2424,2192
"ACAT1",969,3757,2177,962,390,1059,234,646,1078,2511,4001,2740,3598,3333,2370,5396,5453
"TRIP12",1585,2333,1967,1280,1091,835,357,534,949,2327,2675,4006,2267,2824,2897,4165,4060
"MCM6",612,3609,2994,777,725,959,272,580,974,3067,3322,2753,3205,3400,1896,6078,6062
"MCRS1",1655,1896,1786,1003,1197,1287,586,1104,1188,2095,2366,2538,2494,2863,1795,3182,3448
"DEK",347,2544,3420,782,462,468,74,219,1357,4824,5422,7310,3554,4482,4085,8346,8842
"TPM1",1452,3759,1689,1224,150,762,125,425,994,4312,3444,3962,3442,2753,6324,5584,7885
"WDR18",1350,1764,1383,1082,1814,1508,1263,2304,2056,961,1916,1833,3466,1881,920,2582,3646
"WDR45",2386,940,1085,1213,1082,1255,673,1267,1319,1764,1570,4192,2426,2279,4213,3391,2678
"ITM2B",1587,2971,3213,2493,1157,726,257,401,414,2112,2291,5977,1556,2160,4093,3939,5086
"FAM3A",2378,1238,1221,1027,1268,2222,813,1842,1602,1697,1971,2053,2734,2454,1733,2285,2397
"E2F2",253,639,877,248,520,652,162,421,3468,5787,5311,11244,6340,7277,5325,6350,6399
"ADSL",2085,3385,2551,1297,939,1327,525,913,886,1830,2624,1670,2658,2661,1179,3521,3668
"DCTN1",3604,2444,2195,1758,3755,2196,1845,1701,851,1087,1280,998,1764,2002,799,1506,2356
"FAM73B",1477,1631,1337,1116,908,1682,656,1013,1044,2500,2263,2918,2480,3299,2043,2681,3660
"C17orf62",3313,1731,1351,1315,4295,1767,2064,1984,1292,1132,1499,1205,1621,2255,967,1658,2041
"RBM17",1557,2021,1807,878,989,965,443,658,1120,2603,2864,3115,2476,3185,1948,4351,4198
"DYNLL1",2026,2806,2711,1459,792,813,287,575,500,2281,2368,3816,2242,2487,3874,4215,4457
"OGFR",2471,883,1220,1386,4310,1660,1729,1812,1204,1342,1581,1725,1759,2781,1337,1903,2206
"EDC4",2095,1377,1579,1113,2060,1689,1206,1432,1418,1573,1907,1596,2256,2778,1075,2332,3087
"ZFPM1",577,847,1834,1173,859,2484,684,1856,2225,1769,2296,2676,2061,4940,1412,2271,4333
"CNPY3",4590,1966,1537,1551,7357,1870,3087,2885,1068,951,1395,538,1752,2059,540,1493,1581
"DDB2",2725,1881,1490,1299,1027,1526,632,1085,1249,1696,2559,1931,2267,3123,1430,3138,2747
"PET100",2011,1007,704,669,1771,1148,988,1891,2369,1844,2459,1902,2969,3525,1879,3525,1860
"PGRMC2",748,1592,1803,799,373,781,280,623,1294,3774,3004,5568,3118,3979,3419,5669,5388
"ANAPC16",1462,2375,1740,1092,896,968,361,779,1144,2566,2452,3900,2345,2541,2688,3842,3404
"ECHS1",2529,2847,2491,1512,1916,1789,1206,1648,1368,1061,2018,739,2869,2278,582,2373,2554
"TGFB1",7259,3127,4928,5678,7646,5774,4624,4468,281,313,634,457,1011,1070,355,671,2101
"ATXN2L",1993,2443,3105,2248,1882,1769,700,603,277,1854,1485,4598,970,2006,2853,1899,5200
"GALNT10",1797,2092,2077,1448,518,1795,562,1491,1072,2033,1379,2885,2388,2397,2142,3292,3022
"MRPL52",3715,2369,1894,1342,2841,2467,1993,2895,1997,1081,1656,391,2827,1949,394,2181,1437
"BTG2",1195,944,1368,950,340,524,187,494,1831,3980,2761,8842,3351,3507,5992,5166,5458
"TOMM20",1963,3360,2553,1493,1016,1228,492,691,1020,1813,2265,2369,1999,2337,1294,3599,3824
"PIGT",4510,2687,2582,2957,1803,1830,987,1322,853,1175,1422,1304,1741,1622,829,1894,2643
"UBE2L6",1637,2628,1642,1027,749,700,381,683,820,2251,3208,3386,2509,3280,2729,4348,4508
"HARS",1431,2258,1881,1059,858,1204,515,790,954,2586,2843,2153,2609,3331,1532,3663,4400
"ADAR",2178,2105,2155,1315,1310,1031,657,740,713,1682,2116,3098,1802,2206,2565,3311,3817
"PCNT",1493,919,951,941,821,927,433,684,1539,2623,2473,4620,3027,4329,4303,3334,3443
"SDHA",1426,2551,2800,1269,976,1276,439,819,716,1952,2327,2806,1994,2840,1728,3563,4473
"C19orf60",2846,1020,1325,1348,3164,2475,2498,3149,2269,1043,1494,732,2267,2764,520,1872,1552
"FAM192A",1898,1969,1608,946,1340,1196,652,682,904,2076,2614,2746,2386,2961,1772,3460,3454
"RBCK1",2134,1883,1862,1368,1652,1386,838,995,963,1589,1632,2735,1546,2302,2755,2197,2796
"DNAJB2",3992,600,620,1372,1699,857,1037,956,1467,2424,1826,3867,2906,2278,3099,2447,2119
"DDX1",966,3739,2828,1039,513,898,259,683,1146,2471,3390,2390,3441,2962,1414,5217,5157
"TOM1",4801,1464,1311,2001,6622,2628,3027,2673,698,885,1107,1100,1118,1728,991,1326,1519
"FXYD5",17090,3997,3571,6139,22529,7553,10551,6581,323,223,263,227,1046,845,252,429,771
"MBNL1",780,2846,2564,1241,651,587,171,323,610,3222,3055,6298,2353,3225,4755,5866,6150
"SLC4A2",3518,1365,1735,1883,2715,2132,1455,1553,872,967,1449,1874,1816,1928,945,1827,2643
"PPP6R2",2047,1098,1433,1123,1994,1431,1011,1171,1153,1890,1974,2268,1947,2749,1550,2540,3016
"YIF1A",3107,1239,1495,1212,1518,1674,1126,1505,1146,1656,1684,2007,2142,2162,1737,2286,2104
"ARL6IP1",376,3051,3139,988,248,406,99,179,547,5005,4841,14697,2194,3959,7587,7638,10389
"CKAP5",910,2745,2187,975,479,695,212,468,991,3377,3302,6194,2217,3058,3507,4441,5510
"UBE2J2",1599,1613,2224,1194,1425,1449,723,1291,1212,1734,1884,2035,2309,2474,1486,2841,2752
"DDX23",1531,2188,1893,1027,1039,1066,492,914,1023,2226,2257,2588,2282,2944,1671,3426,4178
"PNN",1541,2839,2085,1646,1444,1399,667,675,885,1742,2317,1868,1804,3018,1098,3047,4146
"RTN3",2908,2953,2690,2164,2013,1329,851,1264,416,1205,852,3345,1342,1060,4389,2057,2527
"VHL",2064,1593,1481,1198,1839,1295,854,1086,1401,1747,1750,1807,2110,2827,1312,2731,3003
"NSFL1C",1842,1682,1640,996,1627,1168,792,949,1003,1652,2193,2595,2331,2757,1682,2765,3119
"THOP1",1324,1839,2238,1020,1748,1877,1074,1589,1359,1524,2039,1006,2402,3206,761,2649,2976
"CSE1L",764,2723,2535,595,766,886,260,808,1341,2598,3393,2685,3205,3466,1545,4931,5028
"MRPL54",1858,1018,1172,703,1836,1353,1024,1673,3020,1657,2385,1088,3548,3044,1308,3075,1612
"POLE",841,1473,1586,661,1231,1620,526,890,1164,2774,2621,2984,2684,3870,1671,2884,3964
"WDR62",582,680,976,436,1022,1501,392,1046,2111,3192,3283,3924,3574,5050,2668,3743,3562
"ZFAS1",4473,3205,1700,1880,2489,1927,2586,2048,714,1041,1250,971,1941,1545,574,1963,1629
"UBAP2L",1769,2351,2813,1475,1721,1484,676,960,638,1429,1676,2391,1779,2320,1701,2247,3625
"RNF123",672,1441,1470,701,411,784,170,346,712,4626,3187,11546,2397,4671,6888,4002,7734
"ATP1B3",1747,1611,1600,1227,1282,686,457,675,876,2582,2770,3230,2278,2466,2001,4125,4039
"IDH3G",3635,1300,1291,1328,2532,1775,1357,1528,1052,1483,1530,1598,1563,2579,1054,1876,2424
"CSNK1D",2828,1922,2244,2013,1828,1708,1004,1065,403,1692,1435,2624,1432,1706,1700,2062,3081
"CCNL2",3142,1293,1336,1980,1820,1562,1001,934,509,1876,1464,3178,1357,2088,2248,2288,2990
"ESYT1",5195,5383,4370,3451,1351,2262,1269,1224,425,1093,897,1097,1149,1273,970,1429,2857
"HCFC1",1145,1292,2063,939,1018,1084,437,770,938,2463,2575,3815,2224,3232,2230,3221,4343
"RPA1",844,2865,2837,908,511,720,210,400,681,3235,2890,5529,2265,3039,3605,4644,6710
"PPP1R9B",1353,1040,1553,1133,2902,913,881,890,1418,1568,1543,4421,1651,3343,2491,1892,2663
"POLE3",810,3263,3175,1015,663,935,262,642,1209,2146,3022,2267,2616,2871,1406,5542,5732
"STAT5A",3090,3364,3367,1876,3633,3612,2097,2251,953,542,993,387,2832,1460,367,1516,2626
"RTCB",1762,2726,2350,1210,1074,1171,544,840,1287,1588,2184,1616,2864,2486,1104,3294,3463
"PCM1",1245,2477,1634,919,1447,989,435,583,655,2340,2435,4338,1959,2442,2808,3772,3638
"CHD3",4699,2060,1848,1985,3429,2155,2121,1686,1007,809,1336,993,1404,2257,647,1380,1677
"SEC13",3624,1973,2261,1672,1300,1130,704,901,621,1778,1941,1861,1897,2048,1418,2846,3130
"HSF1",2124,1643,2155,1672,1366,1558,767,817,505,1660,1520,3109,1824,2313,1989,2706,3262
"TTLL12",817,2518,3438,1141,771,1502,470,1216,1407,1634,1957,1867,2685,2832,1239,2658,4244
"U2AF2",1645,2526,4645,1897,1208,1133,482,728,409,1740,1511,3456,1278,2031,2115,2346,5506
"CERS2",1489,3628,3521,1896,916,959,281,469,412,2035,2024,4283,1618,1878,2603,3582,5327
"XPO7",836,1127,1474,746,532,458,185,426,1383,2420,1730,13097,3932,2953,12679,4152,4795
"ATP6V1F",5612,2488,1895,2528,5855,2168,2234,2779,349,938,1019,930,1130,1656,629,1397,1629
"RIC8A",2143,1608,1796,1510,811,999,386,556,594,3659,1646,4974,1623,1477,3953,3691,4420
"LDB1",1416,3207,2949,1799,523,1235,287,658,616,2002,1954,4256,1726,2425,2278,2592,5929
"TBC1D10B",2224,1287,1474,1256,2135,1421,1144,1294,1096,1558,1733,2116,1642,2466,1290,1953,2940
"FAH",2519,1692,1999,1056,2861,1594,1058,1824,750,1155,1698,1295,2941,2639,586,1934,3280
"SF3A3",1323,2911,2236,873,1121,1169,566,871,1210,1719,2362,1782,2635,2505,1264,3641,3407
"NUDT4",766,973,1164,665,219,665,147,463,2303,3864,3267,9587,2714,4114,7697,5719,5177
"GLG1",1500,1528,1252,978,2195,1105,781,829,1038,2239,2072,2550,1916,2933,1968,2674,2712
"RHBDD2",7529,2209,1803,3205,2436,2570,2895,2287,717,691,922,819,1142,1355,747,1358,1750
"HEXA",6345,3672,2297,2969,6837,2311,2429,2906,484,614,866,757,1323,1384,412,1101,1380
"NEDD8",2588,1839,1358,1009,1450,1182,1044,1548,1388,1598,2222,1006,2700,2570,1013,3044,2220
"RASSF1",2571,1892,1392,1413,2150,1520,1111,929,908,1585,1889,1710,1894,2400,912,2594,2644
"AHSA1",2775,2438,3593,1839,1143,1184,587,1076,384,1437,1682,1673,1847,2116,2094,2513,3466
"CSNK1G2",2564,1437,2372,1854,2657,1792,1435,1782,746,1085,1228,1753,1541,1738,915,1785,2663
"YKT6",2802,1502,1913,1282,1692,1293,835,1104,701,1772,1780,1952,1979,2300,1296,2705,2827
"EXOC3",2139,1046,1058,1017,2885,1517,1398,1731,1645,1488,1537,1684,1979,2217,1318,2011,2127
"SNX3",867,3685,2985,1333,556,517,139,251,350,3369,3123,9018,1850,2658,4665,5509,6984
"BLOC1S1",1977,1035,792,631,2138,1108,999,1882,2445,1803,2462,1332,2620,3469,1225,2979,1786
"ANKRD9",794,512,1008,1029,738,847,407,1038,1404,2273,2183,5635,1996,5201,5436,3387,4413
"SLC48A1",1563,2227,1596,965,901,1192,478,847,580,2222,2141,3231,1767,3331,2360,2760,4324
"RAP1GAP",1138,427,1041,877,109,358,101,916,911,3052,3232,19009,2626,4422,14516,8003,7927
"HINT2",1391,1610,956,574,1084,1304,622,1262,2480,2400,3054,1322,3244,3610,1025,3611,2372
"TFDP1",252,2294,2953,602,196,385,91,334,902,4871,4165,13164,2336,4347,5894,7545,11325
"LASP1",3006,2458,2118,2187,2559,1298,858,964,393,1089,1397,2910,1139,1637,1846,1909,3090
"ACTN4",1787,2362,3575,2277,1123,1196,383,361,503,2052,1553,3314,1332,2738,1965,2077,6533
"USP20",2134,1345,1060,1105,1297,1413,1105,1070,1412,2041,1615,2060,2764,2479,1227,2289,2491
"USP48",2588,2554,1492,1433,719,812,452,526,1010,1906,2415,3316,1660,2316,1993,3638,3865
"CYBA",13469,2724,1394,3932,44045,4682,16800,14703,730,323,140,307,848,1817,167,197,405
"USP9X",1616,1663,1694,1018,614,676,376,444,1043,2560,1924,6855,1819,2465,4662,3407,3961
"PPIB",5279,2833,2879,2316,2409,1672,1198,1198,321,1141,1193,1217,1429,1735,1080,1734,2196
"DNAJB1",1585,1213,1234,1020,1126,991,581,886,924,1698,1825,3032,3537,2588,3095,3045,3077
"MAVS",1823,1656,1608,1301,2291,1242,824,1549,937,1196,2026,1540,2483,1737,1174,2737,2840
"GPS2",2551,1190,1297,1125,2080,1391,988,1131,839,1686,1661,2076,1950,2739,1780,1926,2450
"POLR2I",1015,902,1082,521,820,1119,472,1265,2303,2435,3049,2086,3625,3954,1611,4563,2880
"ZER1",1841,893,1034,917,1175,1422,941,993,1003,1868,1363,4570,2043,2389,3824,2342,2462
"CEBPB",1774,723,1580,1777,2384,829,833,1082,752,1974,1193,5268,1448,1625,3737,2290,2517
"DDX49",2161,1474,1810,1012,1968,1548,1113,1497,1154,1521,1745,1079,2451,2374,1005,2201,2359
"KIAA0368",1956,2143,1266,1104,1451,1086,751,779,966,1599,2245,2267,2033,2432,1732,2655,3099
"TIMM10",1157,1747,1279,421,1062,973,867,1427,1883,1852,3979,1020,3775,4402,805,3527,3141
"OGT",2360,2710,1425,1732,1452,992,601,651,520,1568,1497,3511,1657,1650,2689,3190,3309
"ACP1",787,1850,1756,698,506,538,304,594,1237,2943,3378,5091,2952,3325,3083,4299,3976
"POLL",2044,1134,910,1010,1170,1436,858,1295,1182,1800,1556,2945,2286,2475,2261,2432,2408
"FAM214B",1211,509,541,656,642,670,389,606,1879,3255,2512,7188,3496,3917,5717,4451,3271
"UBE2D2",1449,1972,1930,1306,761,945,374,586,1097,2231,2481,3135,2025,2537,2049,3656,3451
"ACTR3",986,2474,2522,1133,762,462,299,392,790,2399,2952,4992,1954,2737,3153,4164,4992
"DAP3",1425,3375,2436,1206,759,1140,495,835,1000,1590,2068,2621,2031,2115,1552,2969,3311
"FAM96B",3660,1722,2164,1981,1302,2144,985,1816,488,1184,1349,1599,1487,1845,1346,1966,2285
"DHX9",981,2811,3243,1155,516,724,219,379,675,2507,2739,4532,2200,2822,2585,4140,6008
"AGTRAP",3796,3009,2923,2151,5477,2733,1974,2185,499,676,1203,424,1483,1756,606,1452,1391
"COG4",1684,1720,1380,793,1675,1336,925,1183,1646,1614,1924,1579,2188,2489,1375,2400,2411
"RAD21",450,2045,2529,935,205,247,79,149,999,5331,5610,11421,2976,4322,5906,8265,8061
"SMARCE1",1572,2416,1990,936,1173,1208,623,649,1004,1747,2293,2241,1948,2648,1324,3170,3350
"MARCH2",2637,1089,1079,1120,1086,900,575,946,836,2196,1796,4316,2254,2440,2718,2610,2546
"YIPF3",3427,1617,1502,1632,1808,1453,932,1273,533,1267,1270,2570,1554,1649,2146,2087,2407
"COLGALT1",2302,1815,1941,1417,4621,1428,1373,1806,668,1207,1464,908,2022,1990,690,1786,2525
"TIMM44",1333,1735,1861,875,1236,1283,579,992,908,1870,2023,2174,2742,2863,1430,2597,3419
"PARP1",1289,2969,3011,1087,644,934,320,576,1090,1901,2649,2144,2305,2579,1373,3907,4803
"CHTOP",1437,1890,1732,1008,914,831,476,824,1320,1955,2162,2793,2395,2591,1905,3099,3063
"FASN",6211,3330,7465,4341,4543,6124,3631,3818,349,476,567,576,801,883,245,559,1531
"CTBP1",1823,1674,2090,1449,1519,1342,780,1159,816,1470,1559,2177,1562,2142,1434,2286,3162
"GTPBP1",1100,1229,1449,744,688,909,412,659,1339,2241,2248,4824,2169,3465,3037,3165,4068
"CCDC12",2111,1359,1286,885,1491,1574,907,1622,1375,1497,2095,1196,2718,3095,868,2511,2199
"PRMT1",2575,2569,3231,1643,2185,2183,1220,1524,511,1157,1306,851,1787,1755,712,1823,2753
"ACADS",1674,1269,677,787,1813,1545,859,1570,1928,1471,1956,1763,1998,4839,1046,2420,2281
"TOP2A",229,3170,3152,626,257,417,57,242,941,4439,3983,12178,2157,4218,5916,7802,10758
"TMEM8A",2522,997,1462,1717,2257,1370,1023,1376,756,1562,1507,2466,1334,1980,1778,1630,2436
"ATIC",1716,3170,2722,1128,877,1805,780,1419,1158,1313,2273,739,2746,2151,588,2720,3095
"KPNA2",740,2826,2838,914,517,630,126,330,902,2666,3450,5432,2400,3010,3210,5217,5284
"SLC35A4",1718,2144,2172,1104,1516,1573,796,1150,876,1529,1623,1509,1894,2146,1138,2301,3291
"CHAF1A",605,1539,1978,714,884,1197,284,798,1826,2688,2797,2531,2648,3791,1431,3302,4182
"C19orf24",3291,1018,1383,1393,2886,2117,2008,3070,1335,982,1286,637,2043,2070,722,1671,1561
"TMPO",246,2323,3017,593,233,389,61,167,906,5375,5073,11743,3189,4208,5137,8912,10336
"ROMO1",2144,1271,1355,814,1889,1430,1190,2378,2091,1511,1887,757,2539,2839,630,2856,1528
"PSMB7",1683,2838,2194,1166,1050,1322,602,741,401,1828,1971,2414,2000,2276,1753,2910,3368
"ABCC5",973,1358,833,653,690,875,318,592,1526,2854,2978,3189,3142,3984,2271,4438,4701
"BBC3",1784,1030,1457,1866,819,2165,527,968,584,1539,1134,5137,1439,2692,3815,2068,2776
"NDUFB1",2068,1836,1155,715,1169,965,669,1310,1826,1927,2919,1200,2694,2967,904,3632,1986
"AK2",1916,3021,2947,1219,1662,1272,854,1205,938,1250,1697,956,2221,1928,737,2467,2940
"LMNB2",711,1645,2554,846,1165,1039,384,587,1005,2570,2345,3214,1913,3529,1702,2957,4330
"HNRNPUL2",1430,1721,1454,884,1360,1121,511,719,1401,2122,2539,2071,1978,3242,1414,2942,2691
"IPO5",1218,3246,2690,951,729,1103,459,831,975,1769,2162,2103,2246,2254,1282,3187,3913
"DKC1",1008,3093,2710,1042,473,1031,300,647,804,1977,2676,2317,2953,2585,1766,3930,4463
"SRA1",2235,1388,1280,1005,1695,1256,845,1090,927,1696,1730,1615,2544,2465,1273,2734,2566
"CCDC71L",465,1066,1474,657,130,440,101,251,2121,4776,4084,9925,3811,4002,8685,7363,5896
"NARS",870,2238,2232,1081,796,677,307,433,706,2431,2301,4814,2252,2831,2902,3434,4515
"HSPBP1",1585,1552,2290,969,1276,2014,903,1715,1463,1341,1834,765,2979,2609,661,2273,2577
"SNRNP25",1089,1663,1707,574,870,889,379,1021,1662,2741,3039,1109,4493,4491,979,3704,2899
"FIBP",3255,2523,1753,1370,2268,1985,1467,1408,864,1119,1717,787,1644,2059,528,1923,2065
"FAM129B",5216,2855,5671,5414,1918,3265,1731,1221,224,658,1198,659,1007,1151,632,1029,3010
"NADSYN1",3125,1799,1571,1371,2937,1911,1609,1285,742,1048,1299,1375,1611,1652,1102,1444,2068
"HPS4",1117,2363,1690,1318,382,1157,340,541,769,2716,2749,3243,2116,2693,1865,3687,4866
"MSN",4291,5794,6273,3361,2904,2348,1478,1681,248,540,806,879,992,1134,564,1167,2550
"OXA1L",2724,3188,2566,1775,1752,1424,675,839,307,1474,1636,2393,1263,1772,1253,1829,3330
"UBE2F",1188,1659,1102,672,705,696,453,731,1667,2607,2677,2931,2790,3092,2259,4054,2644
"PPT1",3459,4150,2401,1892,2972,1207,821,1388,685,909,1333,1089,1744,1412,735,1757,2166
"NXF1",2362,949,1155,1207,1984,985,880,1015,973,1549,1640,2104,2076,2327,1792,2629,2600
"GCAT",1013,971,865,499,529,1205,446,1093,4211,2988,3897,1430,3067,4702,1459,2780,2982
"STK24",1167,2465,2611,1298,495,761,230,477,511,2548,2037,6766,1570,2203,3348,3769,4967
"POLR2G",2560,2822,1770,1145,1543,1271,843,1142,789,1493,1840,1135,2040,2084,826,2811,2359
"HSPA4",1997,2694,2083,1119,1114,1056,561,759,747,1542,2206,1681,2265,2273,1288,2783,3210
"PMPCA",2365,1453,1829,1239,1537,1608,1256,1438,1378,1128,1593,926,2419,2191,814,2223,2017
"MFN2",1967,1608,1474,1483,516,977,274,383,582,2088,2070,6009,2257,2466,3515,3296,4291
"MLST8",2211,1554,1786,1040,2449,1576,1103,1531,1052,1270,1595,1086,1874,2225,774,2301,2158
"PARP10",1555,826,891,813,2327,1051,1379,1341,2036,1421,1724,1972,1868,3192,1305,2040,2269
"SNHG16",3106,2781,2249,1698,1622,2271,1153,1619,963,907,1614,627,2259,1523,457,2176,2076
"TROAP",511,1166,1063,489,763,889,194,603,1223,3573,3273,5348,2269,4562,3388,4368,4922
"AGPAT3",1429,1412,1824,1049,973,930,429,625,879,2241,2171,3311,1974,2541,2202,2784,3587
"RGCC",283,827,1772,514,290,390,59,218,1620,4981,4849,10696,4218,5576,6976,8932,6440
"DIAPH1",2449,3551,4077,2431,1155,1793,641,785,375,1341,1247,2064,1593,1391,1264,1637,2634
"KHNYN",1456,1048,1237,956,653,733,314,463,873,2333,1950,6111,1913,2851,5421,3580,4345
"FKBP1A",2581,2197,2275,1445,1999,1525,1254,1838,859,893,1486,744,2026,1927,712,2075,2160
"PHOSPHO1",511,737,1163,740,139,934,130,929,2063,2215,3556,8683,3910,4673,4658,4135,4923
"GSTM3",4004,4618,5168,3440,790,3702,1064,10177,709,1231,1586,307,2620,570,246,1150,622
"TMEM141",1802,2928,1961,1045,1178,1247,791,1371,1113,1459,1959,944,1992,2374,895,2618,2312
"SYNGR2",2269,1962,1846,1380,1919,1032,838,997,799,1354,1474,1319,1753,2385,907,2636,3300
"CDK2AP2",3299,1449,1596,1644,2732,1874,1212,1819,490,1203,1290,1634,1407,1513,1124,1584,1915
"MRPL41",3762,1136,1572,1460,3202,2110,2636,2640,1440,1124,961,523,2018,2231,260,2611,1041
"PEF1",1929,1655,1398,867,1575,1197,793,1083,1148,1530,1797,1701,2243,2273,1326,2377,2379
"TIMM17B",1219,1288,878,584,1472,1244,706,1516,1416,1914,2033,1826,2403,2943,1674,2867,2336
"PPP1CC",599,3015,2948,1166,800,757,144,283,1280,2226,2993,3704,2530,2791,1890,4261,4351
"PLOD3",1273,1164,1618,1466,1721,1449,750,1052,821,1776,1558,2956,1281,2133,1870,1821,2852
"MYDGF",4255,1870,2060,2488,2991,1492,1253,1407,507,1040,1258,856,1626,1760,733,1611,1928
"MRPL55",1802,809,906,769,1467,1329,1047,1723,2440,1587,1950,1154,2685,3124,945,2742,1769
"CD81",3881,1559,1844,2304,7295,2581,2642,3588,608,750,783,498,1325,1516,347,1160,1668
"MAD1L1",4537,1677,1395,1414,2745,1726,1792,1990,1189,1074,1257,845,1330,2170,624,1312,1420
"CENPM",472,1313,1596,445,928,1122,312,1254,1732,2701,2753,1710,3956,4046,1210,4235,3452
"SLC38A2",1446,1850,1919,1302,778,765,388,563,637,2328,2183,3693,1854,1777,2632,3615,3461
"PPME1",966,1197,1301,845,332,735,250,484,996,2860,2218,7662,2400,3361,4752,3404,4615
"PPIE",1477,1799,1463,704,922,1047,652,925,1403,2054,2193,1577,2468,2843,1057,3280,2897
"ENY2",1509,2067,2087,1128,846,1065,466,853,585,1966,2453,2016,2084,2445,1439,3283,2974
"EMD",1372,1429,2194,1274,750,1178,415,671,754,1985,1993,2841,1568,2746,1990,2811,3830
"E2F1",495,1133,1296,629,782,1179,391,1212,1560,2921,2679,2703,2184,3374,1388,3825,4017
"TSR3",1987,938,1560,1078,1789,1375,924,1326,1616,1345,1728,1159,2056,2537,1038,2219,2082
"PPP6R3",1203,1094,1224,683,1118,1122,483,625,803,2518,2544,3395,2220,2912,1950,3436,3276
"HECTD3",1559,1136,1119,800,1209,803,502,813,974,2082,2092,3948,1714,2651,3025,2234,3173
"LYZ",1699,3883,4580,1569,8102,1074,1125,1124,237,1909,490,4840,678,2170,2700,474,874
"SLC38A10",2944,1432,1737,1471,3671,1400,1315,1280,713,1271,1203,1333,1262,1852,816,1564,2434
"HNRNPH3",752,2292,2552,905,605,491,227,271,1290,2471,2986,3595,1930,3724,2072,4809,5273
"CKS2",668,2688,2556,778,294,555,154,406,667,3109,3068,5595,1869,3570,3586,5347,5534
"SEC62",527,1209,1507,662,443,365,99,211,1299,3369,3130,9681,3104,4369,7744,5684,5190
"ARHGDIB",6951,10225,5300,3989,10600,2806,2705,2744,246,438,283,684,575,1084,444,453,927
"MAP1LC3B",1446,1787,2102,1501,643,715,247,451,417,1951,1447,6772,2054,1970,4876,3593,3982
"SAP18",1487,2436,2008,1107,784,886,332,590,702,1974,2351,2673,1982,2328,1775,3587,3408
"DEDD2",1593,829,931,1003,1660,857,677,790,692,1582,1503,4514,2012,2534,3775,2455,2904
"RPA2",960,2714,2037,1106,715,950,354,541,779,2211,2470,2144,2648,2438,1470,3518,4085
"KHSRP",928,1982,3214,1167,1228,1329,565,778,653,1682,1962,2276,1571,2359,1206,2396,3660
"WDR74",1617,1635,1444,883,1180,1754,1005,1676,1958,1172,2026,662,2816,2523,823,2182,2023
"RNF220",1622,1930,1993,1116,1110,1065,537,802,936,1651,1733,2300,1715,2259,1343,2472,3392
"BRI3",2944,1176,1781,2577,5566,1559,1399,1717,443,929,1061,1568,1026,1417,1493,1259,1473
"APEX2",1191,1366,1533,761,616,994,373,853,1320,2660,2184,3184,2091,2704,1826,2743,3639
"THOC6",1548,1363,1239,811,1777,1343,729,1375,1299,1481,1943,1332,2401,2736,823,2552,2668
"SSR3",2400,2636,2228,1326,1353,1001,768,974,962,1220,1648,1591,1662,1555,940,2503,2601
"LRPPRC",1045,4171,2329,1231,608,909,393,605,761,1703,2831,1740,2283,2129,1307,3418,3965
"AGPAT6",4541,1678,1683,2026,2216,1999,1771,1615,898,894,1383,681,1444,1775,466,1580,1853
"MRPL14",1375,1582,1745,789,927,1033,643,1704,1509,1596,2194,1086,2958,2717,788,2890,2714
"F11R",1738,1510,1219,1177,1432,848,702,928,714,1751,1676,3540,1868,1744,2060,2086,2858
"SCAF1",2026,990,1860,1617,2231,1803,1084,1164,635,1409,1294,1903,1236,2106,1423,1346,2597
"SRPR",2280,2160,2237,1435,1346,1056,551,592,427,1634,1793,2472,1519,2007,1655,2168,3531
"SLC50A1",1667,1713,1111,898,720,621,456,744,799,2586,2089,3587,2126,2066,3018,3160,3041
"HMGN1",1337,3329,3022,1042,1039,793,390,680,602,1570,2464,1624,2203,2423,858,4288,3715
"SON",894,1806,2191,982,498,518,150,308,820,2646,2613,5568,2292,2822,3596,4949,5265
"SNCA",165,1838,784,339,133,191,50,158,1577,6981,6925,16856,6045,8032,7961,8926,7821
"STX5",2631,1184,961,1175,1886,1203,1140,1389,738,1278,1209,2263,1572,1755,2079,2087,1941
"CUEDC2",2375,1795,1587,1144,2468,1825,1352,1755,868,1135,1272,880,1765,1743,658,2100,1911
"GAS2L1",1268,1124,1772,1213,851,1673,328,1330,696,1613,2403,1994,2108,2397,1458,2795,3558
"CDK16",1700,1245,1425,855,1373,1080,713,965,751,1925,1727,2722,1431,2612,1694,2183,3023
"RAB24",2760,1165,856,1037,3315,1292,1539,1663,1361,1165,1535,964,2042,2055,789,2014,1488
"MRPS21",2688,2177,1853,1239,1644,1743,863,1626,524,1050,1622,978,1807,2525,746,2045,2216
"CHST2",635,1244,1335,652,181,241,130,157,1041,4301,4533,11390,3917,4738,4866,6843,7364
"TXNRD2",1220,1088,881,571,1192,1028,789,1593,2012,2136,2096,1752,2447,3026,1114,2572,2119
"IKZF1",970,1654,1668,807,607,572,275,481,963,2314,2969,3611,2384,2941,2416,4338,4110
"MPG",3462,1760,2180,2106,2070,2014,1141,1789,668,872,1302,965,1521,1615,573,1559,1844
"LAMTOR2",3462,1564,1271,1247,2476,1573,1405,1877,1389,1029,1456,597,1871,2089,511,2145,1484
"CLPP",1814,1591,1905,1156,1352,1465,836,1413,982,1571,1707,1201,1843,2036,772,2300,2288
"YY1AP1",1689,1608,1068,832,1185,1001,667,947,919,1824,1737,2844,1802,2151,1809,2719,2533
"GSS",2374,2304,1941,1245,1358,1549,792,1094,1064,1267,2022,891,1913,1915,658,2336,2145
"MUC1",2540,1874,1349,984,852,2359,1422,3408,2392,1042,1971,503,2532,1982,273,1411,2260
"HYOU1",2264,1628,2672,1622,1206,1019,550,568,402,1676,1240,4302,1364,1643,2429,1658,3518
"RPS10",2429,1263,906,728,1939,1586,1552,2574,1789,1201,1647,750,2640,2083,540,2245,1551
"PACSIN2",1790,1564,1290,1084,1570,1103,622,568,638,1621,1446,4291,1424,1939,2730,2006,2962
"OAT",594,2342,3829,1280,53,233,43,171,608,5102,5429,8054,2976,3667,6058,8235,10466
"NUCB2",2138,4915,2411,1465,1863,1092,752,769,429,1461,1739,1417,1156,1621,884,2305,2597
"TIMM50",1280,1570,1977,848,1177,1504,726,1230,1217,1475,1842,1086,2371,2800,768,2503,2744
"ABHD12",3177,870,1098,1413,5903,1250,1495,2040,733,1399,1275,1060,1498,1954,745,1518,1452
"ATP5J",1693,2452,2055,1007,1181,1007,466,745,702,1677,2358,1391,2164,2480,1137,2810,2801
"CABIN1",1848,2048,1724,1145,1819,1331,1084,896,577,1424,1769,1551,1246,2383,983,1791,3015
"PPP1R14B",2123,1636,3167,1631,1269,1992,879,1443,817,1052,1685,460,2238,2304,519,2159,2713
"PGLS",3559,1500,1661,1674,4451,2334,2569,2985,685,717,953,615,1262,1804,455,1258,1326
"ATP5F1",1257,3585,2840,1206,714,920,219,386,640,1778,2459,2371,2115,2142,1479,3807,4196
"MRPL11",1247,2218,2000,657,1084,1207,618,1276,965,1600,2231,978,2701,2458,794,3310,2786
"PAFAH1B1",1740,1852,1716,1143,772,791,364,569,516,2079,2023,3718,1702,1944,2553,3338,3388
"ACAP1",4550,1998,1562,1859,4574,2173,2981,3030,821,724,1060,514,1053,1363,357,1441,1004
"POLA2",652,1405,1521,513,1073,1175,490,1106,2077,1868,2628,1387,3023,2940,981,3124,3232
"EIF2B5",1418,1680,1415,794,1058,1089,522,892,1210,1812,2069,1695,2492,2462,1128,2971,2702
"MAD2L2",1642,1680,1343,921,1822,1511,975,1594,1320,1156,1790,969,1793,2636,696,2334,1977
"ISCU",990,1219,1555,1026,746,647,300,495,567,1835,1596,6648,2037,2046,6882,3829,3454
"DHX30",1425,1470,1933,1046,1366,1446,673,1258,987,1501,1468,1398,2081,2117,1012,2152,2831
"MYO9B",3495,1074,1125,1396,6515,1671,2672,1531,926,855,1015,1060,1154,2067,651,1052,1518
"FAM46C",702,1184,1326,635,75,392,76,282,1895,3909,2572,14118,3301,4206,8520,6483,5122
"UBE2G2",1314,1628,1938,1174,1114,1311,533,824,803,1519,1839,1666,1920,2398,1235,2504,3366
"MTMR14",2261,1517,1227,1166,2598,1171,1006,1132,595,1219,1184,2438,1412,1714,1863,1767,1962
"ITPA",2677,1978,1999,1289,1537,1877,1081,1321,948,1122,1215,685,2353,1903,568,2260,1878
"CEBPG",1101,1315,992,690,754,586,239,380,813,3187,2216,6419,2183,2415,4675,3958,3752
"ALKBH5",1666,1633,1940,1349,843,859,431,629,502,1829,1948,3030,1498,2243,1945,2905,3731
"NISCH",3106,1435,1208,1327,3225,1553,1420,1130,692,1200,1202,1309,1321,1828,797,1654,2156
"ULK1",1242,388,684,969,1203,729,484,824,1141,1783,1390,7308,2124,2533,5578,2642,2787
"RSL24D1",992,3212,2131,1016,561,722,295,466,616,2215,2300,3143,2052,2112,1798,4317,3999
"CCDC69",2522,2130,1565,1418,2169,1536,1390,1442,623,855,1050,1562,1271,1667,1391,1270,1925
"SAR1A",1772,1671,1459,890,1213,802,424,775,913,1753,2160,2186,2064,2360,1333,3040,2758
"POLR2J",1728,894,927,645,1673,1359,1027,1994,2059,1337,1628,1181,2112,3117,856,2286,1660
"ERCC1",2859,1643,1557,1208,1943,1615,1125,1389,957,1145,1564,879,1829,1498,650,2009,2062
"C16orf13",2380,1523,1560,904,2309,1864,1663,2144,1715,827,1347,494,2624,2014,381,2169,1422
"PSMB5",1892,2378,2208,1252,692,999,446,761,504,1619,1900,1803,1849,2147,1360,3057,3557
"UQCC2",1023,1465,1482,502,962,1067,454,1318,2221,2091,3128,763,2817,3448,850,3435,2189
"LINC00657",1098,2080,2003,1504,1029,977,329,410,855,1568,2153,2397,1822,2322,1590,3360,3237
"NCAPD2",429,2974,3036,679,506,594,113,344,678,2742,2412,6927,1683,2883,3294,4164,6937
"FLII",3353,1977,2463,2076,2711,1591,1051,1080,287,953,1052,1470,980,1390,1279,1296,2887
"SLC25A11",2025,1614,1669,945,1708,1067,842,1119,1014,1429,1666,1121,1903,2066,859,2228,2446
"MED24",1201,1900,2090,1157,1063,1468,460,731,553,1623,1901,2100,1520,2525,1438,2063,3731
"SMC4",274,2185,2240,516,269,368,66,238,1012,4154,4195,8391,2656,4116,4264,7505,6803
"INPP5K",1364,772,816,627,922,748,505,753,1029,2174,1791,4392,2213,2601,3986,3059,2504
"TYK2",1967,1345,1493,1077,1830,1227,910,797,505,1626,1553,2463,1319,2212,1393,1865,2646
"DDX3X",770,1285,2952,934,501,323,159,233,670,3722,2839,8446,2264,2305,3587,4443,4980
"USMG5",1803,2165,1882,1159,1034,1251,475,910,1308,1287,2340,1009,2211,2230,834,2610,2086
"FAM32A",2218,2166,1921,1249,1694,1191,808,971,522,1320,1456,1598,1512,1817,1100,2025,2367
"METTL13",1043,3329,2387,933,602,928,361,797,872,1555,2450,1540,2202,2489,1117,2913,3681
"POLR2H",1518,1567,1362,800,807,1004,618,1021,1293,1703,1953,1700,2219,2425,1138,2787,2526
"NUSAP1",268,2412,2240,479,324,491,93,277,576,4160,3286,12049,1581,3477,5223,5435,8680
"GAK",2041,1044,1324,1355,2831,1694,1086,1051,536,1274,1325,1975,1258,1943,1290,1511,2271
"RAB3IL1",486,467,982,634,547,708,206,738,1547,3483,2852,6178,2939,3630,3807,2994,4009
"SMIM5",520,892,1105,528,78,649,53,459,2253,4714,3825,8729,4637,4607,4677,5854,4429
"GRAP2",4039,1973,1483,1892,161,866,310,499,1160,2062,1705,3819,1669,1693,2916,2045,2856
"DAD1",2947,3358,3376,1815,1092,1291,595,781,336,1139,1143,1465,1094,1623,1589,2167,2401
"TUG1",1546,1949,1277,808,1051,893,611,701,976,1609,1626,2676,1583,2010,1990,2613,2701
"LGALS9",3203,2359,1681,1671,3694,1765,1417,1703,718,1187,712,1226,1147,1587,644,1104,1135
"NDUFA9",1124,2141,1720,737,710,1051,375,834,1031,1863,2392,1655,2406,2582,1091,3390,2989
"DDRGK1",2861,1339,1238,1331,2011,1463,1065,1585,1194,1102,1359,958,1675,2246,579,1733,1777
"TPGS1",2527,658,1111,1393,2956,3596,2075,3846,1953,811,888,609,1384,1975,432,1289,1192
"SF3A1",1028,2528,2422,997,626,811,247,449,527,1907,2014,3733,1770,2155,2393,3150,4635
"CNTROB",1719,1317,1184,914,1500,1400,713,839,851,1670,1584,2497,1212,2590,1257,1956,2693
"TMEM222",1860,1126,1103,838,1549,1364,946,1639,966,1446,1623,1391,2004,2257,994,1975,1986
"THRAP3",1155,1433,1909,920,1077,867,485,659,1057,1705,1661,2746,1678,2414,1637,2451,3046
"TUBG2",1645,984,1052,990,654,1367,442,1346,435,2155,2137,2592,2218,2355,1743,2397,3427
"CTNNBL1",2992,3165,1911,1340,2086,1865,1810,1317,598,932,1158,779,1422,1532,527,1514,1687
"DCAF6",688,1749,1546,731,261,456,120,252,1201,2913,2991,6174,2931,3512,3746,5315,4858
"EIF4EBP2",1333,1900,1640,866,1483,747,460,715,696,1528,1678,2699,1496,2077,1948,3010,2960
"CDC27",314,1414,1454,569,191,513,87,158,1402,4497,4331,8372,3465,4284,4367,6724,5853
"RABAC1",7025,762,879,2162,7477,1937,4070,4332,658,728,551,822,873,1067,725,1086,723
"NUDCD3",1295,1608,1243,774,1121,917,562,803,1100,1595,1975,1956,2339,2457,1152,2749,2779
"ALKBH7",3869,1390,1230,1519,2592,2048,2430,2965,1389,702,942,612,1202,1417,471,1351,1277
"SLBP",466,1933,2185,643,378,509,145,323,1110,3028,3880,3240,2771,3264,2076,5700,5773
"VKORC1",3760,1887,1738,1914,2012,1305,1122,1593,574,993,1197,732,1395,1518,650,1763,2280
"GBGT1",3131,2255,1450,1609,1321,1105,797,1011,680,1154,1631,1608,1329,1799,970,1516,2229
"NATD1",892,782,1078,716,324,671,170,506,944,2186,1897,11331,3494,2555,6926,3074,3455
"MATR3",490,1924,2818,1038,508,565,179,240,707,2698,2942,4046,2240,2783,2345,4745,5451
"CAP1",2980,4442,3229,3011,2618,1549,843,968,190,831,784,1435,1143,1052,954,1522,2175
"XPO1",565,2568,2905,1058,610,643,147,235,785,2364,2460,3943,2132,2393,2357,4469,4897
"SIPA1",1281,809,772,555,2720,797,1051,1085,1221,1732,1694,2139,1922,2842,1155,2276,2431
"SRSF4",965,1686,2217,1136,577,646,191,231,861,2643,2253,4207,1666,2598,2503,3806,4635
"ZFAND2B",2064,800,665,701,1877,1111,1035,1514,1942,1558,1510,1129,2273,2154,1305,2236,1530
"PHKG2",2074,901,761,759,2035,1143,1154,1191,1184,1596,1757,1360,1660,2617,903,2285,2040
"ANP32E",238,1233,2209,487,373,305,65,165,3416,4205,4496,6427,2456,5714,3499,5638,5423
"PKMYT1",404,1179,1625,634,1089,1391,338,707,724,2612,2053,3350,1852,3374,1600,2582,4622
"WDTC1",1102,1166,1565,1064,1219,1185,739,968,451,1605,1229,4097,1072,1882,2536,1980,3426
"POLDIP3",1246,2025,1768,1009,879,797,360,607,615,1705,1634,3405,1495,1992,2415,2582,3751
"FAM193B",1954,626,677,1003,1947,1162,1007,873,1039,1600,1528,2582,1390,2550,1702,2073,2055
"CRAT",1279,957,1272,887,978,1242,596,965,1196,1759,1652,3123,999,2705,1544,2280,2802
"EGFL7",3654,1768,2025,1371,4448,7967,6268,8012,925,314,635,140,1857,1111,248,565,894
"GABARAPL2",1003,1461,1262,775,578,527,223,426,1011,1992,2135,4926,2110,2524,4045,4411,3261
"RNA28S5",1295,271,1239,1392,4521,5663,5896,25864,577,163,369,197,814,3940,5382,1471,511
"NMT1",1495,2001,2091,1163,1005,890,484,510,640,1657,1623,2498,1523,2231,1734,2062,3269
"FAM20B",764,1210,951,475,321,587,173,438,1320,3033,2964,6339,2900,3136,3701,4131,4134
"MRPL2",1083,1468,1149,606,879,1165,516,955,1073,1909,2558,1433,2169,3099,1106,3044,2829
"ZNF692",1798,922,770,1029,1302,1136,877,806,1207,1609,2009,1274,2085,2884,1079,2343,2471
"SERPINB1",3952,3460,2832,1672,6291,1355,2025,1881,392,733,541,1122,732,1123,634,1018,1213
"MINPP1",465,2601,2529,1276,60,350,77,197,477,3881,4133,9466,2279,3058,6035,6459,7864
"SIL1",3400,1571,1254,1164,2635,1862,2038,2021,1793,613,1214,476,1774,1644,462,1527,1125
"CYB561A3",2593,1580,1706,1542,3176,995,896,1174,387,1150,1167,1432,1256,1426,1087,1883,2366
"MAPKAPK2",2333,1280,1739,1563,2538,1393,1304,1551,739,809,901,1536,1223,1264,1271,1422,1673
"ASXL1",1227,1206,1109,709,813,853,467,625,1048,2093,1910,3740,1795,2230,2188,2517,2787
"CAPRIN2",430,1615,723,486,113,522,105,244,1321,4882,5754,5215,2269,6805,3028,6522,8778
"LINC00152",1290,1228,777,521,511,1596,578,1553,2022,1537,1674,1920,2672,3116,1424,2939,1345
"CNP",1273,1591,1852,849,1025,1010,508,783,696,1685,1851,1811,1771,2545,1061,2436,3662
"MTHFD1",1967,3344,3282,2096,367,1014,229,336,368,1813,2117,1877,1628,2188,1204,2891,4946
"PMM1",841,1004,773,507,805,669,291,740,1272,2925,2572,2906,1994,3398,2104,4234,3282
"NDUFA8",1581,1767,1809,895,451,941,324,917,708,1928,2227,1792,1646,2448,1575,3666,2933
"SLC37A4",676,1435,1270,529,681,725,263,749,1255,2453,3235,2660,2316,2846,1426,3650,3650
"AAMP",1587,1786,2211,1241,1183,1229,599,939,309,1384,1386,1938,1434,1822,1650,2213,3026
"PHC2",1943,1487,1684,1279,2406,1489,919,1341,471,1189,1185,1632,1326,1439,868,1988,2138
"RELA",1857,1199,1413,1111,1231,1041,787,866,725,1284,1383,2114,1529,1841,1782,2010,2510
"SNW1",1082,2495,1902,854,485,691,187,384,698,2156,2277,3734,2189,2147,2204,3595,4030
"WAC",922,1477,1546,1035,763,518,233,379,692,2198,2097,5086,1964,1928,3211,3613,3731
"TTC1",1633,1894,1642,866,1283,995,712,1059,1271,1151,1617,1109,2156,1844,1001,2208,2083
"FARSB",671,2351,1865,583,444,1025,281,724,1258,2343,2729,1642,2900,2820,1098,3039,3456
"CC2D1A",1967,926,939,927,2042,1388,1153,1076,997,1366,1359,1677,1652,2331,967,1424,2151
"ZDHHC3",972,1334,1192,615,950,654,406,497,859,2373,2433,3255,1754,2805,1906,3205,3406
"SPAG5",438,1564,1351,398,499,586,155,439,1027,3097,3257,5149,2252,3570,2526,4702,5028
"COPG1",3011,2205,2050,1725,1551,1264,638,590,280,1299,1320,2252,1051,1493,1408,1730,2704
"RIOK3",352,564,826,477,287,311,112,238,2109,2865,2518,13654,4373,3590,10415,6007,4552
"STRA13",1079,1082,1115,537,1141,1117,577,1135,1046,1610,2112,1426,2316,3418,937,2808,3148
"DECR1",1523,3807,3071,1384,318,1108,294,542,288,1945,1666,3287,1537,1456,1718,3298,3484
"FAM110A",2026,1059,1165,1200,1045,1367,529,883,985,1496,1650,2017,1751,2344,1153,2058,2032
"MOB2",1745,629,633,685,1273,961,819,1187,1467,1703,1549,2056,2211,2557,1833,2386,1696
"TRMT1",2271,1483,1408,1165,2332,2060,1623,1409,871,868,1342,548,1875,2037,538,1313,1960
"ZNF207",1061,2652,2785,1265,672,679,258,451,454,1656,1753,3062,1643,1890,1879,3225,4550
"HDAC1",1104,2403,2310,857,615,632,258,480,597,1730,2019,3300,1881,2120,1865,3535,3966
"TMCC2",379,289,578,392,107,170,54,270,2912,3607,1912,25971,5359,4934,20235,9867,7573
"DNAJC5",2221,1378,1398,1286,3325,1263,1101,1153,579,1230,1208,1296,1537,1495,891,1513,1743
"NFATC3",2020,1819,1450,1379,703,968,256,608,810,1211,2116,1940,2359,1491,1397,3637,3156
"CNOT10",1265,1515,962,607,511,556,267,571,1683,2391,2737,2207,2220,3071,1568,3640,3802
"TNK2",1800,488,630,970,2594,1200,1208,677,713,1882,1382,2910,1250,2388,3148,1159,2144
"TBRG4",1777,1791,2040,1195,1475,1581,866,1344,767,977,1283,844,1779,1881,687,1920,2279
"CDC16",1607,2111,1461,1045,728,1055,438,611,515,1753,1856,2438,1669,1929,1537,2855,2827
"TNFRSF1B",2822,877,599,1367,9216,1015,2267,1710,763,1044,1457,1200,770,1673,529,1359,1754
"NDUFB2",3251,1832,1446,1021,1755,1303,999,1557,1223,941,1607,439,2054,2163,428,2413,1399
"DMAP1",1799,964,844,792,1519,1265,1119,1362,1521,1363,1875,1067,1802,2273,805,2290,1582
"RFNG",2260,872,882,1142,2017,1358,1313,1339,847,1305,1057,1860,1577,1694,1209,1510,1645
"ABHD5",640,995,1009,772,465,415,155,323,848,2941,2200,6878,2617,2307,8200,3885,4515
"PRKDC",450,2608,2836,700,568,871,211,524,839,1986,2373,2328,1923,2655,1366,3562,5303
"PML",2084,1796,1236,1217,1500,2134,1019,1286,708,1023,1527,1143,1461,1662,693,1488,2080
"CHTF18",797,894,834,541,1724,1410,735,812,1560,1687,2066,1632,1881,3867,1052,2017,2445
"IP6K1",1381,882,1306,951,990,1092,697,1122,1200,1233,1024,3300,1899,1527,2567,1701,1937
"ABCB8",1258,1062,1336,712,919,1259,602,1035,1526,1493,1944,1276,2247,2189,1096,2072,2691
"RENBP",5821,1693,1439,2324,8167,3013,3359,3411,719,372,773,412,890,1121,573,539,544
"PPP2R5D",1406,1570,1446,840,899,819,428,579,966,1776,1863,2239,1551,2469,1367,2499,3292
"C17orf89",1213,958,1330,600,1005,1255,565,1365,2778,1241,2462,524,3311,3479,630,2624,1901
"ELAC2",1547,1921,2378,1188,1094,1417,553,806,532,1332,1583,1397,1688,1874,950,1932,2797
"FZR1",1215,721,877,768,1143,847,598,693,1125,1719,1272,4674,1681,2310,3006,2022,2285
"MRPS2",1822,1774,1966,1040,1243,1880,976,1305,873,1053,1226,682,1757,1989,560,2140,2251
"TOMM40",1404,1705,2779,1132,1559,1677,786,1204,492,1177,1463,878,1636,2183,625,1619,2834
"TIMM23",863,1596,1493,577,369,617,227,424,895,2294,2714,3039,2959,2935,2396,4138,3675
"TFIP11",1398,1494,1569,741,839,1101,419,748,902,1374,1740,2099,1769,2189,1681,2325,2963
"VIM",11929,6869,4595,10417,9703,3459,2267,1802,88,381,156,719,552,1173,409,288,666
"DNMT1",672,2143,3003,958,696,818,232,373,406,2232,2107,3336,1477,2520,1761,2920,5516
"MTURN",1110,1578,1361,859,321,796,244,588,779,2190,2172,2859,2111,2954,2126,3659,3559
"ZFAND5",950,855,1363,1083,594,301,195,220,654,2990,1451,10032,1677,2155,7924,4262,4079
"RBM14",996,1170,1736,796,1052,860,426,817,1355,1393,1885,1651,2255,2218,1167,2666,2958
"LAMTOR5",1500,2028,1599,1052,675,756,266,400,745,1589,2190,2221,2179,1984,2090,3373,2767
"STAT6",3632,1895,2129,1873,2389,1497,1115,937,350,763,889,2218,808,1042,1624,1025,1731
"CENPU",283,2547,1717,570,249,634,114,231,1170,3051,3861,4034,3069,2754,2156,6633,5830
"ANKH",363,928,1045,434,153,428,125,452,1592,4158,3233,7841,2556,3636,4873,4883,5408
"TMED3",4633,2334,1632,1723,2278,1578,1655,1768,760,626,899,358,1603,1491,499,1582,1275
"VRK3",1125,1293,1056,632,1111,974,647,822,1108,1685,1654,2351,1680,2219,1671,2383,2077
"BSDC1",634,1508,1408,734,248,404,118,228,681,2795,2415,9487,2419,2822,6801,4008,5272
"PCCB",667,3256,2310,730,257,856,163,468,865,1874,3098,2070,2338,2579,1622,3974,4756
"SEPW1",3921,1526,1681,1639,1625,1480,1108,1519,628,945,1503,508,1466,2185,425,2074,1370
"SOD2",5034,1535,1051,3256,6964,1098,1495,1703,283,905,935,716,840,918,905,1354,1377
"SEPHS2",2166,3014,1816,1307,1818,1011,777,922,783,937,1018,1729,1115,1048,1170,1742,1917
"PBXIP1",3961,1535,1014,1778,2074,1534,1418,1330,850,742,1085,991,999,1631,847,1456,1296
"TRAF7",1704,1899,1954,1256,1161,1033,652,973,480,1231,1177,2414,978,1602,1389,1892,2841
"TMEM256",1558,1225,798,565,799,781,520,1202,1942,1794,2557,1171,2096,2668,1001,3466,1725
"APH1A",2060,2753,2613,1728,1617,1247,560,780,295,1185,1175,1628,1021,1371,986,1966,2793
"CD44",3861,3178,3054,2990,1981,1555,730,675,200,364,794,3038,1107,931,1838,1095,1689
"VAMP2",1722,1025,979,879,1140,1048,566,709,792,2060,1345,2420,1211,2203,1626,2722,2422
"CBX5",627,2491,1787,522,592,519,160,337,719,2728,2658,3768,1751,2993,2432,3639,4749
"FUNDC2",1352,1573,1413,780,605,878,351,769,683,1797,2033,2176,1811,2571,1482,3100,2720
"SEC14L2",1328,1896,2121,1138,153,2639,1064,1191,807,1514,1804,1475,1581,1989,694,1888,2366
"COX7A2L",1103,3005,2190,1067,637,522,215,330,409,2056,2507,4260,1414,1938,1801,3332,3742
"PRR5",452,521,844,453,620,781,231,917,2148,2164,2147,3591,3628,4081,2617,3156,2454
"UBE2C",320,2095,1597,452,445,633,120,345,662,3225,2892,5902,1824,3017,3092,5027,5414
"TCP1",819,2908,3628,1126,443,665,160,318,285,1947,2089,3493,1572,2079,2483,3390,5981
"JADE1",492,1014,1156,408,477,796,208,754,1527,2700,2856,3231,2821,2643,1867,3832,3436
"TUBB6",1449,1714,2882,1704,606,833,243,552,330,1905,1478,3075,1853,1529,1695,2062,4125
"UBE2L3",1905,1831,1807,1133,1605,1186,920,1150,523,1059,1246,1236,1486,1497,932,1822,2089
"SMC1A",543,1380,2437,464,582,447,273,496,973,2693,3234,4561,1902,2303,1601,2960,3954
"SSBP4",1937,1010,1929,1319,1646,1568,976,1339,698,1074,1403,1014,1346,1920,715,1363,2100
"FDXR",1348,1421,1478,807,579,1709,435,1261,2278,813,2294,669,2613,3094,833,1903,2057
"HDHD3",3631,2078,2080,2074,1211,3203,1383,4005,282,786,1021,661,1064,1032,484,1015,1552
"GGA2",2117,1920,1600,1024,2105,944,694,740,627,1074,1479,1114,1559,1973,782,1933,2657
"SURF1",2324,992,873,662,1299,830,681,1380,1228,1966,1267,1192,1688,2787,1150,2572,1316
"SUPT4H1",1240,1887,1933,1016,756,777,345,688,353,1556,1607,3044,1471,1964,2097,2639,3243
"LDHA",2532,6079,7316,3173,1761,1428,620,730,115,1196,805,1107,1084,894,516,1230,2638
"VAPA",1310,3017,3051,1385,606,820,296,405,383,1381,1579,2878,1355,1465,1947,2823,3326
"CDK10",1743,963,830,828,1806,1476,1027,1208,1275,1126,1545,928,1960,2425,694,1724,1944
"ARIH2",1657,1681,1475,1007,625,812,360,666,595,1602,1670,2556,1740,1859,1813,2520,2904
"TOMM22",1341,2129,1976,1029,905,1140,480,771,1254,776,1654,943,2080,2527,466,3345,3087
"HNRNPA0",1034,2587,3328,1579,659,723,188,273,411,1802,1707,3701,1135,1788,1781,2808,5141
"GSTK1",2813,2540,1680,1541,2246,1417,989,1157,323,862,1219,920,983,1603,616,1727,2387
"ABTB1",2633,456,525,864,3196,1084,1347,1642,1288,1124,700,2205,1543,1757,1963,1487,1129
"SCYL1",2362,1202,1413,1239,1338,970,691,767,341,1288,1062,2666,1075,1690,2253,1874,2611
"PSMC2",1326,2462,2169,1017,636,677,190,393,302,1829,2182,3172,1572,2188,1965,3190,4342
"TMEM160",2081,702,1209,904,3110,1797,1859,2670,2557,786,1208,332,1976,2221,318,1343,1108
"LUC7L3",877,1763,1703,1110,822,540,242,416,682,1781,1845,2764,1805,2322,2248,3244,3236
"THOC7",961,2450,1739,769,417,617,199,377,910,1792,3143,1897,2448,2552,1537,3956,3490
"YWHAG",775,2231,2439,1305,851,772,232,328,513,1620,2110,2259,1915,2002,1745,2985,3607
"BCL7C",2155,1037,1221,916,2659,2193,1757,2470,1781,702,1164,385,1829,2168,299,1526,1145
"KLF6",1187,845,1580,1392,785,656,295,315,874,1475,1453,4399,1234,2521,2574,3566,3154
"EZH1",1759,759,701,834,833,754,453,541,650,1884,1630,3698,1740,2350,3078,2471,2858
"PDDC1",1768,1105,1087,875,2222,1441,1174,1180,925,1162,1345,988,1598,1894,877,1468,1699
"SLC2A4RG",432,952,1133,550,1227,1079,374,682,808,2699,2340,2760,1164,3111,1803,2672,3597
"ANKZF1",1830,913,699,922,1382,1223,881,810,931,1320,1412,1703,1947,1979,1429,1810,2002
"CFLAR",3238,1485,1340,1685,3627,1229,1541,1389,517,712,798,1420,849,1078,922,1210,1676
"CSRP1",2353,2611,2033,1246,1308,1284,685,977,439,1086,1274,1056,1519,1519,644,1818,2466
"HDAC3",1242,1656,1512,898,744,788,434,572,516,1792,1893,2356,1526,2237,1439,2909,3154
"EXOC7",1615,1332,1238,841,1180,973,683,547,690,1535,1438,2378,1298,2220,1527,2004,2455
"TMEM115",2263,957,1027,1122,1709,1210,1037,1289,630,1021,1050,1624,1477,1494,1667,1606,1652
"TXLNA",2451,1360,1386,1211,1863,1430,1230,1223,884,931,1160,813,1666,1510,589,1548,1798
"SPPL2B",1561,947,1010,960,1940,1463,1156,1112,980,1240,1273,1171,1587,1754,1001,1528,1800
"MOB1B",323,1049,1091,521,131,447,90,240,1000,3839,3691,9516,2875,3559,6252,5811,5113
"SNRPF",998,2247,2019,709,777,983,286,731,654,1858,2319,1201,2194,2279,867,3041,3094
"CTTN",1461,1307,1741,1092,163,1332,392,619,655,1743,2164,2589,1781,2404,1536,2635,3228
"LAS1L",867,1454,1646,575,823,1190,490,774,1217,1426,1986,1154,2324,2882,821,2479,2910
"ABHD14B",2474,2356,1556,971,1497,1363,1142,1315,1101,781,1279,646,1554,1547,439,1749,1921
"ARF6",963,1898,2789,1371,504,631,163,297,479,2042,1956,3671,1424,2067,2220,3420,4019
"JOSD2",2143,695,1057,1000,1949,1660,1290,2189,1426,991,1075,702,1633,1939,713,1653,1187
"SNRPE",756,2365,2109,774,693,921,250,439,1232,1689,2695,1058,2909,2254,825,3576,2815
"TMEM50A",1710,2449,2276,1483,549,800,218,420,371,1674,1612,2483,1290,1470,2560,2884,3269
"FAAP20",3135,767,1055,1181,4111,2659,2513,3481,1342,545,897,400,1303,1579,326,1121,1047
"GALNT6",1148,1172,787,786,717,623,527,404,1558,1688,3323,1530,2483,3285,1642,2083,2169
"STX4",3463,1462,1024,1525,2967,1718,1596,1200,375,756,964,1119,1186,1395,1074,1188,1256
"CYHR1",1734,932,825,840,1288,1001,807,1037,1092,1256,1386,1677,1713,1981,1408,1880,1866
"MAPK14",873,1833,1565,866,766,784,286,491,534,1822,1483,3177,1608,1822,2280,2950,3824
"SEC11A",2782,3877,2686,1782,1637,1356,799,812,318,845,1075,1011,1082,1115,710,1544,2120
"RPA3",265,2033,1643,379,309,497,129,425,1876,3158,4078,2034,3370,3600,1483,5970,3824
"TARDBP",1189,1755,1770,896,849,701,405,662,676,1449,1645,1966,1653,1797,1434,2873,3026
"MRPS18A",1529,1826,1385,742,939,1213,634,1187,962,1264,1664,1013,2043,1893,798,2079,1878
"SEC61B",2101,2010,1836,1248,1048,791,421,691,426,1441,1443,1401,1422,1827,1217,2582,2524
"ERH",677,2462,2963,970,601,686,208,338,534,1990,2419,2239,1818,2207,1405,3329,3863
"FTSJ3",1521,1302,1347,874,1203,1128,658,768,1052,1379,1713,877,2404,2142,780,1853,2252
"UQCRFS1",1197,1769,1613,765,616,818,286,568,882,1672,2399,1513,2271,2223,1009,3646,2684
"CYCS",554,1484,2837,747,360,479,135,290,1114,2150,3423,2244,2915,3142,1542,4376,4060
"LINC01133",1098,1338,604,355,400,1608,216,1321,2095,1612,4609,1720,1437,1739,1110,4593,2809
"HEXB",3551,2396,1933,1962,4390,1309,1307,1619,240,749,917,915,867,1068,615,1115,1425
"CENPN",365,1514,1301,369,293,611,114,466,1011,2963,3283,4649,2472,3483,2323,4940,4536
"UBL7",1700,1125,1181,790,1501,1105,884,1273,755,1101,1279,1530,1554,1816,1209,1762,1679
"SDHAF2",1421,1093,1098,705,1170,1042,650,1087,1278,1272,1553,1290,1957,1931,1048,2221,1787
"CCM2",2174,980,974,840,2761,1210,1349,1227,851,1211,1323,935,1409,1769,722,1647,1431
"IGBP1",2567,2491,1355,1243,1092,1096,596,708,459,1136,1230,1741,1288,1481,1145,2161,1807
"ARPC5",1687,2766,2129,1689,2162,819,450,626,397,931,1677,943,1367,1536,713,2826,2424
"BST2",7842,1792,1979,2607,6426,2550,3588,3219,489,345,633,186,836,706,280,941,979
"NQO2",1498,892,776,784,2348,855,963,764,622,1694,1472,1698,1865,2455,679,2631,1941
"VPS25",1312,2044,1860,803,821,929,420,779,528,1459,1750,1592,1598,1858,1169,2588,2613
"PRCC",1362,1327,1457,890,1214,978,610,859,830,1309,1375,1598,1565,1763,1185,2052,2154
"CLC",4034,35799,798,1142,2239,1311,2784,1993,411,378,679,433,438,2200,199,570,3906
"DCTN5",2182,1596,1116,780,1137,979,771,963,962,1466,1363,909,1751,2048,655,2166,2175
"PPP2R5C",982,2279,1669,803,509,644,204,361,636,2053,2264,3432,1442,2060,1899,3326,3471
"GINS2",358,1931,1520,390,609,756,199,733,1286,2350,2698,1427,2516,3461,1061,4570,3365
"NUP188",974,1389,1888,917,718,935,350,546,583,1632,1728,2467,1498,2147,1400,2133,4008
"NUP93",983,1657,1690,667,554,723,306,576,803,1740,2318,2104,1968,2254,1432,2872,2876
"MMAB",1894,1746,1419,786,1644,1585,1061,2159,1800,771,1320,546,1683,1561,357,1736,1195
"WBSCR22",1209,1798,1815,871,715,1232,425,817,972,1243,1853,857,2105,2253,720,2453,2595
"RNF26",780,1421,1260,457,784,733,305,470,712,2076,1924,3835,1427,2783,2104,2611,3474
"C9orf142",1779,835,959,744,1810,1510,1087,1671,1818,1048,1604,426,2018,2616,369,1900,1637
"NBR1",1001,1394,1213,672,553,568,213,439,681,1835,2058,4387,2004,2001,2831,3272,3066
"MZT2A",1533,1059,1292,801,1835,1139,1143,1796,1674,949,1378,637,1687,2324,377,1864,1503
"PPIF",1381,2774,1857,831,3036,1245,983,1075,486,953,1109,760,1455,1617,515,1735,2163
"LPCAT3",949,3017,1781,743,464,793,242,528,549,1887,1706,3136,1437,1850,1354,3098,3835
"CPSF3",853,1908,1420,564,841,827,375,806,1162,1744,2105,1332,1996,2052,841,2953,2689
"CLPTM1",2153,1356,1806,1591,1793,1402,871,1094,334,962,878,1777,933,1573,1056,1185,2248
"STX10",3014,1548,1337,1339,2977,1305,1446,1595,515,770,883,725,1131,1420,601,1471,1495
"CDIPT",1937,1318,1363,1221,1394,1059,609,842,440,988,1008,2011,1490,1445,1906,1805,1962
"CALM1",3267,3409,3308,2565,2604,1236,767,978,275,1253,999,675,825,1110,563,1026,1378
"VAC14",2621,1123,1586,1410,2960,1363,1086,1131,529,859,954,1070,1273,1443,772,1128,1636
"RAB13",2569,1462,1384,1351,3237,1402,1240,1216,628,770,1266,900,1019,1407,504,1280,1598
"ANAPC2",1638,862,1038,877,1926,1291,1119,1027,812,1180,1281,1327,1494,1978,851,1371,1942
"NUTF2",1093,1651,1836,924,667,994,315,518,529,1681,1811,1995,1788,2065,1253,2529,3214
"SEC16A",1730,1130,1122,834,1760,970,790,735,785,1264,1302,1736,1341,1692,1181,1768,2088
"MAPK1IP1L",709,1453,1843,781,426,559,181,279,842,2079,2716,2869,1975,2578,1825,4166,4049
"MRPS7",1207,1675,1929,821,541,971,357,758,934,1385,2017,1045,2278,1817,938,2930,2712
"CCDC9",1412,654,715,668,1360,1227,830,1048,1527,1397,1345,1551,1650,2560,1108,1833,1566
"SYF2",1554,2072,1189,1058,830,914,398,587,665,1250,1574,2284,1347,1603,1610,2418,2134
"FHDC1",320,734,748,367,45,340,24,230,1137,5646,3848,16387,5587,3586,10651,5792,8673
"ARL8B",1728,1977,2436,1429,1187,891,452,619,378,1054,1135,2344,1224,1061,2104,1841,2021
"C14orf80",847,645,702,461,1641,1314,778,1169,2737,1632,1665,1089,2349,2739,733,1998,1412
"MAP7D1",2983,1236,1795,2118,3961,1732,1320,1531,444,595,715,855,1000,1205,610,1076,1464
"TBC1D17",2154,636,798,1186,2482,1610,1473,1650,501,955,823,2319,957,1465,1549,1063,1403
"SRM",1540,1778,3197,1256,1587,1731,980,1352,611,812,1249,367,1991,1513,385,1413,2398
"OGDH",1278,1184,2055,1068,751,791,417,409,469,1500,1160,3829,1287,1605,2734,2094,3024
"GSR",1235,1755,1896,1034,700,648,341,473,402,1305,2110,1891,1729,1990,1697,2747,3534
"PREB",1982,1463,1429,952,1472,862,616,673,732,1275,1556,1110,1705,1832,759,2120,2188
"DNAJB11",1633,1489,1495,879,1157,838,517,559,655,1424,1750,1554,1700,2028,905,2293,2262
"CS",1428,2683,2134,1023,878,906,370,607,497,1219,1401,1919,1264,1533,1156,2034,3296
"KLC1",1860,1005,1064,881,1315,1095,603,804,701,1333,1250,1844,1239,1715,1309,2330,2154
"RANBP10",500,1057,989,511,310,455,129,276,559,2631,2165,9163,2005,3286,6507,3590,5610
"RRP1",2128,1083,1592,959,2575,1949,1526,1444,1410,695,1231,338,2082,1890,314,1188,1420
"AKT2",1267,1607,1675,1143,1095,918,491,585,367,1250,1475,2384,1239,1989,1754,1446,3049
"YPEL5",1162,1161,861,926,748,540,218,366,657,1459,1622,5136,1598,2160,3520,3786,2645
"HTRA2",559,1326,1257,510,348,498,157,415,865,3027,2487,4301,2003,2825,2789,3855,3584
"C10orf54",3208,1727,816,1420,7469,1025,2405,1717,274,686,531,1466,697,1061,868,1180,1429
"FKBP3",1077,2522,1847,944,648,821,239,429,941,1489,2467,1084,2223,1968,795,3492,2851
"KDELR1",2652,1717,1623,1781,2215,1517,974,1103,464,845,823,1272,790,1126,820,1261,1790
"GLO1",1043,2426,2201,975,732,1038,392,633,485,1470,1591,1445,1451,1561,1027,2668,3088
"TMEM214",4927,2344,2007,1964,1921,1513,1149,973,278,788,869,866,901,1201,663,933,1875
"C15orf39",3617,1185,1576,1792,2862,2071,1332,1271,485,465,902,972,893,1235,602,1025,1852
"C6orf62",780,1645,2206,1376,515,438,171,171,431,1872,2004,4469,1736,1936,3167,3579,4227
"HADHB",1332,2263,2137,1205,952,776,347,507,316,1242,1366,2391,1157,1511,1732,2270,3373
"ASPSCR1",1640,723,782,631,2059,1264,1115,1296,1593,1035,1334,891,1765,2025,767,1645,1522
"TSC22D1",839,3091,2251,1718,261,681,119,307,686,1476,2283,2720,2215,1421,1464,3096,4857
"TRPC4AP",2593,2165,1862,1578,1566,1071,768,790,208,1045,935,1777,926,1186,1215,1492,2387
"KRI1",1224,984,990,730,1016,1021,608,738,1274,1411,1557,1526,1686,2466,1037,1862,2109
"ECI2",944,2489,1559,606,294,850,229,593,944,1679,2156,1929,2131,2296,1248,3288,2845
"FLCN",1206,804,1169,994,669,601,248,530,760,2212,1141,4006,2952,1523,3362,1673,2442
"RCL1",562,1642,1625,745,147,538,107,376,469,3139,2356,5125,1944,2690,3417,3976,5744
"COX6A1",1540,1838,1754,917,822,760,363,860,454,1476,1540,1645,1543,1826,1183,2465,2296
"ECSIT",1210,1238,1308,704,1037,1290,632,1252,1150,1053,1234,1277,1877,1855,1004,1728,1656
"GMPS",670,2640,2010,614,308,631,191,356,538,2175,2151,3596,1510,2241,1850,3698,4413
"ATP13A1",2036,1130,1487,1075,2516,1583,1250,1159,640,932,1010,908,1312,1545,682,1021,1645
"PRC1",299,2144,1649,458,257,410,58,230,463,3995,2685,8931,1741,2761,4486,4610,7844
"CLUH",1342,1369,2200,1115,1583,1922,1127,1315,1005,730,1192,427,1996,1807,385,1131,2170
"IER5",1160,1428,1215,1119,431,642,178,528,558,1511,1639,3281,2194,2111,2246,3475,2792
"HEMGN",32,1802,2119,256,23,197,10,184,833,7077,6806,28777,2601,5568,10618,9434,17157
"SSSCA1",956,760,1005,472,655,812,442,919,1885,1599,2017,1024,2908,2921,1179,2706,2128
"VEGFA",838,1334,2024,925,357,635,249,410,395,2330,1479,5141,1317,1266,3506,2243,5782
"FAM65A",1119,1034,1349,1036,1422,976,413,548,421,1539,1581,2436,969,2153,1384,1796,4013
"MCM3AP",1769,1120,946,927,1010,854,630,674,702,1242,1328,1833,1437,1982,1824,1990,1858
"GLA",1924,1080,977,1045,2102,886,969,1005,591,947,1334,1304,1326,1825,1057,1730,1551
"TOLLIP",1992,905,868,1045,2643,1368,1017,1331,997,933,921,1328,1427,1393,1004,1154,1179
"EXOSC8",614,1949,1254,458,514,632,185,426,1202,2206,2590,2192,2704,2093,1307,3842,3151
"SNX22",154,602,649,274,109,425,76,544,2917,4408,3692,6056,4034,5853,3770,5319,4423
"HN1L",603,1904,1964,488,533,793,248,546,964,1860,2244,1933,1858,2243,1192,2765,3492
"TLE3",2319,946,1273,1317,1416,1243,913,1072,758,1038,961,1183,1289,1483,865,1535,1625
"KDELR2",2201,1761,1887,1154,831,698,568,684,435,1275,1333,1730,1157,1356,1122,2111,2593
"DDX42",1210,1684,1599,863,737,783,369,558,569,1570,1804,2014,1429,1787,1325,2217,2882
"CST7",12254,11642,4367,4457,18030,4870,5347,4494,200,242,144,405,293,732,183,132,151
"TMEM147",2187,1146,1483,1002,1809,1023,836,1361,769,895,1162,749,1528,1717,655,1688,1683
"SYNCRIP",772,2622,3280,1019,801,785,207,323,538,1400,1846,1794,1597,1952,1056,2657,3593
"GRIPAP1",1595,907,841,836,1963,1127,772,602,784,1329,1306,1523,1322,2193,1247,1764,1627
"ZDHHC12",1677,1232,1366,1081,1544,1122,608,835,425,1412,1446,1423,1301,1881,728,1683,2252
"GRHPR",2351,1948,1792,933,1180,906,510,914,414,1023,1644,1092,1469,1603,709,1837,2460
"ASF1B",339,1363,1483,396,558,626,192,442,687,2754,2279,3803,1924,2389,1952,3607,4965
"GMPPA",2997,833,976,928,2270,1138,1374,1331,1139,805,1002,867,1575,1605,605,1287,1284
"ARG2",915,547,1904,927,199,482,85,392,484,2701,1374,10624,2137,1612,9322,3318,3428
"C11orf68",2102,1328,873,977,1339,1142,748,960,692,1144,1131,1386,1278,1537,1296,1553,1680
"UBQLN1",976,2030,1772,973,551,608,227,410,342,1639,1643,3565,1398,1744,2427,2962,3420
"TMEM63B",664,637,704,518,599,758,437,791,1538,1777,1808,3169,2063,3003,2321,2066,1870
"UNC13D",4108,2503,2924,2323,2895,2352,1817,1394,216,612,484,720,763,863,536,758,1270
"WBSCR16",1386,1472,1753,950,956,1140,523,853,880,1094,1557,1081,1849,1543,676,1965,2027
"NUDT21",1318,2097,2187,1134,366,699,207,416,474,1633,2204,2154,1514,1767,1312,3092,3335
"TNPO2",842,958,1283,714,731,805,441,615,1251,1533,1687,1947,1942,2207,1288,1857,2692
"SPHK1",974,399,805,519,1772,877,687,1096,1150,1636,1831,1331,2261,2433,801,2383,2177
"AMDHD2",2338,566,829,748,2668,1215,1111,1412,1385,1028,1358,640,1254,1917,897,1390,1263
"TOR1AIP2",855,862,918,620,658,607,297,462,972,1502,1836,3469,2299,2137,2646,2950,2425
"LRRC59",1383,2571,3381,1072,636,652,254,357,249,1434,1532,1916,1584,1722,1335,2252,4674
"NUP85",826,1451,1344,542,1048,830,328,626,786,1716,1874,1618,2113,2154,996,2587,2652
"TMEM258",2150,2152,1618,1141,1127,882,485,885,575,1164,1273,948,1353,1538,801,2140,1874
"RNASE1",7937,1593,2193,3802,14399,1598,3396,7694,173,361,208,321,663,1857,231,450,432
"AAAS",1215,1628,1582,726,896,935,454,687,479,1492,1494,1996,1271,1769,1270,1723,3123
"ACLY",1505,2829,2950,1216,743,859,431,697,419,1085,1345,1678,1025,1283,925,1866,2806
"SRP68",1673,1646,1613,884,871,787,461,571,621,1336,1461,1537,1549,1689,1038,2172,2473
"DDX54",1498,1709,2046,1155,1175,1519,611,762,749,885,1270,946,1299,1990,668,1214,2214
"VPS37B",2050,2254,3221,1501,965,2184,1108,1570,685,545,852,680,1023,1501,343,1168,1592
"TRIM58",368,952,934,483,75,343,71,189,1276,2070,2002,17572,2976,3726,11516,4343,4966
"BRD8",960,1188,898,702,619,655,317,489,569,1731,1479,3955,1724,1784,2798,2578,3009
"DNASE2",2086,1487,1114,1447,2448,754,860,1000,661,818,1027,1579,866,1443,831,1598,1474
"ZMYND8",853,1390,1401,785,462,718,126,340,566,1940,2397,3682,2453,1770,1921,3379,3258
"WBP1L",3596,1677,1556,2092,1805,1468,917,1255,394,702,808,933,1056,993,659,1296,1460
"PEX16",1389,886,849,640,1156,1133,719,1079,1223,1429,1409,1077,1932,1962,791,1801,1726
"MED15",2336,942,1187,1456,2462,1485,1070,1116,358,968,893,1373,1031,1247,918,1225,1617
"PCSK7",1190,892,1120,686,860,1175,470,727,754,1399,1599,1545,1733,2309,1230,1981,2356
"SNHG8",1707,2618,1417,885,1428,1197,864,1329,864,916,1418,553,2075,1348,355,1514,1542
"SUCLG1",1198,2407,1926,741,824,731,349,580,497,1444,1728,1336,1519,1788,1016,2781,2550
"PITPNA",1067,1274,1416,903,934,646,329,550,543,1410,1574,2352,1651,1824,1701,2269,2580
"SMIM7",1619,1461,1249,838,1071,929,584,876,912,1294,1360,1016,1725,1567,882,2047,1590
"SBF1",1269,787,1344,1151,1580,984,649,709,460,1170,1048,2855,761,1626,1970,1319,2756
"CGGBP1",815,1895,1325,679,429,471,133,260,534,2173,2216,3847,1778,2249,2679,3811,3845
"CLN3",3651,1626,1441,1633,4247,1676,1825,1987,551,475,725,486,1011,1087,399,911,1080
"HCFC1R1",2057,766,729,734,2711,1214,1108,1454,1183,1009,1382,626,1600,2171,497,1570,1202
"PTGES2",2697,1068,1555,1265,1894,1603,1150,1412,825,706,1056,424,1538,1590,452,1153,1573
"ARPC1A",722,1280,1183,596,558,553,203,390,955,2008,2256,2641,1865,2315,1869,3255,3142
"RNASEH2B",486,2848,1794,653,577,571,215,303,826,1789,2739,1782,1944,2123,1171,3561,3425
"SPCS3",1238,1495,1893,1027,959,702,362,435,536,1439,1748,1505,1445,1973,917,2355,3101
"MTCH2",1079,2259,2369,881,544,786,240,493,456,1504,1980,1552,1486,1655,1142,2703,3548
"LSM5",547,1865,1561,521,558,683,227,453,1261,1796,2808,1248,2528,2573,928,3534,2614
"SHC1",1294,1086,1211,810,989,813,528,786,629,1363,1167,2469,1188,1562,1530,2018,2261
"VASP",3108,2364,2444,2953,3308,1556,1279,1425,378,513,501,791,857,853,437,966,1141
"ST3GAL2",963,1086,1623,1125,703,803,401,676,594,1294,1345,3252,1219,1740,1534,1627,2775
"CHPT1",517,1970,1350,707,203,503,93,199,342,2826,2442,8900,1643,1835,5503,4444,4504
"NANS",2767,1428,1394,1018,2451,1237,1131,1423,831,634,1239,419,1485,1550,381,1468,1396
"ATG3",652,2362,1772,632,388,461,118,224,551,2342,2741,3331,1830,2284,1992,4168,4025
"PHF19",865,1113,1448,609,871,858,352,704,669,1753,1620,1933,1486,1939,1083,2546,3087
"GOT1",745,1383,1308,534,343,541,178,397,844,2371,1855,5466,1578,1713,3397,2709,2813
"RAD23B",772,1666,2158,782,405,457,168,288,549,1718,2184,3425,1533,2063,2404,3385,3723
"FAM89B",1268,738,960,762,928,770,496,785,492,1704,1325,2297,1199,2316,1774,2377,2377
"SNX5",1201,3629,2465,1371,504,809,227,436,282,1370,1363,2737,1225,1316,1473,2248,2860
"TMEM56",137,689,958,258,282,346,111,417,1424,3431,4347,5409,2673,3812,3228,5722,4994
"ASH2L",406,2147,1458,515,346,548,98,241,1283,2296,2493,3822,2286,2519,1825,3910,3654
"SEC14L1",889,768,1063,808,547,538,209,385,635,2058,1273,5614,1477,2133,4365,2363,3057
"FBRS",2193,1061,1375,1293,1574,1199,743,631,319,1036,905,2370,889,1383,1882,1015,2119
"LPIN2",525,803,1020,855,310,273,99,168,603,2286,1400,10167,2407,1977,12248,3998,4940
"GPCPD1",515,610,726,371,475,239,100,257,991,2859,2015,9881,2630,2914,6806,4463,3605
"APMAP",2478,2188,1843,1476,2497,1026,794,857,286,858,1009,1030,979,1209,686,1324,1764
"AKR1A1",4983,2347,1654,1743,3240,1159,1411,1693,477,467,926,349,900,1133,333,1185,1304
"KPNB1",811,2694,2961,1021,742,799,260,464,388,1359,1503,2251,1512,1360,1180,1887,3194
"CDK9",1559,787,905,830,1194,779,627,794,927,1260,1289,1961,1133,1758,1489,1783,1851
"CALCOCO2",969,1734,1094,755,485,447,211,261,507,1888,1668,4871,1538,1793,3100,3235,3319
"CD68",6849,1913,2778,6904,13351,1989,2689,3232,138,343,170,566,595,1039,305,289,627
"POLR3C",809,1204,1077,439,450,696,260,475,1375,1945,1941,3195,1866,1894,2079,2455,2211
"RNF213",1680,1138,912,996,1440,662,592,553,589,1213,1534,1837,1350,1598,1494,1958,1737
"REXO1",1132,713,1169,861,1140,1256,609,996,1217,1123,1177,1594,1339,1788,1146,1287,1839
"DRG1",1232,1925,1499,695,862,980,493,798,810,1109,1439,1052,1749,1818,750,2161,2033
"SMG9",2049,998,842,796,2335,1031,1195,1175,784,1208,1092,846,1908,1306,660,1209,1412
"STRAP",663,2099,2524,860,285,491,149,277,583,1801,2329,2505,1807,2118,1744,3668,4137
"TBC1D20",1243,799,808,721,963,733,416,615,675,1422,1189,3960,1184,1582,3220,1845,2137
"C11orf58",661,1730,1834,810,434,515,160,267,658,1763,2276,3190,1806,1787,1997,3420,3586
"RSRP1",1192,1122,676,1023,740,653,222,318,321,2055,1938,5076,1275,1294,3579,4045,2210
"ESD",976,3295,2298,1067,481,681,162,274,362,1802,2070,2090,1450,1718,1204,2891,3770
"SCD",14717,10270,9681,6938,4176,4119,3474,4446,97,205,198,292,305,343,117,289,601
"FUCA1",2243,1233,1597,2765,9527,1454,1089,2775,155,491,431,1121,1194,1122,793,700,702
"ARMC6",882,1367,1732,750,857,1121,456,873,779,1226,1281,1553,1622,1625,1031,1633,2159
"PSMD11",723,1485,1886,822,531,616,251,363,514,1588,1804,2720,1558,2017,1794,2703,3542
"FBXW4",1567,958,709,690,785,881,413,617,922,1447,1542,1519,1656,2344,1540,2235,1998
"HCLS1",3853,3353,2388,2323,4561,1835,1400,1234,272,423,651,373,939,983,323,862,1281
"ATOX1",3247,1167,948,884,3356,1325,1596,2133,1232,629,1328,225,1533,1569,292,1305,935
"UQCC3",1396,685,684,496,1406,1057,945,2020,2851,1057,1514,492,2064,2338,392,2018,1290
"C14orf119",2190,1877,1205,1090,950,757,435,657,464,1018,1371,1599,1378,1305,1602,1629,1984
"DOT1L",1089,661,1009,697,1348,1039,646,709,736,1463,1414,1892,1372,2168,1110,1477,2347
"LSM3",829,2015,1693,676,767,843,229,525,544,1775,2055,1542,1607,2293,889,2666,2636
"CARM1",1058,1112,1483,899,929,905,565,669,491,1121,1058,3225,1098,1679,1668,1532,2383
"SUGP2",1170,1051,862,639,999,843,620,550,1021,1326,1842,1553,1382,2159,943,2164,2275
"GOT2",859,2397,2298,651,740,1009,415,779,527,1228,1526,1182,1561,1614,746,2361,2666
"CPNE1",2510,2504,1494,1590,2328,1511,1017,1062,184,829,773,1456,596,1139,1102,687,1942
"PIDD1",931,548,571,416,1041,1009,605,770,1350,1476,1750,1813,1674,3197,1097,2238,2025
"DGUOK",1773,1614,1154,800,942,954,558,776,499,1369,1485,1261,1374,1620,926,2157,1704
"CORO1A",6646,5138,1898,2613,20367,2682,5904,4324,216,297,124,418,471,1112,246,149,435
"RFC4",352,2067,1392,470,391,702,136,466,937,2324,2836,2029,2030,2486,1218,3795,3881
"POC1A",512,1373,921,347,648,802,293,637,1498,1852,2175,1693,2027,3025,1021,2848,2439
"TUBA1A",4640,1902,2260,2274,1131,2215,1297,2378,336,493,480,561,937,663,639,1970,738
"JOSD1",1374,1684,1572,927,686,779,384,499,573,1205,1363,2006,1297,1669,1269,2172,2528
"SDCBP",924,1563,2782,2343,1053,345,202,249,441,1261,1531,2787,1233,1490,1589,2919,2726
"TMEM109",1208,1985,2264,990,757,926,372,645,432,1247,1421,1096,1486,1624,748,2306,3011
"PDCD4",1268,2918,1911,1354,516,709,299,423,836,995,1748,1256,1344,1658,736,2850,2480
"NDUFAF3",995,1100,1318,684,730,635,265,536,337,2115,1628,3139,1212,2068,2133,2362,3140
"LINC01578",850,1393,1095,676,561,562,192,325,595,1954,1820,3071,1660,2503,1963,3789,2642
"MGAT3",1367,1928,1689,1510,76,908,168,291,313,1933,1486,4798,1762,1475,3628,1963,4439
"GID8",892,1376,1327,894,545,652,198,405,582,1654,1499,3352,1498,1748,2260,2703,2832
"MYEOV2",1789,1076,1035,734,1342,1062,745,1359,1309,957,1238,627,1802,2035,451,2081,1262
"S100A11",9592,3263,2998,4887,10886,3056,3036,3434,111,246,173,378,561,998,256,252,617
"ERI3",1407,1414,1362,677,1249,1257,804,1238,929,916,1265,593,1790,1709,492,1761,1802
"GALNT2",1277,1837,2681,1308,783,981,340,528,297,978,1111,2071,1238,1529,1593,1512,2517
"ZNF622",1757,1104,985,809,1126,905,595,729,922,1315,1259,953,1679,1596,964,1940,1752
"REPIN1",2343,2375,2720,1932,1363,1344,773,1081,207,603,837,959,753,944,769,1353,2501
"EIF4A3",1392,2917,2728,1451,414,693,196,325,226,1470,1575,2405,1067,1595,1226,2772,3902
"HIST1H1C",2301,363,542,810,848,942,422,1374,798,643,525,3198,2126,1707,4177,2313,1629
"SLC11A2",1233,905,1027,1177,783,456,310,364,446,1639,1649,3921,1192,1674,2225,2580,2856
"SLC40A1",811,3489,2816,2030,73,702,116,192,296,1322,1346,6728,1337,1213,5702,2921,3963
"CAPRIN1",636,3321,3039,1174,563,710,161,231,337,1410,1681,2302,1275,1702,1436,3063,4110
"LRCH4",2553,1261,1264,1398,3809,1366,1866,1033,432,702,628,1114,669,1173,847,794,1240
"CCNA2",147,1825,2235,369,210,361,36,166,719,3535,4205,6785,2163,3094,3382,5408,6909
"CDK1",174,1544,1605,339,170,279,47,108,944,3869,4056,8065,2266,3250,4097,6765,7184
"HAUS4",615,2533,1703,580,718,838,207,432,444,1906,1495,2334,1197,1732,1234,3508,3566
"DUSP1",419,309,936,647,297,183,58,180,1061,3180,2326,8135,3226,3328,6171,6642,5262
"MLEC",2597,2101,1674,1226,1929,1010,968,750,440,799,987,717,1082,1311,617,1223,1807
"UBE2R2",1581,1421,1185,1047,1228,886,608,719,529,823,937,2391,888,1246,1878,1565,1850
"AKT1S1",1107,724,948,744,1023,912,505,829,988,1127,1078,2248,1276,2125,1765,1408,1945
"PAPOLA",654,1871,2085,797,508,477,169,230,398,1730,1943,3743,1379,1922,2368,3397,3657
"EXOSC4",1336,657,862,564,953,1172,942,1757,2224,945,1258,711,2153,1927,687,1581,1134
"TRMT2A",1827,1008,744,905,2219,1320,1159,1058,871,1099,1034,600,1402,1831,536,1288,1610
"SEMA7A",3701,1347,1771,3113,246,1554,436,887,227,706,931,2618,864,555,3232,960,3053
"NT5DC2",2322,1510,1954,1061,2549,1492,1365,1291,446,498,925,355,1189,1793,447,962,2205
"CASC3",1234,1472,1234,739,802,701,388,447,451,1301,1362,2640,1381,1633,1803,2307,2371
"LOC81691",1550,1230,841,736,268,632,410,358,1256,1762,2197,1758,1792,2120,1082,3001,2362
"HDAC6",687,1109,877,467,733,613,349,369,858,1988,1630,3648,1231,2245,2407,2204,2735
"PPA2",660,2715,1861,595,438,659,262,443,696,1500,2272,1263,1849,1917,847,3512,3452
"GYPB",409,924,1173,383,42,388,36,570,1051,3655,3279,7804,2133,3003,4023,7854,4509
"DGCR8",765,590,753,489,1008,956,447,779,1025,1534,2070,2251,1690,2202,1209,1822,2160
"ID2",1240,1893,4871,2890,100,679,111,172,151,1050,998,6545,1430,1353,3770,2801,6471
"NF2",1259,1640,1697,935,545,994,470,719,790,1116,1573,1062,1547,1856,710,1822,2035
"CHCHD1",1127,1240,1128,621,789,733,371,781,1097,1323,1833,988,1985,2092,764,2607,1859
"HIRIP3",613,1159,1017,507,884,891,289,440,1490,1872,1860,1415,1716,3009,935,2252,2248
"OCIAD1",809,2367,2070,1078,478,708,249,373,364,1450,1775,2212,1277,1515,1298,2709,3422
"LUC7L",1695,717,890,951,1468,1091,883,909,640,971,1174,1187,1389,1698,1040,1563,1493
"STRN4",1308,1178,1649,1021,1009,1015,407,638,255,1434,1039,2379,1002,1413,1705,1475,2924
"NCAPG",256,1484,1125,348,320,525,129,283,1000,2564,2901,4006,2179,2909,2220,3892,4034
"UFD1L",1092,1134,1364,697,684,712,374,644,750,1414,1785,1633,1672,1887,1049,2160,2125
"PCNXL3",1467,638,834,865,1580,1070,793,822,911,1002,1209,1138,1589,1785,933,1466,1721
"SPECC1",840,1287,1049,611,192,570,205,486,1060,1791,1781,4087,1775,2210,2234,2552,2577
"PPP2CA",618,1924,2351,1026,519,434,124,220,552,1739,1778,3139,1507,1750,2122,3055,3685
"UPF1",1332,1333,1717,1148,1300,989,559,741,329,1151,995,1765,1242,1183,1200,1178,2390
"INSIG1",2543,2584,3413,2412,1299,1185,621,1000,198,640,812,1778,556,811,660,1459,1418
"MBOAT2",304,1206,1202,388,126,352,92,257,1378,3373,3529,3819,2570,3307,2264,5286,4637
"DLST",858,1650,1620,766,627,657,258,421,301,1752,1404,3204,1268,1695,2063,2242,3250
"RNF126",1372,953,1407,840,1413,1414,826,1134,618,991,955,1267,1084,1586,718,1288,1776
"FH",677,1968,1902,597,542,671,234,425,379,1944,2230,2046,2000,1975,978,2828,2971
"BUD31",1034,1575,1178,690,518,666,272,395,532,1610,1826,2175,1959,1941,1407,2715,2465
"THOC5",1152,1713,1061,633,850,929,531,759,892,1144,1437,1196,1504,1980,818,1730,1913
"MARCH6",774,1293,1399,939,425,586,183,256,511,1667,1559,5338,1123,1828,2985,2724,3149
"UBE2H",988,588,790,732,550,380,186,398,589,1619,1044,7631,2097,1789,5286,2715,2641
"TOR3A",1141,1296,1227,581,1204,603,275,448,664,1428,1962,1558,1872,1878,948,1979,3194
"CLASRP",1728,794,986,949,1926,1260,853,665,566,1050,1090,1406,873,2046,934,1215,1745
"PLXND1",1976,2734,2772,1506,6322,1936,1766,2110,348,346,558,430,653,662,251,874,1761
"TIAL1",965,1599,1414,800,625,629,272,350,531,1454,1634,2439,1453,1694,1596,2694,2661
"SAC3D1",860,689,860,475,1410,1075,636,1390,1910,1112,1340,884,1934,2306,561,1848,1449
"RHCE",112,975,1388,220,33,134,9,102,1220,5725,6365,12004,4590,6463,9005,10232,10384
"ATAD3A",895,798,1465,646,1037,1415,824,1021,1409,1108,1241,606,2208,1999,444,1571,1781
"CWC15",1067,1586,1277,640,586,624,285,446,486,1493,1887,1874,1517,1723,1698,2957,2513
"CLK3",1392,558,659,798,906,690,420,578,625,1383,1100,4172,1310,1913,2509,1822,1924
"COMT",1827,2373,1508,1478,1396,811,505,598,248,1471,840,2361,921,1154,1039,1106,1808
"STAT5B",1023,1730,1734,1015,560,725,237,341,379,1371,1258,2670,1189,1557,2189,2356,3105
"ADAM15",1828,959,1468,926,3470,1663,1537,1496,532,567,706,784,825,1469,549,990,1462
"TONSL",634,761,1141,469,790,910,349,679,1136,1421,1747,1564,1990,2506,1022,1925,2765
"NDUFAB1",931,1748,1874,747,541,721,225,545,628,1415,1970,1081,1952,1803,928,3020,2565
"NFE2L1",1809,1365,1505,1431,1820,846,523,479,313,1145,783,2822,659,1113,2128,1073,1860
"SIRT2",1462,1267,1361,1252,1223,740,466,701,339,1115,1113,1870,861,1580,1373,1655,2235
"TMED1",1562,1007,792,878,1183,1062,595,1076,680,1187,1103,1238,1524,1517,890,1616,1568
"IMPA2",353,663,1176,267,788,665,230,515,624,2575,2015,2894,1398,2564,2701,3146,3741
"EZH2",574,1471,1236,546,380,516,155,314,690,2060,2077,3295,2018,2386,1756,3348,3261
"IFT122",872,581,672,433,971,771,510,646,2133,1579,1302,2242,2102,2014,1148,1689,1700
"SAFB2",1823,726,1237,1062,1778,1278,772,927,482,960,871,1240,1200,1692,1007,1027,1651
"PTPRA",1128,1618,1411,817,645,712,360,523,436,1415,1430,2272,972,1861,1395,1915,2760
"TAZ",1938,968,858,733,2966,1277,1326,879,546,1072,1001,860,851,1512,617,1414,1614
"EIF1B",883,1424,1680,1209,282,580,118,265,293,1815,1849,4825,1336,1620,3603,3121,3014
"USP39",853,1701,1656,727,666,734,283,587,527,1265,1507,1753,1501,1579,1167,2331,2996
"MORF4L2",959,2382,2577,1330,477,652,155,203,392,1419,1720,2242,1153,1602,1631,2713,3426
"SLC39A8",482,3351,1990,935,453,679,158,314,438,1457,2150,1450,2298,1837,1021,3262,3542
"USP24",742,1801,1646,765,340,522,188,280,572,1497,1900,3201,1558,2148,1736,3158,3046
"PTGS1",8840,2901,1504,4589,421,2213,1294,858,451,479,675,722,632,481,390,1156,1602
"EMC10",3959,1877,2006,2469,2779,1883,1287,1341,362,466,732,369,928,868,297,844,1356
"HMGCL",1953,1388,977,871,1234,976,694,960,454,1122,1175,1144,1402,1251,1021,1491,1352
"RMND5B",844,1090,1030,534,506,509,221,463,805,1913,1976,2388,1591,2527,1620,2622,2730
"ACKR1",205,432,759,246,70,407,78,989,2815,3606,3277,3475,4947,4646,2560,4984,2852
"PAIP2",883,1923,1533,847,482,533,182,340,477,1459,1501,2898,1456,1527,2290,2854,2859
"RIN3",5119,1754,1859,2867,5383,2957,3285,2298,316,444,365,280,653,550,181,644,1031
"AEN",684,1035,1343,550,332,729,174,486,903,1125,1950,2657,2454,2496,1821,2619,2622
"UBE2Z",1952,1234,1129,1026,1436,935,690,801,534,987,1099,1159,1114,1262,766,1722,1706
"EIF3A",529,1934,2529,947,620,460,160,474,659,1316,1297,2437,1156,2300,1436,2177,3513
"AKR1C3",702,2062,1208,751,171,699,205,1143,349,1412,2325,1300,2582,2020,945,3713,4081
"GRSF1",998,1906,1724,855,533,660,228,361,449,1007,1333,2911,1412,1658,1608,2702,2913
"ACSS2",2379,2020,1586,1029,1413,1256,1210,1397,579,581,715,946,675,1072,848,1104,1138
"SLC7A1",588,1614,1515,647,296,484,135,332,393,2257,1814,5321,1549,1607,2525,2974,4227
"RANBP3",1304,1032,1274,906,1347,988,601,654,363,1256,1150,1668,1177,1592,1052,1450,2093
"MYB",2299,3543,2100,1603,869,1673,1105,1356,452,511,870,453,1569,859,308,1376,1259
"AKT1",1388,1908,2506,1423,1055,931,398,475,176,1163,1056,1893,829,1316,987,1562,3348
"ZNF581",3242,1127,716,1219,1697,1516,1575,1643,945,605,841,648,1081,1150,421,1103,1035
"GOLGA3",1895,717,916,863,1133,1284,660,594,459,1005,1003,2090,1186,1212,2281,1351,1563
"GGA1",2036,975,931,1154,2799,1213,1295,1158,577,861,817,831,1102,1175,596,1058,1335
"CSK",3022,1638,2214,1816,3415,1835,1486,1548,385,427,584,522,763,937,331,813,1340
"TMEM86B",507,264,516,319,518,614,283,431,2303,2072,2336,3475,3249,2765,2559,2086,2416
"XRCC3",597,1042,1089,490,866,800,363,624,711,1807,1736,1475,1716,2440,977,2002,2851
"MOV10",835,1131,1036,461,544,846,338,618,1111,1239,1518,1881,1351,2551,1277,2030,2629
"XBP1",1922,2428,2476,1450,1273,549,568,615,293,1100,746,1880,937,648,1086,1323,2392
"TOP1MT",2746,1246,1047,1005,904,1092,755,777,570,1089,1248,1083,702,1320,837,1484,1932
"ST6GALNAC6",1344,879,627,641,723,614,441,703,715,1405,1329,2762,1266,2187,1511,2022,1858
"DCAF15",1008,924,1155,878,1076,1087,449,781,367,1333,1097,2395,897,1665,1376,1477,2463
"DNAJB12",1238,1062,1027,787,1026,876,435,659,613,1280,1117,2053,1139,1539,1469,1507,1961
"MAN1B1",2803,1425,849,1260,2121,1356,1548,1355,955,591,883,455,1166,1268,379,1027,1039
"ATP6V1C1",1071,1394,1359,933,1046,549,415,512,345,1142,1221,2962,1107,1246,2214,1639,2214
"SPAG7",2365,1501,961,950,1618,1260,914,1094,597,798,904,732,977,1280,625,1231,1770
"STARD3",1977,1158,1449,1240,1617,1271,973,1348,551,771,760,852,968,1195,622,1124,1424
"WDR26",682,987,996,775,461,318,124,167,408,1704,1387,8614,1639,1852,6426,3416,3826
"MAT2A",1120,2911,3968,1629,638,856,199,419,113,1167,985,2903,768,966,1604,1646,4585
"RRP36",1268,1102,1228,672,834,819,472,777,769,1189,1506,1042,1646,1740,709,2088,1990
"FBXL15",2648,651,691,1047,3226,1675,1853,2195,1081,623,761,423,1073,1477,358,1119,846
"FXR1",1420,2442,1763,1116,689,730,333,345,390,1052,1259,2239,997,1301,1376,1876,2235
"FAM104A",605,1131,968,523,297,474,105,220,602,2554,2054,5822,1695,2459,3205,3232,3592
"SETD8",417,876,839,361,315,475,164,357,842,2582,2362,4215,2040,2727,2263,3354,3677
"S100A8",3582,2253,2060,1898,13289,1211,2798,1917,445,977,121,584,1872,1490,439,175,127
"LRRC47",1053,1451,1389,794,837,1067,460,628,646,1091,1370,1068,1557,1687,764,1775,2100
"MMS19",1431,1778,1494,920,867,1047,521,700,387,974,1236,1318,1128,1368,796,1723,2219
"IMP3",1801,1782,1847,973,981,866,536,841,596,966,1338,730,1374,1353,485,1747,1678
"STK10",2022,1305,1027,841,3159,945,899,744,554,1056,894,1126,895,1699,615,1130,1152
"HDAC2",581,2491,1860,656,435,504,172,316,322,1722,2085,2937,1570,1796,1594,2690,3683
"PMPCB",822,2567,1578,852,435,654,155,316,341,1654,1785,2767,1321,1695,1421,2659,3421
"SSB",785,2362,2253,785,455,652,225,262,441,1320,1929,1639,1649,1853,1209,2483,3285
"DNAJC7",1623,1850,1493,997,964,890,458,477,440,979,1360,1134,1501,1387,858,1672,1948
"ANAPC7",757,1614,1378,593,576,636,326,515,1121,1320,1708,1277,1987,1922,799,2246,2346
"AP1M1",1726,1329,1614,1214,1702,1095,723,917,366,869,895,1037,940,1206,695,1294,1882
"IPO13",1345,787,800,688,1045,796,520,790,720,1119,1390,1568,1269,1928,993,1618,2328
"SDC4",1954,1618,1122,1105,3749,1026,1001,1254,518,408,1018,550,1600,1072,445,1240,1422
"NOP58",823,2867,2248,738,463,921,320,441,441,1184,1816,1064,1485,1882,641,2227,3252
"B3GAT3",2098,853,717,873,2267,1294,1186,1252,918,907,1021,473,1386,1627,461,1257,1175
"SDF2L1",2510,612,1293,830,2365,1024,1017,1174,1127,746,1052,347,1954,1825,328,1440,1186
"TMEM9B",737,1429,934,686,292,509,150,306,534,2371,2028,3352,1577,2160,2174,3520,2867
"PNKD",1715,962,1151,1054,2190,874,859,1170,643,822,933,1181,1162,1443,450,1522,1146
"UBALD1",1333,433,834,884,1797,1246,1084,1019,558,686,606,2199,1037,1896,1670,1249,1330
"CPT1A",724,1817,2063,851,648,814,217,372,335,1032,1607,2528,1180,1888,1308,2070,3502
"GATAD2A",1027,1262,1888,1100,846,911,370,429,457,1026,1178,1723,1226,1518,1362,1528,2422
"MRPS12",1468,1104,1488,740,1121,1112,701,1342,1018,854,1159,430,1912,1558,411,1572,1618
"FAM83F",2168,676,1583,1241,147,1171,396,891,1069,1000,1162,1543,1716,1254,2189,1376,1267
"MVP",6258,1398,1476,2628,5870,2401,2463,2273,453,225,468,327,628,743,526,298,777
"EXOSC10",1352,2050,1767,805,788,928,376,527,268,1188,1255,1940,1033,1518,1015,1538,2614
"BCKDHA",1524,1747,1191,895,1645,1162,780,896,554,1087,813,888,924,1455,589,1212,1778
"LYPLA2",1890,870,922,1016,1791,1148,882,1183,651,769,803,986,1212,1402,800,1182,1332
"PAK1",1352,2137,1550,671,305,528,210,549,415,1631,1628,2164,1573,1649,1129,2821,2490
"TRAPPC3",1748,1502,1204,910,1049,773,461,719,544,1036,1164,1287,1088,1352,1078,1599,1688
"FAM118A",339,1083,724,736,284,969,168,272,1874,2801,1933,1313,3020,2130,1202,4802,2142
"ANXA11",10788,3666,3198,4675,6379,3152,2502,1888,172,201,267,242,482,609,160,427,783
"MINOS1",1186,1835,1888,683,786,1102,356,838,754,1043,1469,532,1728,1710,493,2493,1624
"MRPS11",1056,1358,1193,532,996,866,460,940,824,1056,1480,813,1593,2098,657,2006,1707
"IVNS1ABP",909,1904,1520,1184,1211,473,271,341,408,1401,1471,2213,865,1586,1183,2323,2294
"NOLC1",782,2710,2801,837,424,836,261,443,504,1057,1514,985,1805,1631,680,2474,3258
"SEC61G",1816,1372,1217,953,917,790,391,478,576,1250,1408,951,1616,1649,765,2145,1600
"TSPO2",202,386,723,199,47,284,15,370,2434,5011,3595,12698,3863,4459,6289,6991,4052
"STT3A",2117,2396,2121,1346,1206,718,383,468,285,963,1098,1243,993,1130,914,1448,2030
"CRLS1",595,1273,1308,515,323,427,173,286,773,2080,2646,2369,2132,2275,1234,3582,3277
"MED8",1176,1613,922,700,640,637,322,444,603,1405,1502,1708,1606,1707,1176,1976,2582
"ACAP3",1971,534,618,900,2758,1145,1384,1047,800,749,1050,837,1186,2045,522,975,1414
"SF3B6",1069,2142,1833,791,453,605,229,410,389,1384,1851,1519,1652,1556,1139,2597,2547
"FKBP2",3167,769,825,831,2105,1120,1229,1242,646,832,1031,624,1080,1463,591,1162,1090
"STAU1",767,1037,993,623,400,477,191,418,560,2010,1785,3614,1443,1748,2102,2993,2870
"MAPK8IP3",2374,642,620,1346,2247,1496,1517,1024,464,786,729,1149,767,1294,1011,843,1426
"STT3B",691,1517,1848,932,876,442,190,283,604,1499,1751,1952,1414,1859,1203,2548,2641
"GNA12",871,1590,1398,827,515,527,277,441,461,1102,1156,3489,1199,1361,1975,2395,2967
"CHPF2",2449,764,949,1437,1303,1078,893,789,264,842,752,1534,794,1341,1411,1280,1979
"PHF23",1857,1183,1052,1115,1103,848,524,782,398,835,841,1732,1162,1080,1826,1329,1711
"CHMP6",1833,732,1284,685,1601,1047,859,1160,916,994,1162,625,1313,1507,478,1381,1420
"RAB5C",1532,1680,2191,1461,1514,795,347,529,113,1081,904,2688,659,1202,1487,1393,2635
"BRAT1",1400,779,1245,796,1925,1254,889,1090,756,893,1052,701,1218,1436,473,1528,1517
"RBM25",454,1030,1201,737,816,520,173,317,847,1664,1835,2215,1439,2344,1699,2690,2831
"COMMD6",2542,1843,1209,1242,1419,1038,701,738,557,781,1049,717,1227,1252,470,1568,1189
"PSMD14",825,2214,1799,646,372,555,140,202,493,1618,2219,2285,1590,2000,1295,2982,3646
"ZNF524",1703,601,640,841,2490,1265,1183,1675,1184,939,845,814,1084,1523,515,1135,890
"BCL2L12",773,839,1202,517,610,696,292,529,708,1730,1755,1707,1563,2263,1075,2323,2697
"KIF11",182,1294,1329,257,248,335,42,216,1082,3045,3367,5381,2191,3474,2761,5154,4704
"ACP5",5804,568,247,2907,9902,968,4020,4417,307,416,183,771,1611,1920,599,383,347
"DAPK3",1848,467,736,852,2095,1239,1055,1329,1225,818,948,701,1185,1733,511,1347,1162
"TMEM203",1130,1085,995,586,798,708,464,728,1037,1233,1465,1030,1607,1602,874,2074,1797
"NELFCD",828,1750,1324,667,576,589,251,466,407,1526,1647,1778,1686,1743,1248,2038,3119
"ANXA7",907,2141,2257,1173,410,610,180,263,213,1385,1240,3967,1034,1353,2844,1875,3131
"RCCD1",361,1154,883,343,215,518,143,272,1217,2512,2679,3347,2023,3085,2168,3276,3002
"MRPL53",1677,813,902,809,1297,841,705,952,755,1113,1033,992,1391,1590,834,1638,1128
"SRSF11",519,1018,1654,791,613,378,156,221,610,1684,1860,2973,1390,1973,2076,3142,3617
"SMG7",1114,1245,896,571,859,727,373,589,656,1339,1294,1843,1596,1661,1175,1910,1697
"PLCB3",1065,459,605,575,1511,639,505,566,1003,1227,1532,1251,1640,2097,1162,1630,2804
"ZNF451",617,749,790,485,241,591,150,287,623,2364,2186,4506,1644,2423,2695,4191,2697
"CALCOCO1",1199,850,813,724,637,609,397,397,325,1253,774,5961,1165,1416,4096,1759,2409
"VBP1",222,1842,1578,473,178,361,61,151,685,2754,3285,3590,2472,2860,2269,5333,4886
"NAA38",1625,1135,989,587,1889,1091,935,1588,884,776,993,536,1452,1655,441,1471,1033
"COPA",1600,2512,2158,1367,764,691,292,283,180,1189,975,3197,637,1073,1738,1492,3030
"TMEM57",757,1055,1016,634,297,651,146,298,615,2341,2038,5632,1308,1466,2150,3063,2050
"TMEM208",2498,825,942,809,1574,1107,890,1272,809,912,1101,485,1528,1304,465,1411,1151
"EMG1",854,1096,1155,502,534,864,296,595,1448,1323,1832,717,2413,1933,697,2713,1913
"ANKLE1",193,911,1216,380,107,405,57,203,557,3397,2435,9635,1730,3301,6066,3737,6432
"MOGS",2564,1284,1265,1268,1829,1080,880,650,323,764,763,1245,776,1304,795,953,1728
"DGKZ",1628,1151,1459,995,4189,1553,1621,1137,424,641,645,798,909,1010,488,737,1184
"MAFG",860,857,1105,753,615,554,254,281,342,1600,1287,4875,1109,1820,2990,1801,3298
"TOX4",1012,1428,1271,667,527,608,252,324,496,1473,1442,2646,1301,1597,1808,2205,2500
"PSMA3",663,2114,2084,728,475,564,139,193,424,1512,2328,1908,1723,1856,1246,3117,3267
"SNHG3",907,1574,2171,928,951,1083,461,899,668,714,1220,423,2060,1518,423,1686,2574
"PPIH",899,2018,1473,564,769,951,319,776,775,1067,1485,801,1500,1888,540,2142,2027
"MRTO4",682,1674,2080,564,566,968,399,833,1090,1021,1567,501,2393,1695,465,1985,2183
"DNTTIP2",779,1579,1532,605,432,602,226,355,519,1334,1727,2039,1385,2032,1246,2947,2944
"TSPAN14",1026,1224,1279,1045,1378,542,328,456,331,1417,1239,2179,977,1304,1196,1959,2465
"PIK3R2",897,1168,1697,981,367,557,198,448,471,1107,1472,2879,1395,1665,1673,1705,3708
"ASAH1",1477,1421,1454,2182,2906,564,507,713,140,808,673,2387,787,1217,1342,865,2072
"TRAPPC4",1108,1195,1424,619,552,461,202,384,648,1765,2076,1732,1320,2032,1237,2535,2138
"PSIP1",304,1650,1656,571,297,450,101,195,880,2196,2479,3047,1437,2592,1582,3953,3701
"IPO9",857,1259,1193,600,750,628,343,485,726,1352,1531,1873,1184,1789,1042,1833,2481
"TRIM11",1413,751,919,799,781,862,409,746,530,1209,1072,1908,1412,1497,1465,1631,1609
"ZNF787",1251,1057,1768,1126,1334,1377,549,951,516,854,920,1044,929,1431,615,1191,1606
"C9orf78",586,1221,1465,683,307,417,106,353,536,1848,933,4270,2438,2060,1742,3426,3933
"TSC2",1345,906,770,737,1629,1024,830,680,745,1000,1025,1266,1018,1646,794,1087,1835
"GCHFR",6251,2027,1461,1854,1521,1054,1119,1523,1109,352,518,277,1787,1511,195,1101,467
"CHD2",1152,1250,1197,926,540,592,304,407,326,1290,916,3783,1248,1273,2752,1815,2262
"THYN1",1101,1659,1093,533,702,789,450,616,896,1126,1809,779,1646,1812,537,2387,1827
"AFG3L2",990,1439,1600,1055,413,1056,303,733,427,1051,1275,1617,1367,1299,1201,1714,2062
"TBCB",1862,1286,1309,1106,1002,921,468,655,279,1057,1049,1268,1020,1219,1024,1674,1937
"FAM195A",2484,924,1233,1049,1800,1518,1443,2101,1294,470,839,204,1575,1612,172,1182,1018
"VPS39",1703,1148,1056,862,1299,942,595,626,395,1035,959,1370,1085,1325,983,1447,1756
"DHCR24",5697,4197,4631,2989,4077,2746,2167,2727,231,212,334,381,433,430,118,566,673
"REEP5",2084,1473,1417,1282,818,876,450,798,427,872,1166,690,1217,1240,707,1734,1924
"DHX38",1115,990,1338,855,988,828,396,554,470,1217,1089,1715,1069,1767,963,1543,2282
"GNG5",1024,1873,2139,1165,630,668,176,244,170,1571,1516,2964,982,1293,1658,2271,2952
"PPP1CB",479,1231,1891,866,331,333,122,140,416,1856,2094,3917,1677,1947,3006,3603,3470
"MEA1",1380,1455,1285,825,759,935,454,689,350,1141,1321,1202,1136,1622,951,1586,1786
"GAPVD1",719,670,843,546,501,417,186,309,853,1462,1416,4323,1927,1730,4188,2412,2109
"HSD17B4",1126,2328,2092,1400,760,405,207,232,168,1099,1242,2947,704,1401,2064,2311,3885
"CD14",8243,1197,1748,6000,20671,2177,4768,5700,117,273,83,623,444,1265,188,199,198
"GTF3C1",1199,868,989,717,1275,1043,656,857,728,978,1040,925,1403,1572,706,1392,1766
"PTK2B",1273,850,1326,1101,1444,647,443,468,245,1184,581,4767,813,883,3206,1261,1956
"DNPEP",1109,1068,1085,698,957,1022,550,800,640,777,1323,911,1433,1649,863,1388,2167
"CISD2",546,973,808,397,298,423,193,451,1112,1689,2160,2880,1966,2516,2007,2794,2268
"RNF130",5593,6698,5618,5288,2445,2062,1080,1240,75,196,396,327,407,615,258,669,1713
"NUP62",853,1466,1929,899,892,823,293,517,277,1300,1313,1783,1145,1475,976,1711,2431
"TELO2",1007,693,1186,598,1265,1155,579,856,1116,1033,1049,810,1538,1943,509,1275,2026
"TMEM248",1455,1692,1513,1110,775,806,383,500,317,962,1117,1458,1027,1309,1098,1646,2311
"MDH1",758,3119,2993,1077,392,492,106,148,201,1684,1908,2304,1273,1456,1349,3562,4062
"RNF114",993,1281,1053,713,735,630,289,440,503,1349,1428,1876,1310,1559,1247,2177,2378
"FAM111A",967,1203,814,411,1156,591,370,469,633,1440,1527,1796,1473,1634,1045,2160,2140
"ZWINT",218,1666,1876,380,266,370,67,230,913,2483,2424,3334,1937,2873,1773,3478,4703
"MRPS5",1226,1036,1186,651,1205,715,537,827,870,980,1317,808,1521,1467,631,1686,1627
"EIF4A2",910,2175,1736,1138,352,417,127,341,314,1345,1282,3076,1140,1340,2047,2838,3392
"EFHD2",2382,1402,2118,2120,4981,1326,1364,1500,341,434,574,465,635,903,250,879,1151
"ZBTB7A",791,668,1119,695,787,677,363,469,568,1336,1204,3137,1143,1775,1997,1444,2073
"FAF1",930,1686,1165,632,525,753,303,446,529,1411,1306,1990,1178,1675,1121,1998,2443
"GTF3C6",939,1531,1300,554,585,672,258,477,822,1244,2256,871,2036,1851,630,2474,2156
"SGSM3",2368,906,978,844,1788,1144,1180,788,645,674,1095,563,1252,1515,360,1303,1527
"SLC10A3",1082,885,1212,951,423,1111,259,609,303,1193,1138,2369,1122,1737,1641,1554,3137
"CD164",626,1973,3097,1216,523,454,162,235,249,1409,1680,3271,947,1251,1807,2207,3129
"SUGP1",1454,942,795,702,1511,1003,741,804,743,978,1052,1108,1273,1491,733,1147,1341
"JAZF1",225,646,819,309,141,203,22,148,1215,4069,3540,9755,3154,3379,5782,5780,4109
"ECE1",1428,981,1255,920,167,1042,521,600,612,1344,1277,1585,1668,1793,722,1684,2232
"RPL36A",1381,973,509,455,949,1021,782,1391,1131,1045,1998,538,2440,1259,488,1994,946
"TMEM189",1128,554,727,641,1016,668,505,685,1088,1187,1437,1207,1697,1789,925,1889,1490
"SUMO2",679,1458,1448,702,240,341,132,212,784,1855,3158,2305,1728,1985,1371,3163,3145
"AHCYL1",1337,1838,1648,931,784,824,432,684,378,880,1067,1219,967,1186,941,1686,2121
"SNRPG",768,1963,1774,621,457,601,205,417,437,1651,2046,1198,1745,1756,861,2564,2531
"ABCB10",68,866,1271,222,63,148,17,89,1295,5901,5357,12460,2522,4641,5826,8665,8276
"CCDC94",1298,845,958,676,1240,1100,736,967,717,911,987,953,1060,1612,802,1404,1462
"GPBP1",935,1502,1108,736,625,610,249,250,460,1605,1434,2459,1286,1489,1548,2409,2337
"SLIRP",881,1626,1612,524,529,754,256,603,821,1240,1835,729,2100,1819,638,2287,2068
"MIEN1",1181,1098,1151,774,954,811,413,922,430,984,1189,1138,1279,1560,948,1933,1667
"ZNF768",1879,1365,1285,1285,1499,1451,778,884,678,663,763,848,755,1248,513,898,1393
"RUVBL1",717,1816,2047,704,289,760,234,607,620,1290,1645,894,1858,1814,696,2405,2861
"PTPN18",2216,1651,1437,1123,3257,1364,1235,534,581,614,749,445,1034,1061,361,1045,1242
"EIF2S1",489,1864,2281,633,303,481,132,253,409,1536,1873,2400,1823,1754,1729,2905,3675
"CYB5R1",1228,851,645,687,1004,486,385,545,742,1225,1265,1747,1554,1519,1503,2088,1600
"GLRX",993,3254,1397,889,988,593,220,318,134,914,1720,1297,722,1797,1361,2504,5233
"ATG2A",991,368,662,746,981,911,545,722,686,1033,941,2729,1212,1600,1909,1331,1894
"SNRPB2",767,1896,1584,756,477,527,202,316,775,1330,1601,1318,1671,1662,983,2772,2312
"BLMH",1255,1931,1791,1010,706,992,440,638,712,898,1194,622,1413,1328,449,1558,1959
"SLTM",859,1259,1167,650,602,461,231,351,770,1412,1621,1939,1482,1727,1325,2284,2179
"ZMIZ2",2050,725,860,1046,3473,1219,1091,689,545,788,825,1094,699,1244,716,716,1408
"MRPS25",1226,1675,1337,652,831,917,458,977,1110,789,1423,448,2045,1660,380,1547,1502
"MTMR3",783,783,816,610,652,426,216,283,683,1475,1082,5286,1496,1481,3567,1875,2316
"VPS16",1529,904,814,586,1382,815,765,730,698,902,1261,904,1526,1820,567,1562,1405
"WWP2",1263,1088,1102,730,1612,863,625,596,505,851,869,1679,1262,1260,1010,1145,1526
"C19orf25",1418,507,861,722,1407,937,829,1188,1039,939,1087,726,1853,1317,602,1271,1170
"BRD4",737,819,1513,810,764,666,274,423,531,1112,955,2818,1253,1651,1931,1392,2522
"POLR3GL",1161,1890,1145,689,404,694,194,331,611,1359,1867,1353,1403,1741,1081,2491,2215
"RRP12",800,812,1016,483,778,949,430,603,1015,730,1089,1188,2054,1621,1620,1410,2090
"PTPN6",9212,4255,3197,3396,7479,3158,3790,2352,123,172,192,224,401,585,169,289,652
"MRPL9",1145,1869,1343,701,588,753,334,501,479,1209,1311,1232,1222,1613,816,1927,2132
"BCLAF1",392,1790,1670,628,426,471,92,170,624,1648,2241,2366,1600,2440,1268,4030,3410
"MAPRE1",1011,2009,1742,846,554,521,177,283,383,1360,1448,1936,1094,1540,1173,2523,2863
"FOXRED1",763,1065,1059,523,885,749,423,496,690,1549,1598,1242,1000,1741,894,1864,2369
"B4GALT5",685,1041,914,718,640,434,191,225,222,1967,1513,5561,1162,1632,2970,2334,3208
"KLHDC4",1020,791,705,354,1241,1123,1212,1452,1543,609,1220,707,1725,2359,458,1144,1017
"CLEC11A",2077,1206,2162,2938,10958,5530,10209,4334,371,189,202,155,399,617,125,359,562
"CHP1",1064,1921,1405,1054,884,716,335,369,367,952,1058,1697,1067,1157,1584,1832,1667
"YME1L1",763,2122,2099,849,365,434,123,206,341,1353,1512,2815,1375,1567,1755,2706,3631
"WDR59",1828,1767,1301,1155,346,912,340,567,290,989,1073,1890,1099,1201,1151,1648,2017
"PIGS",1227,1566,1338,837,831,885,360,585,454,1031,1112,1331,1065,1352,858,1619,1897
"TOMM5",897,1708,1948,712,556,774,263,562,595,1098,1516,829,1516,1617,667,1998,2356
"CLNS1A",1214,3494,2514,1148,454,728,288,394,455,851,1154,935,1316,1090,624,2039,2397
"ARL6IP5",1461,1480,1397,1130,881,618,330,483,408,1039,1276,1370,951,1168,922,1841,2036
"UBA7",1860,985,680,596,1622,897,846,890,809,699,1065,874,1113,1395,578,1348,1569
"PSME3",968,1926,2294,852,625,747,280,491,335,1008,1250,1262,1182,1339,829,1713,2906
"PAFAH1B3",1455,1650,1379,802,667,1097,567,1255,775,906,1130,582,1314,1552,326,1384,1336
"CDKN1B",410,749,991,682,245,354,81,146,756,2347,1984,5883,2294,1801,4171,3033,3108
"MTFP1",1712,1291,1412,745,1205,1173,653,1611,1180,708,1070,282,1656,1153,323,1474,932
"MROH1",2565,630,706,945,3760,1407,1873,1066,548,634,666,690,854,1251,465,769,1074
"MID1IP1",800,1181,1502,1037,510,511,140,307,333,1780,1299,4199,1029,1311,1922,1779,3107
"RNF31",1337,679,733,649,1342,876,690,716,833,971,1129,1327,1088,1534,903,1153,1483
"PTBP3",1470,2305,1650,1304,532,558,240,215,247,1228,1499,1908,1023,1286,1115,2042,2581
"KIAA0101",162,2010,2286,312,156,277,37,207,610,2889,3898,3511,1787,2940,2276,4463,5885
"PHGDH",5287,2572,536,1667,6620,2132,2731,1755,161,1337,229,350,373,393,355,655,1256
"ABCF2",854,1581,1767,765,726,769,394,602,477,977,1222,984,1349,1418,737,1561,2506
"HMGCS1",1898,3837,4288,1679,827,1931,968,1959,212,357,602,957,533,403,597,862,878
"XPOT",445,1735,1982,782,275,320,87,139,304,2158,1588,7618,1107,1275,4059,2723,4216
"CSNK1A1",581,1588,1460,674,273,401,133,242,471,1737,1876,2926,1408,1606,2060,3085,3422
"ANXA2",6856,2612,4474,4588,5266,2528,2167,2713,114,208,156,288,621,751,229,274,550
"PAICS",434,3805,4031,774,253,625,132,261,295,1265,1621,1558,1320,1495,1108,2652,4327
"CPSF4",1044,1190,1119,616,869,851,461,707,865,1081,1228,938,1328,1449,552,1761,1707
"OXLD1",1607,849,766,813,1644,1063,1068,1169,678,873,934,703,926,1264,655,1169,1080
"TRAPPC2L",1805,1234,1069,533,1613,806,789,1472,1069,790,1057,375,1571,1377,351,1327,1043
"VPS29",942,1571,1266,625,607,545,248,343,397,1384,1721,1682,1238,1607,1180,2271,2500
"TPR",920,2042,1730,752,442,648,171,315,242,1388,1354,2636,1011,1380,1431,2323,3247
"ASB1",759,505,468,393,672,404,382,344,1413,1722,1704,2458,1700,2126,1490,2122,2287
"BCL2L11",895,1298,1422,988,179,503,109,274,346,1656,1362,4134,1368,1252,3180,2464,3313
"SFSWAP",950,813,940,712,772,825,381,552,663,1058,1104,1590,1288,1642,1302,1664,1743
"TMEM14B",232,1861,1560,464,132,252,49,183,410,2639,2623,4151,2153,3132,2298,5726,5539
"EBNA1BP2",722,1773,1992,669,454,790,245,406,424,1191,1722,822,1748,1869,735,2292,2708
"KDM5C",1239,892,1860,800,633,581,416,483,374,1352,1171,3718,908,1017,1515,1000,1746
"TMED10",1199,2067,2109,1442,928,560,239,321,348,852,1168,1336,927,1169,1039,1799,2231
"UBE2K",737,1195,1185,648,433,490,197,339,426,1442,1763,2396,1268,1669,1580,2685,2730
"LHPP",2499,1470,771,1054,438,790,466,724,826,1344,837,883,818,1107,710,1690,1954
"AMFR",1853,1333,1530,1432,397,668,236,569,273,1124,1029,2097,839,1036,1711,1711,1851
"NUP98",799,1379,1504,659,470,437,216,303,316,1343,1288,3320,1108,1425,2017,2279,3099
"SRXN1",412,1175,1366,477,221,288,42,167,390,2187,1997,6309,1806,2445,3413,4057,5459
"ATPAF1",552,1403,1381,472,230,401,95,275,913,1624,2549,1848,2066,2360,1238,3516,3031
"FBXO9",565,1197,1156,521,375,413,176,275,430,1602,1353,4430,1285,1632,2865,2565,2847
"HIGD2A",1726,1375,1460,1224,1465,977,588,1127,358,629,879,842,920,1022,610,1258,1138
"YWHAQ",465,1853,2451,725,285,388,78,192,378,1673,1886,3387,1176,1686,1879,3034,4349
"TMX2",897,1596,1171,631,505,539,257,483,743,1303,1377,1225,1504,1461,881,2318,2094
"NOL7",1053,2080,1691,682,487,765,223,304,415,1133,1496,1368,1422,1555,885,2022,2220
"SRP72",774,1950,1849,705,390,529,198,279,414,1261,1501,1961,1330,1469,1276,2331,2662
"TBC1D15",712,751,650,504,540,457,198,341,771,1591,1504,2475,1644,1835,2080,2505,2553
"COPS5",646,2008,1480,713,334,455,130,227,524,1445,1849,1965,1796,1575,1310,2911,2843
"PAFAH1B2",1012,1025,1240,784,540,654,348,539,514,1109,1202,1612,1258,1284,1036,2160,2022
"EXOC4",1423,1420,763,672,1206,869,654,859,851,842,996,846,1184,1242,568,1581,1087
"CINP",983,885,911,477,692,785,511,1010,972,1021,1339,811,1674,1702,639,1714,1457
"SNAP47",1522,1343,1112,798,369,629,218,414,375,1489,1318,1624,1085,1629,1189,1968,2654
"SCAP",1779,1437,1742,1335,1146,983,849,855,327,693,789,683,993,949,547,992,1599
"EID1",370,1085,2010,830,307,351,99,159,533,1705,2193,2821,1344,2036,2019,3474,3689
"SH2B3",563,1152,1088,553,233,342,90,174,377,2468,1582,6379,1441,1620,3671,3029,3751
"PRRC2C",644,1183,1596,752,1130,542,260,428,616,1117,1392,1179,1132,1697,901,2013,1981
"SPCS1",855,2249,2055,967,439,446,124,219,336,1390,1699,1602,1398,1382,1120,2850,2922
"SUGT1",888,1271,1039,546,500,515,286,420,727,1152,1808,1275,1753,1736,939,2165,2035
"PTDSS1",1595,2302,1746,1030,940,767,558,605,370,671,850,1054,1057,1054,555,1284,1669
"BCKDK",1884,1001,1143,910,2027,942,960,986,326,698,692,957,713,1096,694,1014,1589
"WDR5",699,1210,1391,566,751,766,281,526,527,1231,1335,1281,1276,1734,797,1756,2388
"ZC3H3",1106,567,576,657,4337,1165,1449,1313,398,787,677,1224,741,1178,983,730,1192
"RARS",1208,1776,1434,688,523,608,360,448,552,940,1399,864,1672,1242,683,2223,2122
"ANKLE2",1343,845,942,821,782,695,367,471,492,1239,1220,1545,1130,1492,902,1707,1873
"TWF2",6114,2334,1783,2940,3293,2058,1736,1795,99,438,291,374,494,526,316,631,949
"MUS81",1069,1291,1136,773,675,710,354,490,404,1206,1192,1590,1030,1255,1086,1580,2181
"ENO2",2673,652,1028,1342,373,1130,729,696,525,979,951,873,985,1802,610,1215,1514
"NFIX",512,465,1186,525,242,733,236,513,942,1108,1290,4119,1638,2119,2042,1600,2157
"C9orf69",1234,1185,1496,1043,938,877,386,669,447,871,903,1110,1080,953,1051,1281,1693
"APOL1",2760,1548,793,1015,361,642,643,611,910,536,1112,606,1690,1188,677,1391,2199
"RAF1",842,1518,1564,870,664,591,235,317,182,1452,1103,2836,876,1167,1672,1851,3189
"CROCCP2",444,579,498,351,217,400,104,257,1291,2670,2977,3525,1762,2373,1744,3757,3820
"CDC45",316,1138,1155,312,430,595,159,421,748,1678,2025,1602,1910,2379,1128,2668,3282
"L3MBTL2",800,1040,1091,515,693,723,367,509,811,1161,1395,887,1701,1763,691,1855,2143
"UBE2T",179,1507,1126,262,122,396,34,221,942,2946,3205,3935,2204,3002,2330,4730,4336
"CYTH2",1395,1004,1087,1091,730,795,430,411,325,1068,950,2213,654,1231,1361,1499,2033
"PLOD1",3006,1208,1356,1376,1487,923,925,894,405,601,795,853,770,1213,380,867,1021
"PLEC",2863,833,2388,2850,6432,4310,2856,1935,233,220,183,282,571,1445,361,292,550
"DRG2",1432,1149,1226,732,1162,1022,672,806,551,707,953,714,1310,1336,553,1169,1438
"KIAA0100",1588,1276,1385,827,1298,727,635,747,544,799,921,764,1094,1144,567,1194,1517
"AIFM1",1124,1663,1148,606,592,743,405,426,589,978,1318,1050,1275,1511,827,1683,1940
"BAZ1B",640,1040,1286,560,638,654,257,450,560,1390,1415,1739,1406,1627,1048,1680,2289
"GAD1",462,1058,850,580,141,1341,145,943,904,898,1552,1744,2014,2068,711,2702,3460
"KCNAB2",3535,1988,1921,2119,8810,2250,2481,1545,158,338,273,479,329,839,302,354,712
"EIF2B4",1716,846,745,687,1193,810,739,925,826,802,1089,640,1368,1261,620,1314,1223
"CIC",1646,743,1226,1315,1584,1158,619,594,366,853,699,1669,611,1273,889,758,1525
"ARHGAP4",4812,1921,1655,1791,10305,2723,4734,2094,319,176,250,169,612,872,154,302,610
"PDZK1IP1",1710,293,507,643,312,349,118,1060,495,1519,1120,2920,2334,1444,3003,2722,2413
"RFC2",600,1517,1265,459,775,701,271,619,852,913,1527,816,1554,1721,670,2016,2234
"ATG101",2594,853,942,909,1484,1114,924,1244,711,698,742,525,1159,1026,503,979,894
"TCOF1",842,1215,1728,639,1220,1035,545,646,643,761,1212,505,1537,1834,429,1095,1850
"GCLC",189,641,1078,369,249,142,61,115,895,2628,2589,8921,2335,2238,5708,4177,3705
"MBD6",1227,607,671,781,1219,665,488,510,425,1093,813,2969,933,1179,2092,1023,1779
"FHOD1",1422,921,1091,838,965,927,666,812,583,827,988,855,1174,1480,529,1167,1453
"TSR2",1412,1516,1353,723,829,854,454,678,470,995,1063,767,1176,1236,644,1466,1541
"MDM2",475,1275,1335,704,544,425,80,182,460,1433,1865,3432,1609,1581,2258,2669,2769
"PNRC2",436,1236,1157,521,439,446,131,305,511,1625,1791,2859,1768,1442,1795,2808,2529
"MTDH",620,1949,1992,797,575,421,103,178,410,1526,1662,2155,1156,1571,1228,2679,3020
"ODF2",886,1087,1011,549,435,541,182,252,640,1533,1567,2180,1135,2071,1353,2298,2507
"PPP3R1",771,1459,1833,1070,278,459,151,265,351,1266,1264,3557,1463,1196,2018,2004,2159
"IMP4",1432,1207,1451,710,802,1072,591,400,1002,718,1120,537,1607,1506,479,1237,1523
"SEC22C",644,1217,1299,715,223,363,122,229,497,1790,1912,3142,1440,1719,1949,2560,3029
"SPG7",1671,778,855,756,1470,1019,917,796,471,743,938,710,1138,1256,681,1139,1438
"MYL12A",1768,3337,2528,1766,1013,823,280,324,130,883,715,1558,719,771,1049,1208,1817
"MANF",3835,1214,1464,1438,2046,805,1081,1072,464,419,586,336,1128,794,566,944,932
"JMJD8",1344,853,1032,664,1151,974,580,925,556,863,1018,678,1360,1485,693,1055,1451
"DDX6",648,1350,1274,692,471,496,147,188,450,1402,1613,2547,1221,1823,1695,2218,2970
"GCDH",615,831,916,354,411,414,258,515,1052,1450,1499,2066,1913,2265,1212,1783,1925
"SOCS2",2085,1854,1133,1852,143,650,132,197,412,1460,1338,1595,1074,1508,1189,2322,2642
"NSA2",1362,3332,1886,772,869,616,341,325,226,825,1106,938,1237,1387,670,1457,2418
"BCL7B",1000,1020,1128,690,581,695,346,423,595,1050,1114,1465,1156,1545,911,2041,1969
"MADD",4580,870,786,1795,1445,1678,1344,967,351,563,629,654,745,924,427,718,955
"POP7",728,960,1180,505,478,593,249,603,833,1274,1466,1043,1702,1796,717,2285,2096
"HEXIM1",1282,972,1013,895,676,597,349,483,398,919,724,3091,784,1131,1857,1584,1837
"UGP2",1468,2289,1367,1314,1206,405,232,210,420,927,1259,1175,1083,1156,799,1950,1782
"ASL",1499,1221,1091,639,1415,1050,800,796,695,785,957,647,1247,1234,365,939,1329
"CNPY2",1750,1737,1484,1025,1051,821,467,767,388,731,1049,598,1048,1122,423,1463,1537
"ELAVL1",735,1313,2144,770,377,521,186,255,420,1300,1308,1864,1128,1537,1228,2346,2882
"EPX",3827,55706,1127,1469,9346,1571,7188,3034,177,246,330,608,25,1245,100,120,305
"NFIA",242,1335,1332,402,51,458,37,234,690,2599,2488,4580,1900,2632,2953,4612,4245
"MRPL47",662,1490,1168,452,390,623,227,463,666,1227,1803,1089,1878,1705,854,2448,1998
"SIRT6",1265,742,983,779,1474,1177,836,969,602,863,891,635,1244,1242,462,1153,1145
"ARHGEF1",3416,1532,1544,1971,4216,1607,1560,872,135,504,478,596,587,705,314,588,1152
"ERAL1",1203,1707,1349,709,656,1073,450,714,429,952,1117,673,1091,1292,561,1473,1762
"P3H1",2000,1052,804,940,1394,882,899,958,472,753,753,776,854,1075,621,1053,1320
"FANCD2",257,1106,891,332,327,477,94,299,814,1959,2203,2693,1691,2218,1629,3406,3519
"ATG4A",870,679,864,558,237,376,149,495,771,1370,1397,3834,1284,1381,2925,2640,1834
"CLK1",1116,891,777,1145,385,529,138,242,299,1049,1005,3222,1552,1399,3633,2617,2094
"MAP2K7",914,520,856,615,929,762,544,768,868,858,822,1863,1025,1441,1381,1048,1515
"APOA1BP",2208,1471,1310,912,1248,981,770,1200,596,478,984,244,1426,1189,214,1590,1380
"TIMM8B",904,1263,1188,481,831,750,298,701,702,1036,1551,566,1741,1808,535,1872,1522
"GM2A",6192,2146,1859,3189,7886,1458,2104,2093,131,266,232,343,577,917,213,327,479
"YIPF2",1149,904,992,824,752,720,500,713,677,837,796,1692,933,1267,949,1261,1476
"SSR1",1166,2142,1806,961,823,567,297,349,470,858,1207,973,1049,1089,670,1736,1948
"SMARCA5",481,1454,1411,529,272,328,118,209,440,1800,2146,2516,1505,1774,1556,3281,3615
"DCAF7",1165,1877,1589,1122,645,688,302,360,241,885,930,1729,916,1066,1099,1628,2235
"LAT",6325,3052,3830,4366,629,4180,2915,1529,153,132,315,163,858,421,304,469,874
"EPS15",527,1435,1301,753,290,477,84,246,461,1631,1883,2468,1314,1603,1524,3120,3127
"TM9SF2",910,1961,1778,1239,893,664,254,309,349,902,1097,1730,816,1024,865,1592,1920
"TAF6",1202,1104,1339,744,833,810,429,359,221,1158,1039,1728,877,1453,1144,1071,2446
"MAP4",3031,1649,1812,1512,1551,1564,1026,997,229,538,680,369,707,690,415,861,1215
"ELL2",296,629,1035,359,200,211,81,177,968,2243,2698,2821,2255,2992,2994,4382,3469
"PRRC2B",1683,1345,1295,969,2004,1137,931,774,366,662,811,657,720,1029,379,860,1589
"RALGDS",2042,858,1034,1532,1806,675,457,500,133,941,625,2767,510,929,1466,1014,1910
"ACAA2",888,1674,1234,770,584,635,232,337,311,631,1517,714,1781,2056,1025,2669,2581
"PUM2",685,1483,1356,802,472,494,139,262,393,1270,1300,2670,1122,1298,1736,2246,2411
"BCAT1",1295,2690,3031,1406,698,1015,362,421,272,1065,703,856,1020,617,614,1209,1657
"GPBP1L1",663,1194,1128,644,396,411,166,213,501,1383,1406,3248,1126,1535,2009,2267,2631
"SEP15",794,1980,2010,1102,548,425,141,228,377,1134,1319,1836,1093,1182,1186,1978,2633
"USP19",803,903,1078,652,685,574,346,437,436,1117,972,2549,891,1272,1616,1512,2191
"RBM22",909,968,841,538,751,634,339,455,629,1091,1237,1540,1179,1434,1054,1984,1630
"MLH1",427,1847,1590,477,298,419,82,186,394,1875,1912,2527,1532,1759,1640,2942,3799
"EPB41",432,1489,1828,694,123,282,57,122,275,1729,1179,11380,1054,1504,7547,2121,5495
"GNS",4092,2489,2590,2482,1863,1168,970,819,162,397,450,670,587,517,468,631,972
"GLMP",3304,1460,1403,1936,2371,1081,881,1181,175,489,559,738,483,730,523,719,1199
"UBAP1",836,952,850,602,437,375,216,284,412,970,819,4849,1494,1359,3941,1909,2085
"HNRNPR",287,1899,2420,646,187,315,90,113,491,1947,2216,2805,1215,2296,1566,3050,4542
"DYNC1LI1",541,1093,1022,420,431,524,148,359,851,1380,1861,1959,1448,1854,954,2508,2440
"ADCK3",1114,1591,1170,751,903,1038,592,662,520,507,850,744,1025,1208,719,1332,1790
"LSM8",805,1563,1195,655,373,564,161,335,521,1385,1764,1676,1245,1458,999,2345,1984
"NGRN",1155,1133,906,726,462,538,265,461,363,1127,1319,1620,1153,1336,1566,1853,1986
"CD82",1651,2316,3858,2264,381,713,161,226,222,668,946,1914,449,1237,1020,1201,3112
"ZNF598",1106,928,1208,868,991,931,438,466,424,891,912,1172,880,1331,870,1134,2120
"MRPL43",1319,1320,1378,858,775,810,417,640,379,883,926,879,1103,1237,651,1541,1538
"PRPF40A",587,1460,1703,665,370,393,186,227,367,1365,1539,2244,1230,1459,1339,2539,3040
"CARS2",1356,1132,1323,663,1838,1002,850,697,556,639,920,453,1160,1337,331,1087,1532
"MYL6B",2068,1213,905,715,1402,1184,1189,1395,570,633,811,469,942,1109,303,969,969
"FAXDC2",223,715,868,288,43,438,53,309,1039,2820,1987,7004,2016,2658,4153,3488,3532
"PNKP",1768,854,800,892,1523,1253,1226,1453,436,635,852,661,862,1108,468,744,966
"MRPL16",1415,1924,1826,946,486,833,309,492,303,973,1105,936,1018,1021,582,1698,2068
"DEXI",2360,1316,1171,1354,823,1015,463,957,361,680,928,602,788,1046,512,1293,1356
"MBD4",570,1334,1485,665,468,515,151,285,353,1351,1318,2867,1037,1366,1454,2477,2586
"RACGAP1",160,1386,1115,336,238,287,65,147,642,2365,2362,4993,1784,2129,2438,4037,4373
"MRPL21",1106,1523,1053,618,757,908,486,605,595,752,1179,672,1492,1479,505,1386,1519
"PDS5A",541,1370,1461,642,355,317,150,215,443,1564,1751,2504,1139,1634,1343,2952,3139
"TEX261",1070,1532,1499,773,656,746,279,474,279,935,936,1797,865,1070,1208,1389,2171
"RAP1A",610,1303,1680,722,308,346,136,237,355,1689,1537,3167,948,1400,1865,2150,3382
"C8orf59",751,2096,1177,621,481,642,204,381,516,1050,1894,997,1460,1691,682,2112,1774
"CRTAP",2472,2707,2290,1619,2055,1593,986,1163,228,323,504,466,693,656,255,638,1329
"TAX1BP1",847,1141,1223,901,324,323,154,217,385,1246,1274,3406,1147,1346,2378,2344,2560
"ZSWIM8",1540,544,671,838,1477,656,440,471,269,1050,800,2665,784,1125,2025,1139,1503
"MOB3A",3779,1069,750,1321,4393,1649,2268,1672,347,375,391,548,604,653,433,545,540
"POLE4",1137,791,749,424,1253,641,399,682,965,905,1188,548,2020,1780,471,2041,1374
"VAMP3",1394,1163,955,796,862,631,320,527,288,942,1015,1651,808,1225,1039,1780,1818
"RECQL5",1144,749,500,594,1063,785,561,616,953,999,1006,927,1525,1432,760,1244,1252
"ELMO3",451,200,247,252,423,552,276,592,2174,1959,1883,2149,2217,3043,1621,2162,1763
"KIAA0195",1841,1068,886,844,2121,1147,1005,999,427,649,652,676,784,889,438,993,1207
"C16orf58",1512,1472,1074,786,673,783,446,382,223,933,853,1696,771,1296,1189,1301,2098
"MRPS27",826,2150,1713,693,382,660,232,360,429,1046,1289,1179,1401,1308,743,1788,2225
"PLEKHB2",1200,1985,1608,1210,1105,564,272,311,251,788,1055,1223,870,1109,908,1560,1893
"PARL",1295,1480,1006,609,1167,811,569,751,638,808,945,632,1223,1001,477,1399,1311
"INPPL1",2221,1062,1171,1518,1915,1036,752,641,326,461,698,830,695,893,483,900,1621
"IFRD2",565,1370,1881,710,316,623,152,288,227,1314,1293,2742,1074,1490,2002,1732,2911
"CDKN2C",389,1218,1316,439,159,258,50,184,546,2273,2186,5797,1220,1996,2548,3322,4028
"TRIOBP",689,658,731,477,887,475,415,469,704,1515,1053,2641,809,1307,1245,1487,2097
"MXI1",225,572,978,456,143,222,44,189,511,2430,2053,9047,1770,1974,5567,4229,4347
"SELK",1401,801,828,667,317,376,176,223,550,1462,1438,2736,1298,1577,1739,2350,1981
"ZNF593",1445,624,806,508,821,1165,895,1613,1784,669,1027,266,2273,1837,200,1151,873
"MBD1",870,1172,1173,716,486,533,202,312,428,1061,1183,2143,1091,1316,1421,1841,2516
"LETM1",706,944,1364,566,552,799,263,608,749,1045,1368,750,1607,1792,581,1529,2035
"COPB2",1162,1787,1900,951,389,351,164,221,172,1380,1267,2681,811,1149,1641,2138,2944
"RPL21",507,600,480,275,367,394,216,385,817,1605,6342,803,6780,1144,842,4000,1694
"WDR33",1000,1135,1296,730,867,909,409,467,382,969,1121,1073,1109,1150,731,1252,1762
"CTCF",329,927,1108,439,303,349,101,203,690,2057,1936,3309,1762,1732,1846,2894,2853
"KIAA2013",1780,796,910,1006,1151,802,599,748,529,699,829,986,939,1068,664,1110,1207
"TMEM205",2112,1117,743,695,2625,1102,1298,1449,622,546,766,315,944,1049,251,1003,978
"AQP3",1204,1129,858,1099,51,406,192,201,826,1498,1484,2431,1163,1312,2484,2550,2729
"NARFL",1343,711,774,651,1701,1111,1041,1470,703,792,761,512,1063,1209,395,892,1017
"ELOVL5",667,2664,2627,1344,274,553,197,289,199,1041,1130,2555,778,1096,1247,1744,2284
"CCDC130",1532,516,571,767,1586,1047,1001,812,429,781,745,1250,746,1347,736,1017,1284
"MRPL24",1307,1567,1334,682,803,1086,526,855,703,681,1056,259,1575,1300,375,1395,1308
"SP100",1003,1102,1007,662,694,499,290,280,519,1083,1520,2191,898,1361,936,1719,1858
"ISY1",900,864,740,491,939,726,510,811,881,953,1117,806,1368,1529,555,1595,1254
"DBI",10026,4741,3857,4495,3648,2579,1848,2139,66,212,269,196,361,444,106,416,541
"VPS72",985,1331,1230,708,663,782,303,579,473,936,1071,996,1067,1294,737,1490,1858
"DDX27",1249,1296,1238,784,895,835,558,435,322,756,1045,1091,982,1193,822,1162,1541
"CAPZA2",381,962,1245,510,265,278,92,176,555,1888,2061,3690,1649,1596,2205,2912,3338
"SNX1",994,1893,1771,1173,974,561,203,332,174,945,893,1805,805,919,1457,1325,2394
"NDUFA7",865,1141,987,478,464,576,242,537,502,1320,1330,1235,1343,1601,872,2063,1968
"TIMELESS",316,1539,1597,392,380,515,135,173,490,1702,1868,1921,1565,1985,1121,2619,3326
"GMFG",4445,2747,1645,1387,6062,2766,2690,2629,311,219,226,211,520,587,131,402,554
"KTN1",924,1894,1823,1283,241,279,106,208,407,987,1486,1790,1048,1448,1638,2666,2902
"ITGA2B",5431,7307,1538,2928,768,4951,5806,3049,452,128,238,83,1187,478,82,164,659
"LETMD1",1176,1587,851,708,767,692,410,501,603,815,1106,1157,1180,1082,567,1581,1499
"ERP44",1173,1602,1337,883,802,573,328,433,261,886,1126,1381,950,1056,892,1612,1749
"CLCN3",244,914,1445,489,77,264,36,151,407,2720,1960,9523,1496,1795,5603,3871,4642
"HDAC5",1648,622,722,960,1278,710,495,726,225,844,539,2135,662,970,2046,1223,1587
"EIF3J",535,1868,1437,621,345,419,99,248,513,1228,1351,2198,1281,1613,1843,2210,2528
"ITGB2",5665,3203,1629,3464,15976,1143,3602,1913,72,362,86,701,389,788,318,130,308
"GSN",3508,1867,897,1836,6142,1053,2014,1775,222,293,242,476,669,988,276,498,639
"VEGFB",6124,938,1154,2333,3709,1963,2206,2130,272,226,566,200,709,796,145,525,629
"KLF3",104,602,1251,296,106,110,22,64,884,3586,3147,12209,2356,2894,7517,5437,5789
"NAA60",1923,1070,1040,992,1967,1082,780,828,292,674,555,1005,718,1037,659,772,1026
"CBX6",790,694,965,443,1669,739,618,629,939,839,1396,554,1145,1756,566,1310,1236
"POLRMT",1590,801,989,804,1357,1224,904,901,899,490,840,426,1223,1299,344,874,1153
"NPL",686,1098,1178,677,634,263,124,246,496,1354,1273,2778,1226,1514,2003,2193,2044
"HECTD4",612,656,696,623,202,287,90,248,421,1623,1235,6859,1334,1766,4992,2262,3259
"COX14",1425,945,767,493,938,720,524,969,913,639,1097,514,1562,1366,491,1900,1055
"MPND",1111,589,594,494,1517,620,699,891,1082,972,1193,728,1324,1369,491,1275,1014
"PRKAG1",1178,2303,1569,1057,396,539,189,325,334,1113,1147,1354,944,1116,1007,1562,2070
"GBF1",1318,1095,1183,833,818,714,340,329,230,1050,880,1942,870,1229,1199,1123,2121
"CMPK1",554,1259,1530,840,261,379,111,169,347,1510,2016,2260,1259,1751,1290,2965,3306
"MRPL57",946,1337,1565,657,735,733,357,670,329,905,952,1015,949,1428,595,1652,1828
"SMU1",588,1091,1133,478,574,553,241,411,637,1146,1398,1307,1428,1426,833,2257,2109
"NUP50",834,974,792,454,490,373,156,289,535,1408,1531,2551,1276,1694,1464,2289,2246
"ARGLU1",637,1382,1168,772,522,465,183,235,280,1483,1237,2453,847,1542,1347,2348,2642
"STK16",974,907,720,577,540,600,287,428,615,1238,1320,1343,1111,1526,1121,1731,1808
"BEX1",721,523,420,327,735,161,194,200,1135,1573,2278,908,3377,2177,979,4294,3996
"THAP7",1118,642,798,517,1374,1089,769,1088,1039,677,973,470,1130,1548,378,1153,1220
"CHTF8",1078,1240,1241,742,735,562,312,442,514,879,1017,1328,881,1196,862,1445,2024
"CAPZA1",579,2773,2634,1255,460,471,105,110,140,1243,1231,2832,860,1137,1521,2355,3572
"BCCIP",500,1948,1661,562,244,518,132,234,322,1409,2005,1335,1791,1700,940,2794,3097
"STYXL1",1381,1059,906,560,819,692,420,634,695,787,1206,577,1842,1058,550,1495,1628
"STX8",1489,1172,674,480,1046,744,557,774,812,715,1387,577,1235,1351,395,1659,1143
"RFESD",384,1045,939,317,30,304,58,230,805,2596,2926,3251,2509,2436,2863,4610,3246
"LARP4B",996,923,974,788,1127,659,495,627,350,837,898,1246,910,1124,818,1464,1704
"IP6K2",922,1132,1144,646,343,605,245,389,356,1073,1078,2014,1046,1298,1456,2011,2190
"SLC35C2",1594,926,983,852,1871,918,820,796,298,668,660,939,753,1014,779,905,1177
"HAT1",262,1740,1641,317,167,262,58,174,607,2164,2834,2783,1740,2054,1508,3953,3980
"ARMC8",462,1242,1132,648,172,406,118,240,453,1546,1733,2980,1516,1720,1752,2689,2709
"E4F1",1279,565,679,684,1264,1054,710,647,561,877,932,740,1104,1463,621,1030,1457
"B4GALT3",842,783,813,686,328,396,214,394,386,1165,826,2807,1398,1298,3228,2157,1956
"RWDD1",847,1241,944,540,546,451,310,384,660,1091,1501,1062,1466,1597,727,2183,1576
"OGFOD2",1005,899,730,506,862,1081,661,810,819,868,976,883,980,1367,565,1075,1256
"YY1",515,768,1102,470,642,540,278,453,559,1036,1100,1872,1190,1313,1489,1993,2111
"SRSF10",324,1175,1401,506,302,268,95,179,534,1688,2044,2618,1442,1913,1575,3325,3661
"NME1",1012,1691,1973,649,669,915,493,904,657,636,1189,225,1900,1307,248,1572,1433
"C1QBP",759,3315,4190,1007,259,542,140,307,110,1036,1242,1344,1059,1055,904,1984,3785
"ACHE",140,327,392,335,68,467,56,322,996,3737,2753,6011,1983,3028,4456,2593,5094
"INTS10",1122,1609,1190,737,858,855,450,737,424,730,1064,605,961,1170,406,1585,1776
"UBE2B",445,697,955,601,278,289,96,160,450,1620,1531,5261,1430,1633,3837,3039,2622
"CNRIP1",2914,4523,2615,1870,213,1017,403,802,482,314,922,345,1256,820,274,1173,1232
"FAR1",507,1247,1327,843,464,415,182,266,334,1347,1553,1967,1075,1459,1332,2332,2208
"ACAA1",2313,1536,1098,1124,1699,1011,859,707,262,481,845,427,999,1036,361,1155,1034
"SERINC3",783,1229,1022,603,421,468,209,272,586,1150,1161,2164,1124,1398,1528,1845,1960
"CHAC1",560,540,376,379,178,352,126,378,809,3389,1509,2672,2205,1572,2354,2116,3705
"PRR13",1825,1253,1354,972,1344,753,533,524,370,667,887,711,923,923,630,1128,1197
"JARID2",969,1366,1316,878,298,524,189,261,329,1121,1327,2105,1010,1462,1062,1945,2571
"TBC1D22B",530,543,489,327,300,317,147,252,765,1480,1473,4798,1964,2204,3157,2286,2251
"KCTD2",1248,750,495,581,994,787,589,734,841,962,977,1121,1160,1355,639,1136,1037
"LRRFIP2",607,1162,809,542,490,511,230,346,464,1253,1203,2481,1124,1529,1545,1739,1922
"HDDC3",739,1058,877,455,444,562,206,462,721,1610,1255,1363,1329,1665,1024,1757,1613
"ZNF410",888,1275,998,565,481,463,250,313,407,1208,1240,1724,1191,1379,1079,2178,2073
"ARFIP2",1571,1039,1014,836,947,914,575,768,271,807,783,1108,770,1029,703,1008,1646
"SRCAP",1097,775,1109,849,1108,777,459,423,386,842,760,1524,864,1490,1028,828,1661
"CENPW",255,1310,844,254,322,442,81,257,734,1980,2374,2016,2048,2316,1245,3746,2538
"DCTPP1",1105,1628,1809,837,643,1036,383,801,480,695,1057,346,1460,1128,306,1558,1590
"SH3BP5L",989,861,820,773,799,580,308,453,378,1074,851,2179,1036,1052,1349,1252,1843
"SF3B4",1027,1518,2029,983,781,970,268,432,119,963,893,1938,531,1032,1095,1005,2543
"SRPRB",1645,1642,1291,631,933,759,598,623,685,610,1176,285,1556,1145,296,1326,1415
"UBN1",757,784,946,633,655,666,242,383,571,1001,1171,1840,1074,1583,1091,1371,1902
"HIRA",397,1392,1353,480,245,391,87,181,289,1850,1740,3625,1410,1714,1986,2293,3750
"PCIF1",950,1052,1048,695,787,661,412,440,255,1061,762,2284,702,1272,1143,1186,2086
"CMAS",154,1251,1087,273,140,222,35,72,599,3479,2859,6321,1677,2918,3848,4307,4194
"CEP131",681,463,476,346,948,755,480,347,1357,1274,1393,1152,1159,2823,662,1421,1494
"DLGAP5",117,1611,1301,204,72,246,22,80,695,3247,3734,5862,1976,3218,3096,5202,5984
"PPP6C",519,1474,1332,587,413,424,123,196,408,1401,1483,2694,1119,1335,1468,2301,2562
"PSAT1",297,2804,927,512,216,267,78,112,350,2492,1687,3922,1118,1454,2059,3108,5581
"CNDP2",2108,2194,1888,1388,1406,1082,732,851,306,376,583,436,788,784,287,849,1380
"ILVBL",1187,1054,863,561,1379,887,688,800,628,626,841,746,1042,1179,481,1115,1126
"SLU7",897,1149,901,598,564,523,253,342,460,1018,1211,1859,961,1324,1145,1907,1823
"NOC2L",828,1257,2077,813,679,844,332,330,387,767,1069,814,1117,1539,610,1159,2153
"GSE1",603,1355,1257,749,219,429,155,218,442,1201,1308,2955,1122,1270,1607,2034,3056
"RQCD1",804,1605,1843,632,486,594,189,336,178,1416,1108,1633,990,1291,892,2008,2506
"TSG101",669,1347,1100,649,227,361,121,239,243,1457,1546,3037,1271,1430,2216,2598,2634
"QTRT1",876,1030,1242,583,711,1254,471,854,969,725,1116,365,1660,1449,267,1120,1436
"EMC9",531,431,393,225,564,449,344,396,2132,1505,1425,1499,1687,2406,1139,2277,1387
"MECP2",1247,771,830,804,1237,794,580,611,341,800,655,1318,813,1096,1057,1025,1417
"DAP",1953,1583,1939,1137,717,666,357,407,117,801,504,2233,646,545,1888,1131,1771
"RAB10",448,1444,1581,683,361,308,91,190,281,1343,1217,4635,1040,1241,2727,2250,2821
"JMJD6",1370,810,826,738,763,725,442,609,472,911,845,1009,1228,1254,706,1261,1362
"OSER1",895,658,605,543,688,527,308,386,544,855,1088,2064,1243,1250,2071,1471,1669
"ORMDL3",1380,940,706,675,587,566,387,470,384,968,975,1412,1099,1204,1108,1521,1577
"CHD1L",1116,1854,1384,741,629,577,207,358,310,1002,1028,1120,914,1311,715,1765,2105
"BCAP29",718,1072,1105,473,245,403,162,279,447,1540,1496,2334,1067,1426,1484,2391,2668
"C1orf122",1941,506,731,768,1618,914,1066,1267,728,625,565,627,992,1156,452,958,690
"TUBGCP6",1244,674,641,685,1240,868,726,356,364,968,798,1478,735,1510,962,809,1700
"GPKOW",843,961,728,461,390,490,189,304,418,1304,1393,1948,1182,1677,1479,2111,2262
"ALG3",1750,1451,1491,877,1471,1135,934,1035,391,443,694,369,918,846,311,794,1267
"AIP",3191,1183,1145,1259,2025,1268,1071,1296,340,424,567,306,676,861,292,844,794
"CACYBP",654,1837,1996,617,361,410,140,259,309,1079,1633,1166,1347,1376,963,2447,2691
"GNPAT",928,1466,1139,565,548,482,254,427,488,917,1304,1142,1084,1196,778,1940,1874
"PEPD",1536,1205,1615,1095,1071,644,332,511,256,746,852,1051,727,921,736,1198,1546
"HDAC7",1239,2463,2081,978,759,1503,613,602,301,402,768,498,898,907,328,977,1807
"C12orf10",1401,1265,1043,681,887,869,577,723,409,682,818,795,919,1132,532,1051,1402
"ACAD9",810,998,1151,504,800,582,323,446,511,976,990,1148,1068,1247,933,1401,1943
"TMCO1",759,1752,1520,750,412,449,168,290,311,1071,1382,1484,1097,1315,882,2112,2341
"CAB39",959,1749,1591,1039,297,480,175,235,247,1063,1396,1636,977,1231,1115,1914,2295
"GPR108",1940,1143,877,778,1869,842,920,915,271,696,646,698,533,1122,597,825,1102
"VTI1B",907,1308,1076,704,417,488,197,231,228,1174,1041,2552,1052,1404,1842,1702,2016
"DENND4B",1151,907,923,823,1367,663,524,598,490,668,742,1200,743,1079,684,985,1580
"ZDHHC5",892,1176,1195,659,667,631,283,475,303,954,855,1922,807,1156,1116,1237,1963
"ENTPD6",2003,963,1172,915,2189,1267,1169,1050,462,460,606,260,874,1057,291,737,1057
"SNRNP40",372,1519,1495,475,228,411,113,216,592,1467,1845,1666,1587,1588,984,2773,3042
"CCNL1",761,990,868,737,422,297,161,166,305,1288,1479,2868,845,1651,2036,2670,2528
"MCOLN1",1482,425,494,828,1896,521,647,805,516,626,508,1761,813,1066,1653,838,1140
"CPSF6",550,1278,1469,591,335,432,172,279,426,1145,1452,1739,1169,1387,1034,2246,2651
"CUL4A",444,1024,1105,563,453,465,170,300,430,1223,1288,2493,1237,1206,1641,1882,2206
"GNA15",3995,2765,3275,2730,2914,2245,1899,1661,183,142,309,163,579,606,107,410,866
"C1QA",6675,768,1252,5021,21788,2244,2985,6152,197,335,60,159,766,951,167,78,133
"SNAP29",908,1021,727,623,662,548,282,410,511,1031,1225,1234,1040,1453,897,1664,1657
"TSN",599,1608,1485,526,467,555,179,273,482,1084,1209,1333,1247,1219,895,2203,2136
"FAM120A",845,1568,1596,697,511,380,180,353,347,987,1246,1338,955,1178,911,2068,2309
"RBM33",948,742,727,569,786,628,369,389,340,1020,972,2100,844,1427,1156,1506,1686
"GMNN",308,1474,1386,366,232,379,60,158,668,1857,2167,1743,1815,2146,1134,3620,3138
"AZIN1",515,1748,1594,828,265,281,84,114,254,1538,1477,3503,1218,1433,1600,2639,3580
"WSB2",761,997,1326,666,519,443,247,322,392,1038,1360,1822,829,1127,1181,1602,2292
"R3HCC1",1016,841,923,518,787,769,461,782,696,794,1004,715,1086,1322,465,1490,1410
"ACSL5",757,1514,929,676,489,531,274,343,474,670,1308,941,1311,1551,642,2093,2629
"KIAA0232",506,535,519,382,257,296,131,234,739,1522,1575,3905,1431,1919,2949,2759,2381
"SLC25A10",556,738,1303,325,872,921,442,634,878,913,965,764,1465,1639,422,1192,1717
"GLYR1",472,1140,1369,665,282,343,100,172,443,1401,1699,3101,916,1742,1656,1965,3294
"PRKAR1B",1171,852,1451,909,257,1592,731,1066,617,621,1123,573,1050,1028,244,1257,1329
"OSBPL2",835,630,580,496,496,388,209,301,491,1318,1265,2440,1304,1541,1726,1892,1990
"VPS26B",1151,1260,1147,661,795,598,315,445,384,948,885,1389,679,1281,706,1367,1752
"LTA4H",881,1752,1157,811,1364,527,539,717,274,643,968,911,902,916,569,1201,1325
"TTC38",1803,971,687,690,571,791,485,827,507,705,961,468,1259,1295,457,1391,1832
"HBS1L",446,2133,2071,933,138,407,97,142,446,1194,1620,2125,1267,1551,1126,2650,2728
"USP4",793,1015,762,489,663,444,244,333,567,910,1220,2042,1027,1277,1447,1555,1661
"SMIM12",1269,1152,1026,660,876,627,400,641,406,874,833,942,865,1126,649,1311,1397
"TGM2",188,2919,1923,450,57,351,43,321,383,2147,1309,4845,1020,1659,2246,2680,4763
"TRIM41",658,898,936,572,527,580,268,393,696,1148,956,1579,1012,1660,999,1274,1685
"TRMU",1246,546,683,512,1781,906,992,1057,889,598,919,353,1587,1142,337,1014,956
"TIMM17A",576,1165,1371,604,468,455,137,199,611,1071,1539,1220,1544,1424,908,2442,2177
"FAM65C",178,618,463,241,28,201,24,117,702,3421,2724,11172,1908,4344,6915,4549,6138
"RAE1",669,1194,1242,509,511,585,250,436,552,921,996,1188,1213,1260,939,1667,1811
"TRAPPC6A",2161,1169,687,853,2541,1640,1690,2075,565,360,570,221,768,926,193,736,648
"CYTH1",1306,629,893,871,969,688,363,453,398,879,1082,1326,790,1025,711,1317,1601
"NACC1",1596,882,1733,1216,1483,1229,793,781,235,581,637,541,705,910,483,620,1319
"STAT3",1704,1891,2138,1453,853,865,570,687,184,538,563,840,571,706,562,892,1455
"RMDN3",588,1181,971,481,170,333,82,225,410,1711,1589,3262,1359,1594,1859,2409,3128
"C21orf58",397,586,421,368,776,569,240,512,1364,1450,1056,1994,1153,1339,1219,1630,1571
"GPATCH3",922,592,567,480,1092,650,492,806,1022,733,983,833,1232,1418,611,1384,1043
"LSM10",1861,1047,904,868,958,774,550,831,286,561,667,717,924,929,938,1053,1154
"TRNAU1AP",761,829,623,427,672,478,282,455,757,1197,1293,958,1292,1612,726,2058,1558
"NAT10",716,1605,2032,766,508,1002,330,503,453,623,960,508,1348,964,507,1280,2077
"LINC01089",1267,393,213,460,1347,796,707,637,952,999,1090,1097,1146,1533,621,1185,1044
"AIFM2",618,522,816,383,596,479,255,404,711,953,1131,1506,1607,1549,1216,2186,1638
"PLIN3",2203,1688,1980,1674,1785,1074,764,872,326,320,527,516,477,590,304,757,1162
"FADS1",2342,2790,2974,1452,1360,907,495,731,82,425,602,856,407,649,302,886,2003
"CD52",20402,3465,4513,6230,1888,3133,2326,1762,158,122,52,161,182,670,160,260,460
"VDAC1",1472,2204,2512,1305,698,657,309,322,177,718,808,637,818,1049,451,1334,2104
"NCOR2",1696,902,1312,1035,2614,928,867,664,320,505,534,774,495,1084,467,597,1177
"GNAI3",485,1387,1477,689,477,577,150,241,417,899,1209,1620,1212,1153,1297,1941,1981
"NOC4L",926,556,734,578,1261,1040,705,971,844,728,840,569,1197,1382,339,883,1197
"HMHA1",3825,1117,953,1702,6270,1631,2685,1494,192,312,236,338,524,712,299,328,555
"NDC80",169,1298,796,223,255,391,61,181,752,2041,2311,3020,1738,2165,1570,3709,2930
"ISG20",346,169,164,198,272,180,182,377,1335,2134,1927,5158,2480,3304,3264,2876,2086
"SLC36A1",655,433,635,617,543,326,157,350,507,1543,1447,3435,1331,1234,2046,1643,1441
"SLC25A28",1057,655,589,380,839,506,499,543,668,1027,1008,1037,1017,1484,808,1428,1533
"ZNFX1",867,518,591,609,548,473,320,494,571,882,799,2588,1270,1208,2226,1159,1194
"ATG14",807,465,660,596,192,436,134,264,705,1011,776,5003,1750,1161,3185,2058,1913
"PDCD6",768,1560,1476,852,489,524,155,241,302,996,1239,1135,1091,1215,953,1822,2269
"CHST11",1459,1795,1147,938,723,485,310,282,296,626,838,1499,846,824,1065,1553,1377
"SYAP1",869,810,1162,463,341,511,246,377,701,1238,1537,1428,1491,1242,702,1518,1366
"AREL1",536,967,907,578,308,487,148,325,473,1238,1278,2100,1255,1302,1198,2080,2440
"PDCD11",810,1162,1277,555,767,753,510,581,758,674,995,426,1569,1297,333,1217,1475
"NET1",1304,1768,1324,811,197,465,181,227,388,848,1234,1346,1454,1237,660,2115,2330
"MTG1",993,775,1105,411,1072,850,715,1084,1285,683,1000,261,1492,1213,318,1044,826
"SUPT7L",912,1104,896,630,511,543,221,341,403,986,1068,1426,887,1309,1113,1748,1860
"HAUS7",591,577,673,313,885,707,377,650,1359,950,1349,500,1801,1897,389,1758,1294
"TMEM106C",414,1487,1411,383,440,365,139,273,624,1488,1410,1239,1310,1574,879,2219,2161
"DOHH",655,565,1131,543,574,748,298,648,736,916,979,893,1334,1681,676,1192,1459
"HTT",1225,804,799,774,1110,842,590,582,339,747,769,806,895,1188,576,1100,1405
"CDCA4",238,902,1073,291,182,359,75,224,555,2009,1864,3597,1291,2324,1291,3309,3679
"MMADHC",364,1890,1771,480,118,248,43,99,219,1944,2035,4619,1344,1669,2530,3338,4142
"DCUN1D5",595,1344,1310,526,288,523,161,301,615,1113,1635,913,1734,1332,629,2456,1918
"SFI1",719,623,678,447,733,790,489,448,676,993,1147,921,1213,1721,657,1286,1337
"CDKN3",203,1302,1174,248,149,317,45,123,373,3119,2273,4583,1079,2891,2448,3075,4009
"ORC1",232,1236,965,236,277,483,137,282,755,1789,1834,1870,1453,1878,962,2426,2686
"GOLGB1",2015,1073,736,841,1268,871,739,716,354,522,586,776,642,854,757,948,1071
"EXOSC7",779,1128,945,428,721,725,491,595,568,789,1200,546,1401,1295,465,1548,1332
"SUMO1",676,1471,1312,589,367,404,160,227,268,1213,1447,1644,1143,1264,1060,2239,2475
"FAM53C",908,1008,937,600,565,540,303,457,310,750,719,2175,907,1093,1308,1692,1610
"MRPL17",1003,1588,1478,566,536,618,309,496,385,848,1234,546,1136,1260,427,1641,1833
"AURKA",213,1325,1048,284,176,293,56,207,665,1804,1836,3905,1594,1935,2113,2658,3179
"PRPS1",333,1654,1349,392,154,354,88,218,390,1660,1804,2338,1356,1765,1250,2718,3700
"EIF4H",769,2559,2542,928,384,494,105,161,86,1102,1005,2654,722,1022,1387,1760,3613
"RDH11",882,1275,1104,657,233,525,110,280,117,1336,1312,2916,1310,1052,1865,2226,2382
"BTBD2",2378,1663,1757,1414,2671,1967,1471,1390,217,282,343,332,431,635,272,449,925
"TBC1D22A",1160,717,774,595,1243,754,573,692,590,711,725,778,1083,975,656,1100,1045
"TUSC2",1048,700,871,592,631,614,359,803,536,707,960,903,1040,1380,728,1306,1427
"SRF",874,893,945,516,738,625,333,429,337,905,928,1336,740,1506,966,1663,1578
"HSPH1",535,1319,1539,719,417,403,137,215,431,815,1395,761,1793,1576,1217,2177,2368
"RHBDD3",1245,468,662,607,1320,919,676,971,614,746,907,474,1177,1291,403,1008,1129
"WTAP",522,1307,1087,664,555,376,125,229,358,1147,1328,1995,1035,1415,1265,2204,1960
"PRPF3",1058,998,855,600,861,699,361,542,383,825,1011,857,1057,1117,635,1385,1443
"NFKBIB",981,717,926,671,898,740,403,602,464,728,825,1178,962,1251,809,1005,1149
"RABGAP1L",464,1336,986,461,147,386,116,299,555,1524,1481,2680,1412,1416,1646,2148,1828
"ZNF444",2350,598,689,959,1679,1489,1379,1376,607,408,589,367,881,829,262,733,700
"DPF2",1004,951,935,587,494,591,266,418,442,918,861,1407,963,1195,1013,1425,1849
"CENPH",141,1112,955,275,186,423,74,294,762,1676,2334,2003,1697,2202,1017,3535,3834
"INAFM1",1081,317,377,439,1213,968,914,871,1125,789,683,842,1095,1586,770,998,650
"DDX46",390,1165,1259,546,593,377,167,257,510,1189,1321,1487,1213,1540,920,1754,2219
"ANPEP",6778,1497,1089,2006,11039,4184,5012,5048,154,163,102,324,245,747,136,104,231
"GLB1",1709,1695,1615,1720,1181,759,389,720,141,567,574,1276,501,550,627,899,1224
"TSPAN5",235,354,449,243,128,214,59,434,981,2029,1535,5402,2165,2230,3337,3684,3165
"MMP24-AS1",1218,601,824,811,1201,965,588,831,454,661,753,787,854,1141,535,902,999
"INPP5B",608,781,553,379,739,512,254,393,507,1067,1515,1634,1290,1397,822,1794,1746
"STUB1",1195,759,1076,840,827,878,395,499,291,732,868,703,910,1342,673,1196,1539
"ADGRE5",4492,1282,1071,1936,5329,1649,1904,1748,153,128,364,391,411,478,281,498,674
"TJP2",1042,908,1783,1773,94,728,77,235,243,1744,1201,1781,588,758,1135,3141,3722
"MFNG",2469,2315,2143,1501,1979,1320,1049,930,119,313,424,322,639,681,184,756,1321
"RBM15B",961,1250,1364,831,531,608,257,388,284,839,937,1322,716,1119,791,1388,1983
"DVL3",1415,797,912,739,1156,795,674,806,291,618,539,1180,531,970,833,783,1501
"ATP6AP2",424,1165,1222,937,1098,400,135,136,311,1050,1298,1922,948,1204,1196,2018,2067
"STAB1",3124,626,1035,2352,19173,2125,3928,2520,238,239,98,480,494,1176,152,149,201
"CELF1",410,633,845,515,672,359,150,227,515,1224,1382,2085,1351,1493,1358,2294,2031
"SNHG17",1968,514,445,299,970,1123,325,923,515,587,784,520,1484,1244,408,1974,2600
"SETD1A",717,815,1030,599,659,741,322,532,477,749,938,1077,975,1340,714,1214,1744
"PSENEN",1276,997,726,591,913,695,570,764,371,669,771,725,981,1103,706,1162,1136
"ZNF580",2751,455,570,1168,2668,1537,1696,1104,411,462,441,555,538,800,428,462,757
"GLIPR2",1325,1006,541,664,3994,437,1026,906,419,572,851,799,720,1368,269,758,781
"PDCD2",557,1777,1543,653,371,453,150,266,348,1116,1411,1198,1103,1151,713,2220,2307
"CLIC2",346,1020,1112,448,109,318,94,174,477,1338,1189,5619,1500,1408,4759,2032,2098
"S1PR4",1897,1788,1376,1030,2823,1713,1618,2037,470,172,372,213,1020,716,167,547,496
"NUB1",1077,671,634,461,626,458,362,460,666,793,852,1759,1039,1087,1275,1272,1415
"PTCD3",585,1818,1342,580,335,505,131,247,311,1187,1232,1420,1116,1284,939,1911,2588
"BET1L",2224,982,1094,968,648,685,323,464,228,1016,501,1557,533,484,1539,1163,1518
"ATRAID",1601,1929,1358,1013,793,740,385,673,165,633,671,704,636,909,573,1191,1537
"CCDC167",544,594,525,219,619,355,276,577,1297,1395,1471,780,1825,2038,720,2108,1265
"MCTS1",1054,1454,884,538,615,593,313,487,838,721,1198,454,1427,1120,428,1623,1305
"ATP6V1D",766,916,760,528,563,277,139,296,407,1109,1104,2568,1013,1216,2011,1915,1762
"SLC22A23",405,586,824,437,103,429,92,261,568,1531,1104,4636,1537,1517,3262,2296,2462
"AIMP1",839,1626,1014,532,486,486,289,358,346,997,1189,1009,1012,1098,675,1912,1806
"KIT",5150,4467,6407,7753,118,1418,318,293,101,248,654,388,444,399,334,955,2292
"GADD45A",511,1095,1445,718,114,266,57,130,260,1708,1320,6856,1089,1283,2704,2363,3420
"DHPS",1378,1413,916,776,879,583,446,517,291,781,634,1140,831,894,734,1050,1200
"TFG",936,1227,1338,821,425,452,167,246,356,939,1168,1569,990,1045,836,1769,1955
"MFSD12",1274,482,338,684,2668,1012,1404,1294,587,433,561,575,1323,1115,409,560,892
"TOP2B",990,2770,2119,1049,353,449,148,212,149,928,948,1546,653,925,1171,1654,2418
"DSTN",1308,2356,2214,1179,342,836,247,430,278,509,875,652,830,871,490,1443,1738
"ATXN10",885,2298,1909,693,335,430,146,218,335,826,1162,1367,1005,993,803,1951,2050
"AAGAB",633,1193,1108,516,457,554,181,360,551,918,1231,998,1259,1303,723,1916,1768
"CAPN15",1017,877,1551,1041,963,934,461,458,162,662,709,1211,592,999,699,778,2131
"WIBG",1520,1329,1147,781,1032,882,556,756,366,667,773,479,868,839,376,992,1011
"GNL2",897,1550,1462,626,519,666,263,298,185,959,1188,906,998,1373,605,1397,2277
"SLC16A3",5117,1603,1606,3438,6290,1890,2879,2312,156,179,147,200,484,618,133,194,492
"NDUFV3",1062,940,556,486,746,560,372,383,347,943,1000,1175,1114,1627,777,1424,1414
"APOL2",1710,654,511,691,695,443,610,526,657,643,1003,832,1081,1029,771,1038,1416
"HSBP1",1056,1307,1095,593,1291,523,472,722,418,710,832,633,761,1027,457,1180,1262
"KLF9",325,574,1077,432,252,258,63,212,405,1603,1799,4282,882,1704,2460,3525,3146
"MRFAP1L1",904,1405,1062,616,369,469,178,284,271,991,1143,1809,900,1044,1293,1759,1936
"MCUR1",384,1155,879,372,263,240,123,217,610,2586,2174,1375,982,2003,911,2347,3275
"RPUSD1",1440,635,909,617,1847,1289,1105,1163,440,513,678,349,1016,1066,223,740,1031
"AMD1",295,1118,1397,424,367,283,119,165,660,1286,1677,1589,1570,1827,1005,2430,2500
"ACAT2",997,2201,1852,666,540,592,312,529,301,723,937,1049,831,723,485,1217,1513
"NOP14",649,1550,1701,700,540,849,244,544,385,644,984,571,1158,1144,476,1283,1933
"SDSL",765,555,604,368,292,434,216,466,1758,1085,1366,920,2265,1869,806,1609,991
"EMC7",984,1384,1032,717,442,487,191,291,271,1129,1213,1250,951,1097,869,1751,1791
"RPS6KA4",853,678,1186,656,1132,696,442,617,402,681,808,819,943,1133,501,1113,1515
"ZCCHC3",634,1098,951,472,335,418,162,329,364,1191,1242,2128,1011,1268,1100,1973,2106
"MRPL34",1191,1082,1214,991,525,781,336,496,196,785,930,948,684,1158,544,1415,1779
"GFER",1071,741,676,529,710,707,519,696,1039,816,920,555,1073,1315,392,1221,1036
"RAB11A",987,1994,1538,888,439,613,184,300,164,929,920,1549,744,855,932,1592,1873
"MLLT1",2075,733,1019,883,1951,1050,850,734,389,456,645,417,897,809,356,670,1030
"KANK2",828,633,1054,692,206,466,121,390,275,1220,977,3652,773,1013,2645,1711,2043
"CWF19L1",545,873,929,500,586,546,273,491,775,842,1083,892,1349,1205,589,1680,1636
"CHCHD5",1301,699,711,493,1232,1026,664,1202,1025,585,710,342,1115,1144,274,1135,794
"NUP214",1008,931,842,536,1586,628,453,468,227,796,812,1200,733,1151,778,936,1601
"KMT2B",1080,544,830,683,988,756,363,345,314,812,719,1905,617,1259,1219,897,1674
"COMMD3",876,1444,1052,562,423,484,185,322,427,985,1256,1045,962,1402,733,1951,1585
"PGPEP1",1678,882,860,999,1527,1276,920,1105,373,386,679,426,748,819,381,702,842
"NCOR1",523,1195,1092,540,602,393,176,280,268,1044,1017,2038,879,1389,1414,1664,2112
"BIN3",953,627,754,534,892,715,475,618,657,788,804,711,1166,1172,596,1148,1223
"OPA1",380,1142,1365,504,171,303,108,148,498,1510,1486,2885,1331,1348,1591,2425,2534
"SSX2IP",305,757,1015,389,70,392,77,251,443,2100,1992,3569,1143,1827,2052,2995,3064
"CCDC28B",886,807,731,379,459,958,499,1075,1183,550,1315,408,1316,1934,254,1285,1044
"U2SURP",249,1202,1565,371,190,289,88,144,427,1582,1812,2639,1368,1608,1594,2877,3381
"KLF16",1115,783,1213,939,838,820,479,731,328,597,780,631,992,954,476,1038,1351
"CEP250",732,1028,638,463,903,727,428,332,524,879,1146,839,874,2329,529,976,1524
"UBXN11",1392,614,469,609,3518,1102,1367,994,549,505,677,302,1019,1015,291,765,802
"TAOK2",1109,804,980,831,1098,851,449,466,382,698,685,1002,769,1070,624,748,1463
"TBCA",1047,2043,1568,786,435,530,226,234,199,1006,1265,908,821,950,793,1606,1942
"ZBTB48",1972,551,438,667,2195,1109,1204,914,608,526,527,515,792,1062,395,707,791
"UBE2O",430,538,610,360,345,320,214,289,676,1121,1149,1790,1683,2234,1596,2089,2097
"DCTN4",402,948,634,366,314,283,65,152,975,1543,1436,3039,1495,1588,1813,2650,2259
"TKFC",745,1420,1245,514,657,806,284,470,380,833,895,865,985,1190,530,1225,1569
"GPATCH4",659,1205,1210,413,415,633,298,475,915,783,1478,371,2119,1619,283,1632,1449
"MAP1S",1936,588,966,1174,2310,1577,1327,910,242,438,436,637,393,835,557,464,901
"ACD",854,695,815,473,793,840,491,577,604,826,806,526,931,1294,499,1421,1763
"NDUFB6",389,1309,1396,447,228,311,65,196,345,1610,1933,1775,1409,1707,1211,2683,2913
"ENOSF1",474,1301,1104,506,653,387,162,179,292,1247,1223,2023,768,1361,1259,1400,3159
"MAEA",705,839,1153,671,561,534,263,322,299,926,942,1538,918,1036,1042,1487,1976
"CDCA3",198,828,941,193,209,316,73,222,548,2099,2148,2380,1525,2078,1739,3444,3334
"RAP2B",330,1525,1392,602,381,271,92,152,287,1300,1215,4103,891,1259,1859,1830,2859
"PRR11",190,1043,1059,240,211,323,67,222,642,1955,1605,3239,1468,1891,1696,2914,2572
"MKKS",1033,1330,1039,539,743,544,323,501,442,754,1062,598,1173,1276,406,1548,1305
"COMMD9",1495,1286,963,706,1497,714,600,816,287,538,716,580,756,933,389,968,1096
"AKR1B1",6852,1083,1594,2557,5715,983,2412,3084,196,163,181,172,472,424,143,520,479
"HERPUD1",1291,928,726,802,482,299,143,184,278,1208,924,2286,929,1115,1344,2286,2133
"CPSF7",799,1234,1253,657,808,509,250,335,223,943,807,1700,668,988,956,1239,2049
"AP5B1",1208,759,844,647,1590,713,636,659,458,606,604,828,739,1172,459,817,1184
"ZFYVE27",810,588,536,526,737,515,375,421,581,972,879,1631,1018,1219,1110,1018,1416
"PRMT7",748,770,994,310,971,726,503,679,819,679,1146,425,1281,1466,346,1187,1391
"ARID1A",589,838,986,608,469,420,186,333,514,1024,989,2042,1000,1103,1335,1468,1534
"ALDH3B1",2124,1675,1376,1913,1077,2095,525,1298,214,328,463,822,635,400,638,289,623
"PPP1R35",1097,659,902,874,940,849,523,922,317,721,645,917,576,964,683,994,1122
"LRP1",2102,832,895,1123,5630,571,1385,1226,375,391,482,574,221,708,142,670,1843
"ARPC5L",799,879,876,553,735,570,304,422,611,902,947,853,1135,1140,594,1445,1390
"LEPROT",418,1204,1160,629,224,332,86,154,295,1456,1200,3222,993,1314,1595,2602,3528
"HEIH",1590,919,575,693,2276,696,638,775,281,798,705,746,891,755,404,982,842
"ACSF3",944,569,575,415,1772,590,664,582,643,915,679,928,817,1191,726,824,1105
"DSN1",298,942,762,317,345,333,127,290,863,1539,1666,1718,1235,1689,951,2371,2313
"RRP8",801,584,603,415,548,581,314,617,1031,899,896,975,1532,1313,821,1341,943
"FOXK2",1172,868,1036,774,800,826,477,532,368,641,732,904,781,923,514,1082,1413
"APOBR",6321,1642,1267,3041,10337,2426,3073,1517,264,127,125,154,417,1076,115,112,381
"RAB8A",1025,1690,1480,802,999,579,407,378,142,670,733,1301,587,1015,663,903,1969
"PPM1A",413,748,963,512,209,267,74,151,387,1232,1219,4824,1273,1311,3622,2611,2578
"NUP43",583,1162,1062,479,420,638,293,406,438,878,1121,917,1315,1283,606,1434,1877
"GRWD1",707,902,1399,458,542,666,348,655,801,721,996,441,1377,1312,410,1159,1583
"ZBTB4",1033,653,436,511,496,527,380,394,372,1001,1138,1806,791,1294,1175,1347,1620
"AGFG2",471,982,745,513,238,525,203,390,896,1005,1312,1215,1254,1423,757,1472,2310
"TBPL1",321,835,982,446,71,178,30,81,698,2291,2210,4681,2026,2197,2763,3702,2925
"CFDP1",916,1503,1010,505,562,516,249,333,479,785,1150,809,1130,1173,718,1378,1448
"CCDC137",762,899,1014,580,875,674,466,604,435,850,902,632,1144,1184,465,959,1306
"FEM1A",531,614,859,453,498,478,213,275,497,1008,1254,1646,1293,1551,1225,1347,1833
"ZNF638",1043,1510,871,602,352,467,239,272,191,1114,1027,1490,930,984,1222,1962,1722
"DNM1L",516,1616,1054,447,454,377,159,276,463,1086,1266,1292,1043,1322,754,1991,2144
"ZC3HAV1",545,995,989,441,359,404,162,318,372,994,1018,2150,1123,1157,1498,1860,2067
"IVD",1002,1290,1221,609,552,742,367,469,523,651,924,625,1010,1030,476,1162,1385
"RNF145",707,1194,1042,1039,339,588,155,218,339,1222,1049,2266,769,909,1003,1422,1724
"NBEAL2",2923,1060,1238,1251,4131,1869,1903,1752,308,207,320,181,594,684,160,364,750
"SLC1A4",977,1351,500,390,898,369,497,407,608,1033,1098,1199,528,1006,607,1625,1403
"SUV39H1",220,542,606,187,605,537,227,439,994,1326,1534,1521,1632,1745,806,1718,1885
"KREMEN1",565,745,2277,720,85,693,62,399,233,1437,1317,2912,853,913,1393,1772,3595
"NDUFS4",986,1471,763,520,368,434,238,297,421,976,1227,1159,1032,1152,822,1896,1470
"NFATC2IP",469,752,930,429,389,393,162,235,451,1208,1196,2009,1211,1380,1288,1887,2338
"CANT1",927,767,834,631,862,490,385,507,525,721,731,1104,842,1006,743,1360,1288
"SMEK1",476,965,928,478,339,350,144,193,469,1209,1288,2301,942,1525,1402,1995,2202
"ACBD6",1223,1530,1119,677,601,918,393,534,362,526,1033,473,994,1022,336,1334,1412
"SP1",446,1166,956,439,477,329,157,264,402,1155,1025,2690,825,1075,1615,1719,2210
"TOR2A",858,765,787,561,1068,669,369,459,312,949,859,1012,683,1212,651,1295,1602
"PRPF38A",540,1266,1157,418,357,371,170,246,426,1153,1282,1488,1105,1395,894,1891,2147
"ZNF266",920,1149,624,412,515,493,300,357,474,1222,805,1693,1060,1150,518,1892,1400
"GAB3",1081,1172,656,593,463,518,272,270,222,1036,1025,1809,770,1192,1045,1495,1817
"HAUS8",281,724,732,302,388,520,140,323,513,1511,1650,1848,1328,1888,1005,1847,2075
"FXR2",1989,700,725,1114,627,658,364,365,236,910,756,1315,659,949,904,932,1373
"NUFIP2",632,953,942,754,665,453,217,325,305,915,956,1475,869,1029,1002,1584,1891
"BRD9",772,643,711,427,719,644,296,429,671,993,996,968,1153,1338,639,1218,1399
"PCNP",332,936,1354,470,203,210,69,120,440,1650,1925,3050,1113,1597,1914,2747,3003
"ARMC5",962,510,500,394,1065,727,764,805,1105,641,811,753,1033,1254,426,877,963
"NUDT16",1034,739,840,490,1010,595,412,496,538,730,857,992,838,1106,801,1160,853
"ZFPL1",1077,568,688,564,920,744,516,686,433,683,811,1029,677,1056,773,1024,1172
"COA3",996,878,806,400,944,657,427,702,574,743,981,467,1222,1139,441,1320,1112
"SDHB",675,1773,1701,647,331,311,88,174,207,1084,1266,1817,1007,1092,1300,2206,2581
"GPR137",767,417,464,424,987,608,540,810,658,824,789,1119,917,1281,727,1105,1234
"DGCR2",959,834,697,562,951,653,447,489,300,871,741,1311,767,990,1070,851,1236
"BTBD6",672,671,630,448,341,336,177,301,454,1423,1534,1431,1153,1551,1032,2051,2158
"SYVN1",1334,678,836,1011,767,710,473,403,290,471,626,1480,676,786,1112,966,1561
"APOL4",1937,2364,1045,1041,724,396,15,272,247,361,1428,700,1499,1275,1079,2192,2791
"CTDSP2",1343,956,1197,974,798,498,347,461,229,511,421,2512,594,667,1346,1069,1307
"ICAM4",1277,1634,1489,927,134,946,295,936,667,461,769,862,843,1145,407,972,1072
"TRAPPC6B",805,1591,887,846,315,647,177,395,595,717,1164,908,1202,989,555,1370,1573
"WDR61",492,1470,1368,502,299,481,109,216,279,1106,1430,1094,1231,1510,852,2355,2726
"RPAIN",723,1174,799,509,305,470,157,316,319,1052,1129,1654,1078,1359,1126,1916,1742
"CASP3",1114,2573,1787,1223,204,653,208,340,105,763,892,1117,741,971,973,1125,2130
"ICMT",646,1255,1564,646,453,439,163,348,256,875,1091,1223,1007,1009,746,1749,2281
"TMEM55B",925,822,768,656,608,428,217,281,233,1022,870,2272,686,999,1727,1347,1812
"SIRT7",990,581,674,707,784,552,332,482,393,799,796,1197,942,1099,915,1123,1369
"CRTC2",1387,505,620,771,1289,743,534,471,302,668,581,1404,565,1003,1140,800,1180
"PRDX4",1442,1652,1602,748,683,635,409,594,389,626,853,357,1176,742,322,1235,1008
"SNHG7",2720,1700,674,1209,1819,1204,1137,1358,205,387,358,241,750,660,246,632,1041
"MAX",1378,1343,1027,1005,812,582,333,438,172,711,505,1725,644,663,1061,1022,1213
"KAT8",1064,1270,932,749,1144,824,484,622,275,630,715,793,578,881,524,961,1178
"DHX15",296,1517,1977,647,229,254,63,132,431,1233,1539,1872,1374,1355,1140,2657,2978
"ACOT7",1003,1247,1781,592,288,655,145,330,315,985,1089,652,980,1405,580,1697,2175
"N4BP2L2",1099,1264,743,573,877,479,392,321,199,791,791,1548,763,888,1080,1262,1414
"KDM2A",987,764,858,582,661,423,288,335,329,810,832,1759,816,1044,1205,1306,1495
"MAPKAPK3",3006,2154,2417,1841,2207,1013,912,695,103,252,365,365,503,505,313,494,1180
"USP34",1004,1403,1122,996,423,523,163,257,305,807,817,1793,789,778,1111,1350,1594
"ZBTB17",1220,640,725,674,1014,873,685,760,497,609,721,612,863,1076,425,892,916
"AFF1",595,735,892,594,327,319,134,188,254,1325,1032,3448,999,1168,2512,1805,1909
"KIF1C",1294,696,997,832,976,698,484,509,346,599,808,793,652,1293,486,870,1277
"BTRC",1006,1609,1098,865,127,530,138,267,295,1212,947,1483,1031,1039,1255,1377,2006
"NUDT22",1629,684,715,698,1202,756,730,1156,490,518,719,411,780,1086,293,1027,882
"PITRM1",866,1144,1039,649,397,537,184,269,323,741,989,1071,1055,1120,1091,1491,2137
"MFSD5",1499,874,683,718,1022,602,460,685,442,511,671,706,874,973,395,1349,1195
"ANKRD52",1223,703,954,786,659,652,434,448,353,748,721,935,752,1059,768,885,1409
"TMEM164",1812,1646,1782,1461,685,785,472,472,182,495,510,652,651,652,504,852,1362
"METTL17",848,1278,1070,571,671,678,347,468,262,776,797,860,820,990,546,1282,1855
"AP4B1",660,669,426,331,567,471,232,241,903,1138,1504,1024,1376,1523,752,1814,1693
"PSMG1",431,1835,1760,479,317,463,83,193,543,993,1468,977,1458,1327,605,2177,2186
"OAZ2",1159,827,819,650,996,550,326,405,340,651,672,1558,770,826,1124,947,1239
"YTHDF1",1081,850,862,604,709,551,366,448,307,822,1008,856,869,1065,644,1332,1352
"VPS26A",590,1169,1114,534,370,384,168,255,288,1074,1119,2182,797,1102,1446,1401,2066
"EDC3",1010,990,817,503,732,587,499,508,540,724,848,650,1057,1046,454,1133,1281
"PSMC1",610,1114,889,431,347,520,188,266,395,1004,1516,1130,1418,1207,812,1738,1811
"DIABLO",1114,1365,1147,665,639,860,418,748,368,596,701,643,807,913,425,988,1136
"SCAMP4",1438,903,1133,796,2156,997,1070,879,227,470,518,593,527,802,346,580,998
"CDKN2D",407,473,201,224,361,205,148,198,811,2053,1531,4187,1406,2428,2465,2167,1748
"MICU1",868,1714,1246,674,663,584,221,397,211,815,703,1588,682,764,945,1107,1556
"GAR1",286,1237,1124,304,185,459,75,176,960,1278,1927,1393,1725,2040,777,2430,2129
"RALBP1",709,1195,1186,574,424,427,246,359,331,591,712,1531,835,964,2637,1168,1413
"RFC1",756,1273,996,603,285,405,122,238,422,1149,1239,1413,935,1238,787,2036,2209
"CIAO1",925,1085,1139,686,692,592,392,491,303,743,774,879,869,838,619,1166,1387
"PPIP5K2",147,714,1304,375,76,96,76,92,790,2589,3157,2418,1971,2487,2070,3938,3095
"ZNF428",1576,771,798,818,1353,1351,867,1081,495,446,655,219,851,1022,220,892,833
"QRICH1",627,1068,1184,709,362,452,176,208,250,1083,987,2187,682,1146,1170,1516,2449
"TRAF2",988,689,734,495,879,680,528,557,593,801,852,610,1312,1106,448,927,1045
"GNPTG",1977,1035,1018,1244,1476,771,533,523,96,545,615,941,478,743,865,755,1095
"COX15",680,1330,814,376,503,500,316,363,557,910,1110,875,998,1156,676,1456,1497
"SPI1",6963,1467,1388,4300,21926,3312,6792,4437,47,144,54,242,209,610,143,63,172
"MYO1C",1872,564,1082,1079,931,794,547,814,266,598,638,845,598,856,473,816,941
"SERPINH1",595,1203,1238,598,203,734,199,445,332,867,810,1076,828,1286,749,1830,2533
"POLR2B",724,1530,1333,673,329,372,147,220,181,1050,1115,2029,827,912,1147,1799,2425
"ASPM",160,1074,958,250,186,299,41,131,469,1948,1946,4285,1210,1955,2141,3401,3298
"MSH6",378,1518,1336,365,321,404,128,235,339,1378,1345,1215,1077,1299,847,2279,2815
"ORMDL2",1125,734,702,533,629,460,278,492,455,925,1106,804,1002,1201,790,1305,1162
"PDLIM7",2499,575,770,1113,2309,1295,1400,1195,211,500,397,652,402,642,313,492,880
"PSMG2",523,1766,1388,598,291,374,98,173,155,1449,1215,2381,776,1171,1420,1938,2606
"PTRF",4005,1691,3392,4182,219,3120,1285,1085,293,135,319,160,1131,353,142,462,930
"VWA5A",13038,5320,6783,6842,1302,2503,1319,1301,21,127,172,138,213,170,278,292,846
"RAD51",237,1181,868,222,234,333,89,287,720,1707,1799,1425,1580,1736,923,2892,2377
"DDA1",896,707,961,701,711,628,346,518,233,903,700,1369,617,1100,818,1112,1495
"MZF1",1011,453,447,698,791,721,541,527,355,824,666,1330,899,1285,954,717,1328
"ATF6",855,1562,1192,731,350,393,192,264,152,979,834,2375,663,824,1615,1463,1975
"ACTR2",588,1605,2267,1049,471,334,145,201,259,795,1010,1318,727,975,780,1659,2351
"RHNO1",288,942,738,327,231,240,76,131,423,1824,1878,2938,1219,1642,1819,2688,3716
"CREBBP",508,508,785,447,467,375,182,218,370,1051,1018,2972,1120,1260,1816,1761,1825
"PDIA4",1578,1170,1930,1118,1125,576,737,582,280,424,704,401,811,642,293,745,1355
"CIR1",725,828,712,460,429,410,200,241,365,922,1068,2002,1029,1414,1421,1646,1472
"PPP1R16A",1268,712,891,750,840,1174,550,989,507,424,706,390,945,1008,348,821,1100
"FAM173A",1462,495,902,734,1466,1055,895,1319,781,402,694,203,998,1077,194,852,764
"POLR2F",839,934,1099,534,661,656,328,635,283,735,900,793,801,1180,531,1339,1443
"FLAD1",936,881,1002,543,689,648,451,635,390,668,878,602,897,1089,496,1121,1385
"LEMD2",1340,608,694,673,1415,748,700,636,306,671,622,846,609,879,602,848,1101
"TMUB2",983,588,535,597,1005,539,445,480,343,698,588,1566,817,887,1152,1084,1337
"VPS11",1094,1127,1118,696,617,481,260,319,166,821,806,1953,579,869,1185,1120,1633
"FUCA2",1714,1869,1746,1116,696,715,286,451,212,443,822,504,912,702,403,1033,1283
"ARCN1",1350,1424,1103,795,558,451,267,278,169,733,876,1286,785,798,920,1348,1602
"RYBP",390,1539,1776,1010,131,509,66,104,247,1091,1024,3237,1166,1046,2113,2021,2067
"DCUN1D1",383,892,1102,510,119,220,47,121,340,1657,1616,4455,1218,1471,3006,2631,2739
"MRPS9",498,1497,999,378,271,418,154,381,578,949,1299,1157,1324,1292,779,1590,1634
"USE1",1140,678,547,457,954,600,520,645,900,632,741,702,909,1216,479,1014,904
"STAG2",212,752,1119,377,193,203,76,201,356,1508,1418,4684,1123,1371,2595,2798,2938
"LCMT1",1127,1069,641,539,796,723,496,707,578,617,921,559,856,976,349,1137,1026
"ARSA",1842,351,613,1189,2484,878,1273,591,494,499,384,437,733,1006,483,716,604
"USP12",340,443,715,361,154,243,88,163,611,1363,1490,4091,1661,1610,2543,2909,2265
"ATG4D",400,468,587,399,247,389,91,209,300,1619,1202,3900,1327,1824,2680,1800,2317
"TOMM70A",574,1720,1226,515,281,364,143,202,365,1020,1113,1391,1056,1155,976,1876,2129
"VRK1",172,1594,1309,264,195,293,54,146,463,1847,2145,2146,1422,1875,1132,2882,2992
"FGFR1OP2",306,645,747,384,190,249,89,153,366,1552,1530,3985,1433,1517,2670,2722,2329
"USP14",317,1037,1266,422,147,186,87,128,425,1506,1704,2952,1058,1590,1681,2771,3334
"CBFA2T3",1429,975,1059,1085,715,1356,828,715,333,461,489,535,663,846,341,635,1076
"TAF11",564,902,826,413,388,512,168,282,492,1032,1309,1305,1144,1254,695,1898,1873
"KCMF1",644,1076,900,582,359,311,151,253,312,1096,1071,2400,749,992,1343,1736,2081
"MFF",769,1457,1038,505,521,416,212,321,248,906,1077,1246,862,1045,732,1633,1761
"SUMF2",1319,3571,2068,1251,691,661,267,349,171,531,765,677,553,675,422,742,1643
"LGALS8",1101,1212,1450,846,387,582,208,192,183,789,857,1834,684,785,1220,1287,1704
"EIF2A",1294,2236,1576,794,264,621,137,297,162,798,980,1441,606,824,768,1297,2114
"PLRG1",466,1697,1229,532,296,432,116,186,326,1073,1317,1547,1151,1202,782,1828,2317
"ZFYVE21",470,643,636,509,193,213,88,163,421,1450,1433,3061,1348,1612,2365,2193,2509
"HLA-C",5896,608,647,2587,2114,493,239,484,475,754,365,870,1335,237,253,1083,581
"DERL1",827,989,1003,716,643,468,315,396,298,573,838,1460,761,859,916,1117,1487
"CUX1",903,1023,881,769,972,685,387,412,254,575,715,1224,593,876,704,961,1492
"UBE2Q1",1090,1346,1096,861,524,407,205,270,198,754,858,1838,528,815,1144,1220,1892
"DNTTIP1",935,1014,917,637,953,656,328,508,241,754,733,872,851,771,634,1192,1321
"SURF6",857,1187,1135,746,974,843,669,655,430,433,851,281,1161,996,283,780,1170
"C21orf2",1508,417,472,688,1899,1001,937,1340,788,453,670,248,1019,1039,300,736,586
"FOXO3",202,349,740,337,137,265,51,145,620,1610,1260,6750,1645,1686,4421,2746,2661
"PRMT2",2292,1010,927,1148,1621,720,640,720,319,424,648,362,596,700,312,667,1090
"DNAJB6",958,1323,1071,679,695,512,279,398,222,507,616,1700,774,841,1333,1006,1122
"UTP18",547,1325,1077,433,540,530,203,293,533,789,1246,786,1164,1167,492,1571,1675
"SCAMP2",1509,975,861,887,1502,686,662,813,300,517,424,585,599,777,622,645,903
"SRGAP2",733,428,498,404,1038,344,346,310,348,1245,842,1995,855,1088,1451,1288,1346
"TAF7",824,1592,1065,635,595,589,183,227,263,847,683,2296,395,756,1271,1627,1432
"PPP2R5B",623,390,504,541,273,516,170,438,249,1118,822,4896,589,1234,2148,1291,2486
"DCAF12",261,683,774,359,158,160,59,150,635,984,951,6784,1672,1420,4423,2733,2654
"API5",543,1210,1359,520,330,372,154,294,361,976,1058,1327,959,1042,893,1732,1983
"XRCC1",823,1302,993,615,617,732,308,299,163,782,797,1394,591,1221,867,872,1838
"C14orf1",1232,1474,1526,760,657,640,418,753,212,478,700,780,541,768,434,1107,1226
"NFX1",665,981,877,545,459,498,223,322,377,1021,1015,1428,944,930,848,1146,1601
"TBL1XR1",367,1164,1129,564,305,328,79,134,274,989,1176,2904,1197,1210,1961,2218,2117
"RBM12",358,1276,1477,468,268,332,103,180,338,1090,1341,1776,1027,1211,1214,1991,2622
"EIF2B1",757,1354,1252,572,562,393,230,279,308,722,1100,960,1042,1070,543,1435,1779
"RUNX1",1795,1342,787,839,1679,968,1097,807,281,276,452,385,637,691,284,779,1149
"SLC9A3R1",1607,1248,1342,1038,1664,861,736,743,245,314,531,578,502,756,327,630,865
"PRKD2",841,386,451,351,842,530,419,291,475,937,998,1619,906,1703,1097,937,1171
"TMED2",816,1725,1919,981,609,471,156,220,224,657,777,1201,719,763,747,1281,1926
"MOSPD3",950,813,1132,667,725,1243,313,724,146,873,609,674,593,1027,620,989,1548
"SUV420H2",534,387,609,394,590,497,287,390,296,1332,934,1519,797,1622,1052,1431,2081
"CDCA8",173,1474,1207,294,113,237,36,106,290,2184,1585,4844,1034,1662,2531,2917,4781
"MYH10",191,1360,1543,368,50,527,78,274,466,1503,1449,2573,951,1835,1208,2132,2917
"THAP4",1262,1142,1404,750,795,918,456,577,245,485,650,547,637,863,462,802,1384
"HSDL2",639,1304,915,385,314,321,202,332,393,848,1331,809,1130,1260,756,1963,2346
"SZT2",1245,583,425,623,959,667,474,351,415,758,804,1179,676,1319,789,600,1376
"BLOC1S2",658,967,923,582,405,364,139,248,395,947,1227,1402,994,1213,826,1726,1804
"DUS3L",836,907,781,676,746,841,384,415,264,761,758,931,789,1341,616,707,1313
"PDCD6IP",608,1382,1401,779,443,392,127,190,189,897,1055,1667,804,979,1011,1630,2187
"CNOT8",406,1487,1057,607,251,303,75,133,265,1195,1383,2326,1050,1188,1395,2423,2442
"PPP2R3C",473,1016,707,339,404,269,111,209,472,1332,1442,1800,1124,1333,1025,2185,2048
"POLR3H",719,792,958,426,542,727,294,494,393,786,882,712,1245,1152,492,1205,1526
"RABEP1",919,1365,1165,612,434,401,205,355,296,810,829,1080,857,855,878,1385,1541
"ZYX",3987,1696,1211,1950,10904,1936,3324,2193,74,164,113,291,387,480,144,169,450
"COMMD7",2314,1827,1164,1064,1450,1110,966,1058,394,274,413,146,632,658,164,778,909
"NOP9",634,649,708,398,583,480,361,413,795,805,1076,643,1180,1441,587,1156,1345
"ABHD17A",1117,433,767,728,1236,788,651,891,437,596,640,574,770,859,445,820,909
"MAPK1",658,1197,1247,700,306,283,129,194,140,909,950,3110,783,796,2177,1791,2261
"XPNPEP1",972,1293,1069,614,528,531,273,348,222,782,967,1169,653,958,629,1099,1750
"COMMD1",897,940,592,388,576,508,220,442,704,958,1215,495,1396,1262,418,1606,1216
"NSDHL",1561,1118,1107,640,813,703,668,895,293,390,603,588,707,839,377,843,973
"HIGD1A",266,984,1050,367,82,223,65,126,448,1575,2089,2231,1433,1935,1705,3175,3568
"DEDD",829,757,641,469,554,436,261,315,345,1165,1039,1273,812,1128,864,1389,1475
"NDUFB5",391,1437,1375,592,247,351,86,163,381,1055,1548,1230,1307,1067,978,2437,2113
"ELP2",847,1297,793,360,371,563,273,384,493,660,1063,761,1087,1073,686,1571,1375
"C1orf35",613,606,772,485,515,617,248,373,477,1107,943,1013,948,1333,711,1145,1475
"QSOX1",3558,2054,1063,1892,6607,1587,2358,1843,119,214,168,284,365,545,145,218,406
"CNN2",2915,1616,1060,1993,4723,1442,1824,1797,169,194,327,178,561,590,114,224,586
"STRIP2",1387,703,1234,1284,115,653,201,265,232,979,863,1308,715,857,1537,1166,1617
"PRPF4B",329,619,775,372,298,248,108,164,629,1437,1523,1812,1267,1711,1324,2463,2088
"TMEM41B",675,466,442,354,412,325,230,380,668,1200,1356,1664,970,1219,912,1991,1328
"FAAP100",1210,580,839,642,1198,812,669,596,486,613,625,516,679,1025,316,754,1229
"AGAP3",3389,596,1049,1740,4688,1223,1605,1705,216,185,447,129,556,432,129,642,796
"TMEM175",967,482,499,529,1047,840,450,485,443,815,676,917,691,1196,648,889,1157
"KLHDC8A",307,486,629,435,53,427,43,314,484,1396,1262,6992,1233,1364,4455,1793,2224
"WSB1",371,838,880,583,355,219,78,132,297,1497,1299,4250,730,1176,2094,1836,2570
"MYO1D",1628,2300,2351,1183,105,875,215,288,145,658,742,1422,501,655,1012,940,1377
"STK17A",318,868,872,486,137,342,60,141,463,938,1467,3303,1524,1281,2496,2195,2384
"KPNA1",520,1090,1057,544,348,336,122,230,302,825,897,2572,819,967,1993,1468,1914
"CPSF2",488,826,1067,450,358,414,151,324,405,991,1081,1511,1029,1070,915,1624,1841
"MPHOSPH8",805,826,750,532,436,425,218,266,441,748,1087,1177,911,1323,811,1530,1552
"NAGLU",2520,703,986,1043,2211,1096,935,1320,313,327,471,331,631,620,150,557,826
"HDAC10",2034,725,729,977,2875,1539,1694,982,187,341,468,319,473,742,224,495,822
"MED29",821,774,731,375,527,513,254,440,894,867,844,890,919,1030,729,1047,1231
"NCBP2",740,1285,1315,656,448,374,219,271,457,751,1076,729,1006,1090,494,1389,1621
"UBR5",691,1112,926,649,478,431,182,280,266,739,840,1610,754,999,1160,1491,1599
"DNAJC4",2180,593,522,862,1586,935,1030,976,389,438,581,506,506,862,289,562,806
"BRD7",515,1151,939,408,272,326,116,222,382,1080,1301,1909,912,1213,1099,1957,2039
"AGPAT4",334,100,148,187,467,138,163,240,1265,1864,1870,3918,2408,2669,2646,1590,1976
"GBA2",1128,716,813,659,745,599,336,358,193,762,647,1396,683,946,940,950,1476
"SIRT3",1078,595,415,752,377,781,217,375,396,1911,602,1548,767,323,1596,1694,1126
"GGCT",596,1700,1201,530,449,541,226,364,480,748,1148,508,1141,1126,301,1683,1455
"TM7SF2",2726,897,820,893,1199,910,843,1343,270,323,320,554,532,537,882,452,617
"CKAP2",174,807,1023,287,91,122,52,96,548,1216,2663,5265,1180,2117,2639,3500,3979
"TTL",726,653,536,426,583,407,277,345,411,1049,982,1456,886,1142,729,1547,1509
"CCNE1",144,713,664,195,98,377,48,219,539,2445,2096,2400,1744,2394,1406,2705,3738
"TAB1",861,1024,968,587,714,684,365,405,368,714,774,630,825,1062,466,939,1433
"ANKRD11",727,667,674,542,580,481,244,299,575,877,772,1225,829,1519,826,1020,1402
"CD55",3134,1966,1899,1841,384,745,402,329,80,334,326,1938,399,405,1290,783,951
"LAMP2",511,1336,1455,963,529,352,181,226,160,870,898,2014,501,833,1408,1203,1795
"PPP2R1B",121,693,866,241,150,260,64,147,660,2129,2170,2255,1419,2282,1499,3039,3036
"COA4",807,1311,1391,494,310,526,174,405,284,806,1088,602,1158,1077,497,1653,1803
"ADNP",638,979,892,528,418,440,228,361,380,834,806,1634,760,815,962,1275,1674
"C9orf114",762,771,866,432,607,678,348,481,663,738,820,596,1019,1177,406,1007,1318
"LRRC45",667,376,572,325,1258,602,598,855,1153,628,888,454,977,1460,272,1072,1022
"MFSD1",792,1688,1280,962,1020,418,212,296,167,573,779,1035,718,727,769,1229,1357
"RCC1",594,1397,2021,550,407,457,160,235,283,911,955,950,901,1062,618,1163,2176
"CDC42BPA",734,1304,1045,641,146,414,178,279,461,998,1060,1422,1012,879,810,1349,1707
"WDR82",659,1363,1738,874,297,394,94,150,180,991,868,2091,795,873,1233,1487,2266
"RPIA",146,977,1050,253,136,178,64,139,617,1781,1619,3000,1408,1894,2121,2888,2576
"MLC1",2120,4644,4308,3567,723,1440,544,400,41,181,432,184,604,454,215,676,1876
"ZGPAT",949,382,467,443,1195,647,541,475,507,742,894,695,859,1446,554,864,1052
"ZBTB7B",1248,605,1040,1162,1500,757,442,783,174,480,433,1361,322,649,905,617,1005
"KCTD20",468,1217,1163,534,285,316,106,194,204,1045,913,3022,819,985,1615,1597,2577
"AP1G2",3056,1042,914,1133,2028,1060,1171,1003,212,310,513,288,446,733,171,499,816
"KIF18B",140,592,643,222,240,341,80,134,718,1852,1755,3158,1335,2073,1579,1984,2762
"PSMC6",389,1082,1097,404,176,261,93,151,545,1187,1597,1498,1273,1446,1096,2386,2181
"RANBP2",483,1134,1212,590,357,355,133,170,241,1073,1138,1571,921,1108,1032,1695,2189
"SMPD1",1607,618,460,642,980,649,547,704,697,545,689,418,853,1023,383,977,774
"MGMT",1213,847,676,584,1783,1035,853,901,712,450,946,127,958,522,168,1013,882
"IGFLR1",2244,390,311,1262,1479,697,1353,1124,240,496,528,455,611,879,287,1075,712
"PRKAR1A",746,856,1323,819,526,396,180,211,378,682,1042,1098,727,920,908,1446,1382
"LAPTM4A",1364,1298,1200,1394,401,380,121,184,197,765,695,1775,513,851,922,1440,1731
"MARK2",914,486,771,679,996,625,527,620,328,669,583,1057,650,845,728,712,1067
"ABHD2",379,1208,946,560,357,431,134,240,310,891,1147,1768,1000,1067,862,1433,2151
"POP4",689,853,909,472,459,419,205,403,455,817,1052,950,980,993,587,1550,1476
"SLC52A2",1717,732,1192,1075,1066,867,532,556,160,476,566,578,599,790,412,681,1261
"MICAL2",285,722,1249,356,146,378,126,175,221,1140,675,6392,915,1146,4187,1297,2516
"FHL2",412,1295,960,420,24,403,124,192,362,1495,1513,2964,1000,1305,1306,2538,2528
"EEF2K",1577,1189,924,1171,229,608,187,257,296,665,875,682,858,1072,480,1376,1913
"CCNG1",660,3214,1947,935,221,384,121,165,144,778,968,1692,657,742,967,1458,2124
"PFDN2",859,1080,1143,626,419,387,196,293,186,885,1009,1118,832,1214,711,1321,1721
"C4orf3",869,1493,1397,874,734,597,230,300,210,681,796,556,772,869,462,1442,1356
"CDC123",828,1937,1764,795,519,569,247,364,152,615,728,795,735,803,487,1159,1681
"TM7SF3",585,2792,1886,649,413,377,167,202,159,708,917,952,691,850,791,1604,2287
"IDI1",1552,1837,1767,1067,833,688,359,393,148,436,552,910,505,494,570,878,949
"MAGED2",2723,1238,1082,1190,705,721,514,519,133,488,496,596,426,611,584,833,1144
"SPPL3",766,724,641,495,567,451,242,414,394,694,901,1323,792,903,964,1326,1290
"KIF5B",496,662,726,441,535,291,151,246,416,967,1147,1540,941,1172,1192,2031,1470
"MRPL22",509,1270,1269,409,287,420,149,327,283,980,1086,1135,1016,1135,776,1614,1727
"APOL3",286,406,287,176,102,200,75,203,711,1548,2203,3820,1854,2784,2241,2695,2667
"EML3",2107,935,997,1137,3069,1701,1894,1302,188,271,347,225,437,626,142,423,693
"ALDH18A1",603,1576,1222,471,222,347,181,335,356,610,1083,1068,1101,944,572,1791,2332
"FBRSL1",1090,497,946,964,766,847,508,448,212,613,610,1202,511,800,604,662,1393
"POLR2D",461,918,979,305,310,456,216,324,587,900,1247,777,1198,1351,549,1647,1704
"MED16",641,507,558,324,574,609,364,702,843,611,701,1121,966,937,865,760,1265
"ZNF24",681,756,724,405,429,440,224,383,308,790,755,1750,705,863,1308,1708,1495
"TREX1",612,492,283,281,1367,573,370,657,623,768,1092,472,995,1705,466,1398,1242
"KPNA6",559,839,1002,570,361,417,158,241,209,872,808,2095,816,1035,1562,1301,1912
"KIF4A",159,928,795,205,106,228,45,175,528,1951,1780,3426,1294,1922,1826,3004,3189
"COQ4",1157,749,684,515,781,858,564,752,716,465,716,319,1052,964,253,961,910
"AXIN1",996,842,942,716,695,742,359,362,198,708,617,1490,479,882,754,690,1435
"PURB",675,781,689,456,559,391,250,281,343,853,949,1406,742,1103,879,1532,1437
"DCP2",362,1201,775,379,381,211,109,118,444,1310,1360,1847,1107,1286,1209,2163,2021
"TOP1",144,856,1286,327,83,114,27,90,316,1912,1695,7606,1081,1842,5497,2580,3877
"PDHB",628,1679,1442,610,269,437,190,325,215,693,922,1177,833,1035,686,1327,1756
"PPHLN1",495,1202,1154,505,225,364,168,332,304,855,1068,1320,916,980,827,1697,2044
"EXOSC9",540,1152,1039,389,292,490,119,241,258,1025,1363,1307,995,1281,762,1755,1790
"PKIG",1025,1783,1476,727,170,1058,266,652,313,537,743,650,715,874,350,927,1433
"MTA1",781,1048,1636,1056,809,977,381,383,119,537,563,904,504,786,497,833,1660
"CHMP7",1032,784,832,557,683,591,408,576,479,577,655,583,837,933,458,945,1190
"TBRG1",1172,836,712,784,687,588,338,317,207,664,655,1061,739,913,731,1125,1203
"CDH1",62,2131,1995,239,36,520,23,109,235,1848,2005,7166,1568,1415,2884,2335,2788
"MAPKAP1",782,1226,1469,631,574,583,208,336,168,720,714,1042,694,846,657,1136,1764
"IRF1",393,342,415,288,255,211,111,267,461,1080,1285,2913,1651,1569,2281,2071,2347
"AHSA2",1903,1017,472,1189,860,551,310,357,256,569,702,884,549,1019,502,1007,983
"KMT2D",849,567,645,574,966,550,354,356,291,727,557,1470,536,1171,1166,805,1174
"ATP6V1G1",908,1509,1250,895,555,383,150,256,175,705,960,1096,629,830,917,1246,1412
"TMEM120B",359,491,463,254,211,304,125,226,585,1599,1370,2697,1058,1636,1340,1822,2401
"FKBP15",1089,1052,748,759,1244,434,353,308,206,712,711,971,594,871,577,891,1308
"ZNF394",925,619,537,446,502,511,320,457,679,597,744,1107,764,1210,672,1256,1022
"RN7SL2",3968,195,226,698,1286,1466,768,6483,577,220,201,180,284,1430,1736,650,422
"ATN1",1603,777,1188,1279,862,716,434,303,183,535,497,1031,316,711,599,669,1832
"MSRB1",1255,700,704,565,2191,464,672,867,314,378,349,1059,601,743,1055,518,571
"CDC42EP4",825,668,713,548,182,515,204,341,414,795,859,1602,834,1370,682,1387,1888
"CIAPIN1",774,1378,1110,556,370,505,217,340,226,738,941,801,1024,991,550,1311,1540
"ASB6",595,634,684,435,531,494,219,405,318,888,848,1193,970,1099,956,1221,1408
"ZFP91",409,885,959,483,294,321,96,190,311,1143,1197,2119,962,1086,1245,1811,2020
"POR",2281,714,1016,1219,3370,777,1104,1171,236,296,303,282,452,507,360,429,769
"XK",330,1080,1036,498,22,232,18,98,278,2075,1924,4840,1263,1615,2794,3349,3765
"RRBP1",3443,1604,1295,1829,3045,1592,1467,830,158,209,387,155,461,486,148,271,670
"TMEM161A",977,740,869,585,959,907,663,714,463,417,632,330,819,964,269,866,1072
"RNF144A",928,818,883,890,150,499,139,168,292,1004,850,1733,937,997,1072,1590,1680
"ZPR1",1239,1303,1090,638,333,458,215,264,333,658,875,778,984,845,553,1247,1490
"CUL1",897,1239,1185,630,551,493,314,431,191,604,678,912,701,762,644,1159,1428
"CD163",6076,2666,3214,7204,7907,2133,1402,2105,58,214,63,233,214,426,81,100,202
"TMEM101",1261,887,809,644,756,673,435,647,352,596,636,443,853,810,347,952,1060
"SS18L2",480,908,718,377,342,375,161,328,600,1021,1124,1007,1128,1232,714,1783,1236
"PPRC1",764,949,1176,452,562,679,318,495,367,605,846,501,810,1156,408,976,1477
"DLD",230,1737,1623,555,177,282,49,85,390,1251,1535,1871,1129,1266,1044,2279,2834
"OXSR1",501,888,932,599,240,326,83,136,288,1092,1085,2136,1022,1195,1399,1881,2193
"CDC6",130,1038,1020,198,215,366,74,248,616,1384,1828,1345,1268,1873,776,2566,2694
"GGA3",725,754,668,587,673,505,280,318,340,733,640,1429,616,875,1031,961,1528
"ISCA2",648,1163,1036,520,247,403,117,232,309,1164,1074,1449,729,1148,918,1526,1617
"PPP1R15B",257,666,828,390,318,188,76,105,214,1404,1378,4004,895,1347,2327,2854,2988
"RAB14",893,1361,1167,799,526,461,217,360,245,608,670,1027,901,585,777,1047,1245
"TMEM245",420,855,1128,638,157,327,57,198,300,1009,1065,2931,1060,1055,1522,1838,2402
"SRRD",510,795,873,354,172,480,189,410,577,689,946,1074,1400,1198,1065,1473,1344
"SNX2",624,1388,1178,574,498,294,133,184,163,996,797,2433,563,817,1497,1326,1842
"TEX264",1784,961,787,842,1414,919,859,1013,327,422,444,242,724,761,161,821,722
"DHX8",703,797,716,419,680,452,241,345,336,744,787,1405,726,1018,903,1093,1329
"MKNK1",877,695,822,541,554,480,275,306,325,652,730,1378,782,922,833,1084,1358
"TINF2",880,922,785,600,418,375,190,329,250,933,718,1658,679,747,1046,1346,1517
"HSPA14",467,986,994,376,262,389,139,202,382,1053,1306,1217,1169,1152,666,1993,1947
"NADK",704,861,1152,647,953,492,328,434,332,498,700,712,716,1021,482,997,1283
"CIT",167,756,685,155,235,319,67,154,595,1789,1697,2936,971,1921,1564,2197,2751
"BZW2",512,2489,1692,537,332,597,187,277,256,662,800,566,854,814,659,1255,2040
"VDAC2",582,1282,1147,542,297,394,127,184,306,875,1069,1382,1009,997,725,1585,1849
"RBM23",567,915,1074,547,301,326,157,306,211,823,947,1752,823,923,1129,1592,1896
"EDEM2",2281,1376,862,950,1192,664,595,716,227,397,476,413,652,602,318,640,823
"GLE1",719,1104,765,377,583,407,211,353,452,764,978,996,908,795,713,1088,1422
"B4GALT2",964,890,1036,563,361,853,365,685,553,458,808,480,874,939,303,799,1375
"TP53",471,1849,2002,527,381,551,172,262,97,922,673,2022,443,714,1028,1083,2642
"MIR4435-2HG",952,596,618,521,327,796,373,1876,694,516,497,716,1074,918,359,1371,485
"ZFYVE1",1004,435,478,620,599,458,370,468,418,638,650,1702,713,850,1146,834,989
"PCGF5",257,686,818,380,141,229,46,138,506,840,1116,4811,1333,1518,3678,2174,2098
"RAD54L",216,757,725,242,343,545,144,323,597,1198,1113,1315,1344,1513,668,1498,1873
"TPRN",978,486,559,480,919,786,548,787,647,568,734,427,900,1045,295,793,992
"VPS18",2761,876,752,1076,2879,1167,1370,1274,397,252,386,154,557,611,135,442,571
"ATRIP",503,407,445,210,520,539,355,515,890,909,1006,711,1379,1513,485,1452,1197
"MPRIP",629,796,767,476,359,296,224,258,405,926,869,1387,803,1206,853,1416,1707
"FAM207A",756,491,754,377,867,868,682,1044,899,494,803,305,1060,992,255,855,663
"CD320",924,983,1447,649,298,1147,356,1162,642,439,771,175,1757,906,129,889,1010
"CHFR",649,630,851,664,559,445,253,373,237,754,767,1647,691,817,965,1090,1377
"ZNF335",711,509,546,369,941,499,402,312,399,723,762,1187,829,1274,840,813,1237
"DHFR",117,1323,1204,214,162,266,46,133,363,2140,2037,2343,1306,1312,1177,2398,4166
"PYGO2",886,871,687,547,712,576,356,529,275,635,629,931,658,793,659,995,1263
"COQ9",649,1149,981,484,398,475,224,376,237,860,907,854,904,995,641,1289,1470
"TNRC18",854,682,1049,739,1154,751,681,747,302,405,423,801,465,721,428,613,1295
"TMEM138",752,728,635,509,725,391,259,412,287,755,827,1178,720,899,761,1218,1447
"CTNNB1",735,969,1030,625,625,323,165,227,342,669,971,1190,725,963,768,1234,1541
"IRF9",624,366,381,504,425,303,148,194,282,1336,981,2644,1033,1136,2192,1382,1575
"GIGYF2",584,845,897,565,461,419,174,251,411,642,843,1326,775,1078,962,1225,1497
"TCEB1",583,922,973,434,294,323,107,256,298,1091,1278,1044,993,1270,808,1861,1817
"USP32",499,719,637,320,243,231,134,226,332,1209,1212,2820,912,1160,1623,1571,1886
"AMMECR1",63,1069,1279,272,32,277,10,86,400,2023,2373,4823,1891,2098,2344,4732,4868
"CALU",1290,1220,1315,1043,751,527,308,329,201,580,614,774,526,691,409,976,1254
"ALKBH6",760,401,469,474,762,714,492,651,488,712,728,708,718,1223,549,872,998
"SKA2",226,752,772,223,186,219,55,179,657,1570,1899,2271,1342,1888,1060,2530,2174
"CTNS",1973,631,668,975,960,831,652,762,248,430,405,722,460,562,1143,463,601
"KDM5A",742,713,618,416,529,373,193,324,418,832,765,1084,919,959,1152,1402,1273
"PNISR",567,941,702,527,480,315,158,181,301,773,1027,1807,616,1260,909,1677,1959
"RMI2",201,743,797,298,357,541,88,234,663,1093,1301,1034,1401,1374,799,1908,2001
"PSD4",1609,976,1279,1022,1225,1140,706,498,154,394,473,437,441,758,274,572,1163
"RSAD2",536,437,516,492,37,320,77,183,613,1315,987,3146,2213,1596,3109,1746,1329
"ABCC4",637,1396,925,836,37,418,79,149,180,936,874,4453,670,728,2821,1897,2883
"CUL3",400,1121,1151,521,377,319,98,147,440,882,1004,1555,776,1103,1120,1632,1812
"NEK9",618,1361,967,540,313,401,157,212,281,813,914,1242,816,910,880,1468,1791
"RNF166",1065,538,661,584,1669,595,778,771,384,435,619,529,585,783,298,729,1100
"DPM3",1171,539,541,433,976,664,616,1132,454,603,579,374,824,960,406,999,617
"TARBP2",1001,780,699,548,807,673,443,674,550,432,719,381,983,867,271,1030,1033
"GABARAPL1",785,430,355,544,414,220,195,197,286,754,526,4169,788,1307,3484,1412,1400
"HAUS5",337,702,658,305,448,494,177,284,537,1135,1224,1233,845,1450,683,1093,1773
"SPG20",367,659,1055,444,227,189,106,159,400,1012,1388,2215,980,1131,1555,2077,2022
"POLR1E",634,1376,947,401,314,584,288,392,682,659,852,569,1103,1049,335,1169,1128
"ARHGAP33",513,356,319,253,526,413,239,228,560,1333,1114,1953,714,1808,1151,1092,1624
"SH3BGRL",408,1837,1532,811,301,216,67,99,150,994,1294,2736,598,1030,1047,1943,2508
"SFXN1",586,1161,1410,438,204,403,224,237,423,809,1092,762,807,1086,561,1396,2065
"CDK5RAP1",670,876,678,353,490,447,269,359,439,744,916,730,1112,1133,459,1422,1421
"NAGK",2375,784,606,983,2713,505,704,643,133,496,447,541,532,642,421,564,767
"TRIP6",836,1473,1826,1095,1077,1731,604,866,139,299,643,254,626,567,157,603,1141
"NOL6",670,922,1173,634,266,532,179,265,363,639,889,923,914,914,688,1108,1944
"BSPRY",1306,2231,1330,1059,409,1294,450,1321,139,403,562,533,366,552,400,493,759
"ACOT8",759,727,578,437,504,410,299,463,537,620,786,782,1021,996,593,1328,1105
"GTF2A2",340,1336,1324,553,215,357,75,113,248,1031,1417,1487,980,1281,1046,1958,2171
"TXNDC11",1319,653,610,635,905,536,444,467,305,523,623,772,683,817,599,856,959
"DYNC1LI2",657,430,522,454,457,407,231,409,414,780,857,1475,842,943,1189,1254,1247
"FAM127A",2093,812,809,947,962,967,633,701,208,450,525,433,533,633,261,693,938
"ENTHD2",1077,380,402,575,1104,608,464,325,266,684,599,1218,621,976,1044,793,1076
"PMF1",1027,658,580,423,784,829,542,728,409,525,702,434,807,992,336,949,948
"THADA",582,900,674,420,762,442,305,283,396,671,925,709,935,1101,536,1318,1265
"ATAD2",95,673,840,194,147,162,43,124,424,2057,2060,3781,1221,1938,1967,3254,3777
"PRPF38B",506,830,802,496,518,322,160,297,392,849,878,1178,770,1221,882,1241,1456
"ACTR10",430,990,891,419,223,228,77,125,333,1339,1300,2228,1051,1145,1395,2019,1840
"TRAM1",734,865,1126,685,714,392,198,192,185,730,795,1230,671,868,917,1276,1427
"CHD8",851,861,844,578,721,491,336,370,294,709,655,987,621,858,540,846,1311
"TNKS1BP1",795,1163,1099,776,619,863,203,337,279,622,458,851,367,1313,556,717,1751
"GPT",701,840,547,576,254,906,394,1380,1016,310,952,296,1179,1073,182,1000,1269
"HIPK1",214,555,731,382,110,127,58,87,359,1805,1637,4059,1237,1896,2533,2973,2960
"PANK2",440,1219,756,430,392,349,123,260,320,937,1069,1190,982,1104,777,1486,1751
"TRA2A",338,724,804,363,332,271,89,167,373,1156,1621,1492,1083,1403,1032,2069,1900
"JAGN1",992,1338,1042,540,620,602,311,464,240,542,649,707,630,668,495,1013,1254
"AKAP8",597,588,637,370,528,415,246,369,484,818,910,1039,927,1073,632,1310,1277
"ZNF282",1179,859,1043,730,974,1058,552,570,243,453,520,492,644,649,355,569,1027
"ZNF592",447,535,547,336,526,395,217,295,484,946,769,1992,848,1183,1044,960,1543
"JMJD4",924,451,451,328,484,606,359,587,644,957,878,473,1146,1059,464,1014,1125
"PLA2G6",472,719,551,265,315,1736,449,315,382,824,653,1674,606,1063,867,746,1110
"APTX",622,919,791,386,441,441,252,384,487,732,920,659,1116,1029,485,1275,1217
"RAB1A",651,1283,1409,878,520,254,101,108,175,867,900,1743,651,855,954,1563,1939
"RAPGEF2",761,688,882,906,74,218,58,90,281,1003,871,4642,905,1011,3510,1895,2012
"CDK11B",737,528,651,470,464,501,200,298,358,892,838,1333,716,1467,824,858,1403
"HMGXB3",995,1037,1154,735,685,597,238,360,134,595,653,988,570,709,597,1003,1548
"LRFN4",1371,915,1730,1162,970,1212,571,1035,176,327,506,283,509,577,252,477,1038
"C11orf73",421,1106,832,383,224,299,93,263,411,1117,1202,1158,1197,1288,773,1903,1624
"HIF1AN",789,901,704,546,615,434,234,332,337,646,674,1001,814,912,772,1018,1235
"EIF2B3",533,969,845,303,295,384,176,365,695,729,1256,437,1554,1362,407,1680,1484
"HMOX1",1291,453,389,1155,2122,437,327,562,82,368,94,1892,563,1199,3075,501,1915
"GOSR2",783,822,771,377,431,418,281,378,527,695,679,866,949,923,687,1072,1173
"RABGGTB",875,1084,1079,709,306,423,173,243,239,696,915,791,1000,920,655,1348,1473
"STX16",839,868,756,653,468,306,208,179,123,887,778,1916,508,913,1313,1525,1892
"CNOT2",620,809,720,398,417,348,224,308,291,767,856,1325,990,978,731,1503,1469
"HMCES",597,980,969,528,187,361,135,347,322,918,870,1179,815,918,919,1559,1792
"LRRC8A",833,378,819,507,184,364,126,209,226,784,647,3801,838,1094,2887,1176,1697
"JUP",1744,1898,1388,2148,539,1663,669,961,217,203,416,357,521,283,215,661,604
"STRADB",144,841,761,228,78,140,31,69,350,2279,1344,6783,1248,1683,5046,2950,3321
"ENDOD1",574,643,378,205,31,183,62,165,579,1840,1614,3418,1541,1616,2792,2643,2081
"PLXNB2",1820,762,1042,1046,3849,664,904,553,162,181,497,294,627,584,343,452,987
"NEDD4L",300,366,925,404,139,700,116,559,785,896,685,2335,1137,1350,1032,1046,1040
"TCEA1",235,1018,1133,358,106,231,41,72,212,1709,1343,6522,785,990,3331,2198,3210
"HEXDC",1016,565,360,389,1203,632,646,1053,835,448,590,386,1039,1104,243,721,702
"RN7SL1",4364,248,210,589,1213,1266,917,7366,397,184,166,170,280,1043,1830,591,418
"MED22",1114,611,643,583,991,526,477,482,371,637,566,642,730,818,462,697,990
"TMEM9",666,973,580,221,407,416,291,382,465,664,857,998,785,1362,669,1808,939
"WIPI1",802,733,770,619,324,278,107,186,163,1298,959,3380,501,1163,1335,1145,1548
"DTX3L",349,637,624,309,382,300,169,274,687,749,1249,1277,1176,1284,752,1501,1555
"DDX11",355,600,556,205,520,549,237,302,865,948,1126,662,1178,1666,482,1288,1324
"ZNF263",1197,899,643,473,807,662,546,620,429,460,595,428,709,797,373,822,938
"ATP2B4",277,1434,1136,415,239,463,78,154,413,1072,1440,1667,642,1186,539,1947,2166
"BUB1",115,1399,1165,241,89,230,30,99,346,1643,1806,3360,985,1739,1875,3163,3586
"SETX",617,863,957,581,490,404,162,258,245,754,851,1239,656,883,849,1344,1545
"NAGA",742,1075,1035,583,678,391,210,282,277,712,785,858,543,897,650,1045,1456
"NSUN5",723,660,657,397,977,706,457,626,553,498,675,398,1035,965,286,993,911
"MRPL13",400,1353,1089,351,282,351,108,279,425,884,1280,696,1228,1159,516,1851,1651
"CMTR1",382,816,806,349,313,378,183,258,367,973,919,1629,794,1079,957,1205,1838
"PIK3CB",591,1096,764,376,522,483,310,375,298,691,687,1131,723,671,692,1216,1347
"B4GALT1",883,704,691,607,754,383,252,383,202,694,619,1374,657,695,702,1234,1380
"PTPN23",1335,645,767,820,1238,822,604,508,219,428,539,706,402,752,549,420,1075
"EPDR1",277,1393,1420,377,49,201,43,97,310,1084,2610,2258,1503,1101,1193,2393,4259
"DGCR14",840,562,573,514,747,677,387,440,309,639,627,850,722,1058,580,873,964
"SRP9",199,947,1577,512,149,178,45,77,319,1342,1788,2007,1157,1350,1333,2890,2880
"MKLN1",396,744,621,334,193,245,86,202,373,1005,1248,2175,1304,1141,1641,2014,1718
"FAM168B",792,1152,1201,712,496,458,203,241,169,748,752,1013,668,749,642,1039,1591
"THOC1",516,917,707,310,482,402,238,245,429,899,1135,797,1058,1096,553,1342,1281
"CD2AP",221,441,737,375,75,125,30,81,596,1973,1645,3140,1677,2004,2749,3530,2572
"INTS5",796,760,821,548,608,597,350,523,369,545,606,698,745,823,481,808,1213
"MACROD1",587,886,596,471,655,1407,700,1471,948,365,521,287,716,1061,157,570,805
"MED28",506,1232,1130,490,379,323,155,217,164,766,853,1363,758,1001,1146,1266,1866
"PKP4",162,744,832,230,317,337,138,210,570,1069,1314,1807,1006,1329,973,1628,1880
"TYROBP",5255,1506,619,1914,10664,1026,3365,3385,100,226,53,276,342,852,159,76,144
"WAPAL",370,895,876,411,270,245,97,185,402,930,1067,1775,1012,1013,1107,1850,1970
"EEFSEC",1214,850,761,601,797,791,603,701,437,467,619,286,630,819,263,734,896
"MTIF3",1022,868,661,501,500,448,239,299,318,676,923,821,741,985,539,1236,1158
"PTPMT1",801,877,926,410,568,449,235,349,268,731,871,593,792,1116,438,1357,1426
"TRIM25",1984,1449,1274,1073,1399,722,672,686,134,308,357,387,415,391,369,601,1001
"ICA1",515,1975,1123,592,266,768,197,571,222,475,1017,648,869,662,355,1329,1384
"RPUSD3",792,1170,1059,473,652,648,340,500,212,515,721,460,636,897,413,1143,1270
"FOS",292,87,113,341,213,63,78,77,566,2398,1007,6899,862,2716,15172,5597,1857
"ZNF316",1225,379,662,674,1524,585,671,506,618,505,579,414,533,1089,299,554,879
"DVL2",1038,1084,1045,687,632,526,387,508,218,473,718,855,382,697,498,767,1197
"SERINC1",307,848,1032,601,159,172,66,98,215,1379,1349,3272,771,1300,2242,1869,2265
"LMNB1",240,2186,2361,554,239,231,57,110,174,1013,1122,1991,738,1043,1028,1606,2946
"SLC30A9",350,861,727,305,267,357,110,214,474,986,985,1283,1016,1205,861,2007,2085
"RPF2",501,1308,1061,398,309,534,167,314,515,680,1248,498,804,1155,310,1472,1758
"XPO5",682,1225,1131,517,436,581,260,287,281,600,810,580,909,929,406,1033,1526
"CYSTM1",1253,486,970,739,463,379,144,320,208,814,704,1900,525,723,1359,980,960
"CDK6",708,2615,1680,786,373,508,228,206,197,433,855,574,865,796,287,1190,1735
"RHD",41,270,464,113,23,118,10,58,1143,4061,3643,9945,1780,2516,6566,6175,3907
"ZDHHC7",803,826,882,701,905,454,299,239,128,664,597,1384,533,795,846,920,1362
"EIF1AD",601,528,493,331,538,423,287,416,788,669,1017,706,1216,1041,501,1145,1009
"TNIP2",1112,687,965,758,1015,579,362,506,206,574,529,539,516,779,512,822,1106
"TBC1D7",407,721,600,320,274,330,124,433,537,841,1509,684,1239,1437,397,1980,2098
"MYC",685,3520,2977,1176,342,767,118,188,57,460,502,1076,538,480,656,901,3027
"TNPO3",586,1277,988,439,569,413,192,251,224,716,855,1234,657,1002,671,901,1520
"BYSL",476,746,909,347,194,438,144,357,521,937,1074,713,1404,1177,501,1537,1581
"NRAS",378,811,1059,447,284,319,134,257,299,831,1098,1429,823,1047,801,1775,1696
"TMEM11",557,537,792,395,394,397,191,308,301,930,915,1154,837,1032,923,1294,1409
"RTF1",458,922,944,449,389,397,134,233,290,785,951,1244,769,1126,741,1453,1681
"TP53BP2",278,690,789,406,123,195,65,106,455,1487,1495,2924,1193,1298,1433,2224,2121
"SCCPDH",658,1990,1320,559,425,648,215,332,209,505,858,491,629,867,309,1322,1861
"CCDC25",453,1177,956,353,275,444,161,285,460,732,950,784,1059,1179,545,1460,1421
"PDRG1",977,907,638,490,523,574,314,460,395,609,826,422,1018,1013,302,1114,1010
"VPS35",649,1343,1257,527,579,328,195,250,162,638,729,1323,701,642,864,1165,1455
"ZDHHC4",989,981,780,492,599,586,326,494,268,623,612,689,630,699,461,996,1154
"SAMD1",596,531,972,682,447,405,145,203,162,964,741,1991,574,1142,878,1021,2223
"NUDT16L1",760,603,578,476,511,473,227,494,404,784,742,713,904,898,533,1255,1111
"USP47",852,961,721,523,441,379,215,280,257,758,633,1400,685,752,954,1124,1157
"PPP2R5A",1194,928,983,736,383,559,195,263,199,701,574,1380,504,659,846,1055,1157
"ARL2BP",602,1031,1114,606,170,344,85,189,401,764,1047,1468,720,741,967,1893,1757
"DHX34",1154,469,597,477,940,679,737,502,477,393,472,486,942,970,584,487,801
"TPCN1",1731,913,780,767,937,915,689,558,184,426,467,687,354,616,403,476,957
"TP73-AS1",672,1100,1656,1012,219,744,166,582,185,527,670,737,520,995,464,878,1607
"PHKB",333,994,760,337,335,251,103,162,380,1010,1201,1666,874,1106,1147,1721,1797
"DAPK1",742,601,1261,1034,265,340,128,135,128,764,383,2025,784,465,5132,1366,1677
"PRSS57",13716,4902,1067,5088,10427,3172,7547,5103,87,51,51,47,123,255,29,83,142
"IFITM2",10945,3332,6724,3907,4701,4076,3258,2109,58,51,168,41,100,101,92,123,267
"CAND1",405,1055,1154,482,284,283,81,128,289,1013,1227,1220,984,1164,739,2094,1950
"CBLL1",405,949,1019,448,108,292,55,149,461,1032,1081,1634,1124,972,1310,2023,2542
"BCAT2",1188,1186,1145,712,1077,1191,765,976,315,311,479,183,667,664,177,558,660
"OLA1",599,1663,1577,655,340,588,159,287,146,662,763,872,617,835,503,1113,1752
"RBPJ",742,852,656,482,1139,457,187,297,246,598,831,764,986,723,454,1417,1254
"EI24",594,1162,1278,394,356,462,126,365,221,631,1007,737,988,878,478,1520,1770
"MDN1",369,970,1023,526,151,281,73,163,388,1072,1148,1249,855,1471,880,1673,2651
"ARF3",2543,1921,1969,1544,2041,1097,834,1092,137,214,230,206,390,403,127,371,734
"C1QB",5750,837,1263,4845,19663,1781,2252,5185,40,239,29,130,497,572,113,49,114
"ZCCHC17",725,1037,752,413,548,389,238,343,327,775,763,732,791,1071,432,1099,1331
"MOSPD1",110,412,482,212,85,175,39,161,713,1671,1600,4454,1753,1665,3226,2781,2327
"MRPS17",413,877,728,249,248,499,198,582,1167,586,1584,279,1294,1329,281,1570,1323
"RBM19",851,743,960,520,743,625,411,418,333,519,692,510,927,755,449,611,1018
"ARHGAP19",179,1083,728,191,155,203,31,107,343,1843,1629,3270,966,1570,1760,2874,3223
"ESPN",304,1419,485,753,59,556,126,182,1323,395,1226,930,1946,1177,884,886,2009
"MFAP1",550,1245,981,535,314,386,135,212,325,832,835,899,889,910,707,1324,1553
"OGFOD3",937,709,843,582,791,867,436,612,480,474,567,310,617,851,306,755,993
"DENND1A",432,492,726,283,621,394,341,289,497,824,718,1213,737,1052,893,1049,1101
"KDM4B",780,418,683,564,715,450,410,376,463,625,518,1164,632,731,866,682,999
"YIPF6",479,568,500,365,139,189,68,156,409,1274,1268,3063,911,1433,1830,1956,2017
"SYK",1978,1754,1089,923,3688,770,1046,960,126,279,366,340,365,494,198,348,436
"RAD9A",546,428,489,375,580,499,287,338,367,827,863,948,794,1156,704,1054,1432
"IFI35",1118,620,442,413,812,523,461,562,647,439,741,360,1005,994,355,835,894
"CCRL2",1063,413,599,687,670,243,355,309,364,641,596,1291,879,698,1150,859,813
"DENR",636,1238,1005,525,454,436,147,213,418,666,955,644,1046,856,436,1220,1345
"RSRC2",439,836,771,492,220,206,79,111,282,1037,1149,2124,841,1260,1412,2019,2181
"SLC4A5",765,927,493,525,212,306,173,114,549,1116,1150,952,1354,909,571,1572,1552
"MAST3",902,212,196,354,1584,337,508,501,622,505,709,1339,774,1137,943,857,701
"ARVCF",422,374,525,244,125,424,67,284,752,1509,1292,1458,1261,1855,953,1438,1823
"GTPBP4",402,1253,1294,531,249,427,102,207,282,757,1101,739,1116,1173,501,1617,1864
"ABCF3",1215,883,762,680,909,598,461,499,258,470,597,480,665,711,381,676,920
"ATP6V1H",776,1113,937,676,559,323,163,274,181,678,683,1045,626,893,779,1160,1402
"KIAA0922",373,563,457,242,287,258,91,199,475,955,1249,2628,1101,1454,1330,1469,1811
"UPF2",444,1008,892,505,371,334,111,259,413,887,823,1210,926,1040,769,1061,1318
"EXOSC1",875,1247,904,485,462,586,223,340,178,631,756,764,719,820,512,1103,1268
"CCDC28A",549,829,582,383,309,306,123,197,285,932,839,1996,753,1018,1312,1799,1415
"SENP6",491,1115,929,529,149,297,78,156,204,945,1042,2113,698,871,1651,1843,2158
"SVIP",179,535,927,297,83,200,43,110,424,1465,1842,2805,1382,1631,2041,2753,2467
"PNPO",405,1100,944,302,290,454,131,255,511,642,1028,705,1371,1268,507,1442,1544
"ATP5SL",962,1074,996,600,568,526,275,410,208,589,580,645,640,755,459,992,1247
"WRAP53",476,619,586,296,589,508,294,565,727,700,865,494,957,1177,315,1187,1093
"PYGB",2229,742,1046,1202,1570,1326,920,931,164,241,253,236,526,339,377,423,859
"RUFY1",854,1585,1020,648,790,454,228,291,164,564,608,933,485,699,672,755,1292
"PSPC1",574,1002,835,511,259,307,137,204,332,842,769,1564,773,875,799,1380,1820
"MIB2",1425,390,379,744,1848,892,1358,943,361,355,379,433,480,797,326,477,552
"COPS7A",596,902,937,471,454,375,182,292,204,816,773,944,730,825,744,1209,1751
"TATDN2",913,777,940,543,705,498,359,363,343,570,646,479,807,821,371,887,1116
"KAT2A",1007,863,1086,727,881,944,608,578,234,317,541,254,670,710,243,703,1343
"TMED4",867,844,710,582,504,310,222,304,293,750,655,1096,591,813,721,1058,1318
"ATP6V1A",265,711,896,548,293,161,61,99,247,1187,1417,2425,871,1154,1369,2457,2354
"EMC1",565,756,802,408,532,492,264,413,630,565,816,514,1022,856,351,1022,1246
"USP11",1226,937,939,833,330,687,384,319,258,581,526,832,525,692,466,616,1321
"PAQR4",400,470,743,349,669,487,198,341,315,1033,802,936,608,1165,633,1164,1668
"UHMK1",146,669,971,356,130,169,35,100,473,1415,1902,2255,1081,1859,1409,2999,2783
"TRAFD1",875,893,794,564,343,311,162,228,252,684,767,1334,650,885,830,1180,1643
"REXO4",1270,864,751,557,931,646,525,678,441,385,535,270,897,769,229,662,835
"TACC1",615,1276,942,614,300,281,114,192,187,904,880,1743,563,888,878,1228,1854
"ARHGEF12",217,559,733,325,36,165,41,131,581,1263,1308,4832,1246,1354,4315,2083,2322
"NDUFA12",687,1338,1215,605,371,429,143,248,114,667,732,1271,686,997,510,1339,1685
"SMARCD1",874,1009,1037,618,530,666,342,404,175,569,529,846,434,640,570,852,1311
"SH3GLB1",1151,1336,1015,893,420,407,195,247,150,540,621,1161,625,626,876,857,1089
"PPA1",433,2297,1833,646,354,361,108,137,224,636,1022,674,823,782,425,1664,2071
"SMAD2",630,1069,948,634,382,326,122,210,195,741,875,1560,585,766,923,1305,1551
"NUP88",365,937,868,263,203,339,97,173,273,959,1074,1941,963,1164,1253,1548,1924
"MBD2",681,1143,1221,661,485,343,158,198,149,811,793,1153,642,742,666,1179,1561
"THAP11",778,918,924,592,445,359,222,314,229,649,665,865,672,761,659,1320,1305
"PPIG",425,837,868,409,433,344,111,165,368,835,1027,1106,845,1366,667,1493,1523
"HADH",386,1886,1022,362,519,338,193,258,202,758,960,816,651,1063,408,1393,1882
"SDCCAG3",881,739,834,508,574,629,326,444,448,478,753,451,857,865,286,862,1092
"HMGCR",1391,1638,1501,857,673,738,440,637,183,313,395,738,405,416,363,721,659
"SMAD4",458,519,570,414,328,330,201,317,530,772,937,1106,960,985,731,1407,1339
"DPP3",713,952,1466,629,654,591,233,297,121,583,746,592,631,824,419,978,1839
"RNF25",1086,543,568,569,732,717,461,710,434,521,532,411,717,767,368,784,807
"RRAGA",822,1220,1171,647,246,389,109,222,109,827,815,1518,578,768,999,1470,1556
"MRPS23",685,1467,1221,502,389,493,183,284,317,538,968,453,967,851,343,1166,1362
"BMP2K",483,672,929,475,92,241,77,167,248,1014,1012,3151,975,1040,1579,1635,2169
"IGF2R",782,735,1108,970,772,364,183,212,83,702,467,2918,320,593,2004,674,1387
"PPP1R37",1251,309,558,768,1189,678,483,331,294,729,562,703,501,902,491,565,896
"MICAL3",352,545,840,400,117,493,146,202,350,995,817,2171,819,1298,1429,1060,1793
"ATAD3B",586,409,758,370,607,665,451,407,643,437,757,355,1317,1099,316,876,1334
"ATXN7L3",878,878,1157,766,614,553,249,312,112,471,478,921,576,576,985,844,1725
"TRIAP1",588,1116,1061,448,309,500,192,357,410,551,858,474,1110,789,536,1221,1162
"NCKAP1L",1445,1573,1358,938,1728,711,497,560,135,292,390,361,457,565,234,548,987
"NUP37",207,1309,1194,290,127,292,64,167,325,1129,1377,1507,1108,1246,944,1992,2413
"MDM4",472,739,647,488,412,356,152,235,257,801,863,1566,617,916,1003,1293,1669
"KBTBD2",586,649,580,370,318,284,132,194,297,976,813,2279,718,924,1441,1323,1500
"DPP9",780,677,1050,693,829,532,290,333,158,615,503,980,603,719,608,667,1388
"CLPTM1L",821,493,571,380,558,452,222,393,386,819,824,629,943,999,524,1193,1050
"GYPE",269,771,1131,259,15,185,22,171,416,2162,1338,3836,1377,1330,2597,2497,2604
"TMEM129",1001,725,711,652,602,523,309,362,235,622,610,726,570,820,508,858,1231
"ARPP19",502,986,1120,703,285,352,124,170,227,844,895,1370,604,857,738,1502,1681
"KAT2B",177,459,487,202,53,92,19,88,418,2481,2341,5542,1277,1839,3359,4262,3751
"GTSE1",120,651,703,205,169,224,58,145,525,1530,1314,2840,1067,1616,1567,2144,2542
"FAM129A",500,922,938,413,404,417,120,207,189,1179,556,3155,378,507,2190,828,1734
"KLHL21",844,606,690,758,372,342,153,259,107,568,377,2701,658,603,2906,1037,1736
"ANKRD10",819,1023,739,641,724,444,319,336,312,488,748,496,743,908,347,1021,986
"HAGHL",1993,492,783,950,2777,1547,1962,2000,464,145,394,74,598,676,71,338,458
"CPTP",955,350,545,520,978,674,612,659,252,583,472,772,508,769,645,658,786
"BRAP",512,522,503,316,321,328,187,228,514,814,957,1291,1150,1206,851,1302,1178
"PSEN1",1163,946,613,684,1146,546,456,508,237,473,422,783,482,414,592,681,865
"CDKN1A",2722,1091,1287,1631,1704,1137,873,898,96,110,258,319,437,406,380,321,766
"WBP11",329,1260,1302,530,196,291,65,130,234,897,1062,1726,712,988,932,1765,2614
"VPS53",1112,570,725,564,741,542,329,340,323,546,550,755,696,834,544,736,891
"TGOLN2",862,1524,1327,1088,613,389,198,214,131,556,542,976,496,582,541,1024,1426
"PARP12",738,300,297,349,707,298,401,516,651,506,898,908,1094,964,610,1125,891
"YOD1",180,440,502,256,58,167,38,108,648,1394,1386,4740,1677,1560,2968,3011,2229
"NFYC",645,966,826,481,422,365,185,263,198,816,749,1278,638,832,772,955,1546
"CAD",743,1200,1527,612,653,814,318,397,176,408,570,400,646,790,303,755,1546
"B2M",1269,1635,874,872,900,348,287,358,94,524,609,928,450,670,568,798,843
"FRA10AC1",268,733,421,285,338,411,172,294,1113,906,1162,655,1173,1392,529,1512,1003
"SECISBP2",557,651,568,410,381,393,178,203,273,949,804,1681,634,851,1109,1234,1434
"OSGEP",984,1307,721,472,704,588,266,309,237,518,829,537,797,775,381,789,1100
"GCLM",109,613,1039,292,56,152,18,92,342,2365,2085,5110,788,1254,3681,3006,3626
"SMS",486,1357,1207,511,468,412,166,334,266,542,1046,477,912,851,340,1267,1540
"FXN",300,1071,1377,429,170,474,98,349,360,779,1066,721,1094,995,459,1530,1814
"ACOX1",1507,855,631,898,531,578,256,337,263,444,585,743,685,621,511,784,957
"MGME1",406,853,719,456,289,294,75,173,350,1031,891,1669,920,909,1198,1440,1568
"NME3",1635,429,436,721,1336,890,919,941,437,386,512,187,624,725,185,667,666
"FBXO42",526,488,625,367,360,258,136,210,296,986,696,2665,732,854,1818,1095,1436
"FES",2292,1762,543,954,4769,1070,2039,1217,141,183,177,240,389,319,318,220,443
"RMND5A",223,601,827,326,130,127,52,137,269,1178,1087,4206,869,1221,3464,2260,2436
"NIPBL",528,761,705,447,339,328,118,258,241,797,708,1814,719,835,1202,1396,1388
"TAF6L",701,451,674,449,1183,784,576,684,330,472,505,582,550,865,311,605,1013
"WRNIP1",430,1123,916,470,240,286,113,131,212,869,1040,2082,649,887,1287,1859,1219
"NOP2",833,1050,1195,540,589,715,406,429,228,421,600,393,708,881,277,628,1387
"SERPINB6",1573,685,384,538,5381,459,2002,1433,263,349,509,309,551,329,49,804,634
"SHCBP1",105,549,621,176,204,215,35,141,638,1610,1711,2440,1426,1657,1220,2752,2448
"RPP30",446,874,757,313,396,369,167,322,427,744,1014,752,953,1073,463,1297,1304
"NDUFC1",339,1068,1132,366,324,320,103,184,212,931,1104,1101,894,969,729,1774,1697
"ANKRD54",559,581,548,386,371,640,190,404,476,703,768,806,828,980,497,1215,1107
"GEMIN7",725,691,577,398,523,447,261,407,517,635,745,481,980,1003,346,1180,1031
"SH2B1",1143,530,437,562,1198,601,590,348,235,552,531,720,451,943,402,653,1112
"UBE2A",480,1061,1128,576,225,252,71,142,162,972,980,1744,760,817,1113,1835,1970
"POGZ",682,732,492,465,369,398,201,250,342,723,779,1214,762,745,819,1177,1290
"SNRNP35",953,532,472,328,899,562,391,459,467,531,838,503,761,1098,384,741,770
"ESPL1",229,896,744,268,232,346,75,155,221,1272,1033,2970,614,1315,1341,1254,2731
"CYB5B",693,1344,1477,611,367,427,170,265,206,577,686,821,630,692,488,1121,1381
"PDCD10",252,1065,1015,430,122,172,39,76,269,1218,1370,2939,1011,1154,2218,1924,2203
"ATXN7L3B",493,1161,973,430,373,361,164,274,221,714,698,1100,555,816,732,1298,1707
"PPP1R8",412,1191,1082,446,262,360,94,134,241,826,950,1331,876,919,768,1581,1782
"NAT14",1476,616,702,755,541,1193,776,1125,459,349,489,182,552,674,166,749,622
"FN3KRP",335,1070,972,362,264,283,101,118,248,871,965,1128,926,1365,847,2023,2122
"PPP2R2D",947,856,805,611,469,528,290,402,191,609,508,988,554,728,585,768,1046
"IWS1",574,814,774,422,383,302,113,162,223,914,953,1315,739,983,878,1436,1654
"CCDC14",175,801,728,313,166,237,58,75,362,1185,1770,2411,945,1468,1160,2518,2589
"NUDT2",772,765,565,339,562,428,276,298,378,602,1029,634,659,1192,586,847,976
"LRRC14",686,650,720,452,504,471,293,494,443,513,679,525,826,941,392,826,1234
"SCFD1",343,955,909,369,176,237,58,85,194,1280,1297,2661,777,1091,1513,1798,2427
"PUS1",556,954,1302,521,708,679,322,455,233,499,747,302,726,944,267,808,1193
"RNF121",646,547,433,368,366,401,218,321,556,878,919,629,1118,1161,475,1019,1184
"ACP2",903,497,480,661,1200,513,355,385,324,488,681,644,581,935,424,723,865
"MAST2",1055,550,724,545,616,603,413,377,220,578,591,660,622,896,417,742,1048
"DAGLB",1190,456,334,440,1466,515,696,655,345,491,518,664,647,785,405,559,629
"ZRANB2",256,613,950,423,252,192,83,129,473,896,1245,1332,974,1258,925,2089,2009
"IER3IP1",685,950,962,709,325,379,138,222,332,691,984,609,779,927,433,1280,1253
"PMP22",2565,2009,2625,2371,876,1658,610,930,58,161,241,202,345,249,184,441,968
"KIAA1522",2280,983,1635,1822,137,975,347,461,160,281,482,464,568,501,386,650,992
"OGFOD1",1299,1214,1192,763,236,492,177,476,285,499,629,507,638,631,376,939,1207
"DYRK1A",227,799,757,393,256,186,41,65,338,1231,1149,2937,1200,1086,1693,2160,2012
"HTATSF1",395,1059,907,326,245,245,93,161,242,1044,1236,1225,923,1128,729,1681,1962
"NDUFB4",592,1451,1742,685,304,407,108,199,94,661,770,1194,513,841,664,1132,2049
"TBC1D13",1031,779,645,509,895,746,576,455,297,437,510,523,570,578,364,621,911
"CLIP2",3243,527,615,1473,1335,1143,1512,960,196,116,191,222,404,352,475,304,1220
"SS18",667,795,719,518,402,404,198,280,337,596,848,829,785,747,503,1287,1132
"ERI1",251,784,793,338,149,189,67,186,323,1237,1272,1684,1142,1091,1107,1839,2397
"DNPH1",594,1105,900,416,714,579,395,778,314,469,620,291,809,921,148,902,1184
"MRPL40",630,1048,849,321,431,447,192,397,282,722,955,457,956,913,400,1142,1122
"HACD3",338,1532,1246,422,138,257,75,151,204,766,1201,1486,666,1097,849,1791,2812
"KPNA4",410,749,906,513,324,296,123,164,345,632,883,1224,944,890,952,1358,1461
"RPL17",785,855,758,421,375,448,270,357,253,486,1701,418,1994,576,310,1075,874
"HERC1",375,572,817,485,125,186,77,109,262,1022,931,3525,725,1135,2698,1455,1870
"ITGB1BP1",887,980,942,463,292,392,165,164,295,1704,800,554,752,834,401,1208,1212
"SARS2",759,786,725,412,501,746,346,437,404,453,761,400,947,923,218,798,1096
"CYBRD1",303,1352,725,420,245,189,61,134,196,1022,1318,2964,565,944,1492,1554,1891
"GLRX3",561,1288,1472,674,210,369,131,194,204,640,851,791,716,772,609,1241,1787
"ENKD1",697,402,428,377,773,757,416,755,609,425,616,296,917,973,297,1077,816
"TSFM",557,887,1132,384,249,365,190,268,333,718,910,554,971,838,480,1303,1547
"ALS2",2032,1467,1223,1551,283,556,309,318,119,398,533,683,344,412,510,859,928
"CKB",1167,651,393,445,237,776,445,1613,487,343,709,399,773,1014,242,834,672
"MAPK3",1309,792,634,633,1651,612,640,542,236,408,463,522,369,559,424,334,889
"PPCDC",770,381,482,290,766,612,304,386,616,662,1157,400,1003,962,326,946,707
"WDR75",596,1165,969,459,277,510,134,256,298,602,987,639,900,815,487,1084,1373
"ELP5",1424,1077,908,581,557,461,262,679,203,360,519,436,498,1021,394,717,1005
"CD58",168,627,671,361,127,194,31,77,436,1508,1857,2671,1159,1508,1268,2459,2605
"KATNA1",317,776,544,226,189,257,76,148,504,1167,1271,1459,1227,1283,959,2039,1521
"SRSF9",968,1201,1617,948,390,463,180,205,89,627,654,689,590,644,467,964,1659
"AAMDC",651,579,305,206,472,398,219,493,979,722,891,541,965,1214,441,1360,777
"TJAP1",714,631,707,477,490,506,237,258,165,746,637,1123,576,824,725,901,1420
"EXOSC2",317,847,890,261,394,392,206,344,636,616,855,590,962,1083,358,1321,1326
"COA1",511,1324,1097,414,191,271,102,222,201,750,1024,875,872,951,660,1695,1867
"ARHGAP35",663,601,733,425,668,505,299,333,323,565,534,985,517,757,677,815,1025
"PSMA3-AS1",654,636,466,450,542,336,204,255,295,780,636,1082,676,758,863,1335,1116
"PRKACA",1003,755,1153,838,844,505,404,406,134,529,490,651,359,647,491,568,1079
"TTC7A",1085,445,595,519,2242,473,647,515,227,432,643,497,501,705,303,594,766
"TAF1C",901,508,506,596,1149,754,420,411,427,477,591,582,538,803,340,496,772
"VMA21",542,1124,1164,504,401,334,170,280,198,598,790,735,747,789,462,1307,1472
"SFT2D1",869,1097,809,512,474,369,183,326,184,619,768,773,494,742,550,1147,1274
"NCSTN",953,1431,1240,1178,566,476,199,216,48,564,523,1348,363,501,764,726,1604
"CENPE",93,835,702,163,88,201,23,107,464,1866,1653,3167,988,1743,1917,3254,2865
"C15orf57",357,916,613,399,182,446,93,358,318,1156,980,1049,1024,644,622,1547,1513
"SART3",355,963,1113,445,273,346,81,135,220,912,756,2021,594,886,1360,1118,1775
"MRPL35",430,1087,963,366,240,346,104,265,199,847,1001,838,834,1024,618,1603,1708
"MTOR",600,800,777,398,350,366,161,179,223,843,840,1160,672,905,790,1046,1515
"PRKAR2B",105,1250,1581,360,28,211,41,142,262,1637,1125,2773,1054,1263,1455,2234,3118
"NABP2",728,1152,1144,557,457,626,274,480,312,460,467,478,662,669,315,828,981
"FAM219B",1455,826,437,631,1167,551,553,424,249,471,464,443,542,620,343,621,832
"RAB35",763,972,1163,630,632,475,198,335,147,528,474,913,573,654,665,632,1269
"FAM78A",1480,800,756,908,2130,750,729,837,156,344,293,593,314,438,330,375,522
"MRPS26",1166,1107,1235,683,828,671,483,628,235,307,486,170,844,747,158,657,894
"MRPL30",527,1409,1010,449,351,387,133,274,298,576,767,735,893,857,397,1119,1324
"TRMT61A",676,481,703,324,579,725,398,628,590,475,704,252,1138,827,306,682,920
"FOXO4",278,286,376,226,288,184,109,169,536,1105,841,3376,859,1615,2461,1415,1253
"UTP3",501,913,901,408,297,375,164,215,308,548,850,1125,659,1021,610,1265,1305
"SMPD4",367,777,1032,371,279,444,160,130,319,854,562,1540,550,1206,802,895,2223
"NUP133",296,1038,878,316,225,299,103,202,338,821,1129,1015,894,1041,690,1635,1739
"SIGMAR1",750,2303,2406,677,283,518,149,262,73,598,474,951,294,648,658,700,2289
"BTG1",1286,963,837,1273,421,255,153,171,91,463,326,2878,367,509,1869,1084,1164
"KIF26A",188,94,667,195,18,286,4,249,877,2172,1607,4943,662,3274,2635,2960,5449
"STIM1",822,1019,924,662,591,462,254,402,113,506,486,1062,397,627,678,739,1305
"TACO1",601,687,817,338,421,516,229,440,524,650,741,374,910,897,332,1091,999
"ST7",1199,1161,896,685,210,432,260,388,263,522,507,806,563,705,586,750,905
"WDR24",721,288,526,382,916,686,519,690,522,466,577,526,629,917,325,678,776
"CLEC16A",721,557,673,492,430,432,243,334,359,536,611,919,649,851,645,853,1072
"SLC44A1",1561,1943,1894,1219,1008,791,406,492,82,288,314,322,377,279,252,704,1163
"SCAF11",556,757,854,496,352,257,120,223,195,760,833,1416,564,811,921,1316,1614
"NDUFC2",418,826,606,427,737,506,209,276,654,573,944,347,1046,923,292,1321,758
"CCDC47",292,1034,1240,526,157,202,70,140,243,1024,1065,1929,721,643,1244,1552,2203
"COPS7B",804,934,830,487,477,492,280,299,212,526,616,678,696,656,409,1031,1263
"SPG21",716,1194,1267,812,743,396,245,349,82,573,576,603,467,623,439,953,1440
"CD37",5708,1973,1567,3384,5675,1941,1725,1542,51,97,97,159,183,188,83,207,387
"MINK1",781,701,880,607,392,470,188,149,150,736,579,1663,381,945,871,795,1615
"CRNKL1",475,676,557,299,400,312,147,271,711,611,806,817,1110,976,630,1256,1023
"PC",345,521,685,230,99,462,102,274,414,1316,1028,1867,789,1223,815,1311,1571
"APOPT1",767,758,527,427,550,378,301,466,440,528,633,616,821,824,405,932,745
"PBRM1",396,564,647,335,294,216,104,191,341,910,913,1760,839,909,1112,1594,1544
"ORAI3",2130,1495,1060,1276,1226,941,633,855,133,159,322,260,348,298,236,607,753
"C17orf59",1709,471,461,718,1116,782,725,743,439,355,432,335,497,601,249,606,470
"DPH7",938,523,498,411,669,525,365,408,343,556,661,427,820,769,428,875,967
"C8orf33",540,1004,1002,400,389,445,191,360,471,510,403,471,945,864,334,1259,1540
"SREK1",354,624,664,399,437,297,100,164,435,794,951,1102,799,1072,666,1677,1429
"KANSL3",989,787,500,440,569,408,314,301,213,459,529,1062,596,633,753,867,1223
"ATL3",392,924,830,445,318,296,101,126,230,864,991,1289,721,817,779,1754,1816
"SERINC2",2170,210,354,1100,5289,839,872,1584,74,397,631,1167,187,424,453,111,460
"POLR2C",570,1356,1297,506,289,317,125,231,118,697,717,1110,528,767,720,1188,1904
"MBNL2",241,568,726,450,52,189,41,92,225,1327,1055,4307,1075,1209,3471,2133,2034
"CCNY",588,870,1039,502,641,482,317,399,292,438,569,662,513,649,395,792,1148
"SFXN3",2856,614,1155,1404,750,1031,782,409,108,287,315,482,251,442,358,520,765
"CHEK1",174,853,866,235,250,369,105,268,540,801,1217,813,1032,1147,529,1631,1651
"MRPL48",626,954,706,356,309,384,136,332,286,717,865,739,783,910,543,1195,1225
"SUZ12",148,565,839,324,161,235,44,105,300,1370,1599,2390,1031,1296,1088,2297,2347
"PTEN",544,1055,829,529,576,346,162,217,184,543,627,1268,607,611,907,1099,1129
"UCK1",993,532,560,604,920,491,449,492,227,444,502,509,553,779,400,822,888
"TIMMDC1",591,1216,1306,576,320,382,151,207,104,671,762,850,635,714,647,1263,1615
"NSMCE2",566,984,708,374,258,290,134,262,233,768,910,1092,688,947,712,1308,1378
"CLIC4",214,686,779,363,161,123,58,62,204,1412,1253,3941,874,1065,2093,2122,2667
"ADCK5",897,328,292,342,822,603,535,632,673,546,579,414,770,1080,320,707,681
"ELP6",762,828,732,375,485,510,263,500,426,505,678,359,971,908,256,904,934
"MYO1G",4089,1456,908,1621,12837,2873,5239,3437,148,76,65,90,211,372,68,52,160
"ADPRHL2",956,708,655,541,668,563,372,415,235,490,581,539,644,715,444,675,818
"PAGR1",816,744,878,553,695,465,314,381,250,488,603,501,698,728,323,876,930
"RBBP6",364,681,796,356,314,306,107,223,308,726,784,1454,540,1232,795,1631,1572
"DSTYK",324,617,741,370,129,315,85,198,312,1190,903,1954,681,891,1461,1310,1849
"PSMD12",198,1176,968,312,113,219,37,72,270,1273,1630,1671,991,1532,1135,2290,2585
"KLHL18",209,469,385,168,190,204,103,141,631,1355,1440,1361,1202,1597,849,2216,2363
"ZFYVE19",880,639,464,433,1147,445,631,501,318,350,747,358,702,917,234,880,747
"CACUL1",1117,1055,880,605,546,516,253,310,157,435,540,771,582,569,543,836,931
"CCDC22",1438,955,718,690,1932,891,755,925,205,223,464,195,493,597,144,493,656
"C16orf59",218,471,500,199,314,539,156,420,722,927,995,478,1157,1487,419,1443,1423
"ITPRIP",493,607,721,431,337,262,112,212,270,767,544,2084,675,798,1567,967,1462
"UBA2",176,1107,1317,382,84,142,55,76,390,1232,1319,1986,939,1199,1073,2123,2757
"CNOT11",466,1015,1021,527,356,365,146,244,274,553,797,780,706,808,474,1198,1511
"PHKA2",698,206,491,320,613,435,351,355,465,637,766,820,722,940,560,980,1042
"SRP54",377,1132,1069,432,230,219,97,112,194,946,1084,1508,656,942,870,1453,2008
"AMBRA1",720,606,666,619,271,338,134,171,257,583,544,1897,827,679,1754,740,1247
"PMVK",1448,1008,678,458,1234,648,582,721,493,327,511,141,757,610,152,628,587
"RBM34",630,1053,699,404,385,451,179,264,410,626,822,617,738,807,388,1164,1006
"HGH1",713,814,983,480,610,458,364,392,320,446,594,291,838,862,290,732,1257
"TUT1",719,589,660,459,614,645,356,404,269,596,597,521,630,858,397,697,973
"CEP57",195,1134,845,301,178,213,63,77,261,1233,1224,2153,848,1069,1310,2158,2017
"UBE4A",487,838,717,392,342,297,129,164,304,745,788,1269,759,840,806,1335,1371
"IFNAR1",777,734,678,531,855,474,383,522,373,353,615,561,545,583,346,747,841
"RFWD2",505,911,645,359,559,299,241,258,324,615,829,791,717,848,470,1044,1208
"GCNT2",130,216,152,124,78,110,49,78,1268,1957,2508,4433,2218,2219,2008,3476,2063
"NPM3",638,1224,1123,453,606,764,329,472,287,377,679,222,852,840,176,779,1030
"SPECC1L",768,595,527,435,485,442,233,342,325,696,718,608,709,718,520,959,1144
"ATG16L2",2258,575,438,855,3439,619,1302,749,173,331,354,323,325,486,248,392,423
"COG2",535,627,603,336,243,284,180,344,502,750,734,990,809,854,534,1325,1295
"STK38",1032,784,543,441,713,408,322,368,275,407,657,526,692,816,401,962,870
"LRR1",233,838,793,269,132,223,47,108,396,1300,1426,1581,1168,1226,867,2058,2258
"RNMTL1",498,658,672,284,395,489,217,471,633,573,689,507,882,915,336,1057,1080
"TOPBP1",207,869,944,332,229,232,58,118,260,1119,1064,1916,850,1015,1063,1751,2188
"SUPV3L1",667,827,580,339,404,453,300,331,447,526,837,481,835,820,358,982,1056
"TMEM120A",1542,594,581,736,1411,627,846,793,228,354,317,453,363,527,327,424,598
"C9orf40",118,750,762,321,91,231,27,127,406,1364,1807,1934,1245,1442,1213,2444,2135
"UBE2J1",704,1119,1041,511,469,324,206,239,185,538,662,779,582,709,462,1134,1322
"VPS13D",412,622,506,435,385,549,172,417,214,663,821,1459,438,795,601,1046,1439
"SRSF8",416,703,727,317,83,192,45,223,171,1074,917,3084,1303,836,1807,1915,1805
"XPC",716,974,1113,563,260,412,134,139,156,587,774,1046,630,696,906,1132,1506
"NRF1",483,404,401,246,429,255,190,297,511,853,836,1114,807,1052,726,1338,1108
"GNPDA1",930,1187,1535,732,923,505,220,401,107,451,448,535,468,481,377,736,1114
"DIDO1",474,632,695,453,424,332,171,153,236,742,688,1387,513,884,903,1096,1635
"LDLR",1711,1051,1222,1179,730,773,448,658,114,259,291,955,260,382,364,557,532
"FBXO25",739,667,493,300,322,395,240,385,506,642,900,694,791,757,368,1212,906
"MRPL23",704,258,305,226,1094,628,671,1036,1561,411,671,206,1158,1015,177,840,386
"ZNF384",615,660,667,423,463,292,182,192,183,717,676,1383,608,732,775,1106,1638
"RAB2A",704,803,735,535,503,365,247,351,237,496,640,887,603,630,522,888,1004
"TTC19",824,1555,1011,711,424,684,234,303,226,364,639,330,601,651,234,1027,1241
"NDEL1",667,716,968,735,190,311,107,149,116,734,415,2925,487,667,2090,1086,1509
"TMC8",1193,955,792,499,2826,498,903,424,263,334,387,717,429,678,157,399,325
"GPNMB",3278,1310,1095,4366,8161,752,1135,1436,59,140,62,349,340,569,142,119,164
"C16orf62",741,1142,969,565,585,543,242,231,223,453,563,606,472,653,419,777,1369
"SFXN5",703,352,470,420,814,610,485,469,436,554,509,531,645,930,431,608,687
"AGPAT2",4359,872,788,1431,8243,1469,3291,3035,172,121,112,85,312,394,63,121,176
"DGCR6L",922,603,470,342,1042,650,635,588,490,409,459,244,712,813,228,857,635
"PLP2",2855,2387,2765,2616,955,1472,496,430,29,185,196,337,294,243,211,329,944
"ESRRA",612,561,666,537,434,382,180,197,121,791,566,1666,635,769,1070,788,1414
"CARD8",558,659,526,337,387,261,161,182,395,775,776,853,769,1052,726,1290,1311
"ARL16",823,587,316,387,507,468,423,209,614,642,730,453,1034,856,370,1075,666
"RRAGC",656,729,632,549,456,333,143,225,187,546,634,1601,599,559,1171,1021,1133
"SETD1B",447,323,509,323,315,293,113,153,352,913,886,1853,683,1345,1100,1117,1649
"VIMP",1307,756,707,711,717,461,285,348,178,432,552,512,516,593,453,792,959
"SEL1L",381,669,855,593,355,259,77,148,179,856,574,2947,531,481,2465,1165,1370
"STRADA",911,786,656,505,806,537,419,348,198,514,581,483,459,707,368,735,993
"DTL",88,932,907,189,157,256,51,160,374,1338,1371,1584,990,1344,862,2193,2441
"PTP4A1",408,1115,1351,480,250,309,97,93,167,654,1037,1033,771,857,774,1563,1822
"PIGC",291,1002,605,297,212,244,104,203,166,815,884,2510,600,790,1513,1718,1636
"TFE3",1121,629,613,719,1093,414,365,343,111,375,270,1350,335,497,1417,628,865
"NNT",154,853,1050,345,159,211,58,67,318,1137,1617,1686,783,1186,1042,2092,2441
"SLC7A11",357,665,460,432,316,166,118,127,175,1109,763,2663,678,677,1632,1685,1849
"PRELID1",921,1101,1492,699,736,527,287,365,105,381,488,347,515,723,349,694,1289
"SMC2",127,876,838,167,121,159,56,104,292,1613,1326,2908,768,1394,1358,2534,2462
"NCBP2-AS2",653,671,659,388,627,559,310,427,289,482,691,447,621,923,266,1089,932
"RAB11FIP1",687,853,749,612,310,233,125,207,155,605,758,1091,562,1021,571,1536,1743
"TSPAN4",1686,752,815,1004,3109,971,918,1002,146,181,265,250,313,444,190,392,521
"PWP1",614,1097,954,418,286,401,194,283,244,564,750,584,850,688,385,1075,1312
"MOB3C",653,455,478,375,342,367,217,388,299,539,500,1619,838,622,1190,705,1019
"UBE4B",466,685,801,394,243,318,134,214,197,672,715,1583,626,891,1115,992,1545
"AP1S1",1131,943,1449,1013,639,699,347,426,130,340,406,396,505,488,269,782,778
"FUT1",424,455,400,378,99,462,102,628,479,1167,694,1308,1186,750,705,1253,879
"DROSHA",776,966,726,429,385,466,284,244,271,514,786,581,597,814,356,937,1064
"POMGNT2",98,495,441,121,147,229,58,147,549,1420,1589,2558,1214,1709,1176,1972,2252
"BCS1L",602,1011,857,396,432,482,227,205,222,579,789,415,809,936,331,1006,1454
"HSD17B11",639,1185,793,438,369,231,256,234,136,560,497,1516,553,562,1186,906,1194
"SMARCC1",484,1327,1284,453,299,363,160,214,336,484,709,638,652,728,448,951,1495
"C1orf159",491,307,431,279,786,698,494,551,501,577,626,478,794,974,291,665,862
"BAZ2A",587,419,510,427,581,273,211,248,264,496,417,2173,546,762,1667,704,1184
"ANKRD27",944,2134,1246,930,173,481,151,247,243,360,411,988,521,427,883,541,1056
"GATC",650,775,691,398,373,372,222,336,281,637,619,650,703,796,421,1006,1248
"VAPB",405,739,666,287,266,312,136,238,330,811,851,1037,834,849,702,1146,1452
"DOK1",1372,917,655,648,2070,678,753,708,243,283,349,290,437,528,140,518,555
"NMI",388,1530,981,363,177,284,111,113,140,722,924,1434,674,887,933,1483,1876
"QSOX2",148,399,430,182,76,185,52,101,792,1328,1476,3231,1170,1538,1766,1916,2216
"ZC3H18",414,745,1084,521,490,403,164,221,322,477,568,986,538,930,587,667,1402
"LRRC41",896,1175,1307,840,454,470,243,272,65,468,390,984,307,522,711,805,1531
"PHF21A",649,464,543,443,648,370,318,312,225,642,545,1252,480,635,762,858,875
"TMEM179B",832,704,643,592,501,368,217,339,102,598,558,987,492,654,714,1006,1213
"STX2",250,343,599,269,39,230,28,73,322,2161,1176,4482,861,1030,3884,2392,2419
"FOXJ2",652,620,442,357,306,368,150,242,292,715,732,1289,582,727,889,1291,1167
"MED18",676,568,617,395,444,477,326,580,524,499,582,528,733,589,404,759,720
"CHKA",1652,839,804,910,1371,837,508,629,125,270,390,348,388,441,290,491,613
"NPEPPS",642,862,862,627,391,313,140,217,152,431,429,1474,587,518,1510,973,1347
"NPRL2",940,740,449,348,518,434,369,418,313,504,658,503,657,895,286,875,973
"RPP25L",828,937,753,399,564,508,324,471,388,438,555,317,641,685,278,927,799
"BCL2L13",535,902,690,433,237,337,123,253,195,639,604,1383,687,713,1031,1130,1307
"POP5",658,753,630,288,398,407,211,293,405,700,851,369,866,851,332,1294,1066
"TIMM9",660,1196,723,421,291,434,190,324,380,479,809,460,810,715,325,1076,1051
"ABCB7",445,875,589,331,264,328,135,181,244,800,804,1561,676,805,824,1213,1259
"AQP1",25,134,93,43,7,15,10,56,1232,6481,5760,11031,2951,5250,5152,5861,10403
"CNOT6",262,823,762,325,180,213,60,125,282,928,921,1721,927,1082,1098,1661,2095
"RFX5",462,1126,892,439,260,292,166,181,265,589,618,1485,505,801,807,898,1357
"LYRM4",635,881,800,353,285,519,158,396,494,447,740,390,876,821,334,1122,1048
"AHNAK",8590,1358,2876,5547,6018,2170,2253,1603,59,41,46,70,162,246,69,132,287
"EMC4",559,1166,1183,574,251,306,104,131,56,899,731,1455,491,784,988,1266,1951
"AGFG1",255,601,866,358,183,179,66,96,225,905,1005,2577,868,869,1534,1819,2132
"SYTL4",931,428,445,451,44,360,168,226,628,1035,953,656,970,1145,405,1993,1254
"LTB4R",903,295,266,438,1680,632,479,447,437,476,407,662,512,784,450,541,654
"TTC17",869,761,587,547,331,277,243,229,185,612,517,1416,436,659,1026,846,1157
"PIAS4",620,332,531,461,650,492,317,369,338,486,451,899,658,768,813,629,799
"FAHD1",371,1141,618,318,179,300,72,176,304,734,887,970,1086,990,627,1672,1982
"TXNRD1",567,1075,1110,615,424,328,112,181,104,561,693,1086,517,652,706,1034,1908
"LZTS2",1423,920,962,1076,1052,744,446,358,85,333,463,510,293,515,234,491,1142
"DVL1",769,557,736,494,636,553,294,448,307,426,495,506,581,634,361,666,1192
"MTG2",347,611,498,312,385,399,85,285,1187,653,1080,860,440,905,566,1209,1009
"RBL1",177,536,476,150,350,288,153,250,694,945,1137,755,1178,1221,542,1471,1405
"CPEB4",228,143,390,213,73,96,32,96,380,1416,1255,5742,1310,1742,5340,2463,2471
"ORAI2",3174,1407,885,1420,1565,1497,1164,1166,175,147,212,187,271,298,115,249,399
"NCOA5",551,795,812,368,454,382,182,314,293,563,576,632,937,736,451,889,1141
"GNL3",706,1284,1603,627,238,433,196,231,153,463,650,410,742,608,402,915,1721
"PPP4R1",376,802,765,436,233,247,73,121,267,917,1009,1009,901,877,770,1645,1725
"RIMKLB",243,404,313,176,224,288,101,145,557,1021,1723,1579,1097,1458,740,1943,1187
"CTPS1",202,772,871,167,224,256,78,153,399,961,1177,918,1083,1257,603,1683,2394
"MLLT3",358,1296,885,538,63,316,55,209,266,688,1029,1304,1039,1087,903,1330,1166
"GTF3C2",648,922,929,538,438,367,192,286,157,618,601,875,503,620,502,780,1394
"BCL11A",83,451,524,176,119,165,71,202,477,1583,1309,2583,945,1404,1664,1823,1844
"NUDT5",743,1234,1083,432,489,309,231,350,161,510,659,474,700,629,351,1043,1029
"TMEM199",717,669,686,412,529,352,222,352,306,487,581,661,652,736,526,894,904
"SENP3",451,421,407,252,379,344,261,420,844,606,1029,453,1005,896,389,1141,847
"PDZD8",226,700,645,281,116,210,65,139,344,976,1135,1934,883,1176,1089,2073,1837
"IRF2BP1",662,501,809,558,580,607,360,416,174,478,485,824,381,661,531,613,1026
"KLHDC2",483,783,658,447,174,242,92,135,159,804,627,2609,566,732,1798,1446,1581
"PQLC2",795,291,417,455,1236,640,456,803,486,330,468,399,698,711,305,593,620
"DNAJA2",439,786,795,414,295,252,87,160,357,664,792,1147,772,785,813,1285,1354
"AGRN",583,494,618,500,1001,497,426,509,248,304,557,834,343,810,335,644,1074
"UCK2",411,1481,1524,527,357,593,194,338,152,574,526,750,559,564,268,764,1402
"LOC93622",466,934,584,282,539,407,270,308,417,538,893,328,796,912,270,1163,1085
"PARP14",507,576,538,333,499,281,166,247,263,571,814,1127,667,763,675,1130,1361
"TXNDC17",725,747,730,415,546,464,259,359,304,489,671,344,902,749,303,1057,733
"LTBP4",1789,775,1036,1241,410,1845,766,969,125,267,317,304,286,249,230,396,841
"MIDN",814,381,695,642,788,514,399,413,281,297,384,767,521,779,507,548,819
"TLK1",302,831,837,455,266,250,90,141,241,840,1000,1260,677,886,627,1536,1711
"TSEN54",2350,906,902,1055,595,1028,614,449,175,238,344,195,580,523,137,670,659
"TIMM10B",862,783,707,388,585,420,329,462,346,396,516,485,660,629,309,858,792
"PTRH2",895,898,778,451,462,553,272,434,260,406,786,280,794,743,202,886,942
"TRIM21",430,813,723,377,289,172,70,113,194,840,996,1835,519,943,1319,1305,1969
"ATP1B2",52,316,283,102,26,124,6,95,691,3041,2998,6358,1373,3597,2683,3158,3703
"ATP6V0A2",1315,998,811,855,248,557,291,316,205,408,521,549,502,609,323,800,876
"CLU",12635,4411,861,2896,5403,1531,3144,1935,40,53,90,47,110,216,47,126,545
"NCEH1",70,367,550,266,114,67,32,65,377,1808,1998,3717,1135,1504,2155,3165,3495
"TP53INP1",943,765,380,1009,232,431,145,146,162,405,628,1411,561,771,979,1199,1084
"PPP3CB",488,592,647,337,259,210,111,156,280,955,763,1623,786,770,1032,1185,1303
"UMPS",397,1015,1130,330,281,397,132,253,327,604,822,525,882,780,364,1129,1403
"TMEM173",3821,2525,2123,2010,2952,1836,1720,1286,48,99,114,96,178,166,97,226,521
"GUF1",389,1056,723,337,300,321,168,311,380,517,783,576,947,926,361,986,1364
"ADH5",752,1575,1238,655,461,449,192,260,137,452,573,365,605,612,323,836,1409
"FEM1B",455,665,795,436,348,275,116,163,174,739,705,1144,646,699,1307,1254,1256
"TNFAIP8L1",931,502,463,475,863,467,410,416,356,346,493,617,515,819,396,686,610
"MEN1",926,895,1033,574,630,659,423,492,154,328,388,486,425,609,291,553,1042
"SNRPA1",390,805,839,273,223,342,113,241,261,798,1066,639,929,1019,414,1482,1450
"DERL2",751,691,570,413,570,348,222,286,276,559,651,709,637,766,357,974,988
"GLOD4",433,1143,1180,493,360,370,140,191,187,608,760,704,609,630,511,1041,1403
"ERCC3",1325,916,771,699,338,393,168,175,102,611,655,946,468,680,502,838,1318
"GTF2F2",380,1017,922,397,209,268,115,177,456,591,927,729,904,797,519,1338,1205
"PSTPIP2",460,1133,746,534,499,254,157,170,142,677,629,1311,491,652,617,1074,1500
"SETD2",472,880,809,531,245,283,96,167,118,745,648,1698,488,647,1256,1353,1651
"HIATL1",260,936,1192,500,230,266,80,153,307,715,1180,1032,647,803,603,1089,1691
"INO80E",725,641,860,607,1123,746,447,519,121,416,482,482,365,644,299,540,787
"HPRT1",120,1135,1213,321,77,150,26,66,285,1270,1721,1491,994,1329,941,2741,3551
"HCCS",223,552,509,236,125,225,49,169,296,1027,1161,2241,1055,1195,1549,1730,1655
"SUCO",296,360,632,186,122,197,63,175,279,1307,1007,1853,669,1264,1742,2372,1954
"C1orf123",686,991,715,364,492,375,212,314,288,488,616,533,619,744,343,1094,1004
"AKR7A2",525,1067,1302,394,628,443,184,450,108,433,620,391,750,769,291,1108,1177
"MAD2L1BP",748,829,700,492,232,382,122,238,156,640,575,1370,681,531,948,962,1183
"EFCAB14",538,880,892,579,235,251,103,137,124,694,739,1645,501,707,1059,1227,1650
"TMEM167A",460,1042,1075,572,254,271,80,90,158,665,914,1286,619,866,707,1438,1594
"TMEM30A",629,805,635,573,461,262,160,177,166,636,784,876,563,717,688,1052,1254
"GMPR2",1122,1413,885,678,661,438,295,292,108,406,506,678,288,550,435,733,884
"NDUFB3",505,1214,1055,383,253,233,74,167,165,866,1037,749,753,720,652,1431,1568
"TTC3",1537,1046,661,529,664,471,456,352,176,366,555,306,517,620,202,828,941
"ORC4",301,1224,1169,368,139,298,90,167,214,644,754,1210,803,815,766,1444,1689
"KIAA1429",559,824,751,373,277,291,143,209,169,652,651,1232,634,742,779,1109,1438
"KATNB1",525,737,744,422,374,538,234,236,177,627,580,813,570,712,500,924,1224
"BRE",1044,1242,718,604,631,571,345,386,223,382,460,374,512,611,225,678,818
"SLFN13",306,845,370,241,416,500,175,318,323,779,1020,775,463,1133,395,1000,1452
"ATP11B",295,1161,986,456,97,138,39,100,126,1176,1091,2818,600,836,1705,1802,2182
"TET3",146,466,628,227,132,129,36,94,294,1466,1043,4108,725,1259,2177,2128,2749
"BRCA1",162,844,775,167,184,319,57,148,436,961,1253,1134,953,1112,727,1785,1897
"ITGA5",1336,601,617,824,2294,581,966,807,114,272,185,340,456,274,270,481,943
"DEF8",992,543,699,482,587,476,292,334,159,465,542,522,598,662,371,839,1160
"CLPB",487,546,549,270,596,368,233,326,382,607,732,762,637,1007,423,791,830
"C10orf76",721,654,621,367,491,406,255,386,274,455,567,601,627,733,459,903,884
"ISG15",1814,337,390,462,782,651,822,537,873,210,544,111,1038,881,187,540,467
"C17orf85",381,528,569,318,373,309,142,150,346,787,712,1291,658,957,741,1136,1227
"CSNK2A1",425,974,1083,474,215,246,114,197,171,651,615,1418,536,705,841,1133,1591
"RPF1",480,1055,995,455,296,417,151,215,328,513,676,600,756,724,362,1046,1105
"HDDC2",677,1442,1131,394,252,389,153,260,230,404,814,562,547,794,323,1294,1077
"MRPL18",512,1414,1461,416,275,288,104,112,103,674,760,915,603,792,704,1253,1597
"C2orf68",628,783,660,399,585,343,254,378,259,560,465,787,436,638,507,776,986
"SEPHS1",482,680,778,269,449,391,169,361,255,618,577,800,650,771,465,976,1169
"MIEF1",583,845,911,407,410,367,177,267,225,536,734,646,679,722,364,869,1220
"ZFAND3",600,597,1060,716,384,317,168,240,124,629,372,2272,351,422,1241,695,1182
"CCAR1",307,927,938,422,232,289,77,121,187,735,1028,1107,728,999,725,1481,1523
"NKIRAS2",589,726,731,487,622,409,239,242,127,570,454,1026,476,626,653,783,1190
"EPHX1",973,619,495,566,995,500,400,940,192,395,488,317,517,618,224,631,776
"ZNF777",484,463,741,427,605,671,312,456,263,321,401,979,437,738,678,521,885
"SAT2",2778,387,438,805,2433,664,1189,1020,221,223,332,167,462,432,207,433,298
"RRP9",608,830,984,347,534,619,299,474,387,391,605,129,1119,820,180,732,1028
"SERTAD2",516,468,318,339,337,216,132,161,213,623,661,2637,680,917,1380,1468,1113
"SNAPC2",1389,595,775,895,642,868,465,598,114,416,333,388,345,518,373,499,675
"SCARB2",784,809,700,526,543,360,143,335,180,237,403,1731,606,847,158,1412,1651
"MRPL49",557,1597,1590,562,214,372,95,199,86,623,496,1165,423,594,823,828,1893
"SLC39A1",1030,1062,1170,891,736,499,274,412,71,445,376,691,270,426,386,596,1153
"TTC31",534,624,494,319,489,334,221,250,377,661,580,990,603,694,550,836,1017
"SRRM1",235,614,904,361,264,238,85,100,448,763,977,1082,768,1014,637,1582,1707
"EMILIN2",6222,1530,1843,3629,5091,1516,1997,1712,58,119,52,109,141,249,56,114,292
"PITPNB",898,1107,851,590,463,470,243,277,177,345,571,403,708,573,308,900,1044
"TBC1D1",794,885,602,303,994,415,338,411,321,375,496,500,735,554,223,775,781
"HECTD1",303,866,904,406,171,193,58,116,122,767,738,3260,535,670,1853,1540,2183
"OTULIN",471,468,485,273,382,313,193,265,373,564,744,796,856,1174,482,1065,1074
"MALSU1",438,727,706,289,306,376,154,285,437,575,912,453,897,970,320,1198,1045
"OARD1",418,1030,655,292,237,367,109,128,308,769,936,827,701,951,551,1284,1342
"YDJC",758,915,1237,624,951,814,366,533,155,286,400,305,596,563,179,521,784
"GNAQ",531,1203,835,655,593,380,118,192,121,610,745,820,555,570,411,1011,1081
"CDC25A",98,510,525,112,202,293,78,216,881,1112,1315,1026,1434,1455,491,1761,1438
"ERCC2",704,629,471,302,629,489,432,332,543,374,562,421,556,911,300,746,765
"ALDH1A1",263,698,285,383,980,132,85,92,456,676,1388,948,1071,1108,433,1462,1728
"VPS33B",579,747,572,391,375,439,207,244,284,616,666,736,512,730,476,855,1110
"SLC39A4",1158,650,696,437,568,909,363,760,313,341,406,167,658,712,200,628,739
"EIF2B2",737,844,769,408,302,320,201,305,340,499,626,525,701,671,408,1000,929
"COMMD5",772,573,615,472,754,456,297,483,230,529,458,465,540,623,330,805,766
"GSTZ1",691,817,662,292,598,536,241,650,521,394,645,335,685,592,238,733,633
"ZC3H15",251,1206,1240,448,169,188,39,78,182,800,921,1865,684,881,1126,1735,1952
"PRKCB",971,1069,1252,852,265,368,140,148,183,277,616,273,1003,604,599,890,1688
"FHL3",2434,1188,947,1476,1081,1905,987,1054,88,128,208,178,311,290,105,259,838
"UCA1",1422,3138,3162,3116,291,1838,1339,1105,67,168,162,193,280,229,104,144,548
"PHF13",525,488,522,352,218,336,135,190,298,871,670,1226,716,861,602,1236,1262
"GRPEL1",431,855,974,322,377,304,149,262,326,534,652,545,743,918,500,825,1214
"UIMC1",495,670,559,361,257,264,124,158,130,630,617,1977,600,803,1417,1163,1489
"ZFAND6",209,624,781,452,235,153,51,60,369,780,930,2069,929,981,1269,1593,1773
"G3BP2",286,880,1282,539,198,245,74,90,317,627,826,1308,756,783,738,1275,1470
"USP33",238,503,536,260,227,219,75,113,340,826,936,2003,868,970,1257,1683,1508
"QPRT",2288,1003,606,827,913,673,1022,1211,120,206,324,232,277,402,179,495,542
"WDR77",578,923,1253,431,459,377,195,283,274,433,648,272,941,686,234,869,1328
"BMS1",762,837,875,399,471,570,271,377,308,447,542,287,735,656,236,714,952
"BRF1",828,522,698,464,1010,711,450,557,272,428,474,311,461,606,176,598,770
"DANCR",375,1336,1732,408,251,574,173,446,173,506,796,282,799,733,187,840,1342
"NOL12",569,609,687,328,610,389,220,281,234,547,613,607,591,804,422,854,1119
"UCKL1",934,403,523,569,559,538,357,407,302,424,464,502,498,635,377,676,864
"BPGM",74,315,342,121,53,60,27,57,495,1528,1557,6257,1508,2421,4440,3364,2811
"OSM",621,587,443,621,35,225,53,97,109,1421,853,1667,636,1196,1622,1860,3514
"HSD3B7",1998,1052,934,1433,463,542,549,516,201,224,337,204,340,262,239,579,1120
"TOR1A",550,927,807,531,372,272,204,208,133,667,445,969,595,706,483,984,1378
"PLAA",363,867,727,359,191,246,72,115,233,759,949,1427,782,894,829,1401,1503
"EIF1AX",302,688,1150,248,146,188,72,166,497,926,1277,1217,890,850,534,1224,1340
"DDX51",548,607,534,293,507,473,282,323,425,459,598,431,856,1000,276,696,1050
"AAR2",684,917,882,465,431,460,222,310,151,450,574,630,518,640,381,862,1047
"LAP3",393,1303,1313,454,309,244,81,144,260,531,962,500,753,930,353,1161,1827
"ULK3",904,814,770,644,701,599,318,336,110,429,478,563,298,467,309,885,1179
"STAT2",1022,516,379,513,1464,402,540,523,430,332,426,432,474,496,286,587,529
"DPCD",332,488,471,193,93,403,151,434,766,544,761,573,1385,1007,724,1470,919
"TSPYL1",209,548,682,345,92,139,47,72,415,977,1384,1818,790,1379,1481,2027,1952
"MFSD10",2087,989,1016,1167,4877,1033,1978,1277,106,129,131,143,246,350,112,182,406
"PAK2",693,951,1100,594,523,324,197,219,189,494,582,557,444,610,380,812,1165
"MCFD2",626,1122,977,693,383,400,163,172,163,483,735,694,532,513,414,873,1136
"COX17",562,613,520,342,327,301,155,279,259,590,885,635,703,947,467,1221,1115
"BUD13",769,748,568,382,343,362,162,271,324,648,683,613,710,685,414,842,931
"ANKRD13A",623,886,570,425,565,358,191,253,239,461,561,850,633,657,454,833,871
"RHBDD1",275,620,381,207,141,198,84,174,358,1045,957,1439,966,1230,1137,1386,1621
"SNX11",683,545,563,406,550,320,221,326,289,555,612,597,672,692,363,937,928
"TRPV2",4241,1451,2744,2614,1253,1853,1180,956,51,82,103,158,221,181,154,219,443
"TARS2",554,904,804,379,470,455,209,255,287,526,576,547,665,617,327,773,1054
"OXCT1",375,1812,2313,492,64,298,82,127,149,673,1018,1038,565,832,472,1289,1621
"SETD3",523,684,624,358,483,290,203,242,244,613,636,779,495,759,478,1073,1156
"RABGGTA",1119,465,524,510,884,602,427,434,281,362,392,413,545,702,246,581,698
"TSPAN3",737,926,877,728,757,433,220,221,136,421,507,350,531,622,300,969,1253
"NR2F6",926,404,739,654,380,756,340,548,298,317,485,298,552,796,208,761,914
"CCDC101",814,586,360,358,848,705,523,561,351,352,565,294,614,726,235,539,671
"UTP6",554,1255,938,459,339,384,150,165,153,514,706,677,685,670,376,1056,1305
"PPIL1",216,1233,1060,305,177,240,74,174,310,751,1161,620,992,896,456,1408,1795
"KIAA0319L",1065,624,528,559,914,448,425,403,172,347,401,536,450,528,511,596,667
"DHDDS",854,573,541,414,543,465,323,331,477,434,572,447,653,597,303,580,800
"GTF2B",450,792,644,366,174,201,72,130,167,675,743,2112,717,801,1518,1343,1397
"RTCA",292,816,755,437,253,204,73,110,299,722,945,1203,808,957,773,1301,1301
"SPAG9",356,626,699,493,279,291,93,198,254,609,585,1542,504,616,1242,1071,1265
"DOK3",2514,1306,717,1220,3328,952,1087,992,135,144,293,272,224,347,104,140,325
"KNTC1",173,906,694,234,178,320,51,151,188,1026,985,1557,670,1154,821,1701,2088
"SLC26A6",1273,411,420,512,1338,634,746,469,221,310,412,288,442,757,200,544,778
"YLPM1",475,801,911,427,391,384,159,192,164,600,656,712,486,931,435,979,1364
"LDLRAP1",830,658,813,420,429,505,233,319,310,371,557,404,550,687,309,873,1028
"KDM3B",357,874,909,415,199,249,65,133,147,737,699,1926,530,778,1192,1210,1730
"TUBB2A",186,503,278,154,45,484,29,94,1221,763,1007,1072,2152,3648,622,4138,1125
"ANO10",1198,754,603,651,567,572,326,355,127,521,348,704,377,475,474,526,807
"WDR83",508,423,362,273,543,377,296,456,450,553,704,444,741,1054,293,933,820
"TSSC1",539,848,893,445,378,425,189,244,248,508,615,438,781,740,305,950,1036
"STK11IP",857,486,509,447,1067,590,456,455,234,390,427,356,505,728,262,617,750
"YTHDF2",299,889,891,460,422,302,103,107,365,587,773,671,719,982,414,1275,1209
"HSPE1",414,937,1282,389,208,325,104,200,221,563,941,440,946,948,390,1155,1348
"ADCY7",825,1027,1030,798,645,424,220,207,152,351,460,655,353,617,341,657,1125
"TICRR",170,473,395,163,327,365,131,298,535,758,802,1042,919,1106,623,1084,1366
"CSF1",2117,804,3379,1636,131,849,372,444,150,120,257,206,505,528,182,544,1404
"TRAPPC9",775,568,424,432,1031,684,509,500,376,353,396,390,481,598,240,569,649
"RPS6KL1",470,572,503,452,142,740,121,665,515,643,844,387,753,981,252,753,946
"NCBP1",380,1019,1031,343,227,266,106,147,247,614,787,799,786,767,543,1303,1446
"JAK1",719,1164,915,590,508,325,169,225,66,510,409,1573,306,419,950,861,1108
"RFWD3",214,920,958,296,197,312,76,95,240,919,921,1472,606,779,712,1358,2101
"CKS1B",182,662,366,142,190,188,58,177,1008,882,1336,1133,1474,1098,645,1906,1120
"TYMP",4621,497,581,1803,15241,1859,5474,4043,187,68,34,99,215,402,53,67,95
"IFITM3",4558,1587,2752,1296,3695,716,2202,1251,1052,15,568,13,50,466,29,409,108
"NCAPH",121,1177,1234,248,96,239,19,74,144,1321,1096,3214,542,1049,1515,1917,3148
"SURF2",605,343,393,286,531,445,269,541,810,491,737,271,1102,999,244,781,531
"METTL5",306,1259,817,317,194,313,63,133,243,750,1056,818,815,972,471,1486,1561
"RB1CC1",257,314,493,356,88,136,54,106,311,896,869,3813,867,922,3194,1754,1522
"UBAP2",433,943,948,435,322,392,173,246,193,497,549,890,509,661,566,684,1335
"FAF2",548,1043,858,400,277,288,154,208,116,660,655,1149,443,687,674,886,1367
"ZZEF1",727,461,588,469,672,394,238,229,190,511,473,930,480,667,628,631,1021
"THAP3",685,393,268,297,587,409,310,514,532,603,450,510,642,842,489,761,600
"VMP1",799,1174,1196,799,538,441,273,286,54,429,419,597,367,418,499,639,1367
"ASNSD1",452,901,782,382,227,248,106,173,178,641,816,955,765,713,653,1287,1376
"CMC2",316,733,584,235,129,203,77,168,227,1011,1121,1237,823,1063,845,1930,1364
"NFKBIA",1664,1199,1327,1492,1709,435,339,568,44,211,239,555,172,274,470,502,707
"MRPL15",656,1556,1268,555,333,535,151,282,165,422,655,333,559,572,245,877,1186
"SWI5",849,518,341,276,430,411,304,374,633,537,732,266,945,943,229,950,640
"CORO1B",3207,1483,1804,1897,2883,1650,1537,1555,31,93,161,139,188,266,57,172,514
"MTFR1L",882,743,510,455,635,420,397,395,282,410,477,422,558,601,256,733,736
"ELP3",601,992,718,369,450,450,226,336,292,411,559,453,683,597,324,757,941
"SPRYD3",1172,692,800,583,657,566,314,442,209,340,443,340,578,503,233,581,805
"SPOP",374,894,711,394,296,250,110,175,194,678,654,1138,698,705,785,1100,1232
"FANCG",258,889,748,260,356,342,117,213,176,826,718,1040,530,871,633,982,1596
"MED10",475,580,628,393,210,302,109,207,319,681,785,852,679,889,544,1342,1094
"ATG7",641,541,391,326,1085,269,425,466,330,385,533,471,707,642,307,806,737
"PAN2",461,766,525,300,336,291,137,176,203,704,669,1087,561,798,646,1135,1505
"CTSH",6075,1509,537,3175,8963,1069,2032,1840,28,90,65,116,158,256,106,140,388
"TBC1D24",780,447,281,336,584,305,227,253,448,588,866,338,945,873,306,1153,867
"SUV420H1",355,498,393,263,176,197,95,131,343,897,831,1756,796,998,1259,1343,1331
"IPO4",489,832,1260,444,313,585,200,287,197,415,565,390,809,638,332,673,1297
"FDX1L",921,517,445,331,374,507,412,774,620,327,584,210,940,754,221,601,613
"NSMCE4A",314,835,698,219,251,307,90,171,252,716,1026,831,775,977,455,1518,1659
"ZNF511",678,656,768,395,318,359,174,369,148,547,629,544,594,792,473,965,1092
"PIK3AP1",535,967,1197,768,717,399,153,201,144,504,548,1060,287,580,386,888,613
"REC8",394,631,699,399,185,605,216,377,223,647,523,994,539,557,520,739,1159
"ZC3H11A",683,637,615,527,328,272,142,196,138,660,484,1390,451,597,874,1080,1146
"UBE2N",397,1204,1480,489,202,273,53,107,150,718,726,935,602,771,648,1353,1777
"LIME1",571,186,166,279,851,626,539,607,668,454,575,437,756,1127,316,560,600
"PI4KA",940,636,637,513,783,510,295,294,107,416,426,715,366,624,559,553,948
"PFDN1",480,1123,997,461,238,307,114,185,132,598,632,952,553,664,598,1028,1487
"ALDH4A1",867,997,1243,641,786,505,274,271,197,393,527,261,509,642,289,486,594
"DHX37",473,571,901,403,472,539,324,415,322,399,490,396,762,692,264,590,871
"CEP95",579,675,456,320,348,354,164,241,189,660,723,1110,588,718,582,896,1001
"DNAJC15",684,1291,535,428,475,272,123,242,302,780,1172,778,511,1039,283,890,255
"WDR90",292,411,466,275,347,499,151,271,229,734,801,900,662,1224,491,857,1326
"PPIL2",583,699,842,463,434,446,179,152,95,622,555,1023,476,732,642,631,1446
"GALC",993,1550,959,965,160,454,171,180,129,461,501,904,290,556,515,810,958
"UBE2E1",507,1269,1195,534,508,311,140,263,158,452,601,543,587,555,322,863,1143
"SLC35B1",807,747,772,428,479,348,234,283,154,444,505,639,557,556,506,774,992
"CPPED1",1258,1133,1043,1257,398,413,158,179,118,447,383,558,583,389,387,652,975
"CREB3",1462,645,545,550,863,571,658,607,152,345,379,272,446,479,239,542,636
"CAMTA2",908,472,592,748,699,540,341,328,126,419,383,800,333,611,459,452,1018
"CLDN15",473,296,449,521,478,476,212,316,136,553,395,1898,507,590,1189,606,931
"NIPA2",393,786,1022,385,308,272,113,173,159,711,637,1095,595,657,627,938,1555
"KIAA0020",510,1053,930,343,275,375,156,245,267,504,787,376,984,730,287,920,1097
"CTNNAL1",82,713,646,141,82,182,27,84,404,1037,1417,2581,983,1362,1776,2302,2550
"MRPL10",640,1267,846,553,260,490,189,313,145,486,529,578,577,527,353,844,997
"NCOA1",420,685,665,318,144,180,60,125,205,783,677,2230,728,684,1796,1291,1552
"SLC25A26",1274,831,428,431,379,436,336,509,543,370,484,280,732,567,177,757,636
"RALGAPB",520,566,574,338,271,238,109,165,213,661,649,1458,648,712,1025,1120,1195
"HS1BP3",1177,516,517,518,1280,547,441,589,181,356,322,534,315,408,590,443,481
"SEPT8",708,951,941,403,53,204,73,114,185,931,824,1280,648,807,727,1560,1878
"ACSL1",1198,1347,1105,1533,1727,488,270,325,50,264,276,777,173,321,326,479,895
"ADCK4",1020,553,506,499,1123,517,464,490,239,336,372,400,455,618,209,532,743
"MESDC2",707,855,820,507,574,341,171,186,183,507,647,490,578,559,428,849,1005
"BROX",156,463,636,311,196,144,32,78,290,1040,1105,2184,980,1192,1337,2038,1863
"AGPS",454,947,908,485,202,298,127,147,164,630,719,854,597,698,559,1140,1472
"GLI4",788,275,276,401,1093,846,606,842,386,388,392,352,435,786,231,431,623
"ZC3H7B",405,859,1170,379,227,342,94,134,141,693,677,1015,508,775,706,905,1993
"RNF41",521,785,555,413,356,327,198,240,172,546,557,1026,478,618,627,869,1192
"ZNHIT2",524,261,409,323,438,481,322,544,554,440,485,505,656,820,452,809,674
"WDR48",555,709,586,397,239,295,141,210,218,535,526,1248,544,672,942,996,1051
"HECA",490,377,334,401,386,227,140,165,162,631,648,1948,664,699,1627,1130,931
"RSU1",303,1287,919,511,277,168,66,118,77,630,755,2805,378,611,1533,1054,1767
"OCIAD2",868,1053,970,546,148,629,220,412,237,331,639,221,816,618,191,1047,1026
"HPS6",600,661,834,547,438,432,161,317,176,431,527,609,474,621,308,952,1385
"FBXW2",394,910,888,469,329,286,90,110,124,653,736,1190,528,733,790,1057,1515
"OPA3",801,584,727,519,564,575,312,499,264,342,482,365,573,589,261,541,729
"CTSC",1692,1760,1760,1605,2754,486,496,465,57,188,214,291,292,284,146,314,550
"BAZ1A",151,635,803,299,180,140,54,129,256,945,1085,1647,735,1290,801,1737,1893
"TMBIM4",580,1135,1124,605,476,306,102,174,100,540,646,773,396,559,587,919,1261
"DDHD1",365,500,339,221,371,221,139,156,165,657,802,1867,663,843,1223,1323,1351
"CUL9",1113,449,322,416,1036,595,643,358,363,369,516,343,501,751,159,502,675
"MAU2",507,592,657,470,396,300,179,147,98,649,500,1727,442,604,1091,771,1295
"STX7",397,496,549,415,380,159,126,109,199,844,525,1907,573,1021,1365,811,1140
"CTDP1",586,352,605,423,605,389,276,304,204,468,418,970,469,598,854,595,838
"EIF2D",577,1608,1164,434,221,297,121,144,89,581,526,1065,394,518,735,1026,1850
"CRKL",329,820,860,443,205,193,86,125,84,761,552,2603,489,644,1394,1241,1943
"PLEKHF2",346,480,503,504,109,167,50,85,230,1038,1153,1610,901,975,977,2135,1539
"SLC35B2",1078,1047,1004,714,674,435,262,420,133,368,425,388,355,397,265,614,915
"IL17RC",681,348,522,368,858,504,447,717,456,225,525,405,482,660,218,487,959
"MRPL46",509,924,684,278,285,415,167,291,266,547,739,390,737,810,316,1105,1035
"ZFAND2A",1230,482,192,174,480,299,282,401,380,452,696,487,868,1069,630,800,525
"NCAPG2",76,764,939,180,144,189,19,56,247,1384,1235,3463,746,1220,1356,1959,2930
"VKORC1L1",277,733,716,288,206,235,85,189,360,815,810,953,651,802,681,1242,1383
"RILPL2",1793,1279,1123,974,2270,872,746,912,71,155,214,214,283,331,113,349,520
"FLYWCH1",978,511,690,657,904,589,378,414,129,289,378,473,463,752,298,385,863
"ATP2C1",327,1096,992,458,177,219,91,105,154,688,738,1458,521,773,796,1193,1614
"STX18",505,604,554,364,324,293,139,213,198,565,575,1061,656,684,943,917,988
"PDCL",433,442,669,349,151,263,64,193,229,822,991,1447,642,787,884,1231,1305
"CHCHD3",257,1120,1117,327,146,222,46,95,119,871,895,1691,649,789,935,1474,2277
"ALKBH3",788,916,571,353,424,543,277,393,418,387,652,263,621,611,179,776,783
"TMEM127",1117,497,741,646,1041,399,395,428,130,312,335,621,357,432,447,557,690
"SMC6",227,870,571,276,150,212,58,142,342,812,1056,1253,728,973,764,1576,1564
"RBBP4",341,1177,1086,345,194,216,72,120,156,812,641,1745,414,597,800,1060,2466
"MUL1",893,640,579,550,540,434,273,288,159,459,399,639,383,498,419,878,978
"MICU2",192,1176,1047,374,130,221,32,74,120,1038,1300,1820,688,881,1096,1420,2004
"ADK",395,1023,888,323,270,352,117,295,271,485,773,540,732,668,339,1064,1141
"IL10RB",1054,1087,885,704,1119,506,386,419,109,295,319,438,323,329,272,597,756
"WDR70",481,843,619,299,330,393,183,234,372,478,667,520,673,777,318,1034,957
"ZFYVE26",776,508,385,399,752,325,275,252,204,463,490,755,489,673,617,693,842
"PSKH1",570,680,725,405,287,375,136,244,159,557,471,1075,546,607,615,811,1392
"AGBL5",620,955,741,407,210,490,250,344,241,514,500,583,558,586,323,768,892
"UBE3C",332,703,967,366,179,248,87,104,145,662,823,1947,526,754,831,1154,1975
"FAM21C",589,478,388,278,469,229,184,242,208,512,467,1218,618,795,1212,938,841
"NCAPD3",130,732,1065,225,88,142,19,72,206,1382,1196,2973,718,1066,1438,1876,3304
"MAT2B",175,679,950,425,105,119,32,69,136,861,883,3560,817,732,3155,1573,2054
"TRIM24",342,929,813,309,227,372,118,225,185,646,622,974,571,710,645,1018,1135
"UTP11L",460,1273,991,421,362,370,145,227,178,447,623,465,616,684,335,935,1171
"RHOC",3472,1547,1279,1936,1812,2209,1495,1730,63,70,135,61,291,244,76,162,369
"MRPS35",452,1382,1089,433,292,406,131,221,272,405,608,435,670,675,283,930,1082
"PIF1",140,366,277,145,230,260,32,154,511,1189,1176,1799,816,1543,1387,1642,1427
"FAM229A",612,108,118,306,691,704,647,543,558,574,393,743,666,985,556,599,413
"ZNF3",425,543,453,298,357,352,212,294,284,624,662,782,627,732,502,798,952
"OFD1",421,621,371,287,251,312,157,243,234,649,614,1091,559,861,973,936,1040
"SMUG1",646,464,459,298,370,331,192,409,436,605,686,426,717,850,335,927,667
"MED13",264,461,507,287,217,268,75,122,225,786,763,1912,719,842,1319,1393,1329
"C8orf82",933,634,830,684,692,834,448,574,134,345,304,443,337,509,243,419,630
"DNAJC17",587,496,367,233,574,479,285,461,513,495,668,282,696,786,269,830,686
"CD99L2",985,695,638,569,1629,548,469,385,152,413,316,411,243,496,303,423,662
"FRAT2",718,859,748,509,634,379,246,422,169,345,475,497,638,462,312,617,775
"PPID",464,1125,789,527,263,220,140,204,264,502,657,471,719,646,391,1046,1264
"TCEB3",490,757,818,359,328,290,135,184,171,584,628,829,548,735,505,994,1303
"ABHD4",1198,935,800,834,276,270,184,240,75,386,233,1428,480,411,1396,586,830
"MED1",302,870,783,329,184,248,97,155,201,717,715,1301,594,762,687,1126,1512
"RNF7",849,921,920,598,561,485,237,237,162,356,465,476,449,517,317,651,817
"C11orf24",1622,775,1083,890,307,650,401,312,93,326,359,512,353,386,407,470,701
"AGPAT5",585,1464,2063,919,71,304,90,150,135,520,694,745,471,502,485,862,1704
"ARNT",439,693,531,336,324,265,169,250,302,519,695,1233,424,779,538,840,863
"ALAS1",1678,2114,933,1029,657,528,307,311,43,294,265,473,299,314,321,423,1185
"NUP107",311,1197,1010,276,110,232,49,131,169,811,972,1195,697,723,700,1573,1959
"SEPT7",374,1052,1205,595,172,183,59,90,138,702,696,1632,485,611,857,1251,1801
"SMG6",527,453,492,335,504,375,261,326,294,582,485,592,632,721,439,656,832
"ZDHHC14",482,715,533,422,138,447,155,370,411,482,752,436,725,1081,336,762,896
"MKL1",1088,730,668,525,1129,608,565,439,166,311,284,462,329,460,279,350,632
"SLC2A3",3002,1676,2249,2069,1634,1405,1383,962,60,60,174,110,298,129,64,208,572
"PEX19",417,953,677,321,342,237,109,179,246,568,560,1076,583,553,691,1043,1195
"FTSJ1",518,827,881,405,275,334,143,161,190,521,697,615,552,702,437,1047,1299
"DCAF5",687,687,568,470,405,346,159,169,114,592,508,1079,413,705,702,714,1194
"SRP19",481,806,772,393,231,206,74,102,185,647,945,966,736,842,606,1269,1327
"MUM1",819,379,572,384,790,472,572,413,263,393,405,280,388,825,272,633,756
"CDAN1",362,511,478,308,399,351,209,314,471,470,590,633,672,788,365,820,941
"SRPK1",211,1105,1126,358,231,251,60,129,184,652,778,1055,586,690,622,1327,2002
"MAGOH",309,1167,1053,360,254,311,80,128,153,718,719,942,497,756,591,1097,1425
"GPN1",441,969,806,352,222,276,113,224,295,538,632,741,618,636,442,1068,1147
"DESI1",616,618,650,395,420,257,171,215,236,469,401,1055,509,495,733,814,1099
"CES2",739,537,724,474,868,707,482,554,244,291,395,425,408,438,292,346,584
"GMEB2",368,374,553,277,314,282,122,227,363,829,594,1187,635,780,685,852,942
"CCDC61",809,483,492,344,758,529,355,397,492,412,502,268,509,755,217,585,570
"CMIP",343,555,1046,596,252,418,145,162,217,399,688,644,582,820,368,1085,1346
"TAB3",113,208,493,279,65,87,42,69,418,1155,1104,4068,1303,1141,3006,2295,1679
"DOLPP1",364,714,736,360,138,326,70,207,183,790,726,1015,764,719,676,1046,1478
"ELOVL6",483,2052,1749,602,146,713,124,499,105,232,328,754,420,344,641,651,1054
"PRADC1",827,574,524,277,497,371,267,335,409,446,650,281,731,793,239,814,659
"WWC3",661,525,927,488,237,268,99,194,103,496,335,1767,409,514,2397,746,1234
"ICAM3",3003,2115,1026,1373,2402,1097,1347,837,117,101,100,139,284,303,102,120,339
"KLHL12",225,801,616,277,234,195,66,108,271,823,827,1422,660,810,935,1447,1407
"PFDN4",237,1011,579,265,101,234,54,102,400,802,1028,1003,981,1064,692,1674,1315
"ICT1",476,988,876,342,269,387,149,257,178,532,671,517,642,677,317,982,1134
"NMNAT3",273,1362,591,276,79,215,46,137,255,953,1193,856,735,1010,537,1926,1945
"PVT1",1378,2487,1549,837,159,551,309,466,144,285,387,170,613,444,163,512,680
"DYRK1B",686,265,390,581,263,572,278,409,160,457,372,1351,364,626,978,584,819
"CD46",315,1189,943,557,143,159,51,86,192,702,837,1777,417,704,847,1333,1875
"KIAA0141",1017,1019,704,720,594,520,351,274,123,327,415,418,412,384,284,614,879
"MRGBP",608,483,571,424,468,402,251,380,346,363,522,434,645,709,325,663,781
"EMC8",461,602,813,419,336,347,176,240,187,506,593,578,688,571,403,1016,1137
"NSD1",534,867,909,381,461,360,180,256,139,461,426,776,388,601,662,669,1017
"PDXP",455,764,934,400,208,331,110,186,156,627,677,636,544,725,483,1126,1612
"ABHD10",482,808,520,286,326,303,176,233,337,583,777,465,747,788,331,971,870
"IBA57",218,299,448,187,191,257,72,202,542,835,820,1408,1083,910,1071,1121,1066
"FAM136A",731,1316,1086,462,496,537,317,429,207,266,429,168,715,551,124,778,893
"PPP5C",364,899,1221,428,433,477,155,325,116,443,491,607,411,650,360,748,1329
"PPP2R2A",557,749,737,438,320,303,138,225,191,430,488,1038,701,426,751,751,918
"TSPAN13",107,555,1462,341,16,128,21,166,267,1333,1593,1557,1012,1164,1120,2251,2177
"SEC31A",762,1225,1392,818,326,302,109,136,93,366,491,751,408,495,645,703,1349
"MECR",349,782,625,294,282,445,163,363,402,438,639,335,632,909,296,983,1087
"ATPAF2",460,641,481,335,456,409,204,318,277,509,556,529,554,826,331,832,871
"LRRC42",391,523,599,308,205,265,81,192,317,638,880,831,772,823,491,1336,1280
"SLC25A25",508,310,344,351,401,363,158,239,308,578,603,935,747,847,545,719,999
"CDC42SE2",526,1083,889,559,207,262,95,121,102,706,670,826,427,687,641,1201,1504
"OSTC",582,1608,1334,607,303,304,143,195,125,436,559,573,444,495,375,774,1126
"PLEK2",261,482,1844,344,42,340,30,186,160,650,455,3046,880,628,4113,767,1126
"ARRDC1",1671,626,647,835,2409,721,980,821,162,178,209,243,301,373,128,305,385
"CYP51A1",994,1380,1586,937,588,523,233,329,101,273,368,477,335,330,241,552,658
"RNF216",1030,591,603,578,683,464,434,372,212,295,430,350,440,487,273,612,654
"ACSL4",638,646,1378,1163,191,224,118,152,118,647,611,729,488,480,490,995,1174
"DNAJC1",833,847,630,470,518,429,247,241,182,446,464,552,401,554,367,708,731
"CDYL",200,437,541,198,131,146,62,160,318,926,829,2253,834,976,1113,1583,1554
"COPS2",324,1214,1058,423,161,198,59,68,149,623,749,1344,594,823,1007,1331,1540
"ISCA1",114,424,453,228,66,99,20,76,421,1088,1024,3595,1321,1048,2848,2283,2025
"ZC3HC1",545,736,639,354,252,424,161,278,270,480,733,410,828,636,311,882,983
"PCTP",252,809,397,301,157,156,48,68,465,893,977,2254,796,887,678,1645,1475
"SDF2",832,769,584,526,378,340,169,269,99,508,494,659,493,574,509,923,943
"FTSJ2",487,1022,836,352,426,308,158,219,129,601,620,593,576,621,373,761,1227
"NOP16",472,1066,1383,357,342,574,161,311,127,428,581,278,743,562,237,823,1277
"MYO1F",3196,1246,720,1269,8738,821,2503,1276,86,130,49,181,184,397,110,80,188
"FNBP4",465,683,594,425,214,275,75,136,212,682,567,1230,519,619,1009,1002,1425
"SEMA4D",2035,735,645,1055,948,684,565,344,117,191,372,323,325,411,119,450,786
"GYS1",666,647,649,386,783,409,364,392,190,442,395,458,410,596,263,564,832
"RALA",1421,917,846,970,530,618,361,413,95,319,411,407,305,345,196,503,748
"TMOD1",181,525,759,196,16,151,22,98,325,1248,957,4538,938,1097,2267,1766,2048
"ATP13A3",223,696,948,547,192,132,55,104,247,671,1076,1225,604,867,656,1274,1835
"FGD5-AS1",312,854,945,408,152,189,66,85,95,775,727,1967,459,657,1054,1477,2406
"LHFPL2",754,925,922,781,832,411,199,477,50,463,408,739,384,406,373,493,613
"UBE2V2",212,718,909,307,147,227,59,110,325,780,1087,768,981,975,528,1509,1374
"UBE2E3",223,895,886,406,155,234,32,77,190,878,958,1365,693,869,838,1529,1693
"NOB1",833,1897,1639,797,369,673,271,334,85,273,335,331,370,402,177,590,1030
"MED4",215,931,868,367,154,222,42,58,195,963,865,1276,696,913,834,1699,1840
"RNPEP",1430,1264,1071,1117,934,497,351,392,123,279,243,259,296,355,165,506,713
"PRAF2",1783,687,624,761,446,736,553,544,174,226,288,356,398,361,347,341,498
"IPO7",315,938,1108,462,173,270,79,184,153,595,764,829,533,681,550,1068,1600
"P4HTM",777,784,650,607,557,501,276,405,139,418,383,440,304,508,350,550,937
"PGAM5",281,727,1339,355,199,307,126,253,302,400,679,512,794,771,300,919,1530
"SPTLC1",192,536,968,290,107,166,44,88,296,998,1123,1559,699,988,942,1603,1643
"GFOD2",331,386,386,260,232,312,118,283,301,531,500,1260,850,827,1033,931,988
"NEURL4",598,373,405,341,637,462,284,212,264,541,490,625,562,788,467,551,773
"SGSM2",2005,577,408,782,1474,866,916,406,127,235,312,180,401,420,140,348,690
"STRBP",206,919,830,304,67,202,44,153,278,776,979,1083,724,1049,670,1777,1869
"MRPS10",225,1011,793,293,183,211,66,130,305,765,836,766,902,837,620,1089,1418
"HTATIP2",655,765,659,561,246,217,103,184,176,365,532,1169,717,592,534,1154,1013
"FOXP1",537,456,374,276,332,292,128,200,384,661,626,826,622,722,695,1044,761
"UBXN4",209,760,1016,435,203,179,52,106,143,693,782,1968,493,656,1122,1169,1931
"CDS2",799,679,520,532,672,325,269,294,171,387,473,645,398,532,333,699,762
"IAH1",748,986,705,467,222,286,100,205,167,555,601,569,506,675,410,1055,1283
"PCGF3",483,458,405,418,618,455,251,296,133,478,592,646,512,528,467,782,1022
"MON1B",460,446,518,291,363,300,146,242,338,604,469,625,643,787,607,879,1010
"ACOT13",624,1099,889,398,279,280,115,222,137,408,720,474,493,779,387,1133,1188
"ANXA6",4293,1667,1413,1987,5569,793,1467,1109,78,99,55,147,157,311,88,84,230
"NOL11",272,997,1004,290,147,223,78,149,250,683,763,799,881,675,492,1320,1433
"TMEM165",327,887,1162,579,219,174,66,130,158,539,672,1208,474,646,710,1039,1717
"CREB1",232,482,459,229,174,112,52,97,308,1005,908,2105,709,1002,1367,1585,1524
"RPS26",196,361,465,122,130,340,207,342,334,733,2801,205,4358,870,194,1869,622
"USP1",85,710,1043,209,67,90,20,49,197,1455,1322,3205,916,1087,1411,2572,3037
"BLOC1S6",394,759,782,409,165,169,66,87,173,709,871,1326,529,800,829,1421,1490
"COTL1",1254,2069,543,747,2844,499,820,609,127,224,97,365,352,620,218,105,327
"NFATC1",1191,653,1555,724,563,891,440,561,159,133,271,233,569,346,131,554,692
"U2AF1L4",1032,272,216,260,1009,513,414,315,354,498,446,463,452,760,496,448,570
"USB1",769,709,869,536,685,461,294,288,109,370,379,449,391,481,343,643,858
"ILF3-AS1",341,442,400,230,335,312,145,203,433,545,867,560,862,851,529,1131,807
"LOC100506844",829,1464,498,451,257,582,268,579,244,380,507,250,517,472,182,923,519
"NDC1",169,1004,938,206,180,231,66,148,276,729,874,892,835,805,484,1486,1552
"C22orf39",529,530,397,285,458,267,215,291,427,517,564,552,559,721,394,841,778
"TMX1",167,782,910,298,265,182,61,95,245,799,1038,913,816,979,459,1530,1476
"C7orf26",662,507,746,498,596,488,252,398,141,410,353,539,418,596,315,541,971
"HLTF",194,1145,950,326,31,115,28,80,122,1114,1486,1882,662,848,1296,2188,3041
"ORAI1",2807,1113,993,1236,2947,1378,1652,1631,89,69,125,94,218,244,90,173,321
"RMDN1",492,1308,658,388,319,297,141,246,201,511,747,365,752,682,229,950,952
"EPS15L1",664,1157,853,592,543,531,248,352,95,269,301,738,321,407,503,467,908
"TRADD",1195,455,482,517,762,483,368,342,166,366,490,353,435,595,263,612,570
"LARP7",306,951,775,304,182,185,79,82,175,728,943,1081,675,858,683,1319,1474
"TXNDC12",817,1342,1174,707,519,409,219,277,69,315,522,601,352,293,324,592,921
"SEC63",400,876,731,395,298,177,88,102,207,681,847,715,580,699,519,1327,1351
"IGF2BP2",272,447,632,292,243,342,81,205,219,442,578,1658,620,677,1443,935,948
"MRPL42",189,730,873,248,88,147,40,92,350,952,1166,1183,1030,872,742,1597,1859
"CHRAC1",304,552,670,278,312,342,157,252,195,629,648,982,522,732,374,848,1263
"ZBTB8OS",500,697,363,270,354,317,174,221,337,522,761,481,764,800,372,943,769
"ATG12",445,633,604,391,337,289,107,173,190,581,641,788,621,703,573,966,954
"ADA",1977,486,207,673,3482,355,877,921,350,191,457,266,271,329,139,221,394
"NDUFS1",191,1016,1073,294,95,171,34,81,195,898,961,1618,682,829,949,1446,2055
"SMARCAL1",684,767,518,296,366,266,195,219,244,510,626,535,517,677,318,901,1072
"CDK2",106,913,1170,250,81,185,15,74,121,1148,1236,2300,597,1013,1150,2017,3375
"C2orf88",83,480,484,71,30,191,42,187,697,1473,1050,2091,1324,1345,1309,1994,1342
"RCE1",641,466,614,416,339,343,207,333,152,482,438,672,476,604,561,701,963
"CDK12",271,515,636,296,290,221,115,231,314,512,599,1067,580,666,703,1069,1068
"LTBP3",847,222,264,418,720,683,757,889,349,174,400,305,613,629,241,414,653
"CSTF1",337,821,688,377,276,281,107,199,260,542,672,617,741,626,431,846,1197
"ATF7IP",239,475,456,190,212,195,84,127,319,707,800,1760,620,936,912,1458,1257
"C5orf15",623,523,508,460,308,224,109,210,190,531,774,792,516,629,501,1025,1118
"AP1G1",436,739,733,473,285,281,88,125,146,589,589,1193,538,576,724,890,1125
"FIP1L1",498,988,808,354,294,340,122,215,128,505,598,680,511,666,421,789,1237
"TMX4",366,1017,869,417,172,258,107,124,201,556,699,906,499,773,525,1101,1043
"RELL1",511,294,162,208,296,142,108,105,612,951,1224,817,859,1215,528,1788,903
"ISG20L2",356,576,826,316,289,269,117,181,226,586,651,809,572,688,558,849,1137
"GLT8D1",891,1409,835,692,294,451,163,225,108,350,486,420,473,480,304,715,913
"LEPROTL1",1247,1210,1041,759,526,480,227,317,99,347,380,317,380,395,224,575,676
"MTHFD1L",199,1285,778,188,358,416,177,327,413,310,664,444,960,816,203,550,1121
"C7orf49",502,479,573,304,324,231,203,224,169,532,533,1063,555,571,697,784,1007
"SLC14A1",363,266,365,389,65,80,60,239,206,896,673,4559,801,403,2005,1724,1545
"COPB1",467,1505,1401,686,114,114,48,50,45,799,685,2161,318,620,1220,1336,2405
"PDK3",748,1045,524,363,552,340,242,347,238,312,538,343,474,622,233,663,820
"BID",563,1004,863,439,724,411,220,401,144,353,506,292,451,524,226,588,877
"FNTA",767,1052,653,504,380,342,195,245,159,371,446,580,422,456,446,649,866
"DUSP23",815,516,462,293,995,385,467,541,408,253,418,170,744,710,125,736,546
"TMEM97",813,1470,1183,496,369,475,269,468,115,278,434,312,423,491,180,498,890
"BTBD1",349,901,890,465,189,219,67,95,165,631,702,1074,564,650,670,1297,1318
"DSCR3",651,919,708,590,480,306,126,197,79,460,515,814,385,590,475,773,992
"FBXL6",723,343,439,400,511,430,258,252,145,516,471,580,486,739,396,572,1157
"SLC38A7",905,332,448,444,1207,499,527,518,259,267,397,292,532,440,271,392,570
"DDX50",433,985,828,317,181,242,97,123,221,580,733,768,591,718,527,1026,1197
"DUS2",582,543,476,281,570,397,317,366,401,391,556,228,762,766,188,666,702
"FCER1G",3630,1607,908,1981,5694,727,1145,1422,34,146,61,209,193,521,130,80,97
"CASP2",404,576,564,281,396,326,131,253,220,556,637,668,540,713,341,909,1216
"RGS12",747,164,252,243,2433,342,583,558,262,562,377,459,384,607,294,516,595
"C21orf59",409,955,1061,398,223,282,96,171,103,550,684,709,591,705,449,963,1325
"WIZ",436,519,721,451,326,344,142,173,129,573,566,937,390,663,619,655,1374
"PNRC1",541,441,632,636,245,175,122,158,63,469,323,3063,361,516,2139,1075,1029
"RBSN",484,412,323,235,270,224,124,194,481,621,748,727,755,828,585,1043,848
"DDX18",235,1063,1374,358,140,223,57,108,208,630,766,858,674,727,489,1162,1807
"ABI2",370,620,685,306,137,283,103,202,257,760,580,1090,492,614,627,1051,1163
"SH3BP2",2583,608,675,1230,5107,783,1319,781,84,130,128,166,272,289,125,154,367
"SMEK2",295,889,806,412,195,194,62,107,181,633,657,1261,565,644,831,1122,1488
"SLK",303,587,716,359,197,207,83,162,241,654,721,1183,453,656,629,1307,1318
"ATP2A3",3024,2587,1156,1801,2569,1299,1919,1234,135,52,65,77,234,247,55,61,399
"CCDC159",1320,367,268,418,1185,583,671,444,347,274,422,232,511,591,183,410,419
"SENP5",410,438,523,324,303,310,135,209,201,577,635,979,571,602,570,902,1087
"BTF3L4",190,720,735,250,151,159,50,84,237,943,996,1485,666,900,786,1411,1693
"NLK",728,644,449,587,164,262,225,218,211,478,518,575,599,681,461,773,945
"IREB2",291,733,797,325,137,172,46,91,179,826,907,1627,510,717,1021,1266,1642
"MCAT",480,554,657,247,340,489,258,575,437,354,520,258,858,646,192,656,652
"POLR2K",249,885,784,278,151,208,56,90,160,874,890,1070,713,810,689,1414,1630
"FRYL",322,411,381,287,118,107,41,71,194,908,947,2549,829,895,1774,1732,1636
"TPM4",2807,3057,2225,2558,779,1058,645,525,45,74,89,165,187,253,152,148,741
"ARHGAP17",621,590,754,471,588,465,245,245,126,425,355,870,293,361,683,494,786
"IKBKB",869,657,614,438,831,392,304,241,156,360,391,451,412,509,320,547,733
"RAD50",407,598,785,337,153,260,86,144,225,567,726,868,586,754,586,1132,1294
"CCNH",384,963,863,321,181,252,75,142,147,685,766,853,550,708,572,1062,1224
"SDHAF1",752,484,418,362,559,457,360,587,255,376,437,327,462,589,217,637,620
"PEX6",882,336,565,427,1051,456,352,240,300,341,156,263,894,647,243,1051,500
"EP300",252,322,544,229,142,121,49,146,189,781,519,4694,562,874,2499,929,1640
"ERGIC1",705,1385,1181,731,488,414,240,241,111,263,377,455,309,457,234,530,1035
"COPS4",282,1091,812,302,172,198,58,83,346,598,850,777,760,759,545,1232,1341
"G3BP1",210,695,1370,393,239,174,55,162,154,579,777,821,623,713,525,1243,1802
"MIF4GD",599,887,730,481,506,453,203,284,116,407,433,516,338,507,312,727,892
"LIX1L",609,772,814,496,325,428,198,306,162,350,480,470,396,461,357,767,892
"RHEB",305,904,750,364,179,177,59,81,73,835,712,2181,448,584,1218,1219,1868
"CENPA",68,567,696,161,90,202,45,97,293,1049,1227,2119,625,1125,1172,1781,1701
"TIMP3",849,1821,1595,698,50,576,399,367,149,380,496,408,356,278,164,803,665
"SMTN",273,277,322,152,375,287,119,198,456,596,690,1214,361,1501,591,1016,1287
"N4BP1",898,392,447,586,999,414,471,459,150,337,287,585,293,327,408,428,738
"FMNL3",672,254,330,320,488,249,197,158,252,661,454,994,521,660,664,813,960
"RPARP-AS1",804,696,437,338,769,563,424,781,361,223,358,236,485,546,137,644,426
"ZRANB1",414,441,486,276,185,169,105,180,172,660,430,2153,474,651,1376,1076,1246
"SAR1B",288,619,688,268,154,192,61,100,167,801,850,1455,528,751,940,1399,1595
"ST3GAL3",639,504,334,302,273,452,229,251,582,508,564,590,543,664,272,566,702
"NUP205",212,1161,1122,325,155,243,51,123,99,759,761,1215,518,638,592,1282,2068
"TRAIP",170,472,429,174,300,319,100,226,413,722,733,648,840,1001,457,1162,1038
"EGR1",386,314,1156,498,127,223,64,95,126,442,531,933,410,1264,1304,1939,1772
"LSM1",414,919,894,435,160,324,99,117,89,676,656,870,536,639,599,1014,1261
"PFKM",136,760,426,144,69,100,26,59,143,1374,1401,2765,772,1292,1583,2085,3301
"PRPSAP1",503,718,956,454,378,283,123,236,169,371,459,803,381,483,499,794,1013
"ADCK1",527,489,513,302,344,396,232,317,355,333,539,382,801,680,301,753,688
"GOLGA2",580,488,556,532,405,324,221,151,203,525,380,1154,261,714,670,457,833
"CDC25C",93,478,346,106,129,210,58,181,505,1114,1076,1428,802,1287,955,1371,1259
"GPR107",869,622,537,541,770,403,265,208,137,423,417,510,395,493,349,511,692
"TIPRL",355,1001,858,388,235,261,64,167,198,539,797,661,549,712,328,1143,1218
"AAK1",732,445,395,405,455,360,217,192,199,412,381,752,524,560,860,507,761
"MTMR12",160,335,449,173,111,165,47,125,687,905,1200,1320,821,1293,616,1719,1384
"EPB41L4A-AS1",834,971,474,478,405,573,289,446,145,346,361,420,516,395,230,631,625
"ZMAT5",440,595,370,278,288,340,138,274,275,446,492,1049,622,770,590,695,661
"SNUPN",691,794,727,333,427,376,284,262,204,408,478,425,517,450,231,796,686
"CDCA2",142,509,414,100,129,152,52,126,509,994,1132,1497,880,1193,777,1779,1398
"POLR3K",362,603,555,223,247,268,131,280,324,593,807,340,896,816,296,1061,978
"VEZF1",409,491,443,278,222,208,94,204,183,630,675,1264,518,638,785,1180,1182
"IRGQ",1001,367,335,341,774,653,485,476,378,295,373,291,453,422,341,460,416
"LSM14B",390,673,764,417,284,274,91,154,124,566,583,1051,409,570,753,846,1301
"MRPS22",334,1235,1263,419,153,279,83,125,115,568,644,896,506,554,495,993,1435
"WDR76",73,577,603,150,156,205,47,101,507,897,934,1383,858,1104,747,1440,1787
"SPEN",362,570,800,416,304,280,136,151,154,506,472,1181,297,676,795,719,1271
"ZNF414",575,249,398,337,1071,800,565,466,313,351,358,363,369,678,193,389,609
"CNNM3",535,526,470,331,320,327,178,280,244,399,415,813,545,553,599,699,821
"SELT",356,756,868,554,311,174,47,73,189,669,647,1083,550,660,690,1052,1220
"FAM208A",294,828,742,332,194,178,71,90,158,689,681,1404,478,636,871,1279,1480
"PPM1B",241,322,389,247,242,162,84,122,300,828,914,1454,625,874,981,1227,1071
"THUMPD3",370,761,667,281,275,308,103,177,307,546,720,547,536,745,354,872,1094
"SIDT2",696,589,701,419,272,379,138,213,142,436,317,912,432,516,763,711,908
"BAG5",369,588,565,312,276,267,129,157,209,529,629,778,558,701,481,1093,1133
"RLIM",301,851,841,353,192,251,81,117,182,610,578,1076,463,637,702,1075,1277
"CAMKK2",604,624,524,403,815,330,223,223,188,358,528,502,357,629,311,619,862
"CDK11A",751,326,450,305,286,338,141,141,291,314,350,1087,465,1035,1292,529,945
"CAMTA1",491,542,475,367,489,329,177,287,187,466,555,505,460,747,371,757,795
"CCDC97",698,733,652,446,543,360,259,255,159,343,395,606,325,500,416,499,819
"PUM1",274,480,543,368,213,208,75,104,250,627,760,1010,778,763,716,1225,1171
"NAA15",260,983,1098,334,159,242,47,96,242,630,843,676,749,735,469,1064,1598
"FAM178B",994,4284,708,1086,292,535,729,2056,417,299,370,160,95,142,68,177,433
"ARHGEF18",615,534,621,440,754,348,258,205,154,408,372,688,415,492,436,482,773
"POLG",729,668,735,522,516,329,171,206,124,384,362,810,279,509,510,500,1151
"TECPR1",527,277,383,305,529,313,233,254,282,503,497,762,524,723,500,545,726
"FAM122B",134,477,550,207,112,131,43,70,267,1000,1385,1640,634,1135,817,2070,2200
"PACS2",1163,487,630,577,1310,690,614,473,197,252,263,223,308,436,160,331,501
"MBTPS1",670,992,1008,684,337,327,152,133,99,423,414,608,380,425,489,650,1121
"LOC100130899",853,514,864,711,43,613,136,219,274,419,363,752,642,322,984,531,755
"EPT1",289,571,527,294,141,257,79,160,301,610,733,915,741,692,594,1122,1265
"CEP350",342,464,373,234,242,209,103,165,319,669,613,1180,504,722,757,1114,1136
"TTC28-AS1",492,468,255,194,303,290,133,234,458,578,731,522,673,1005,362,1054,787
"GATA2",4211,1728,2408,2567,175,1166,749,405,27,144,177,66,217,159,153,421,1063
"ARV1",327,2098,1172,422,99,238,52,118,66,671,737,1034,353,621,667,1178,1830
"SEC11C",595,758,769,368,365,312,145,183,191,475,632,372,595,560,349,781,846
"CREBZF",268,427,493,345,184,168,75,113,185,797,820,1461,498,772,1003,1194,1434
"LRSAM1",1109,528,369,562,1313,670,797,482,262,220,302,221,362,477,143,306,448
"C1orf216",821,550,454,372,727,466,369,322,268,335,377,317,456,597,188,553,643
"EP400",464,613,661,359,411,308,221,229,249,439,441,545,485,630,333,627,871
"MSMO1",1085,904,979,866,381,510,290,319,90,270,263,713,423,205,564,368,453
"LIN37",772,314,261,297,724,465,366,358,363,421,412,409,438,608,484,443,498
"MSL2",325,655,477,327,266,247,97,146,260,602,576,928,597,569,761,937,980
"RELT",758,314,346,422,1028,290,312,290,117,412,417,684,331,703,391,582,879
"SIK3",435,373,385,223,353,284,170,197,218,470,444,1510,511,567,1067,669,914
"POLH",358,403,440,277,276,279,119,195,329,532,559,801,672,729,597,815,1035
"MZT1",94,390,543,153,67,89,21,45,317,1650,1806,2409,920,1468,1251,2489,2112
"TRMT10C",257,939,949,424,147,330,89,152,262,491,754,480,681,652,339,1079,1161
"TMEM63A",1363,450,390,519,1957,399,602,432,130,201,302,312,376,411,285,350,541
"SBNO1",278,566,648,321,191,216,73,156,241,478,677,1185,599,659,882,1023,1101
"PDIA6",761,1397,1847,737,339,311,157,134,48,322,414,627,298,401,367,575,1492
"NAT9",1351,647,482,556,694,650,474,348,114,322,333,299,411,420,215,360,604
"GUSBP11",733,288,209,270,1146,477,453,275,156,571,382,716,468,433,548,624,395
"THOC2",223,488,608,263,258,190,78,104,305,663,746,1055,610,1068,571,1122,1146
"DHRS7B",390,531,356,232,305,252,113,186,210,732,669,788,552,734,627,974,995
"PUSL1",675,280,357,243,520,386,276,379,434,377,524,253,718,899,247,726,613
"MAGT1",231,711,920,374,153,162,59,69,147,766,848,1207,566,761,709,1369,1738
"COPRS",1216,704,714,592,830,634,457,693,234,166,283,75,630,424,121,487,502
"FRMD8",433,524,788,458,306,317,114,193,92,485,425,1068,395,525,695,660,1547
"CERS5",766,634,512,436,719,491,442,330,184,315,460,287,358,499,185,559,642
"NGLY1",452,1020,664,332,248,264,107,143,113,492,649,783,474,586,512,1021,1248
"KIF23",38,552,609,140,15,91,10,43,366,1708,1757,4012,1058,1701,1868,2901,3063
"CRELD2",890,401,772,430,812,373,313,353,207,333,413,242,426,588,186,577,680
"DDX28",439,660,707,344,347,361,187,250,215,404,563,402,461,632,256,841,1038
"NAE1",218,1065,1238,323,132,272,51,78,157,632,822,802,587,707,497,1280,1991
"SNX19",496,591,470,359,304,278,134,181,189,518,418,953,474,599,595,839,948
"NTMT1",529,458,610,285,359,356,181,325,331,372,623,263,675,839,262,720,753
"EPHB4",292,699,1123,586,41,865,132,498,242,353,619,426,665,499,258,577,1207
"AMPD2",1075,799,768,473,744,546,389,468,153,212,314,183,503,431,150,435,740
"LLPH",384,605,556,280,422,324,178,281,356,416,594,401,673,535,258,836,763
"AMZ2",659,853,508,375,268,311,101,159,137,475,571,562,492,613,455,1135,1088
"RRNAD1",704,673,532,437,393,446,210,232,115,419,386,508,420,483,417,716,944
"UHRF1BP1",198,737,427,246,156,195,60,116,272,849,775,906,689,1164,829,1136,1191
"HAUS1",220,1115,896,244,135,238,59,83,106,745,945,1104,522,800,557,1413,1935
"PRPSAP2",369,689,587,443,121,223,66,106,293,542,743,930,670,711,612,1170,1017
"RNF113A",953,605,460,525,500,409,337,352,148,390,369,371,439,544,211,547,656
"SEPT11",647,1206,1261,529,315,291,153,206,133,354,414,448,397,489,261,658,1093
"KDM5B",541,780,540,521,163,263,130,163,128,337,350,1768,413,460,1332,729,875
"NCKIPSD",611,505,537,397,695,380,308,322,382,315,417,303,469,585,185,519,676
"CYB5A",252,869,933,338,64,106,28,77,73,1060,920,1714,650,764,1183,1895,2445
"EHMT1",420,543,814,453,385,283,153,168,143,490,470,994,284,559,520,628,1195
"SNAPC4",658,322,432,383,667,606,500,483,331,319,341,269,485,593,215,395,553
"UBE3B",394,593,503,329,252,258,116,176,167,533,548,1013,448,613,740,910,1016
"IFT27",617,461,409,318,360,414,219,386,275,526,508,283,573,586,261,873,635
"PLA2G15",1701,451,355,609,2266,561,904,880,212,139,240,171,375,495,119,282,281
"GOLGA7",314,599,566,325,245,174,95,114,157,555,606,1206,502,654,1096,995,1253
"FAM204A",414,660,499,241,233,263,107,136,224,549,718,825,667,742,464,1030,914
"MMD",83,187,304,85,78,85,32,92,346,1446,1333,3446,919,1309,2244,2594,2346
"ABCE1",144,987,1283,314,115,201,49,88,154,662,963,783,745,808,516,1380,2036
"PAAF1",376,772,577,221,214,259,82,154,201,588,835,644,646,602,483,1114,1284
"CYB561D2",971,531,511,425,586,294,257,203,221,338,416,341,574,550,243,735,733
"POFUT1",538,869,739,399,261,311,122,148,221,445,582,510,549,558,306,706,1132
"RALB",1734,2154,1907,1435,715,610,430,479,59,123,209,154,249,177,145,393,556
"PRDX3",126,1490,2009,383,108,103,34,32,71,994,943,1743,530,678,818,1525,3087
"PIM3",1295,423,925,994,1519,480,378,419,95,196,225,453,175,370,294,211,830
"RCOR1",201,917,620,283,121,128,40,86,161,851,782,1969,552,722,1111,1367,1662
"ANXA1",2820,3403,4363,3097,820,511,244,179,16,122,101,169,167,209,330,284,776
"TRPM7",304,704,725,379,205,170,60,132,236,566,679,1089,511,573,712,972,1277
"GAA",1815,478,460,1140,4640,781,1350,978,84,111,148,265,162,373,138,191,218
"MTMR4",379,425,515,237,397,172,123,166,197,506,585,1060,600,635,666,905,1118
"RCN1",576,621,307,276,468,423,396,474,366,319,541,216,520,629,151,714,746
"SLC35F6",1124,400,761,552,1139,485,388,497,148,249,234,394,355,350,343,392,344
"P2RX4",4153,604,717,1851,4054,839,1896,1531,59,74,130,130,121,264,56,177,243
"ABT1",499,698,895,401,218,271,95,126,151,528,513,731,521,643,474,924,1072
"COQ5",457,1068,643,380,268,285,139,188,253,445,584,437,471,516,390,781,817
"VPS41",492,881,661,391,381,224,136,197,127,444,476,654,465,524,547,767,890
"EIF4ENIF1",445,516,502,292,262,280,166,177,205,513,626,606,596,693,379,866,1053
"TTPAL",190,304,389,150,109,137,45,79,484,902,1288,1796,1075,897,1254,1288,1197
"AKIRIN2",545,697,474,405,384,245,136,157,129,436,433,987,434,526,695,882,819
"ECHDC1",343,881,1135,420,207,240,96,136,202,440,754,427,738,638,279,951,1159
"SOS1",636,786,385,595,144,293,101,114,144,529,534,997,393,481,645,1058,1321
"ZC3H4",211,571,682,330,292,282,55,106,223,664,717,981,678,681,544,937,1182
"TMEM181",349,510,407,407,248,245,137,158,204,595,567,736,610,657,506,993,1017
"PEX14",672,547,604,485,815,571,327,350,124,342,341,405,293,424,304,419,700
"FUZ",592,777,604,444,352,429,249,368,153,356,338,536,388,492,338,486,726
"MARCH7",192,647,721,326,230,200,56,54,180,710,795,1332,498,770,922,1301,1327
"RNASET2",2503,2247,686,950,3117,667,1730,942,112,119,67,104,253,291,90,158,153
"EDEM1",435,556,546,444,293,167,74,105,186,555,487,1442,424,501,995,999,1066
"STAT1",280,731,811,419,363,199,108,125,113,498,546,931,439,607,552,940,1349
"MXD1",703,1060,691,558,628,411,268,285,58,239,268,698,444,332,371,468,897
"PFKP",1264,1520,2057,1422,706,1024,524,277,31,160,144,255,354,227,88,319,941
"NOL9",306,399,583,224,287,286,138,200,318,537,652,536,842,777,365,829,876
"RPUSD4",570,1122,1061,380,264,369,132,204,248,297,506,303,661,431,243,752,888
"IL17RA",1176,695,556,660,2886,490,696,668,95,173,245,236,274,395,125,268,413
"MGRN1",849,446,840,725,1164,649,460,286,69,253,219,567,215,360,487,226,728
"ZNF784",445,238,257,223,438,346,225,246,769,446,566,491,549,851,325,769,637
"SLC25A44",612,460,411,341,430,334,194,357,203,384,453,644,468,498,394,693,650
"ADPGK",723,955,798,657,750,316,229,159,79,373,335,526,372,364,336,543,841
"ZNF706",498,1156,1251,523,305,360,93,129,79,387,482,791,305,449,473,712,1249
"MTSS1",455,1054,1265,753,159,525,101,161,116,348,422,600,371,385,399,707,1312
"GLUD1",686,1104,1037,513,611,458,278,321,114,259,276,356,397,340,174,574,822
"DCAF16",145,442,484,257,145,236,62,105,292,844,986,1136,636,906,608,1388,1334
"CACTIN",421,395,548,292,378,376,203,271,214,462,468,595,534,691,333,529,949
"TP53RK",617,1385,696,408,231,470,188,283,192,352,394,390,434,450,261,615,737
"NDST2",2141,425,378,833,390,318,206,267,136,310,226,764,312,404,566,460,700
"LIMK2",616,541,475,345,469,316,174,275,160,409,505,597,451,573,336,588,871
"RIPK1",602,566,566,373,401,362,179,221,104,421,572,655,421,506,348,695,954
"GEN1",123,571,429,187,149,238,43,82,292,909,1038,1481,702,921,744,1304,1577
"POLD3",131,571,490,203,230,204,80,134,293,623,970,772,768,943,423,1407,1407
"BPTF",422,563,585,390,156,234,86,128,144,573,568,1324,426,631,839,932,1122
"ZADH2",427,681,627,306,402,315,157,207,165,354,579,699,441,505,289,1175,808
"NUDT18",1480,422,344,391,663,466,401,698,302,238,359,186,435,553,167,497,419
"FADS3",1935,558,802,1252,431,777,519,338,98,131,227,257,354,317,171,304,943
"GATB",431,1069,817,271,364,354,151,261,146,362,517,368,552,512,309,772,907
"TOMM34",837,1029,913,507,366,497,191,255,128,254,398,289,481,476,214,526,891
"MEAF6",302,852,866,430,166,231,50,93,175,547,694,848,499,661,578,1161,1375
"WDR4",238,347,665,199,240,390,103,403,583,490,694,120,1463,867,244,1168,751
"SLC11A1",1739,467,476,923,4044,537,1282,765,134,170,100,223,308,511,91,204,178
"MBP",682,827,682,577,502,243,127,171,116,328,355,1303,348,331,802,475,651
"MRPL44",438,853,840,388,220,234,113,216,152,433,486,719,465,559,373,854,1048
"ESYT2",488,919,988,496,391,327,130,160,93,472,409,911,317,404,372,618,1042
"ETS2",1052,1148,1323,990,1169,500,312,194,70,144,282,326,231,322,140,466,968
"RIT1",453,427,367,340,400,192,105,134,153,466,509,1232,487,661,962,938,888
"IQGAP1",1954,1008,1013,1213,1959,744,549,509,64,145,161,168,270,272,105,234,448
"NOL10",368,829,726,257,237,321,126,171,172,497,589,549,670,674,322,783,1017
"ARIH1",411,705,622,387,243,193,78,120,136,463,403,1558,380,555,1130,869,1141
"LRBA",193,977,937,374,69,265,81,188,140,504,751,1206,573,581,567,886,1343
"UBR2",358,543,502,352,159,167,70,115,97,468,359,3291,420,605,2402,933,1183
"ING4",1034,764,336,431,660,511,407,322,144,331,288,441,292,370,384,456,482
"GTF2H1",408,743,650,399,257,275,82,186,207,447,599,654,593,490,488,756,883
"IDE",402,751,683,291,233,246,128,212,180,410,620,535,488,680,378,1000,1010
"CNIH4",528,775,528,402,664,233,144,246,49,610,311,978,329,365,678,826,892
"RAP1GDS1",488,1073,780,445,392,319,119,168,146,437,565,411,344,494,325,755,994
"TDP2",238,546,653,400,384,223,78,150,224,366,575,741,596,584,618,990,1097
"MVK",1455,688,738,531,1421,707,854,907,162,161,245,149,258,267,120,271,313
"ASF1A",117,953,940,221,48,93,15,40,164,1045,1180,2739,638,1008,1645,1740,2296
"CEP63",496,801,468,352,263,250,101,184,276,472,520,648,421,598,461,951,704
"GEMIN4",540,835,1073,305,436,461,232,233,133,301,457,236,480,552,178,621,1229
"ATG2B",140,389,360,204,122,80,32,71,281,1019,878,2985,773,786,2025,1621,1517
"PNMT",2210,1189,1998,1069,1021,1680,907,3910,90,93,132,40,201,195,32,185,239
"DDX21",128,1199,1784,376,86,103,17,71,150,714,872,1216,742,722,779,1395,2363
"MTIF2",366,1126,745,336,276,294,109,125,240,407,623,451,594,541,292,880,996
"DIS3L2",372,423,526,281,314,364,193,241,389,416,491,423,577,695,318,657,756
"PHF12",387,485,452,345,328,248,126,125,185,526,409,1330,421,517,897,635,1046
"FAM98B",141,702,810,190,104,158,19,60,362,880,1181,966,773,1075,678,1676,1857
"HEMK1",1077,619,498,353,596,456,313,407,203,302,298,202,492,450,216,560,598
"DYNLL2",280,577,766,326,171,223,83,136,317,469,451,1117,398,820,805,637,1123
"SCRN2",947,535,491,441,764,625,612,409,181,246,308,204,325,446,151,407,675
"DR1",272,545,916,368,92,122,38,63,111,831,844,1717,531,658,1309,1431,1671
"ZNF146",174,1011,939,394,115,208,46,81,146,678,779,1173,546,591,692,1165,1548
"MAN1A1",175,319,383,264,122,81,35,91,144,834,820,3878,655,731,2841,1192,1741
"PVRL1",189,1017,1256,318,234,380,68,144,144,612,502,1264,347,430,555,845,859
"NSUN2",345,879,1219,447,206,244,78,97,118,541,496,814,516,494,449,858,1401
"FAM101B",866,1642,494,504,1063,404,359,241,98,257,304,284,326,361,143,510,848
"FBXO11",330,651,534,375,249,205,59,93,151,591,565,1417,527,504,947,979,1055
"TNRC6A",291,399,438,308,243,260,107,141,259,597,618,831,605,622,577,977,944
"SAP130",296,546,490,219,279,240,83,167,232,686,609,1126,412,609,483,1023,1073
"PCED1A",1046,448,242,461,1246,474,853,450,174,256,342,277,265,461,141,413,577
"TMEM261",634,1051,1052,382,619,614,334,440,178,228,362,111,446,435,121,551,607
"PDCD5",604,1265,1058,517,393,459,157,184,82,473,443,141,572,302,309,573,1244
"MRPL3",279,1587,1883,478,91,199,46,72,73,602,675,958,426,504,607,995,2062
"DDX47",409,946,831,370,140,271,64,111,106,567,573,832,510,590,543,1044,1348
"CLSPN",96,400,530,144,202,179,32,142,524,885,921,943,768,1256,586,1242,1374
"TRIM33",173,326,425,184,110,117,35,62,229,1021,1180,1757,1046,1095,1000,1626,1594
"MIA3",481,719,617,373,243,227,104,140,125,448,517,1061,361,567,586,851,1101
"UBP1",276,856,840,397,271,223,61,125,234,440,682,535,635,585,344,1038,1183
"SNHG19",610,315,386,269,805,636,582,1072,757,191,334,83,762,670,103,365,328
"MED27",393,398,385,239,238,306,142,186,371,525,602,503,690,725,365,914,821
"GSTT1",1869,1848,561,459,0,1082,557,469,298,1,1216,2,539,856,503,1742,1549
"HSPB11",233,759,573,236,170,230,48,121,171,674,1038,595,740,941,422,1229,1417
"BLCAP",696,452,433,344,648,297,302,408,222,291,331,444,493,430,272,654,535
"SNAPIN",543,873,747,395,314,279,117,206,130,444,430,616,436,472,362,653,965
"RAB40C",620,393,433,354,843,441,414,303,149,358,365,446,341,556,305,389,612
"DYM",578,825,603,345,362,271,181,241,182,348,389,578,418,509,331,648,777
"PEA15",1126,754,838,703,1211,525,442,539,60,194,238,233,244,350,192,412,513
"YIPF1",711,554,416,319,521,309,256,327,200,358,452,398,497,592,262,554,536
"TAPT1",696,573,476,461,169,157,120,100,173,579,529,1015,455,597,519,1013,942
"DCAF10",229,429,430,297,162,152,80,128,187,616,690,1391,593,709,1037,1142,1125
"FAM96A",227,1058,1219,361,113,119,45,63,78,748,931,1296,505,677,730,1301,1765
"B4GALT7",960,442,401,440,733,487,421,482,294,360,296,246,388,471,170,346,413
"CEP164",480,363,530,373,308,396,209,226,249,359,360,814,447,547,734,380,575
"RAB18",319,547,605,359,237,159,68,94,130,585,732,1171,417,653,880,1044,1266
"IGHMBP2",457,393,459,339,357,297,173,198,166,498,450,918,378,651,463,636,811
"MORC2",681,573,577,412,279,293,154,193,93,373,349,947,401,441,969,516,851
"ZDHHC6",425,910,810,405,381,321,184,175,94,368,435,557,452,466,369,690,856
"PHF3",284,728,673,392,214,179,66,103,145,540,524,1286,446,645,880,911,1070
"IARS2",468,1208,1212,459,299,299,111,187,227,280,567,287,534,436,164,745,1055
"GNPTAB",1364,1238,1313,1267,223,609,188,179,64,241,291,321,301,349,213,469,837
"LIMD2",1614,1209,500,712,2978,1566,2581,1374,49,76,108,66,262,343,44,149,412
"SIN3A",348,758,812,370,220,262,85,97,113,562,486,1302,361,511,689,754,1251
"RNF8",389,508,490,267,255,303,139,233,264,442,576,439,570,614,320,1019,884
"GNA13",210,443,788,498,274,177,39,63,166,653,652,1550,428,654,931,1029,1276
"RNF14",227,463,480,262,179,152,38,89,286,571,623,1722,766,822,1005,1136,1093
"DENND4A",184,525,438,236,67,124,19,91,258,662,773,2848,713,718,2271,1402,1499
"UBE3A",256,581,634,280,210,246,83,123,159,585,611,1019,527,646,604,1044,1059
"QKI",292,345,623,289,463,120,90,147,119,676,641,1556,267,605,847,1057,1151
"C1orf198",230,869,1103,331,52,191,64,140,144,622,467,1699,411,589,1076,937,1381
"ZMYM2",299,592,500,333,247,219,82,137,207,525,562,1091,462,498,704,915,1047
"CHEK2",208,550,487,157,205,186,89,167,313,709,821,766,707,812,410,1010,1106
"PHIP",166,423,504,240,150,107,40,92,256,862,757,1626,672,819,899,1679,1409
"VPS33A",452,611,534,330,299,280,138,267,220,383,502,535,536,529,426,646,719
"STAM",216,456,622,414,90,174,31,50,166,772,735,2055,574,700,1466,1308,1551
"EXOC6",351,541,648,363,124,224,65,107,207,585,824,741,658,641,442,1323,1106
"CHMP1B",252,614,614,331,169,168,68,85,94,632,597,1821,369,642,1127,1096,1690
"G6PC3",1221,971,1094,691,1299,831,644,736,146,118,214,75,325,285,77,275,455
"MED12",665,717,633,426,535,323,215,167,113,353,347,875,245,405,489,445,845
"CAMLG",906,987,592,683,422,309,251,333,208,292,333,365,293,430,213,489,449
"MAP3K4",527,564,481,270,252,232,109,154,250,530,550,586,606,524,438,870,919
"INCENP",105,408,618,173,151,168,44,99,761,659,655,1436,431,1784,673,864,1350
"ZNF668",553,328,418,299,697,512,308,534,173,327,359,299,450,645,223,502,630
"CEBPZOS",397,748,644,270,248,339,69,148,134,631,871,635,391,706,325,882,1006
"MVB12A",1222,574,593,590,1559,763,858,828,156,173,175,135,256,371,80,357,335
"WDFY1",312,414,629,310,320,215,90,134,231,522,685,787,512,552,437,973,1024
"ANAPC4",534,582,403,296,440,306,174,201,175,465,621,382,507,615,238,828,809
"ENGASE",956,446,310,388,929,404,533,372,190,235,299,180,423,714,177,370,822
"LZTR1",1210,497,607,550,1064,553,565,364,112,249,280,222,302,374,169,324,550
"SLC39A9",494,924,650,436,289,245,99,160,90,471,481,706,402,479,425,872,1069
"FAM178A",415,506,516,347,304,246,122,178,177,463,603,663,476,572,363,822,1015
"MSH2",90,1043,999,201,54,160,29,57,202,978,1147,1118,770,956,600,1649,2174
"MSL1",458,669,719,428,252,185,77,123,82,475,497,1114,341,486,702,955,1499
"CENPBD1P1",485,749,796,492,236,315,118,187,162,482,464,486,489,406,431,478,940
"SLC26A2",353,1173,1334,490,151,633,133,442,91,201,432,593,366,158,717,484,971
"B3GALT6",1130,534,732,578,1058,772,716,657,218,147,241,104,376,390,72,376,354
"ZNF317",531,637,548,317,400,322,206,233,166,421,398,524,486,481,309,620,662
"FAM21A",476,438,364,313,381,247,126,201,154,374,420,1160,413,510,1040,666,673
"CDKN2AIPNL",289,538,657,238,356,295,132,336,336,382,669,378,614,637,188,766,733
"BNIP2",261,804,825,367,189,136,64,56,128,572,687,1142,473,736,684,1228,1359
"ZNF688",887,393,322,405,1136,583,527,703,263,242,280,212,332,427,160,388,357
"TRIM44",746,823,848,546,539,418,209,254,164,197,385,260,371,469,163,494,905
"NIT1",570,487,448,380,418,322,208,191,100,456,443,690,338,514,520,617,761
"FAM160A2",501,339,382,322,544,370,211,169,125,441,405,863,315,617,493,679,796
"LYRM2",378,705,531,293,242,290,123,229,259,409,661,494,577,531,281,807,763
"PDIK1L",96,524,577,205,42,179,35,42,365,1029,952,1727,914,865,1138,1623,1588
"NKTR",529,825,630,484,268,288,92,137,82,494,451,880,313,479,540,734,1123
"C1QC",2205,437,1005,2811,9035,837,718,1494,15,187,22,197,171,527,129,59,185
"CLCN4",176,921,581,258,24,190,34,104,194,866,764,1444,618,843,864,1464,1938
"OSTF1",482,900,762,558,332,214,116,119,153,395,500,543,410,444,369,742,944
"SIK2",184,257,445,161,175,312,82,212,327,725,701,749,665,848,554,1016,1079
"SNAP23",305,889,1122,640,121,117,54,72,159,443,644,1121,530,592,512,995,1409
"PTRHD1",539,671,507,266,343,313,174,380,145,380,471,457,491,551,270,656,712
"YIPF4",206,461,480,246,229,139,75,192,275,509,662,869,682,610,816,1087,887
"ZRSR2",712,314,283,245,715,354,510,302,420,356,485,405,578,576,159,411,337
"TSNAX",178,325,387,291,352,175,102,82,432,629,822,532,827,823,515,1125,828
"CD70",803,1287,1266,1303,50,1004,219,575,79,148,349,227,537,372,195,567,438
"NKG7",4751,1145,744,1344,16487,946,5536,3634,67,97,17,119,86,227,45,18,23
"RUSC1",509,445,550,297,367,373,181,286,201,376,462,381,416,603,244,686,897
"CARKD",580,531,525,478,340,331,118,137,99,518,445,628,375,544,497,720,867
"ASAP1",69,513,556,191,79,99,14,52,158,1184,943,3948,708,1011,1625,1932,2091
"KNSTRN",136,933,729,160,92,148,29,69,127,871,911,2175,458,855,1229,1268,1764
"ZKSCAN1",516,628,480,402,542,282,203,210,163,369,372,547,397,413,417,596,628
"SEPN1",1635,947,1093,725,1410,813,705,827,136,119,113,93,268,231,87,284,355
"DTNBP1",1339,610,487,400,1312,404,534,508,178,203,400,151,408,372,80,374,430
"ZNF865",951,292,524,629,1248,684,552,452,140,242,262,254,236,478,148,281,505
"ZNF106",352,678,576,329,260,186,103,142,169,469,575,839,444,547,427,922,1041
"LINC00341",396,426,331,327,316,183,76,131,218,674,492,1279,451,558,632,796,982
"FUBP1",242,999,1260,307,102,157,43,60,110,645,754,1262,397,626,842,895,1977
"TOP3A",369,445,467,215,415,247,159,190,262,460,457,557,623,756,349,544,862
"CEMP1",1119,144,190,265,1407,479,561,639,410,302,418,175,474,471,225,343,326
"ZDHHC2",225,668,925,345,99,119,26,91,174,628,594,2103,377,772,1086,907,1762
"IRAK4",517,520,436,301,375,293,150,191,192,420,472,576,476,496,369,746,749
"ANKFY1",285,586,507,254,284,178,84,144,158,603,515,986,433,611,602,947,1190
"RCOR3",348,402,371,252,203,224,86,108,273,520,654,1135,564,602,654,987,883
"MRPS33",647,1024,706,284,192,301,103,245,149,386,634,319,677,534,172,883,869
"SCARB1",892,664,1236,319,2085,798,778,987,92,122,136,168,236,244,252,156,452
"SEH1L",207,972,1224,391,126,256,27,107,174,517,723,512,645,614,390,1224,1647
"GBAS",249,999,1038,432,204,295,83,116,138,493,580,640,272,498,344,980,1409
"LOC284454",700,155,178,323,824,373,416,349,408,359,306,409,255,755,334,668,480
"ZXDC",414,442,414,307,358,222,154,158,122,570,514,754,420,518,531,758,1054
"SMC3",158,907,872,236,57,106,20,66,98,930,845,2312,559,685,1135,1703,2286
"PRNP",1076,1386,974,1249,298,414,160,213,107,195,264,479,221,438,114,537,787
"ID1",60,132,393,64,74,227,34,170,512,1372,1104,1805,866,1224,1020,1410,1750
"CTR9",211,865,1128,448,151,157,42,62,162,604,616,1072,487,647,602,1072,1253
"ING5",234,373,452,191,334,213,149,211,361,514,507,718,538,574,511,704,882
"CBX7",319,229,257,202,165,135,78,110,141,778,625,2735,385,857,1758,936,1345
"NAPG",272,274,387,205,154,99,57,96,293,635,699,1256,768,866,1198,1218,1257
"FASTKD2",300,746,769,243,186,281,85,143,216,436,688,467,703,607,274,965,1162
"WDR91",364,295,283,210,572,200,176,117,199,595,537,1075,412,650,660,728,821
"WAC-AS1",605,677,595,357,480,394,186,233,161,312,401,347,397,500,296,501,731
"PEX5",318,588,473,232,197,229,105,163,204,435,545,840,597,521,810,849,788
"C1GALT1",76,239,437,162,61,69,19,40,321,1096,1290,3401,941,1519,1773,1921,1872
"TRAF4",1247,417,664,671,165,515,222,317,254,267,329,196,467,550,169,565,651
"ERBB2IP",262,610,627,417,182,146,57,107,74,595,622,1474,432,557,864,1127,1466
"TPRKB",149,621,790,254,105,137,36,60,230,791,1040,818,836,916,547,1561,1452
"PGAP3",756,584,473,446,460,666,298,388,128,272,332,296,376,412,182,415,735
"ITCH",303,440,469,306,170,205,72,127,198,499,673,1069,555,614,639,995,1065
"JRK",306,339,363,201,386,249,168,223,403,555,513,794,475,471,435,550,787
"EXOC5",197,422,563,246,99,131,51,82,181,768,927,1454,502,784,902,1444,1467
"C19orf66",713,441,355,417,551,376,308,261,200,303,370,472,337,516,249,469,605
"PIGU",337,552,490,177,422,310,220,373,477,329,515,219,625,610,190,633,694
"NGDN",370,945,680,324,187,256,79,116,92,519,577,662,408,666,421,1075,1261
"ARRDC1-AS1",425,306,316,252,524,397,253,377,316,377,409,330,544,555,303,589,561
"RAD1",242,621,622,246,179,221,82,160,188,562,722,591,689,626,369,992,1136
"SAP25",1290,160,117,456,2547,963,1375,383,176,244,205,228,293,357,300,342,246
"HDC",17808,3161,1333,5898,559,1280,1543,301,24,33,76,31,90,249,40,74,811
"CAPN10",663,284,339,363,663,354,322,277,148,387,363,400,334,519,374,506,721
"KPTN",413,340,325,221,373,277,199,385,395,371,440,319,669,694,246,709,717
"TMEM18",327,787,650,280,165,249,99,159,99,663,623,811,436,555,477,795,991
"SPPL2A",460,679,516,392,223,155,84,115,143,587,595,955,374,604,492,856,961
"NUP153",171,588,765,239,76,101,52,56,214,608,852,2003,510,718,1496,1061,1405
"C4orf27",262,773,522,201,148,200,70,119,185,590,910,556,603,752,372,1402,1281
"TBC1D9B",1743,1211,1183,1362,980,856,442,283,40,137,164,145,222,251,123,260,698
"URI1",371,980,821,397,233,275,135,181,209,315,486,355,457,491,257,839,869
"FBXO34",243,583,839,413,61,161,28,78,112,630,581,2859,554,485,1356,1049,1423
"SEMA6B",1515,139,123,1082,6755,581,2122,2040,140,228,61,227,270,423,142,114,116
"GORASP2",796,1075,1261,694,366,376,157,169,66,239,298,465,309,361,245,494,989
"SNHG15",530,595,449,235,541,522,328,577,400,261,336,112,594,532,89,647,576
"D2HGDH",1166,323,377,283,1767,383,963,378,309,166,315,128,316,617,120,285,518
"FBXO31",563,415,446,393,328,455,200,314,267,264,405,353,507,435,285,510,719
"SLC12A4",412,401,358,250,196,241,138,192,219,416,640,674,392,884,400,754,1178
"TRIM38",466,315,342,207,525,153,123,141,169,506,432,1317,498,566,866,842,607
"CTBP2",430,751,930,433,228,260,98,129,158,388,413,794,297,424,541,676,945
"HAUS2",144,621,649,217,103,132,60,95,179,731,861,1454,548,684,614,1160,1772
"CTU1",614,200,443,541,1010,820,647,961,311,166,230,153,317,518,122,323,387
"IDH1",722,2243,1088,814,395,325,119,227,45,211,247,828,251,167,448,414,923
"USP3",582,553,481,327,447,254,118,222,139,376,384,644,415,461,488,645,743
"DAG1",589,750,585,553,143,413,145,231,70,332,407,683,337,468,475,618,950
"LSG1",471,609,663,308,381,249,221,266,257,328,405,403,513,433,221,554,699
"PXMP2",206,486,567,179,347,296,110,305,209,527,554,447,551,795,259,903,863
"SFXN4",401,995,658,218,510,332,232,298,414,297,487,185,653,504,113,493,558
"TM2D3",372,513,408,312,187,179,79,147,206,535,575,887,431,570,728,900,969
"TP53INP2",374,204,287,233,156,188,81,187,186,604,592,1541,522,808,924,1011,865
"KIAA0196",255,789,946,323,153,141,63,59,134,561,686,1230,499,570,724,807,1378
"TMEM167B",552,672,529,400,282,233,114,117,93,425,398,950,417,449,647,727,869
"TEX10",398,688,694,321,330,297,186,220,166,338,466,364,595,454,256,613,816
"ARRB1",2703,1411,838,1511,2340,917,972,918,87,62,116,151,190,220,54,91,189
"MAPRE2",290,1084,1374,506,112,156,60,89,75,495,396,1699,351,409,840,694,1566
"CRY2",324,330,345,215,223,238,118,146,226,532,453,1099,446,718,919,757,810
"BTG3",85,329,383,116,70,86,11,45,359,1377,1583,2021,918,1484,1087,2323,1910
"ZNF408",613,358,351,237,569,497,352,334,328,294,347,301,398,601,178,521,546
"EXOC1",257,634,473,346,304,223,61,86,237,518,605,813,506,484,573,919,997
"HLA-A",1275,929,285,761,1567,244,1235,153,51,87,225,589,294,1390,210,517,106
"DHX32",332,677,619,335,133,243,91,148,128,378,490,1068,463,501,764,799,1013
"TMEM265",416,242,181,207,545,346,284,342,262,485,443,520,593,543,386,564,537
"ATL2",140,396,558,218,117,136,48,98,163,803,735,1961,550,634,1168,1090,1535
"TM9SF1",636,638,645,442,317,290,177,188,146,294,403,485,420,399,320,611,776
"LITAF",4024,1341,2708,1695,3474,940,927,1529,19,61,35,71,191,250,72,92,161
"CDC42SE1",583,1167,1067,796,338,311,98,138,54,313,261,917,212,361,541,502,938
"MLX",455,754,725,425,352,223,136,174,117,391,383,749,295,410,408,546,1054
"PRELID2",226,656,478,191,44,243,46,128,285,677,1166,970,693,857,493,1124,980
"ERLIN1",410,1012,779,386,543,284,180,257,89,303,344,514,285,366,278,621,923
"STK17B",266,606,729,383,142,119,57,63,100,537,454,2948,340,510,1878,915,1060
"PIK3IP1",1600,249,240,815,1629,354,447,471,84,111,94,701,284,226,956,423,375
"RHOB",127,144,263,73,50,61,22,80,299,1096,1274,4648,576,1194,2459,2437,2738
"SNX9",353,522,864,429,115,209,67,92,74,659,537,1605,314,458,808,875,1470
"AP4M1",375,373,281,165,245,232,128,134,229,576,648,654,644,857,402,970,957
"PRPS2",259,841,1314,417,143,235,73,193,50,486,548,1008,225,501,458,989,1600
"SESN3",348,247,297,287,62,72,40,39,241,798,742,3306,664,797,2572,1431,1074
"CEP85",182,686,623,278,129,178,43,113,97,695,546,2007,323,622,907,964,1968
"CAPN2",760,435,668,564,972,319,164,246,107,303,253,413,386,328,222,624,725
"STX6",336,443,379,278,449,221,140,189,178,457,460,882,500,539,448,731,602
"GIPC1",2491,781,1037,1297,1436,1022,949,806,54,84,146,51,249,221,75,201,380
"CYP27A1",4881,287,138,2035,11242,721,2466,2440,88,129,22,106,268,490,82,56,46
"ARHGAP1",1002,824,899,663,672,659,344,315,55,208,230,284,283,298,199,279,692
"SKIV2L2",277,1241,1107,311,121,201,61,68,87,513,540,996,449,547,639,895,1495
"AARS2",301,470,503,230,345,282,149,205,282,429,541,441,533,596,302,576,906
"METTL21A",266,473,444,203,221,195,105,169,189,560,789,581,559,708,375,1024,1067
"ATP13A2",1133,566,807,637,1417,750,684,538,107,151,177,151,196,332,112,231,525
"ARID5A",1280,353,379,505,1581,676,1144,768,131,157,258,214,274,341,91,199,319
"TRIP4",343,689,429,327,183,206,52,146,145,592,560,982,447,486,609,890,1222
"ARHGAP30",2854,1063,798,1512,4742,874,1299,957,79,85,53,91,147,372,97,62,114
"ZFP36",889,444,1099,1243,455,320,111,178,22,168,158,758,254,242,1455,492,1503
"IL4R",3562,911,867,1598,1477,1388,1022,817,62,43,101,52,284,182,62,162,424
"TESK1",1021,294,421,539,1303,436,416,288,57,253,240,483,227,416,378,359,574
"REV1",211,677,459,280,134,181,61,88,215,695,641,1077,476,697,461,1280,1239
"KDM3A",459,614,501,353,206,169,75,112,94,524,449,1274,334,495,905,942,1026
"MAP1LC3A",896,204,228,379,509,447,312,482,266,268,359,300,355,548,246,566,536
"PIP5K1B",93,582,820,185,14,65,18,52,322,1072,1284,3631,420,955,1939,1417,1913
"ITPKB",308,272,257,194,323,213,197,246,401,492,550,665,516,765,362,663,662
"NADK2",244,803,816,320,126,203,42,130,228,474,710,637,619,603,446,1005,968
"MACF1",942,940,870,616,687,485,408,386,102,173,243,161,339,279,134,403,572
"TEX2",232,603,592,290,174,160,59,127,114,621,559,1409,438,552,780,872,1247
"DRAM1",694,974,741,583,517,349,227,420,93,160,418,291,317,359,204,433,602
"PCF11",234,515,478,287,164,153,59,75,220,570,676,1551,397,700,807,1010,1009
"ZNF276",413,362,348,304,411,408,236,185,161,416,446,561,395,551,349,486,844
"PROSER1",407,647,702,322,284,265,111,194,139,367,449,524,411,528,296,785,1017
"EXO1",104,791,517,142,80,206,31,117,189,875,849,1121,744,837,583,1358,1657
"FANCA",111,417,554,175,175,247,54,108,157,797,678,1256,564,906,649,866,1513
"PIN4",484,599,287,160,371,295,196,275,228,403,560,291,638,794,301,715,453
"ATP2A2",346,798,1489,587,266,281,79,110,70,370,364,682,262,471,433,606,1578
"LINC00493",749,807,559,351,337,313,196,278,155,295,406,347,400,445,273,466,566
"ZNF76",589,513,459,342,447,345,185,177,127,357,435,611,361,492,355,403,778
"INO80C",305,491,616,280,132,308,82,165,117,638,625,559,563,595,576,817,936
"CYP1B1",569,309,771,726,281,214,69,142,133,164,1277,1100,248,610,261,713,1028
"ST3GAL1",713,528,826,746,839,392,277,316,30,395,209,1414,379,149,380,140,564
"MPC1",225,518,547,258,179,128,64,91,210,653,722,1040,560,704,541,1040,1034
"ZSWIM1",355,308,292,229,288,360,200,332,436,391,472,472,546,545,291,619,546
"IRS2",452,372,338,293,360,121,112,191,111,386,505,1259,422,496,1028,821,723
"TAF8",316,531,601,282,233,236,91,160,181,550,563,739,439,543,442,709,784
"EXOSC5",489,704,779,420,370,479,220,408,113,276,378,186,482,447,150,517,753
"BIRC2",302,384,382,284,218,167,94,166,172,494,447,1158,448,499,981,1005,780
"SERTAD3",699,279,302,363,571,342,287,368,198,236,225,573,432,437,551,394,489
"UFM1",430,682,677,388,208,200,110,150,251,337,489,624,472,449,322,732,794
"GOLGA4",219,433,512,295,96,95,29,102,146,853,593,1610,506,718,1359,1396,1363
"TXNL4B",367,431,426,195,344,320,161,273,198,393,443,446,739,602,268,728,642
"UCHL5",112,717,774,199,118,139,36,72,234,693,1020,919,701,762,569,1202,1487
"FCF1",192,666,754,266,122,191,47,84,175,596,618,1031,542,631,627,1001,1409
"RAD51C",329,744,488,180,187,263,114,152,170,516,639,469,617,609,309,1160,805
"NHLRC4",512,324,233,281,105,318,141,253,326,562,490,743,572,758,393,655,540
"TSKU",569,207,731,461,38,323,65,324,97,423,469,1803,402,476,1013,549,1090
"TRUB2",408,707,816,271,228,280,134,244,171,347,545,253,617,587,191,702,954
"LOC146880",767,167,175,395,1248,485,685,417,257,199,215,508,354,434,335,291,359
"SLC30A5",332,802,989,528,157,258,68,123,188,383,600,440,439,451,352,800,977
"CCDC71",415,539,715,343,295,317,123,175,107,382,482,522,360,570,417,621,847
"SVBP",236,556,404,165,88,164,37,143,148,838,569,1790,492,660,1182,1146,1176
"ARSB",423,767,470,375,431,197,105,158,152,475,480,524,345,497,375,597,896
"ELL",276,337,413,303,389,235,116,184,203,465,427,822,373,654,516,645,835
"ISYNA1",1258,923,863,576,241,794,599,429,103,162,200,178,308,339,140,295,542
"MTERF4",372,522,461,216,256,246,125,174,196,403,584,578,477,599,358,741,942
"MRPS6",1285,873,610,769,692,373,306,331,128,126,330,105,411,363,135,460,535
"C6orf1",1870,676,614,919,1298,902,685,660,58,153,168,140,219,231,124,220,292
"METTL16",203,448,655,206,165,430,130,251,382,322,698,374,1290,490,178,668,669
"NIT2",683,858,700,288,479,358,206,271,126,217,384,262,397,408,272,574,586
"SLC7A6",665,505,430,334,427,319,243,208,151,331,420,338,407,559,255,550,625
"DPAGT1",644,747,638,403,375,343,177,194,113,322,342,382,368,437,328,429,785
"SLC25A17",237,555,595,223,147,234,80,170,271,424,662,536,722,581,387,840,1012
"OGG1",523,724,572,320,316,261,136,208,109,404,372,488,422,533,325,571,850
"CCDC174",709,413,382,299,377,296,225,189,134,384,347,663,403,483,529,409,586
"RETN",1588,243,160,367,10337,641,2294,1661,562,214,23,139,703,454,93,51,28
"CCDC117",150,286,458,198,88,105,23,61,237,811,1083,1605,754,956,1256,1529,1425
"SLMO2",127,385,576,204,54,77,35,57,328,872,1371,1362,597,970,1018,1486,1445
"C17orf53",309,463,350,171,292,367,187,262,270,428,457,445,511,649,295,616,711
"FLYWCH2",544,496,384,266,506,413,251,273,175,239,426,217,492,700,250,523,627
"SLC18B1",49,880,438,218,65,85,28,118,207,863,1041,2562,626,795,657,1408,1726
"SERGEF",857,626,392,380,607,501,391,433,327,218,341,137,366,295,120,526,402
"ARFGAP3",406,521,488,361,228,199,69,83,138,452,755,702,345,601,516,984,1228
"RNF139",212,802,643,300,152,165,53,82,103,500,527,1494,333,708,751,1196,1247
"CNIH1",533,813,1310,649,110,191,71,86,140,373,558,371,469,504,363,859,1030
"WDHD1",78,533,607,129,73,151,25,67,302,891,1231,1079,698,1039,706,1530,1767
"MANBA",1539,1008,451,702,2039,437,727,564,90,130,211,137,242,326,91,240,279
"ABI1",275,780,582,415,314,193,69,91,105,460,441,1068,388,449,669,828,934
"UNK",512,429,609,439,460,359,210,216,88,371,299,662,244,403,367,485,834
"TIA1",212,537,587,266,162,152,68,117,177,545,648,931,487,547,639,1030,1147
"FAM160B2",1489,429,459,722,903,709,753,378,104,155,243,135,284,316,110,287,555
"CASP10",605,590,418,373,311,276,234,216,199,278,415,515,357,457,358,528,487
"NME2",710,676,950,628,652,696,390,479,75,216,241,134,360,369,114,284,598
"SETDB1",683,820,578,445,406,365,194,227,91,302,352,371,318,393,235,521,778
"ACO2",343,873,1147,486,157,272,64,89,48,422,350,1447,223,510,910,479,1654
"PTPN1",624,1202,1208,687,278,272,104,137,49,324,323,618,263,349,408,457,987
"VOPP1",726,506,382,330,797,329,287,473,255,225,422,198,496,437,104,505,406
"TMEM230",294,891,813,377,190,165,78,82,75,455,496,1045,311,536,617,932,1354
"RAB3GAP1",460,741,631,376,326,252,123,204,105,325,330,764,417,364,472,488,802
"CHMP5",192,664,555,331,110,135,39,61,136,599,746,1388,511,620,1002,1123,1355
"EPN2",236,248,316,143,24,162,40,122,278,1066,737,2042,790,1047,1056,1172,1174
"SUDS3",251,500,412,270,196,149,78,95,213,557,608,1317,433,584,673,859,932
"EIF4E",132,448,503,169,83,93,41,60,333,853,1036,1094,778,896,825,1353,1305
"PPP1R12A",207,609,556,312,156,107,55,76,140,692,501,1337,411,681,839,1198,1261
"MKS1",224,824,474,251,163,324,100,190,243,484,588,392,522,501,286,892,972
"SEMA4B",623,684,735,643,125,389,136,293,74,289,250,1031,229,352,602,362,938
"TFCP2",317,660,621,284,216,207,81,109,200,460,523,617,523,538,409,801,962
"GALT",1026,878,619,469,350,361,227,279,121,288,339,278,263,394,260,364,537
"MAN2A1",133,422,621,262,81,86,43,89,193,732,713,1725,619,769,1019,1192,1269
"BRIX1",162,949,957,216,101,193,33,76,119,626,862,730,758,745,386,1201,1615
"SAP30",418,607,768,512,240,197,58,95,121,457,486,784,442,470,456,777,894
"IGFBP4",1388,759,242,1321,602,787,438,288,100,105,185,303,247,190,227,448,536
"OSBP",642,899,839,542,170,277,97,186,83,305,338,882,274,345,494,534,843
"GORASP1",595,642,682,359,304,327,156,203,98,329,331,545,228,474,336,620,956
"UNKL",377,171,227,257,322,334,154,170,181,444,549,854,440,627,550,611,1011
"RRP1B",591,537,837,411,299,329,159,141,159,333,445,265,457,560,184,708,714
"HSD17B12",390,1438,1769,920,228,380,73,89,84,270,307,501,291,316,300,605,1070
"NFKB2",1786,489,615,893,2347,653,1142,678,45,88,109,282,136,182,275,135,339
"EYA3",408,615,447,304,343,278,110,216,127,409,412,492,512,470,356,683,781
"ZNF512",505,802,479,259,314,272,206,243,236,317,480,276,461,444,168,699,696
"NFYB",604,627,470,358,125,156,91,86,161,526,564,816,431,516,523,780,1003
"CCNK",264,849,1176,451,166,241,70,73,36,517,443,1615,222,469,754,744,1485
"DHRS3",91,166,110,62,15,72,78,166,1058,1491,1765,938,1492,1785,555,1356,2097
"TAB2",231,468,525,310,151,127,61,72,149,540,604,1565,474,515,995,1029,1127
"RUNDC3A",171,12,80,194,39,47,14,225,1075,643,502,2901,2337,1514,3719,2048,1765
"NAGPA",961,634,611,600,1035,386,372,445,102,197,286,135,312,348,142,314,514
"DMPK",712,285,395,477,124,649,234,329,147,343,325,467,390,536,364,370,655
"RNASE2",901,9698,640,608,3331,295,731,702,69,185,125,318,60,409,113,37,150
"ERLEC1",387,667,618,421,204,231,103,98,130,425,499,730,400,428,449,784,872
"CMPK2",152,420,487,228,17,97,36,46,286,1000,1129,1739,935,833,1147,1287,1430
"METTL22",301,352,287,188,187,256,114,262,368,439,401,680,546,726,486,669,746
"PCYT1B",302,609,708,217,83,483,87,338,79,167,320,633,615,714,1160,817,806
"LMBR1L",1192,553,443,559,550,474,445,303,161,202,245,244,275,349,207,324,422
"NR3C1",166,472,403,261,130,116,59,71,127,629,609,1940,536,562,1527,1116,1145
"RPTOR",464,447,647,348,429,532,265,241,109,314,297,432,309,486,282,335,756
"VWA9",414,1006,842,335,178,240,88,108,100,416,442,596,413,443,355,816,1132
"TBC1D5",251,799,677,348,142,194,50,76,130,537,626,932,335,655,530,1011,1247
"KMT2A",262,413,333,282,183,173,71,142,180,557,538,1190,440,511,953,923,778
"HEBP2",932,1000,654,556,641,430,204,237,108,179,306,198,313,351,167,518,572
"AK3",308,716,667,312,141,199,79,138,96,473,568,873,373,494,418,960,1316
"SOX12",861,592,710,590,578,631,524,404,150,143,267,188,249,323,113,292,562
"COX19",539,338,323,259,470,290,226,218,254,363,426,347,473,593,261,634,506
"PRCP",850,1113,628,665,1199,344,281,451,67,152,245,326,253,203,177,378,457
"NAA20",314,1057,1076,385,315,235,76,140,68,415,409,644,316,415,320,742,1178
"KMT2C",157,258,393,235,154,127,42,95,217,763,704,1405,516,733,1129,1252,1097
"METAP1",278,969,828,324,115,168,39,75,146,547,734,727,507,565,399,1001,1383
"NUF2",56,778,561,124,44,114,15,25,145,1242,1287,2640,637,847,1475,1920,2548
"IFFO1",976,403,317,490,1242,419,401,317,84,299,278,269,249,380,198,367,528
"ABL1",310,790,966,402,174,277,66,198,85,403,397,919,320,443,364,585,1280
"CYBB",591,511,388,537,1881,166,301,350,117,359,200,499,303,404,251,261,405
"HMMR",28,865,884,155,49,68,5,29,212,1297,1168,2920,523,1159,1666,1928,2491
"RNF20",344,724,493,281,314,189,144,193,207,344,480,481,443,456,373,701,635
"MAGED1",2759,1326,835,826,1062,750,983,679,71,83,130,77,206,172,67,225,358
"ZBTB44",182,372,401,202,102,129,34,99,209,661,692,1472,661,674,1098,1294,1181
"FADD",441,679,696,479,290,303,140,176,98,377,365,395,449,346,368,607,736
"MFSD3",878,375,354,406,712,459,578,609,258,197,282,124,385,425,98,405,384
"KIF15",55,801,651,131,84,128,18,68,160,1093,846,1943,559,874,927,1585,1746
"AKIP1",522,601,581,329,308,317,135,204,226,270,414,303,499,477,199,678,731
"CCDC59",192,835,678,252,118,152,49,75,132,623,785,968,501,682,462,1188,1212
"MCCC1",354,1220,838,321,169,312,130,207,77,368,419,595,382,438,350,579,701
"NEMP1",144,705,669,262,98,193,29,87,88,749,653,1528,463,539,841,1218,1562
"ITGB3BP",105,875,719,206,94,186,32,73,155,840,586,1058,689,594,544,1478,1503
"CWC27",224,805,494,178,156,179,54,103,214,552,744,636,519,759,407,1083,1107
"CEBPZ",259,876,758,251,145,246,63,114,98,422,640,670,491,600,402,934,1210
"ZC3H14",391,676,626,326,297,234,142,134,139,353,465,439,389,502,312,703,917
"ACTR1B",775,761,811,619,527,463,258,209,27,301,260,423,198,339,255,422,836
"WRAP73",344,455,482,299,268,201,130,248,100,554,569,714,321,547,390,610,733
"CLCN6",782,496,413,418,482,327,247,286,117,284,282,571,286,331,430,357,450
"GALK1",1031,406,607,432,1639,645,847,781,203,137,198,86,252,321,55,325,314
"ZNF746",306,317,498,389,212,159,85,110,91,326,216,2615,376,435,2104,606,1157
"RPRD1B",84,452,502,195,125,167,44,71,375,686,719,1206,694,781,612,1038,1169
"PIP5K1C",1237,344,366,637,1450,422,510,342,104,208,172,305,195,361,243,268,395
"CFAP36",824,842,519,346,220,363,190,195,92,291,428,326,418,419,251,645,627
"TMEM131",271,657,675,360,152,170,45,63,228,465,559,849,484,570,513,900,1127
"MARCH3",378,277,556,363,16,204,55,84,149,543,431,2661,508,586,1588,958,1092
"KIAA1551",229,607,687,447,141,127,69,85,85,553,482,1476,409,455,703,1081,1042
"POLR3A",382,428,445,235,352,305,196,278,251,349,476,378,541,569,230,361,617
"MCMBP",310,899,1099,389,279,176,54,95,58,499,463,656,408,435,364,829,1516
"PBK",22,532,601,106,4,109,2,64,490,1514,1505,2341,1085,1237,1163,2731,2304
"IFRD1",357,512,343,260,261,183,92,119,161,508,443,938,450,450,649,893,717
"RNA45S5",969,134,137,541,1114,2002,1657,4698,363,43,144,65,225,477,144,159,177
"CLDND1",323,584,629,506,141,181,50,84,65,508,469,1466,359,442,830,845,1279
"IQGAP2",595,854,941,639,282,245,120,179,79,241,360,612,242,369,322,538,756
"CCNT1",311,674,521,353,161,277,78,103,70,499,445,873,417,542,565,858,1075
"TSC1",485,418,298,330,428,260,153,146,135,342,270,953,342,440,884,453,651
"ATMIN",387,530,448,267,178,172,72,124,209,416,527,705,429,524,569,940,878
"TOM1L2",609,297,299,284,524,297,183,220,134,364,284,667,292,426,591,531,659
"CTSG",2303,1198,1149,527,7005,540,1347,1137,135,190,51,154,130,241,76,40,27
"MGST2",567,1856,1072,315,350,322,169,284,90,224,373,253,342,325,116,644,649
"MELK",93,638,608,158,72,134,25,69,138,837,917,1505,618,738,808,1521,1864
"PVRL2",1578,378,367,345,2502,847,1211,1091,107,97,135,175,203,420,48,197,304
"NUMB",394,580,553,367,393,184,127,156,86,410,381,807,303,389,458,656,850
"PPCS",450,869,614,374,289,242,96,159,120,280,530,420,420,412,294,699,849
"PRR14L",271,430,446,308,212,210,91,136,134,528,518,908,443,492,477,716,1000
"RNF4",277,572,773,351,135,159,64,66,88,523,535,1166,419,554,677,886,1251
"CUL4B",269,580,373,269,168,180,90,117,186,476,579,833,455,519,534,924,864
"DIS3",196,666,644,265,176,202,61,74,218,555,699,543,574,558,332,1137,1010
"S100PBP",297,611,410,247,248,212,92,144,155,467,476,675,424,568,348,857,1011
"INTS8",279,645,525,229,236,176,79,130,128,441,564,716,388,565,488,915,1028
"EPG5",309,504,454,323,188,98,65,93,97,511,591,1442,368,517,1034,874,1064
"ZNF212",382,336,284,215,288,282,149,197,267,417,489,485,535,511,340,672,697
"FOXRED2",296,579,734,207,454,319,149,222,167,318,423,348,484,555,214,440,819
"BCR",1417,894,1269,751,712,938,698,564,126,69,155,63,318,229,56,233,406
"SETD5",417,512,595,446,325,278,129,147,84,380,342,788,322,423,474,434,850
"WBP4",166,365,393,182,143,141,45,111,214,660,725,1142,561,709,837,1086,987
"FNIP1",160,260,461,318,147,108,44,76,236,659,757,1302,586,689,735,1146,1036
"ORMDL1",469,750,572,413,409,253,135,131,51,350,377,600,333,405,331,765,872
"CTC1",619,292,285,273,587,238,265,252,209,359,342,548,302,477,342,448,486
"TAF12",430,623,548,293,221,199,75,115,152,432,562,577,415,554,423,707,812
"SMCHD1",157,441,560,209,121,90,46,88,178,679,823,1144,499,692,722,1293,1279
"DCUN1D4",238,427,380,222,169,218,97,137,200,492,703,742,519,569,443,845,813
"RAB8B",240,452,525,316,270,142,37,53,129,732,486,1508,403,416,1246,886,942
"HMGN3",568,984,860,476,313,328,160,199,129,260,518,158,385,505,87,647,726
"SCAF4",398,514,675,359,241,313,110,132,72,406,377,898,324,424,610,501,811
"GPN2",574,523,521,284,338,329,221,302,159,269,353,301,469,418,217,513,572
"P2RX1",6692,1564,848,2180,3300,1479,2477,987,47,31,47,37,112,143,30,51,173
"KIAA1191",376,467,473,302,168,153,83,92,90,518,434,1434,323,427,832,897,1183
"MAP3K7",288,643,762,352,140,164,69,108,125,432,479,1039,355,464,619,793,946
"DCPS",325,675,593,238,346,238,130,145,146,395,443,268,496,598,278,719,915
"TBCC",407,494,473,368,236,239,96,131,70,475,384,1001,301,462,570,680,1009
"NELFA",360,622,754,386,211,285,114,198,85,359,342,695,329,430,406,480,989
"ZNF219",1146,299,542,725,994,671,597,553,118,150,177,195,241,307,116,208,421
"TMEM242",286,527,407,241,125,206,84,139,164,461,446,818,587,624,727,764,701
"TBC1D23",174,594,722,367,81,120,37,47,105,669,650,1687,486,542,1015,1133,1255
"ZNF346",360,451,348,222,249,284,158,220,223,339,353,444,538,493,443,625,672
"ZNF664",254,791,830,588,169,180,60,77,126,342,584,477,531,602,227,1030,1267
"SEC23B",309,804,862,318,174,139,50,66,83,504,589,779,424,512,553,920,1312
"CENPJ",355,645,402,222,296,246,186,179,131,377,488,502,350,490,303,620,886
"SHMT1",220,758,699,218,294,278,85,168,119,376,546,693,500,480,272,518,969
"EAPP",235,709,534,265,114,116,31,49,194,602,566,1200,528,675,766,1121,1187
"MRPS30",184,849,680,254,104,184,45,63,144,539,772,608,583,812,375,1259,1197
"RBM15",234,408,336,218,171,226,79,117,306,504,634,670,435,739,345,1167,773
"REPS2",135,669,445,184,58,113,28,92,283,710,939,777,657,847,578,1487,1438
"MSRB2",775,690,338,259,783,345,385,468,199,242,293,129,325,399,102,519,491
"ZNF358",3276,383,232,906,3396,1573,2998,2620,131,74,101,36,155,167,27,95,147
"TESPA1",2377,1326,839,1366,169,808,423,271,58,209,177,343,311,55,486,54,438
"CDC5L",202,852,763,266,84,120,36,55,161,582,754,939,510,581,525,1178,1536
"FBXL20",300,457,351,257,134,198,64,125,141,535,392,1326,382,464,890,903,1048
"HNRNPU-AS1",315,407,289,317,502,284,159,140,173,483,439,539,418,416,355,509,702
"WHSC1L1",328,581,471,214,255,154,88,125,144,403,405,1129,383,507,612,688,876
"PON2",318,1050,1377,523,152,445,41,263,44,447,474,442,284,345,224,653,1225
"GGH",89,804,741,206,109,119,47,65,187,598,845,803,606,790,468,1238,1384
"PAN3",220,431,425,281,154,188,50,83,116,516,474,1539,447,561,885,977,1090
"KLC4",592,415,279,306,445,290,279,260,142,333,308,485,301,404,362,441,569
"NT5C2",502,834,632,575,471,290,153,264,49,271,238,601,236,272,900,259,554
"CTU2",317,407,596,266,267,280,154,249,190,353,442,247,534,553,214,645,852
"DEGS1",424,746,832,498,334,164,88,138,78,357,345,629,236,386,346,739,1131
"PAPD7",270,368,333,239,236,213,104,143,158,485,576,891,379,552,447,761,894
"YEATS4",66,846,672,169,43,105,14,41,165,867,1285,1359,515,1091,730,2079,2087
"ZAK",199,487,475,174,116,130,49,88,213,534,645,947,517,705,1088,958,955
"GNL3L",228,417,543,249,204,181,72,116,210,438,488,851,482,613,571,705,795
"C2CD2L",413,223,257,291,283,171,122,179,190,499,383,1092,366,465,658,631,716
"GART",125,821,1010,248,97,185,54,91,146,504,646,722,446,644,445,783,1595
"IMPDH1",2212,785,939,986,3035,869,1072,749,42,82,103,88,165,262,43,130,216
"SNX14",745,1195,845,573,445,396,168,207,79,199,322,191,320,301,158,458,683
"CCNI",405,1091,1113,605,126,120,63,106,50,266,180,2904,176,241,1307,516,1774
"UBA5",308,607,569,252,162,200,116,126,284,401,561,382,463,544,232,872,873
"PLBD2",1326,357,475,689,1815,569,734,768,74,167,118,223,198,297,150,137,270
"RBFA",484,825,718,317,242,387,204,228,101,241,435,249,404,560,155,469,747
"CHAF1B",73,489,571,132,125,240,60,133,338,587,659,516,611,844,418,1130,1100
"IL1RN",2380,579,792,1589,522,757,417,303,55,107,218,149,248,297,129,218,266
"NOL8",326,883,873,408,172,254,63,105,68,383,480,553,431,477,373,781,1003
"POLR3E",418,730,814,369,163,279,80,113,118,312,446,425,448,500,376,608,959
"ALDOC",1640,1220,930,832,541,761,493,598,48,231,124,312,170,186,74,137,317
"DEF6",1972,974,566,705,2073,685,903,489,102,66,127,108,276,340,46,149,231
"EPC1",278,344,341,160,140,152,72,112,229,478,595,999,544,705,559,1164,876
"TCERG1",156,751,858,278,92,183,24,62,61,724,672,1290,365,570,650,1284,2018
"STOML1",347,468,341,258,222,356,151,325,262,402,476,302,412,519,268,546,499
"ZMYND19",439,457,726,347,444,351,181,265,129,327,335,268,295,442,181,487,740
"DNAJC21",254,765,608,270,128,175,42,86,124,519,476,1250,342,542,603,922,1107
"DCLRE1C",167,247,218,117,267,191,64,155,373,452,802,742,1051,571,435,1092,779
"RARA",1567,451,614,981,2309,749,874,599,54,106,143,132,180,201,93,134,377
"SYS1",1018,464,484,418,854,325,363,417,107,186,194,229,396,287,211,350,368
"GPR146",303,372,326,182,132,255,95,98,93,421,297,3480,304,509,872,1300,740
"WDR43",344,683,690,215,189,325,122,216,177,320,539,240,549,536,180,659,802
"GIT1",1229,636,653,583,1274,763,772,632,95,109,142,123,189,273,58,254,378
"C18orf21",327,610,413,209,179,222,91,119,177,473,593,502,459,651,321,787,851
"C19orf52",303,412,475,250,177,216,94,133,173,462,455,671,476,616,438,736,733
"HACL1",431,732,472,266,155,228,91,123,131,411,513,649,484,426,357,725,781
"RFX1",293,219,375,309,365,244,146,211,198,366,353,739,387,440,531,448,774
"NEK2",48,452,476,76,38,74,11,39,242,1263,1356,2535,667,1216,1415,2198,1847
"PTPRJ",251,476,173,258,522,188,115,121,162,319,548,952,436,548,533,547,857
"RAB6A",322,633,574,405,270,172,64,97,101,429,377,1080,297,419,651,628,911
"ANKRD13D",1901,512,550,828,3126,683,1085,716,51,85,105,104,154,297,69,164,327
"GTF3C3",170,625,606,226,134,169,66,85,165,499,564,1023,361,534,565,901,1258
"SLC16A1",331,879,935,563,93,202,70,110,104,146,214,1292,448,364,1306,688,735
"SMARCA2",255,1033,784,366,270,207,69,110,158,350,630,469,300,431,305,624,861
"INTS7",180,553,378,175,126,168,80,137,228,497,636,748,571,636,364,869,1177
"RNF11",95,158,457,196,51,49,17,41,276,961,938,3865,615,795,2534,1443,1485
"TMEM186",484,459,307,191,341,351,225,312,318,349,460,222,503,483,160,485,468
"ANAPC13",389,988,764,355,155,199,79,126,97,334,401,657,435,442,309,863,766
"BLM",166,673,594,183,227,268,76,104,114,514,601,694,423,594,362,743,1111
"MGAT2",388,717,780,385,141,157,58,102,105,393,521,859,318,408,504,720,1095
"ALOX5AP",838,1189,142,462,478,311,399,270,128,323,91,538,397,678,223,128,554
"AFTPH",178,357,448,227,160,121,49,76,175,547,618,1421,525,579,875,984,971
"RBM26",219,342,441,189,127,134,56,85,178,684,843,751,576,636,615,1174,985
"CSTF2T",172,685,708,243,133,158,33,75,170,590,648,899,373,597,531,948,1369
"PRPF4",288,639,771,329,281,290,100,134,139,328,428,483,386,428,298,579,792
"LYRM1",342,658,357,230,286,147,149,162,247,353,546,382,408,541,316,770,601
"MEF2D",495,352,549,382,581,256,233,216,83,237,280,640,244,373,512,404,573
"ALG5",505,789,629,340,253,273,96,152,125,372,433,338,374,404,206,730,787
"INTS4",485,433,372,280,299,244,171,158,141,367,466,575,361,480,376,461,612
"MMGT1",394,494,344,260,296,175,110,110,241,385,561,521,458,461,329,817,646
"DCAF13",399,831,784,276,205,274,121,175,105,294,388,400,441,386,320,589,790
"ABHD8",993,303,376,401,1323,406,569,572,78,181,196,221,170,345,167,392,460
"GOLGA8B",557,481,192,675,470,280,396,266,126,259,428,242,357,401,138,499,597
"SLC25A42",143,288,324,119,58,211,37,130,184,688,711,1437,805,1066,700,962,1190
"ZNF655",475,486,508,493,390,270,113,152,107,290,314,672,306,403,352,452,749
"COMTD1",544,296,479,266,703,529,300,523,317,238,276,129,428,501,102,392,309
"AVL9",384,552,542,365,229,210,81,139,130,449,450,619,428,440,358,534,760
"HERPUD2",258,320,385,299,252,199,103,124,199,384,422,877,424,492,573,711,701
"EXT2",499,890,735,474,261,251,146,204,80,284,308,438,259,372,252,581,735
"CLASP1",335,454,503,317,242,212,128,116,107,376,378,962,290,436,609,572,831
"LYAR",171,1025,1246,244,188,252,52,105,202,359,658,310,649,557,172,693,1009
"MPHOSPH10",371,888,739,306,178,205,67,90,96,391,611,484,428,534,306,722,1015
"VTA1",203,742,830,253,125,143,39,68,163,465,644,775,551,518,469,1050,1088
"TBL2",871,665,600,559,286,319,174,182,129,244,284,280,302,320,256,438,622
"NXT1",373,599,593,239,186,272,88,220,111,405,460,368,412,666,202,822,899
"TOMM40L",590,491,418,264,467,284,246,244,296,298,416,142,499,398,133,535,485
"GSK3B",331,477,497,233,216,184,81,175,115,379,486,959,347,512,488,645,841
"SKA3",94,599,493,131,140,181,38,104,285,616,792,734,597,744,388,1142,1147
"KIF13A",366,639,601,361,153,260,85,168,116,417,515,610,249,446,352,750,737
"NDUFA5",158,637,672,201,116,165,41,106,155,552,757,782,496,607,527,983,960
"DONSON",103,532,474,124,97,123,24,73,206,756,895,1223,539,808,648,1237,1759
"SQLE",557,1557,1745,812,193,334,123,141,68,202,290,599,179,241,214,419,624
"ACO1",487,760,810,364,261,206,91,161,135,293,433,382,306,464,234,597,821
"THG1L",322,683,449,188,102,308,82,147,288,379,598,407,612,648,210,778,742
"ELK4",215,585,688,305,104,164,38,100,168,488,569,874,419,525,507,997,1072
"FAM127B",625,416,421,400,295,411,177,189,75,362,282,731,246,290,492,449,569
"HARS2",649,565,362,367,302,251,120,183,104,391,431,358,410,375,357,539,613
"FASTKD1",347,454,579,278,221,174,129,160,197,328,551,301,530,472,266,774,819
"PTOV1-AS1",176,360,273,175,72,147,30,62,168,688,715,1533,562,896,1012,1554,1176
"SMIM10",309,1829,1037,448,148,492,87,252,90,196,387,267,353,373,197,523,758
"CMSS1",227,970,890,281,131,326,85,140,181,345,519,191,595,516,174,808,1067
"CNNM2",185,324,357,197,115,200,78,197,342,467,474,842,460,564,579,740,814
"TRIM65",779,593,668,471,563,338,230,274,158,207,236,180,335,316,127,408,584
"CHCHD7",422,438,367,206,516,196,149,206,199,360,489,322,423,508,208,709,564
"PACS1",1452,665,613,702,1095,874,720,478,63,86,158,100,244,287,57,190,539
"CENPO",186,409,546,170,142,198,41,108,170,630,574,994,461,648,451,901,1164
"LTV1",257,1109,1028,292,94,229,48,70,97,461,621,503,500,523,283,850,1296
"IPO8",297,556,569,261,302,215,148,165,220,356,439,317,485,453,197,674,654
"ANKRD12",206,380,320,301,247,151,63,92,196,442,539,817,430,714,646,897,705
"LARP4",157,341,467,219,131,124,54,104,249,515,683,745,572,701,550,1020,999
"MORC3",81,282,507,188,43,63,14,75,150,1027,1029,3316,343,800,2218,1194,1742
"CCDC6",408,907,711,353,143,279,99,194,95,317,486,395,458,402,238,533,781
"ZNF653",400,160,226,255,292,362,247,421,306,284,256,611,452,495,445,333,413
"DDX26B",374,907,481,436,103,258,64,94,55,492,456,1062,267,434,516,703,1054
"TM9SF4",521,816,777,521,311,274,147,165,62,274,258,628,199,277,423,368,822
"RASA3",469,729,747,470,344,452,188,195,64,190,248,493,234,379,268,372,766
"GRAMD4",955,951,1762,1352,724,972,285,329,37,64,146,170,226,177,128,184,551
"PLXNA3",1608,96,258,575,552,359,477,350,77,294,225,239,183,526,331,351,610
"STRIP1",403,437,398,301,251,233,91,123,83,393,365,827,332,459,622,590,944
"ANKHD1",174,257,294,184,169,181,81,93,318,554,674,684,702,690,449,1042,684
"PDS5B",188,408,523,188,154,140,47,97,197,616,658,834,491,674,445,1049,888
"HINFP",462,340,335,280,272,238,100,187,182,368,327,538,515,464,411,542,668
"MST1",323,121,81,144,204,164,143,195,578,687,462,955,666,668,567,692,503
"PXMP4",301,437,316,214,219,262,120,248,257,343,516,369,439,561,224,705,734
"PRIM1",74,982,660,117,62,144,12,46,198,823,920,1290,654,881,621,1261,1613
"TCTA",631,759,451,387,381,299,216,239,118,249,280,373,324,309,250,362,506
"FCGR2A",466,775,361,453,612,148,186,131,126,308,292,491,300,445,342,437,483
"ZEB2",255,445,575,363,285,141,110,118,166,358,420,761,290,474,504,600,728
"CDC7",74,465,454,123,85,152,23,75,159,877,944,1033,647,793,696,1418,1700
"PRKX",1687,533,1310,488,136,437,472,349,131,139,362,130,369,211,96,314,469
"RELB",1391,329,445,789,1279,580,837,653,107,79,97,278,172,168,321,133,251
"ZNF83",373,756,286,230,327,178,64,92,162,630,539,886,215,494,264,766,1009
"C16orf95",157,303,252,134,92,193,50,236,449,595,862,359,661,1021,293,1172,963
"ALDH9A1",266,881,569,178,275,138,71,114,97,523,484,789,382,483,439,662,881
"ACAD10",543,452,368,294,492,361,250,174,133,259,335,360,309,396,280,425,553
"SHOC2",167,437,488,256,153,143,39,66,162,565,557,1174,441,493,843,1069,1001
"NSUN4",431,547,537,311,274,279,133,222,133,336,388,405,406,378,196,483,748
"TP53I13",2162,474,361,844,2541,981,1419,1113,135,89,107,65,135,267,22,167,164
"APOBEC3C",174,616,876,251,94,192,24,115,281,420,580,683,433,1079,423,568,911
"RREB1",298,673,717,338,301,218,82,90,70,318,408,703,327,509,375,670,1005
"DOK2",2385,770,649,1155,2655,775,809,617,41,68,58,88,234,292,55,138,254
"GMPPB",547,234,442,237,303,175,119,138,191,482,440,536,357,578,336,575,675
"NAT6",664,446,349,347,525,568,399,318,157,206,242,349,188,439,179,269,415
"ZSCAN16-AS1",543,282,153,121,497,210,230,379,608,306,433,213,597,601,195,746,265
"RSAD1",758,633,516,329,582,313,303,276,191,179,336,102,447,376,90,401,607
"CCDC57",1096,541,371,346,920,679,649,559,225,112,203,89,354,386,70,224,259
"ATAD5",69,359,285,119,91,163,45,92,334,822,967,971,566,766,455,1640,1206
"HMGN5",62,585,608,106,86,155,35,181,235,646,921,612,576,967,407,1187,1103
"DARS",106,977,838,237,261,312,25,44,212,461,304,538,803,469,305,917,1600
"TBXAS1",1838,1163,358,852,4607,476,1183,929,49,75,113,165,159,253,44,74,182
"ZNF395",594,734,719,507,344,402,170,219,120,201,243,289,392,227,179,422,641
"TRIM13",347,743,502,324,208,261,84,109,138,303,433,478,472,471,284,698,777
"CDPF1",515,321,252,253,292,279,252,275,271,405,388,268,418,518,181,488,477
"PLTP",1494,1058,1315,1895,2328,661,561,383,17,127,72,210,49,159,183,120,310
"MRPL1",180,830,639,165,118,232,58,88,341,379,789,286,792,639,224,927,813
"KDM4A",439,564,434,279,241,212,112,83,78,456,360,926,289,431,583,545,875
"C1orf174",295,513,548,303,151,230,98,140,119,447,478,493,383,482,371,626,935
"LRWD1",478,493,654,342,191,440,142,182,130,277,403,176,433,526,234,491,751
"EMILIN1",2388,1469,1478,1415,1839,1573,1519,1334,72,46,102,19,63,79,28,84,249
"C16orf72",347,402,477,335,211,219,95,140,143,401,296,671,348,425,693,625,607
"CC2D1B",949,514,562,528,839,421,302,322,96,169,261,227,241,233,169,241,464
"MRPS28",220,515,607,202,106,167,40,109,202,562,700,409,681,659,318,1007,1073
"ZCCHC8",110,472,441,184,83,94,29,56,149,631,634,2433,374,710,1227,1102,1550
"ADAT2",385,651,375,363,220,342,146,146,149,266,510,287,491,402,235,520,753
"TRIM52-AS1",265,196,136,140,236,235,130,331,442,597,437,426,610,665,286,782,540
"SUN1",192,457,579,263,80,158,35,65,165,578,672,912,408,610,552,1063,1472
"PLAGL2",260,453,431,219,208,185,97,99,103,433,497,1003,324,591,387,787,1056
"ZCRB1",210,634,709,259,134,124,46,72,257,445,647,678,377,648,428,779,947
"WASH2P",353,149,120,113,350,387,159,274,542,251,261,595,1021,725,360,466,480
"MRC1",2240,974,1625,3159,5971,567,754,791,27,109,17,140,147,185,80,36,70
"SP3",136,414,540,225,101,93,29,59,134,759,668,1604,430,607,879,1085,1412
"CSF2RB",1394,2237,1957,3729,474,763,334,206,39,45,120,54,150,271,58,164,798
"UBN2",227,361,288,262,157,174,69,112,162,460,375,1086,451,456,1084,708,839
"SIGIRR",1281,330,391,391,1357,546,759,578,222,121,158,105,293,232,76,208,360
"SLC27A4",801,427,510,378,1043,372,522,439,236,109,208,55,439,446,76,320,418
"ITPKC",617,260,245,371,999,288,254,275,83,287,175,853,224,346,432,290,490
"UBOX5",480,296,296,213,461,308,273,300,244,294,294,328,385,392,275,442,402
"DDX55",240,462,444,231,234,208,78,159,263,360,493,390,504,584,260,651,853
"POLQ",96,448,343,112,122,113,42,68,232,734,768,1255,542,760,603,1154,1398
"SLC8B1",821,341,267,380,1440,394,475,486,159,206,175,236,254,330,191,172,316
"GALNT1",222,839,1109,458,205,209,69,84,102,306,470,423,338,492,323,710,868
"ZHX3",673,747,642,490,290,389,116,290,94,261,362,265,242,324,164,472,561
"SERTAD1",1072,258,319,448,734,425,407,489,149,113,130,238,411,295,294,327,288
"ACTL6A",128,1281,1124,225,51,117,16,50,105,644,687,1249,361,538,668,976,2097
"RERE",1353,532,944,1026,631,679,360,381,47,133,173,214,149,188,152,194,446
"ARMC7",972,339,306,402,789,427,387,511,152,171,255,167,412,333,95,310,342
"GRPEL2",137,534,372,142,90,170,47,80,242,628,790,667,577,763,432,1142,1128
"ZDHHC16",985,679,671,503,521,408,307,404,115,138,230,130,286,302,118,324,430
"IQGAP3",161,387,264,114,264,167,59,85,230,582,608,1490,254,758,609,638,1213
"CCDC34",53,530,421,101,72,89,23,71,301,880,1166,756,920,1188,485,1546,1307
"DPH3",343,413,455,283,136,118,51,68,115,544,558,1029,421,498,730,969,817
"AP3M1",333,757,768,350,279,223,98,137,62,327,343,545,302,371,325,625,930
"RITA1",693,657,601,334,381,417,210,256,121,232,276,252,285,345,127,396,582
"R3HCC1L",429,374,342,291,346,252,160,183,210,309,362,429,497,369,265,495,490
"NINJ1",2069,378,403,1150,4146,733,1263,1243,22,86,79,100,145,340,48,102,254
"FAM188A",194,563,549,240,87,129,31,61,98,675,616,1257,404,566,985,900,1172
"PSMG4",382,530,476,171,277,379,117,291,236,339,420,196,410,691,130,542,569
"STRN",171,462,538,244,123,145,48,105,122,535,442,1462,306,492,814,807,1058
"PAPD4",161,565,449,275,150,95,33,32,92,691,750,1404,393,658,815,1071,1317
"APOL6",213,332,196,157,233,73,51,89,150,533,648,1124,534,585,994,1044,1277
"OIP5-AS1",158,616,626,167,128,133,46,97,143,638,544,788,444,593,551,808,1132
"PTPN2",425,670,569,353,386,283,161,202,86,237,320,340,378,323,236,499,655
"GCC1",442,364,305,287,244,209,107,143,157,382,321,648,373,413,618,509,660
"UBLCP1",111,557,756,334,104,147,40,55,119,546,710,795,485,543,510,1129,1185
"PARP2",173,687,472,194,147,182,44,73,134,581,661,730,443,538,375,1015,1192
"PROS1",1127,1557,1284,1012,56,326,115,171,25,224,223,427,217,195,439,434,776
"ABCD4",744,497,337,390,514,319,280,217,96,223,279,332,296,334,234,387,463
"ASB8",211,553,422,227,130,137,48,65,153,464,511,956,652,541,602,937,872
"RFT1",260,682,661,230,287,232,100,158,108,360,332,417,466,396,326,530,839
"PROSC",256,736,849,300,172,132,68,64,109,433,407,879,368,390,478,697,982
"CA8",122,372,831,234,13,165,25,76,106,823,841,1132,756,992,515,1304,1277
"OSBPL9",329,1281,1139,401,128,203,69,77,61,320,338,854,249,306,418,579,1258
"RBMX2",359,628,375,248,250,235,90,167,221,311,477,271,509,550,194,688,655
"SMG1",183,339,516,290,183,99,46,77,168,496,505,1153,379,513,817,792,1008
"MCM10",45,523,598,105,67,132,12,67,252,844,925,1152,640,831,654,1453,1764
"PPARD",1241,354,359,519,541,351,295,246,71,243,225,372,221,286,239,275,530
"ZNF213",448,324,408,292,351,271,127,193,145,349,252,700,288,377,498,329,620
"DNAJC3",553,626,610,425,323,202,110,172,97,243,357,374,292,377,237,600,690
"MAP4K5",171,291,425,223,63,102,28,50,142,639,596,2653,405,779,1264,1101,1053
"EPM2AIP1",238,447,351,219,183,170,91,94,151,366,471,1022,411,495,456,802,885
"CYP20A1",170,338,391,206,209,180,55,121,279,462,484,695,474,554,463,795,768
"CSNK1G1",297,314,312,212,119,135,81,169,245,484,499,671,468,528,488,761,767
"JADE2",860,434,538,552,610,544,387,579,85,136,226,204,170,254,121,270,487
"TAOK3",356,624,644,340,238,191,92,133,111,300,297,926,296,325,619,427,579
"NFE2L2",230,960,790,353,126,82,31,79,55,446,393,2002,355,258,1628,600,1037
"DHCR7",1732,1293,1691,1057,557,742,766,922,34,58,96,118,140,131,48,193,333
"COPS8",170,593,719,217,79,138,36,64,104,590,596,912,423,608,562,1199,1314
"TOE1",211,538,582,145,151,201,72,137,176,453,544,543,392,602,300,710,1034
"C11orf57",311,665,537,239,229,193,107,158,153,332,339,584,360,376,332,536,751
"C11orf74",166,680,358,156,113,193,70,163,218,461,695,485,511,570,288,1038,725
"TMEM70",223,733,629,324,175,193,56,87,84,358,521,472,462,701,257,1065,879
"TAPBPL",472,284,280,221,363,246,135,127,75,525,459,541,427,521,334,573,644
"TDP1",198,637,451,207,199,174,81,121,125,457,503,705,389,506,398,683,782
"MARCO",1578,336,153,2343,1444,1038,780,1023,206,175,32,193,251,589,55,64,35
"ZNF770",196,384,513,229,160,160,78,106,198,497,606,459,609,509,364,681,837
"UNC119B",222,619,442,221,148,162,50,66,162,463,459,933,342,637,564,772,945
"METRN",490,180,472,245,745,417,368,449,249,203,293,107,274,694,105,345,473
"ETNK1",140,333,568,277,106,90,32,85,141,537,687,996,487,694,825,973,1009
"PRKAA1",151,372,491,209,110,135,50,67,175,580,675,982,420,614,601,931,1031
"CEP295",286,525,354,210,229,209,85,121,110,410,503,678,363,513,377,678,803
"CDK5",695,432,379,313,458,310,255,388,131,186,284,172,412,377,105,559,530
"BTAF1",206,366,366,343,125,189,64,99,87,464,413,1227,300,490,815,721,1179
"FAM160B1",184,179,222,158,123,132,58,90,246,523,599,1516,524,622,1036,946,790
"TADA2B",269,301,389,232,186,140,58,115,156,438,406,1107,401,451,691,698,908
"QDPR",407,703,722,290,235,273,122,223,188,229,446,207,540,272,146,540,618
"GINS1",63,538,806,114,88,150,21,54,212,745,868,690,726,800,493,1221,1356
"PDLIM5",732,414,407,558,126,245,114,161,96,305,347,400,379,409,374,491,671
"ARHGEF7",615,559,488,419,320,230,165,174,92,270,244,623,257,311,297,406,561
"TNRC6B",170,259,353,204,117,93,46,88,229,510,583,1243,548,666,1002,809,787
"CRTC3",653,682,591,450,263,312,136,233,57,256,232,603,181,289,281,460,658
"IKBKAP",150,685,634,257,143,174,42,56,192,462,571,488,498,619,352,924,1107
"USP8",175,422,448,237,165,126,44,65,201,435,556,965,516,560,519,952,892
"ZNF480",441,468,429,196,352,339,200,306,209,262,477,203,363,507,136,446,388
"DEPDC1",31,502,432,92,36,84,6,31,342,1177,1181,2038,658,932,1120,2110,1694
"ZNF767P",565,232,127,229,537,325,329,272,246,259,286,283,519,319,354,423,378
"SMCR8",417,420,411,375,375,197,179,183,110,262,298,612,266,333,431,402,567
"CREBL2",364,442,408,320,335,199,84,142,77,301,353,836,305,324,708,550,657
"MAD2L1",41,606,860,126,48,79,12,34,150,906,1483,1346,538,889,761,1544,1989
"RAB3IP",104,214,266,126,67,87,27,49,322,860,889,1568,737,884,1027,1348,1021
"PSRC1",242,391,256,174,328,165,115,187,182,478,382,640,246,473,501,767,644
"MRPL19",215,840,937,233,91,173,47,87,93,460,580,498,472,435,350,971,1172
"C19orf47",340,282,422,243,261,273,165,259,227,278,331,379,375,499,248,426,630
"NCOA6",369,446,532,373,231,202,62,97,59,462,359,799,299,426,517,664,850
"AACS",905,1221,999,578,287,446,218,272,26,171,151,348,139,221,323,324,555
"SLC25A20",295,685,598,253,184,196,51,109,88,298,495,386,415,621,371,761,1195
"WDR81",517,174,178,242,579,256,217,243,225,239,302,528,414,464,406,380,365
"SAP30L",381,368,415,303,287,186,114,197,120,316,379,521,286,410,348,680,656
"KRT10",514,551,787,320,233,229,89,77,77,370,357,425,315,567,313,633,667
"MMP14",2037,525,603,1950,3822,582,882,918,23,73,43,208,130,317,41,77,184
"COQ2",137,535,459,111,115,105,42,93,308,498,773,705,558,595,429,1032,1122
"CNOT7",343,1066,964,350,147,178,53,130,88,326,365,505,319,390,284,609,1003
"INSR",229,283,230,114,330,223,91,161,81,553,543,836,541,471,337,1007,822
"NFRKB",472,421,430,251,369,297,217,240,191,239,332,256,382,430,155,515,429
"LINC00116",398,458,402,306,316,297,186,354,141,253,309,277,246,502,186,469,556
"TRIM59",62,460,586,131,38,84,22,30,155,907,774,2182,505,847,1338,1341,1559
"ZBTB40",578,468,339,339,425,304,203,184,60,284,284,426,276,339,333,362,684
"LEPR",234,496,673,267,37,157,34,124,132,422,970,524,377,542,510,955,1336
"ATG5",324,607,625,333,129,173,45,80,107,422,539,627,410,424,419,699,883
"BOLA3",87,560,706,115,44,133,18,51,158,818,1013,813,717,883,571,1295,1403
"EXOSC3",233,629,704,222,150,161,44,76,83,518,584,615,474,536,389,733,1059
"ZNF628",403,213,428,325,411,399,247,271,235,207,270,330,286,614,194,296,411
"CHST12",1043,662,692,916,439,679,194,481,57,120,189,205,149,253,106,308,450
"AGA",188,629,304,228,232,124,53,92,152,547,468,1010,400,454,554,824,615
"TTC27",589,1366,911,318,76,175,75,120,156,197,463,184,586,365,221,786,751
"CBR1",677,707,853,382,303,359,130,248,82,179,366,200,386,423,178,221,553
"FIZ1",478,328,345,284,380,318,178,339,167,244,290,286,370,403,218,386,492
"ANAPC15",265,339,305,145,246,210,84,142,187,503,517,429,537,638,294,758,607
"SEL1L3",791,1023,614,551,191,388,299,415,85,158,80,170,237,376,136,384,838
"ZFP36L1",535,444,302,335,561,208,130,154,61,277,295,610,263,432,256,736,609
"ZNF646",346,331,361,271,275,311,147,156,107,318,306,680,291,392,429,396,775
"ZNF526",397,272,269,199,310,280,177,238,235,299,326,400,506,380,311,416,490
"RARS2",399,624,553,260,185,227,78,105,106,304,411,679,298,433,318,561,880
"SNTB1",314,614,170,211,593,116,122,129,142,528,456,768,200,346,364,695,644
"TMEM39B",473,442,433,292,405,356,179,275,137,279,280,262,376,345,183,390,448
"RRS1",156,692,1003,275,182,282,63,105,167,329,546,255,494,519,184,531,1052
"KAT6A",212,235,308,193,229,162,107,142,139,474,392,904,335,609,584,663,725
"CCNB1IP1",593,1324,507,368,469,472,250,352,134,149,224,200,306,240,91,282,377
"DTD1",664,1093,932,453,235,254,117,199,75,275,434,175,318,254,125,436,645
"URGCP",559,468,455,300,442,376,201,214,97,219,320,202,313,439,174,388,632
"ICE2",152,607,588,182,100,136,38,78,217,489,547,853,380,529,476,887,1132
"UCHL3",401,776,662,307,150,225,70,152,80,315,534,303,452,378,234,660,823
"TGIF1",347,583,822,474,219,266,91,114,68,282,215,959,237,240,684,323,815
"PHF14",406,512,444,236,226,258,137,189,163,295,455,253,483,458,149,639,545
"EVA1C",274,277,594,193,87,460,80,368,137,500,485,504,557,421,260,441,433
"RAD18",200,574,486,133,132,147,72,133,252,440,518,550,395,631,305,731,848
"LOC148413",678,474,345,337,465,362,229,184,62,299,331,273,297,331,242,353,512
"ETFDH",137,473,455,183,103,125,52,60,98,533,589,957,440,559,795,1027,1357
"USP10",162,617,722,308,193,179,32,49,141,396,504,603,404,515,517,749,1051
"MR1",354,450,258,280,322,144,119,131,141,433,355,667,326,470,413,501,543
"STAMBP",236,645,476,249,171,148,41,89,124,461,469,724,364,457,455,790,959
"ENTPD1",297,1013,361,165,450,192,154,177,139,262,459,307,401,384,179,545,592
"KLHL7",68,494,405,130,41,74,13,50,153,908,1105,1617,578,868,904,1569,1615
"KDM2B",308,634,568,272,368,242,80,129,125,326,413,417,269,423,187,587,782
"ARHGEF39",146,352,334,114,161,143,54,82,183,605,535,1028,435,645,617,809,1048
"LINC01000",289,157,234,376,534,353,128,117,93,272,246,794,398,557,553,396,684
"SP2",165,306,450,195,114,149,31,59,153,557,488,1841,357,581,936,645,1205
"NTHL1",495,409,429,206,568,501,453,599,440,130,255,47,534,445,44,382,281
"MIER2",777,241,400,572,557,504,399,377,78,231,236,297,194,272,130,250,407
"VCL",294,883,510,356,173,116,63,82,40,332,172,2309,353,227,1867,455,826
"CRIPT",166,279,301,128,121,134,49,104,289,449,621,687,667,679,695,971,683
"IFT52",290,891,537,251,110,174,39,73,88,427,447,741,375,468,457,827,1031
"TBL1X",470,595,668,435,346,324,155,182,73,243,210,516,173,248,258,409,744
"NSMF",1050,496,656,537,581,540,468,311,107,118,133,91,192,258,126,340,475
"COQ10B",161,224,316,189,110,116,40,59,296,562,529,1331,488,559,936,883,899
"KIFC2",1067,381,266,663,684,626,395,176,67,192,205,204,235,430,173,162,443
"DNAJC13",420,703,633,341,215,149,95,99,97,330,362,601,249,365,360,530,740
"CBX4",285,435,645,415,235,155,46,95,112,367,312,980,232,392,443,623,988
"GIT2",558,683,501,444,525,240,173,151,75,220,299,333,229,312,225,465,481
"NR2C2AP",239,486,436,177,204,287,71,135,167,411,502,299,487,608,206,632,860
"ANKRD17",187,587,683,356,143,163,50,78,94,344,415,826,295,493,576,696,1004
"TTC13",270,604,383,285,123,248,119,182,140,327,511,415,412,358,221,630,728
"NFU1",477,828,457,248,164,193,93,143,109,288,430,301,393,435,226,739,752
"TNFAIP8",379,631,483,391,304,264,144,137,66,252,462,392,332,399,200,527,534
"CCNC",209,596,638,247,141,162,43,74,173,363,643,574,467,406,341,813,879
"GHDC",1473,771,738,826,1371,871,700,542,48,76,105,76,182,178,60,153,278
"FMNL1",2127,1172,1422,1488,3584,1151,1458,910,12,53,33,95,86,163,56,21,188
"PIGG",407,369,464,374,352,260,159,171,92,276,290,455,324,310,270,442,621
"IRF6",707,1596,476,530,57,520,154,540,111,155,338,83,479,429,74,385,541
"SSBP1",294,610,441,206,251,281,63,170,195,324,503,244,543,527,175,627,524
"AFG3L1P",327,295,280,204,277,212,125,148,155,404,387,548,342,511,313,535,718
"ARID1B",234,512,475,213,124,145,70,102,97,414,474,946,279,508,574,761,881
"PJA2",163,546,760,307,118,89,39,54,66,532,546,1167,289,458,699,1055,1260
"GNG2",571,985,820,474,56,265,82,174,118,201,308,425,548,273,146,554,772
"GPT2",482,968,195,232,623,294,372,266,141,333,292,270,330,282,74,361,388
"ZNF271P",353,382,325,196,315,230,107,232,212,282,390,332,412,473,268,591,441
"AZI2",243,500,485,257,244,121,66,76,63,464,437,951,361,393,542,770,898
"DHX29",187,542,535,228,139,121,33,63,133,467,601,751,471,562,466,974,944
"SPATA33",165,239,235,100,297,293,137,303,314,436,546,302,519,619,190,632,525
"TCTN3",288,700,517,212,156,164,134,146,122,352,370,421,367,433,258,617,821
"UNC93B1",1026,326,390,642,2432,477,720,684,58,103,165,154,185,227,94,142,233
"IMPAD1",373,597,617,327,216,228,66,105,78,344,371,550,290,353,334,587,862
"MICAL1",3842,492,354,1311,6870,696,2181,858,41,37,31,87,129,356,53,48,73
"BMPR2",179,628,524,321,41,110,33,72,79,829,542,1485,244,329,898,1123,1226
"EXOSC6",184,338,526,247,160,216,75,129,167,340,375,458,481,459,520,674,730
"DRAM2",688,952,497,492,547,253,120,112,62,231,235,517,225,227,244,435,474
"SNHG10",120,254,257,125,108,168,44,92,199,524,592,1044,529,814,689,1131,838
"LAMTOR3",205,552,586,293,130,87,41,68,60,503,553,1212,306,437,919,756,1055
"MAP2K5",573,557,391,327,616,446,338,377,99,189,215,166,255,310,122,343,401
"MIS12",197,448,442,171,163,155,59,109,185,505,494,711,375,390,390,761,930
"GFPT1",301,303,556,344,99,152,50,87,80,481,319,1703,263,297,1329,572,896
"UBA3",130,476,602,296,137,106,29,36,84,496,674,1093,446,521,679,1010,1333
"ZNF740",514,535,373,398,347,291,124,177,65,278,300,334,341,344,256,423,667
"C11orf49",653,642,596,379,251,476,219,272,98,200,231,164,315,263,125,485,498
"MAPK9",198,471,485,217,132,196,73,76,101,480,423,785,328,426,420,869,1157
"TMEM126A",257,696,543,236,105,165,52,61,120,459,582,462,539,483,303,944,920
"SPG11",291,669,586,320,194,160,49,72,90,354,398,724,275,431,433,688,1009
"PTOV1-AS2",633,169,130,294,658,453,420,264,155,276,275,326,292,441,224,223,387
"DNAJC19",278,800,664,201,133,200,67,81,102,367,489,429,402,427,293,777,999
"RAPGEF1",1162,468,642,696,1948,388,309,254,31,161,117,250,150,288,138,181,404
"R3HDM1",162,701,702,279,171,162,48,72,197,369,481,442,414,524,287,728,855
"MED13L",150,205,400,203,123,85,55,84,143,500,482,1678,398,562,1182,777,851
"LTC4S",3922,978,162,1096,1015,1136,1513,956,147,36,54,36,193,250,35,75,209
"ZWILCH",91,423,521,119,111,142,30,72,182,586,699,872,568,676,479,981,1163
"ZNF274",272,502,495,248,166,200,58,82,94,444,388,1109,269,372,533,658,769
"TNPO1",195,553,762,329,191,130,70,76,75,342,346,733,376,373,665,642,890
"CKAP2L",60,569,461,100,51,92,17,50,96,863,759,2600,441,708,1073,1257,1706
"DHX40",242,708,481,251,139,219,39,87,72,333,392,1086,333,376,748,636,911
"DBF4B",209,396,342,184,244,224,90,109,111,428,377,834,280,495,536,512,829
"PBDC1",711,638,538,403,325,318,151,213,148,192,339,142,433,322,93,426,463
"CUTC",246,653,595,234,216,187,84,91,122,323,410,445,368,524,269,790,629
"TMEM62",335,445,398,200,287,254,122,197,142,338,445,324,392,406,181,529,598
"PEX26",252,416,564,197,211,150,63,128,159,343,410,579,398,499,412,535,770
"BRPF1",289,457,555,305,187,160,77,93,66,418,342,948,258,395,491,560,1010
"TP53I3",907,623,488,370,248,360,178,325,156,214,205,267,338,192,144,415,314
"PAXBP1",207,482,397,246,203,170,56,65,104,418,486,656,414,481,405,898,986
"PRAM1",1625,233,216,385,8942,641,2589,1126,150,147,21,129,183,378,88,31,41
"EIF2AK4",322,613,556,306,201,183,103,130,89,296,315,544,281,361,325,641,796
"LRP5",563,727,1045,581,339,598,190,310,63,151,194,321,140,218,181,207,511
"WEE1",60,488,599,127,30,88,18,50,170,817,709,1828,427,782,902,1450,1575
"MIER1",282,609,570,310,122,157,55,82,97,359,454,906,279,405,500,650,851
"MED6",288,625,601,264,232,243,81,143,107,309,357,374,367,373,237,616,757
"DHRS7",942,1434,836,755,393,436,164,205,17,156,148,279,186,194,313,260,493
"SAAL1",169,681,526,162,159,196,50,103,211,377,555,361,551,515,229,800,907
"KIAA0513",375,243,163,215,379,230,194,239,269,205,288,601,252,472,514,507,323
"SEPT9",2301,1262,871,1072,3589,716,1124,727,19,41,59,77,120,183,51,68,181
"GTF2A1",121,378,527,169,58,103,28,62,135,711,600,1621,377,556,1016,910,1184
"PFAS",179,695,858,209,187,297,86,105,156,261,379,297,463,479,199,494,1024
"HIPK3",211,223,232,195,325,158,69,103,143,438,465,735,401,539,594,806,689
"BUB1B",57,638,547,126,57,74,24,48,120,768,730,1924,355,729,864,1168,1742
"TPSD1",52678,69,9722,6749,985,2296,41,1096,1,0,1,50,158,276,55,164,471
"ZNF544",187,428,418,148,155,210,73,142,179,476,386,637,423,497,374,580,735
"ZNF766",246,477,271,162,233,221,108,130,223,356,478,407,402,531,245,562,707
"COA5",288,575,436,240,255,169,82,113,98,388,489,471,323,424,300,675,687
"RYK",281,826,867,346,171,298,96,165,102,222,332,296,322,251,218,648,761
"DGKQ",821,350,261,339,721,236,233,223,106,290,203,286,194,405,159,390,542
"GTPBP3",317,290,328,270,328,256,143,158,270,305,353,278,368,456,197,482,576
"GDF11",5166,1210,1898,2747,200,1292,987,542,44,36,85,25,81,106,50,115,288
"CRBN",266,653,419,264,163,201,122,115,144,259,379,541,362,338,361,652,581
"UBQLN4",523,533,513,330,261,313,209,279,143,165,290,162,371,316,136,382,676
"AMPD3",232,305,202,258,353,103,84,67,133,513,462,1059,372,444,511,754,663
"NUDT19",225,491,472,251,95,215,57,96,210,380,509,554,480,399,378,597,744
"OCEL1",838,311,304,318,568,384,365,345,109,174,285,138,340,340,127,411,304
"MUTYH",275,424,439,210,317,328,146,201,98,339,350,360,340,472,187,497,536
"RABGEF1",256,489,294,169,266,294,113,149,159,305,471,443,314,433,406,547,449
"USP21",258,554,434,320,148,194,45,84,56,480,365,922,272,383,680,633,1099
"PPARA",309,652,365,289,104,201,75,142,121,349,404,509,347,385,365,634,837
"GOLPH3",139,529,764,304,67,97,30,63,131,498,597,1097,362,425,589,896,1161
"GAB1",113,316,368,166,59,98,22,95,162,703,638,1560,534,552,1000,933,955
"PCID2",193,822,839,327,111,139,33,78,42,435,381,968,308,376,622,801,1224
"FASTKD5",282,536,622,316,129,209,44,116,60,368,421,755,283,433,435,659,945
"RFK",112,298,428,131,48,77,36,38,293,593,1066,752,822,849,489,1297,1239
"ARHGAP15",893,2072,1026,612,516,519,264,275,41,125,169,145,158,218,112,256,246
"ADNP2",178,519,568,231,70,151,62,60,167,423,483,855,322,465,480,946,970
"ARMC1",78,459,563,196,58,91,17,47,187,663,855,1093,486,604,685,1212,1376
"PAIP1",214,506,441,233,111,118,37,61,137,436,563,981,402,432,589,880,924
"VPS37C",345,298,406,273,274,202,89,143,139,384,348,590,299,364,338,481,675
"CBR4",193,542,429,170,139,133,44,106,146,401,619,488,464,541,459,766,925
"PTAR1",114,256,312,161,94,111,31,85,232,602,610,1186,460,642,652,1129,939
"DDX19A",327,581,805,274,236,220,115,185,75,293,297,360,348,345,228,429,750
"ZDHHC24",923,382,385,452,713,389,353,463,139,118,212,111,298,332,84,276,304
"C19orf54",431,535,403,217,489,337,206,187,108,322,232,436,271,298,208,288,442
"SLC25A15",102,805,565,140,50,153,52,65,159,481,635,580,530,651,294,1014,1586
"PLSCR1",256,708,587,276,269,138,83,83,53,401,452,622,237,299,517,597,906
"NKAP",416,569,428,250,211,217,99,142,99,346,392,415,304,362,279,588,599
"METTL1",360,456,482,196,166,314,148,229,271,223,445,107,570,462,123,528,639
"IL6ST",93,154,335,234,55,88,28,29,144,636,399,3134,686,514,2230,1133,1293
"XRN2",290,915,1130,491,181,158,51,60,61,288,322,568,251,319,341,621,1158
"EED",200,593,540,211,98,133,39,59,115,526,551,654,516,473,385,950,1053
"SCO1",173,636,665,215,187,176,65,137,171,382,488,244,532,450,229,670,692
"CLCC1",278,369,396,232,139,206,85,135,149,363,413,512,355,491,322,596,808
"SKI",317,364,609,489,289,347,142,223,66,231,275,607,165,276,280,331,749
"PKN3",302,576,580,240,374,449,189,275,120,194,205,220,230,292,236,417,600
"TPP2",220,670,639,265,203,146,61,72,85,352,406,668,315,456,448,630,807
"FBXO45",302,566,436,214,116,205,59,136,173,372,455,356,461,425,241,823,727
"CFAP20",235,663,635,247,137,152,57,66,68,479,430,737,259,500,418,840,905
"PDLIM1",936,3143,1362,510,114,967,364,460,31,60,157,102,430,220,51,192,402
"FAM193A",347,396,461,267,229,239,94,94,80,327,297,839,256,424,439,431,809
"SLC25A46",125,490,653,308,76,119,33,53,89,543,510,1052,330,498,692,968,1257
"TTLL4",385,359,331,193,528,220,186,166,111,262,386,374,300,412,263,367,565
"IFITM1",6730,1802,1625,1287,485,1563,1095,981,81,95,151,16,50,31,20,49,114
"ALG9",411,609,408,201,235,213,95,130,104,307,404,417,357,446,231,498,700
"ELK1",403,674,850,502,227,363,157,213,67,122,183,316,325,260,207,338,855
"SLC31A1",275,613,523,222,262,125,76,142,114,321,372,534,302,459,245,554,896
"BCAS2",110,674,630,195,100,128,27,33,149,519,664,817,490,618,436,1001,1088
"TTI1",245,508,641,198,214,253,104,140,121,270,371,423,329,403,227,474,929
"SLC30A6",267,636,533,327,134,207,56,106,172,348,272,499,362,337,419,528,768
"RABGAP1",393,463,356,261,259,188,146,171,171,270,302,435,285,347,335,453,460
"RPUSD2",258,443,465,198,150,265,90,172,242,297,412,261,373,576,177,654,659
"SUPT20H",347,770,620,306,141,175,53,69,40,365,376,750,308,368,390,711,1172
"MEF2BNB",380,220,214,146,407,201,205,227,226,324,356,269,433,491,246,484,472
"TMED5",326,589,595,389,219,130,75,107,138,322,366,477,257,340,340,585,591
"TM2D2",459,533,461,309,384,229,118,196,95,278,313,249,309,363,196,465,538
"ADGRG1",1700,900,1136,1537,78,775,390,285,98,83,182,77,330,212,44,164,392
"ATP2B1",138,186,356,191,125,88,49,58,239,590,474,1299,627,415,884,696,934
"C12orf65",251,529,379,211,170,221,81,168,121,428,405,572,435,336,336,386,667
"TSPYL2",533,132,222,207,239,244,242,307,200,292,290,488,244,577,256,420,462
"MFSD6",479,462,395,449,181,170,62,72,80,303,415,650,274,441,485,562,659
"PHYH",340,798,581,369,281,279,69,147,121,225,434,188,339,401,162,526,635
"TSEN15",152,855,617,198,212,167,53,101,141,355,390,523,338,377,285,730,937
"CYTL1",823,1226,1068,819,163,569,179,488,32,174,281,156,162,176,81,273,466
"ITGA4",132,840,845,225,58,125,31,79,93,534,472,1330,298,404,475,884,1040
"KIF20B",61,429,498,120,82,148,24,74,182,581,654,1191,370,652,610,1118,1256
"POLR1C",386,648,643,282,208,350,110,213,119,236,321,147,417,360,164,496,583
"ACER3",423,282,267,245,435,148,71,184,118,277,492,444,404,512,255,592,542
"EPB41L4A",298,472,545,330,40,219,30,130,76,401,521,841,387,586,347,731,914
"MYO15B",2474,732,267,534,2272,802,1093,348,67,115,69,88,158,158,101,63,257
"SNX12",479,803,617,460,255,310,94,122,38,248,290,425,254,320,194,493,751
"FOXJ3",303,546,537,421,164,198,48,69,62,375,373,826,322,317,493,599,796
"FAM98A",253,531,535,229,269,205,89,118,275,276,481,177,532,523,118,629,567
"SPATA2L",856,170,311,363,604,528,500,415,144,146,165,166,210,330,187,277,286
"APP",376,859,1295,654,1122,377,260,302,41,125,183,264,106,186,108,234,467
"FAM162A",425,950,774,281,257,270,103,180,92,306,338,165,449,353,78,496,601
"TMOD3",90,352,542,192,77,102,29,66,150,555,693,849,560,733,619,973,971
"C15orf40",236,348,301,154,184,185,109,222,292,344,484,383,427,455,243,551,505
"UHRF2",137,439,382,231,128,107,31,69,98,487,517,1078,414,486,660,1048,1090
"APBA3",505,229,442,323,448,320,245,267,99,231,165,441,193,289,327,316,478
"TMEM33",258,622,687,343,233,182,51,81,96,288,384,387,329,398,294,717,928
"STK4",373,461,487,383,273,160,116,111,86,289,272,604,279,331,379,503,559
"ITLN1",2040,608,340,731,221,304,269,2218,110,63,86,307,236,214,235,53,283
"PHYKPL",708,313,264,335,540,221,157,231,69,281,224,569,227,313,356,279,460
"ELMO1",1932,1389,2334,1531,305,1134,504,355,16,40,76,101,135,78,74,170,538
"SMIM19",471,849,473,304,242,242,103,193,114,295,369,275,281,329,150,443,485
"CYLD",531,375,276,318,219,127,127,110,119,277,287,682,255,347,564,567,568
"M6PR",379,1231,992,521,218,118,72,114,55,233,244,737,165,254,379,343,933
"LOC728743",498,494,194,229,187,306,243,274,205,219,366,238,392,338,172,376,486
"CREB3L1",398,85,313,222,47,243,20,143,158,723,283,2942,374,121,2086,662,978
"DENND2D",1142,1158,508,507,694,210,216,175,93,70,230,106,454,299,109,261,435
"TOB2",288,253,340,239,185,226,111,139,122,321,343,699,301,470,400,499,698
"HDHD2",211,646,437,265,151,166,49,83,157,399,473,423,420,444,275,750,843
"MED9",354,384,335,236,232,237,125,225,133,319,304,349,372,322,327,433,553
"CCL2",1337,950,1308,2171,851,686,302,361,19,111,38,263,140,295,80,80,190
"MED7",199,335,219,132,149,143,75,84,373,447,601,589,507,534,385,830,498
"C14orf93",315,473,292,203,277,241,117,156,182,308,359,372,323,470,231,477,516
"KIAA1586",59,427,494,152,35,106,18,36,171,708,795,1354,533,702,851,1454,1301
"KLC2",454,169,295,394,401,366,230,409,151,231,204,287,221,323,279,304,420
"SGMS1",76,219,419,167,31,77,16,49,227,703,783,2083,639,650,1159,1087,1194
"TEX30",173,580,498,147,53,97,64,57,125,654,686,668,445,525,436,994,1047
"FGFR1OP",91,311,421,140,63,125,20,64,166,634,835,1216,499,719,562,1070,1207
"ARHGEF6",1477,1597,1262,1280,285,514,162,249,22,125,101,162,111,110,118,325,718
"NIPSNAP1",733,1881,1212,494,214,321,180,221,49,177,169,205,137,210,139,280,648
"RB1",71,371,552,181,37,37,32,30,101,810,798,1871,393,665,1113,1464,1859
"KLHDC10",344,437,314,223,161,222,84,131,95,395,352,597,339,387,454,493,677
"LAT2",1608,1000,507,654,2485,402,1034,761,38,82,63,124,126,220,79,72,159
"CUL5",129,323,319,173,190,152,61,98,159,416,531,653,441,457,451,929,809
"MCEMP1",1425,245,234,488,3062,291,881,811,94,193,24,196,351,381,174,94,50
"LYSMD4",184,219,234,123,110,235,49,105,207,481,544,784,471,663,452,726,896
"DPH5",366,933,620,284,132,238,103,163,90,243,377,223,392,338,170,631,714
"BZW1",219,539,767,240,109,137,60,74,142,343,437,622,332,374,359,687,1001
"MPV17",633,1038,938,524,421,260,85,113,35,248,285,261,160,264,205,340,769
"TIMP2",1600,353,285,778,5261,389,1228,1224,63,94,38,142,201,443,89,36,45
"ETHE1",1435,725,448,598,1417,433,491,472,23,108,128,153,166,217,82,195,304
"SMYD5",483,635,597,229,216,319,197,202,162,216,258,129,455,369,109,343,655
"CETN2",288,642,569,249,161,182,72,116,142,300,389,345,380,440,257,599,647
"MFGE8",3397,1139,1463,2253,3536,1130,1562,1406,10,17,34,20,91,78,25,71,170
"FLT3LG",381,189,182,170,201,218,172,146,162,356,380,530,363,622,366,463,571
"PAQR9",34,117,286,81,10,80,6,78,280,1219,991,3155,1033,1188,1433,1410,1225
"ZKSCAN5",351,416,283,196,251,196,122,177,176,320,321,454,342,333,294,511,507
"VTI1A",357,342,369,218,246,230,127,164,176,313,295,392,399,407,240,453,466
"ING2",381,547,321,203,144,188,68,100,101,392,444,595,292,545,265,734,708
"LIMS1",200,977,789,454,149,162,26,45,73,328,377,724,301,353,482,721,958
"ELMOD2",192,390,273,181,173,150,54,94,248,388,667,408,463,573,271,831,742
"PTK2",137,662,780,246,16,152,20,66,173,458,541,1091,434,445,533,993,1136
"MT2A",703,128,381,210,73,117,58,127,370,873,289,750,510,256,273,870,521
"CCND2",554,1454,1083,421,327,554,231,248,72,154,167,182,76,324,44,413,628
"CREB3L2",700,808,846,557,232,221,97,124,88,181,241,387,202,236,245,377,486
"RIF1",90,456,678,190,51,117,17,68,137,609,627,852,556,574,500,1201,1222
"DMWD",356,247,503,271,106,268,119,222,180,279,277,405,373,466,352,334,549
"CWC22",423,729,443,446,105,203,51,61,51,431,406,609,303,365,504,495,795
"ZBED5",285,456,323,315,328,204,77,129,69,344,344,448,323,417,341,575,648
"ASCC3",176,537,822,220,61,117,33,103,121,407,504,711,351,444,518,790,1002
"EVI5L",381,254,269,210,349,267,143,176,133,370,291,634,170,448,354,336,536
"SUMF1",486,415,432,344,409,229,181,202,147,218,304,216,339,376,156,415,298
"FAM89A",358,1513,1400,512,153,307,59,262,34,206,392,253,194,212,228,329,690
"LINC01420",796,661,456,473,382,328,194,276,121,123,252,172,278,238,111,344,375
"TCHP",188,428,424,184,224,174,115,110,233,284,377,396,317,682,250,460,723
"TRMT5",257,598,531,211,124,204,71,123,110,327,463,474,359,406,291,598,701
"PARVG",1864,910,348,697,5487,482,2029,1096,58,68,19,105,108,245,57,29,113
"MAPKAPK5-AS1",614,462,245,243,530,238,263,341,205,158,328,143,318,355,74,522,360
"FARS2",326,511,407,159,145,183,114,176,346,292,338,209,498,456,185,550,558
"ZFC3H1",375,628,394,403,229,183,91,109,73,254,282,539,285,325,386,515,641
"GLS",410,493,629,422,188,260,109,126,87,162,325,336,267,244,325,698,615
"CSNK2A2",563,624,530,386,207,306,105,143,94,237,213,456,297,268,262,366,448
"GOLM1",615,824,514,632,177,247,107,282,41,132,587,233,256,183,212,371,715
"DDHD2",163,722,515,209,98,132,26,74,86,531,432,1139,271,473,434,879,1210
"LEO1",565,656,542,363,147,252,94,105,85,290,402,306,302,330,191,473,669
"ABHD11",452,428,453,248,262,349,136,224,123,273,354,191,292,407,165,410,451
"TPCN2",495,350,365,362,344,388,235,195,116,208,205,341,264,304,211,276,449
"TNFRSF1A",878,593,525,719,3128,612,762,640,24,94,97,209,100,144,102,79,227
"RNF19B",428,329,431,424,263,194,79,90,76,261,297,657,235,336,434,610,653
"ARID2",141,279,302,160,112,147,50,116,226,419,523,714,439,552,449,912,756
"FOSB",41,51,190,25,31,29,6,20,919,978,817,2558,363,4734,3108,5899,1142
"CD53",1989,2283,1255,2367,687,382,271,239,7,62,73,160,95,119,128,157,477
"GOLGA5",357,427,439,305,145,152,67,73,101,361,365,689,285,353,491,635,742
"PHAX",228,473,481,207,146,143,50,95,137,377,491,519,395,469,320,699,810
"MBOAT1",454,683,784,381,135,236,66,103,87,255,315,365,278,396,230,621,565
"DYNLT1",537,652,431,314,196,183,79,156,51,336,300,490,201,319,290,597,769
"WDR25",380,284,176,187,362,235,138,250,234,233,306,356,394,331,416,358,410
"CRCP",252,670,539,231,190,162,61,98,137,339,408,443,428,345,254,532,728
"NEURL1B",54,646,515,172,33,233,5,61,160,677,754,2026,297,759,913,681,987
"MRPS31",254,719,486,167,93,176,61,83,84,407,498,498,410,464,344,718,903
"DPH2",280,579,907,284,143,215,67,122,86,249,402,251,449,367,235,471,1061
"SCMH1",474,567,600,283,256,268,126,110,63,307,260,459,195,274,286,409,706
"SLX4",201,234,271,144,289,189,103,94,163,415,395,813,341,551,445,396,675
"CSF3R",1736,668,638,722,6271,443,1337,809,31,116,21,251,101,205,102,22,51
"SNHG12",1048,244,287,467,1272,372,436,382,89,129,173,108,468,252,86,205,274
"MSL3",238,503,436,265,152,159,56,91,177,350,382,498,406,400,303,680,678
"UBE2G1",219,527,631,227,170,190,58,99,90,314,304,657,290,355,474,626,839
"HAUS6",131,481,408,168,83,124,25,63,123,533,689,851,468,608,440,1002,1092
"PHF5A",186,753,778,195,104,145,37,77,46,445,452,684,409,424,413,805,1131
"ZNF142",263,287,344,189,255,238,115,139,159,338,372,364,353,480,267,418,726
"DGKA",657,553,275,395,644,367,255,175,73,197,255,355,124,235,182,251,559
"CDK2AP1",388,825,1006,400,202,260,93,147,58,208,299,232,223,276,131,607,1041
"PATL1",365,554,578,327,201,156,61,130,56,291,253,1004,201,259,511,442,893
"PGS1",545,454,506,446,500,294,212,179,53,202,191,347,174,254,257,354,456
"RN7SK",1636,129,97,280,513,901,378,2681,187,51,75,56,220,140,1196,244,217
"SPCS2",287,388,454,219,126,129,50,110,145,413,506,543,362,507,298,693,710
"FKBP1B",301,307,92,149,126,224,84,163,179,503,383,921,374,540,583,545,437
"SLC5A6",307,636,835,232,215,259,169,183,135,175,301,185,373,316,170,368,670
"CAMSAP1",398,383,423,323,154,197,66,85,99,383,336,580,276,389,338,627,736
"FBXW9",242,290,369,164,306,396,187,379,259,220,281,166,515,445,112,384,427
"KCNK5",704,753,641,523,233,443,311,209,102,117,215,73,408,312,76,270,530
"RNF138",58,272,600,168,49,89,25,37,132,668,1010,1017,558,729,548,1369,1500
"C3orf17",386,851,632,398,170,255,94,132,75,264,249,356,291,258,229,413,745
"MTO1",166,677,489,183,133,140,49,75,140,449,485,634,383,372,382,617,915
"DAAM1",35,327,199,69,22,65,11,39,364,1101,1309,1735,751,1112,838,1898,1228
"ZNF84",375,441,270,230,249,196,133,151,131,345,357,332,287,369,256,562,543
"MIS18A",64,489,562,123,72,120,18,83,247,651,740,714,528,522,383,1025,1162
"RAB21",184,296,414,240,166,119,35,48,148,467,547,858,401,447,586,728,848
"FAM120AOS",270,673,546,210,107,125,55,72,70,403,431,733,298,372,521,692,981
"ZNF775",508,217,193,301,395,254,237,347,257,242,293,204,283,357,157,386,340
"ADAM10",294,664,616,441,333,171,69,88,83,258,336,422,296,350,295,416,574
"CHMP2B",272,454,436,293,94,116,57,53,116,621,559,624,284,412,432,728,795
"PRMT5",273,1064,1301,382,78,211,42,82,43,275,333,469,348,320,295,510,1312
"IBTK",280,438,432,206,207,141,86,94,184,346,588,282,417,441,188,593,749
"ACOT9",674,622,583,406,398,326,177,230,105,120,225,110,300,242,88,547,590
"GOLIM4",144,343,781,243,40,52,37,80,241,381,665,695,357,733,504,935,1018
"ALG12",452,277,447,303,397,262,178,226,93,249,244,363,217,356,264,252,537
"NOM1",140,381,509,140,134,149,62,99,253,389,532,418,417,715,221,679,856
"ZNF629",740,257,268,283,821,500,431,321,178,204,184,146,216,221,85,231,437
"RNMT",304,612,640,256,182,185,64,104,47,366,338,614,271,368,351,563,774
"KDM4C",122,370,414,197,67,76,12,50,110,511,616,1904,493,554,961,1049,1202
"PLAUR",999,798,420,958,930,283,331,270,30,132,92,256,139,302,110,253,318
"MTF2",139,318,486,180,102,104,50,64,165,504,588,738,392,557,392,943,945
"NUDCD2",159,697,604,233,81,106,25,67,109,494,577,631,398,484,423,939,958
"ENDOG",282,262,501,308,358,497,194,334,162,224,288,190,274,489,96,279,382
"COA6",289,525,471,320,210,129,47,55,146,321,524,396,410,511,209,690,773
"MARCH9",976,273,348,568,577,501,407,329,38,146,184,217,185,236,159,277,344
"CTSS",2168,1001,674,1958,2000,309,463,493,18,93,44,197,121,176,91,81,141
"SUSD1",608,1142,540,592,158,280,136,137,40,189,312,271,262,300,138,359,703
"WDR12",154,1007,896,226,77,189,30,89,79,352,517,361,504,425,268,743,1150
"BEX4",884,1141,834,781,263,429,168,157,38,137,190,234,153,175,142,312,527
"MIOS",189,532,389,162,259,132,94,125,128,375,424,386,406,454,239,665,653
"PSMD10",148,657,587,274,79,97,14,33,126,560,530,1094,368,483,750,904,885
"EXTL3",2820,580,558,881,579,475,428,365,59,123,123,86,149,177,77,162,240
"NLRX1",541,548,585,275,481,436,171,216,89,244,208,200,212,301,120,286,445
"GOLGA1",326,350,221,235,219,215,91,114,117,363,325,615,318,407,312,594,628
"CDK19",281,360,239,193,226,140,105,206,162,321,358,702,228,424,294,645,486
"RBBP5",185,364,422,175,116,137,70,153,231,372,375,535,413,367,340,577,823
"RNASEH1",289,325,429,191,174,179,92,154,213,315,423,293,460,431,215,527,573
"C20orf196",303,235,184,189,96,133,75,117,234,401,474,592,568,510,483,639,537
"MRPL33",514,779,542,275,237,191,115,140,62,296,348,259,290,276,180,570,563
"SCAF8",123,429,508,212,83,73,25,53,179,442,574,988,453,520,561,988,1013
"HOOK3",203,299,311,226,208,98,56,144,324,334,425,387,454,426,292,679,726
"PINX1",295,408,494,199,341,273,203,253,159,233,330,111,513,418,103,400,456
"PCGF1",409,358,285,251,350,216,167,194,83,300,262,444,334,340,281,373,395
"PHF7",245,295,202,157,86,156,43,120,250,546,628,614,421,563,409,648,622
"UBXN10",522,625,542,296,29,245,107,159,170,129,201,538,356,275,617,546,544
"CRIP1",2888,647,249,971,3004,521,1423,1242,115,43,56,20,168,159,36,126,68
"INTS6",175,338,338,158,79,104,27,79,146,531,541,994,465,511,589,912,968
"GOSR1",339,442,437,235,150,156,77,102,120,309,330,571,351,403,323,512,739
"SLC35A2",311,390,366,226,175,202,72,130,91,340,305,651,306,348,478,469,699
"RAB22A",202,453,466,274,132,141,52,66,80,454,420,882,251,367,596,660,844
"ANKS3",599,233,231,240,540,456,460,331,167,178,264,92,394,359,92,267,367
"MPZL1",668,759,713,449,254,267,201,212,72,176,149,193,221,304,126,335,586
"ST6GALNAC1",33,471,363,57,15,119,3,38,198,927,1217,1367,624,1311,882,2258,1502
"ZNF687",254,386,483,316,316,300,131,174,49,308,217,684,163,284,350,337,764
"PIK3C3",339,501,376,225,187,179,92,130,120,323,316,467,327,361,322,487,539
"SLC27A5",678,489,367,205,383,458,438,694,278,139,198,40,346,320,44,255,341
"ALG8",347,810,665,264,207,264,100,169,186,241,269,163,279,318,151,438,568
"ZW10",143,596,509,165,102,133,40,63,113,457,480,696,369,498,411,806,1081
"DYNC1I2",166,552,618,230,125,103,21,46,119,460,429,927,386,396,577,714,1100
"LSM6",193,626,593,185,179,175,62,82,105,352,553,355,395,497,241,581,701
"RAB4A",228,562,442,209,235,249,79,139,119,243,372,355,316,418,239,549,606
"HCST",1716,1047,303,474,5678,496,1546,1340,121,67,21,95,124,255,65,22,35
"FAHD2A",282,369,259,153,213,212,115,183,170,327,436,299,375,508,177,506,628
"CASP4",740,904,458,324,791,257,334,247,29,118,217,188,198,221,166,238,524
"HOXB2",493,276,544,349,68,248,96,103,117,407,234,727,263,307,533,567,315
"GPATCH8",199,431,456,241,119,149,41,71,96,393,342,988,279,424,591,678,888
"ACSF2",1467,549,219,367,535,259,518,271,153,144,183,143,209,265,96,242,237
"BRWD1",171,438,378,193,128,122,38,79,148,448,430,714,337,440,554,745,807
"KIF20A",65,701,638,148,57,62,21,41,52,778,512,2177,197,569,1144,974,2038
"SMC5",160,248,425,164,122,97,48,74,134,546,562,715,426,531,391,886,941
"IL2RG",1433,2045,1216,949,1586,732,1028,734,31,20,66,54,158,72,30,123,172
"TYMS",121,1249,1288,235,51,109,14,27,30,573,380,1382,189,586,666,707,2745
"TXNDC9",115,509,585,194,114,121,30,46,180,413,628,553,441,537,371,873,893
"BAHD1",327,500,691,310,148,196,64,106,52,282,330,660,219,309,327,539,945
"HPGD",10719,3685,8608,9044,214,693,240,233,8,34,15,2,51,64,88,271,144
"SACM1L",231,504,407,263,222,131,78,61,85,349,425,554,301,371,402,611,778
"MAP3K2",317,299,229,268,212,130,64,114,145,303,362,597,353,359,529,672,541
"ZFR",153,567,627,303,150,105,33,54,68,448,451,784,327,373,495,735,988
"NOA1",406,933,703,351,174,217,103,137,42,244,269,505,192,249,206,448,754
"ARHGEF37",107,259,146,90,12,129,22,78,290,786,634,1844,506,699,973,1274,1014
"NR1H3",889,162,152,317,1564,253,493,319,174,160,143,122,311,556,113,253,186
"ATF3",127,167,265,152,73,121,47,126,118,520,356,1494,327,719,776,871,948
"ECD",239,600,526,169,121,214,60,101,82,362,375,589,335,410,311,496,872
"POLA1",89,652,626,159,88,142,18,61,108,529,514,682,449,534,463,815,1269
"RBM41",259,456,390,216,125,193,70,100,94,361,422,476,400,389,342,657,617
"ZNF33A",276,489,308,182,235,196,104,108,137,297,412,381,331,444,200,542,640
"NUPL2",186,671,511,276,100,108,39,60,72,397,493,727,340,450,407,702,1066
"CLSTN1",1396,571,554,704,962,393,397,307,58,136,137,142,102,183,67,192,287
"TBCD",191,443,531,193,163,213,76,108,139,290,316,525,268,483,372,383,797
"GTF2E2",390,652,530,277,255,226,125,159,90,197,298,246,336,279,158,484,582
"TLK2",290,285,233,224,190,161,101,130,146,293,284,605,364,396,449,586,514
"CAMK1D",470,547,246,385,146,158,75,85,118,292,229,619,252,259,578,556,620
"NANOS1",170,368,266,143,104,197,52,81,183,401,617,395,524,638,251,925,774
"GPATCH2L",316,337,316,161,300,169,146,153,117,268,294,561,268,353,282,446,635
"TTK",24,570,498,103,49,49,10,27,181,770,867,1728,467,821,874,1492,1597
"ZNF337",399,263,241,198,264,239,149,138,147,196,336,323,424,456,248,455,535
"POMGNT1",795,453,524,378,357,325,218,251,132,135,207,124,232,301,107,289,432
"SPHK2",411,288,499,303,508,347,231,214,95,255,199,305,172,271,226,216,411
"FOXP4",337,246,362,233,781,358,241,313,66,243,163,261,178,320,239,285,531
"IL10RA",1308,386,162,572,1181,193,307,274,84,192,59,349,94,263,444,349,139
"TRIM8",518,469,574,483,462,323,189,169,82,147,199,298,162,255,166,292,441
"NCOA7",118,335,384,166,118,139,55,92,90,508,423,1160,301,370,586,674,994
"TMEM104",709,264,284,314,565,265,330,264,119,187,215,175,272,273,175,236,365
"SH3KBP1",1277,1217,713,786,888,364,322,256,56,111,107,133,110,143,71,169,335
"ZCCHC6",271,253,229,208,229,156,76,125,117,272,219,1092,345,335,814,518,540
"RNF24",326,348,234,252,304,283,125,263,137,228,190,368,341,264,481,285,431
"SLAIN2",148,350,487,244,98,88,35,43,125,426,544,997,339,492,647,868,818
"VAMP5",463,102,79,122,656,149,685,373,344,156,233,275,282,394,280,366,413
"DCP1A",184,371,415,228,109,154,34,91,127,384,427,764,524,347,449,663,679
"TMEM43",293,720,657,457,183,256,93,127,42,222,217,572,238,201,345,421,657
"CEP104",341,355,321,202,343,190,156,190,170,224,255,281,308,379,309,299,482
"MTPAP",124,383,536,158,95,108,35,60,220,410,555,555,398,691,344,796,990
"NIPBL-AS1",156,402,305,172,181,194,67,69,159,399,507,472,339,529,315,702,634
"VWCE",174,137,140,106,116,251,211,280,393,298,474,449,525,588,272,353,441
"FBXW7",114,293,228,114,70,89,26,56,176,805,570,867,525,611,721,1195,1034
"ATXN3",198,356,377,190,202,161,83,106,109,285,356,507,360,388,534,543,638
"KIDINS220",99,371,513,169,55,68,18,61,121,506,584,1460,306,506,1164,914,1213
"RPS4Y1",9,11721,0,6240,7538,9072,0,0,9,4,0,3,0,7919,2779,9516,8849
"SYPL1",258,535,807,406,162,126,60,66,47,317,412,482,240,413,279,674,887
"NUBP1",385,534,454,234,300,217,105,142,65,261,281,387,297,326,254,438,479
"GINS3",112,486,577,133,75,171,26,129,120,530,543,612,379,438,369,770,945
"ZNF814",323,246,213,196,250,209,153,174,324,265,306,288,356,388,215,470,428
"ELMOD3",476,322,196,241,546,231,235,200,77,274,254,256,292,380,224,308,434
"ZMIZ1",507,402,421,484,625,199,152,148,30,150,167,850,142,213,393,351,518
"C14orf159",517,831,618,271,349,276,163,125,53,171,228,268,286,293,146,298,620
"CLPX",118,397,464,197,64,99,27,58,92,410,431,1676,361,424,1043,784,1037
"RFC5",70,544,652,151,60,82,21,42,117,603,640,1041,396,512,511,1038,1548
"MRRF",417,681,550,291,209,279,85,151,53,221,279,279,316,269,255,405,670
"RANGRF",619,437,323,134,376,349,209,390,236,133,269,91,449,400,71,388,323
"DUSP22",774,470,255,306,886,286,365,399,122,110,188,115,200,263,84,329,337
"PLK4",41,436,518,94,48,88,9,50,126,785,758,1579,436,700,716,1290,1537
"NLE1",327,766,605,205,172,354,162,227,161,181,296,107,456,258,105,382,551
"VPS9D1",958,313,222,369,749,479,523,397,72,179,189,190,209,213,95,175,235
"PVR",493,367,499,221,607,317,236,196,96,153,341,151,368,262,127,280,370
"GEMIN8",444,510,400,228,216,255,118,200,130,244,334,193,321,320,196,404,425
"PRKCD",1076,562,513,745,1669,262,361,270,15,104,135,317,143,175,151,119,331
"SLC35E1",287,436,455,322,243,145,90,121,95,243,237,636,236,290,486,408,572
"FAM98C",310,337,369,235,194,223,84,137,119,351,354,380,259,495,242,450,551
"NMRK1",261,497,297,201,313,262,75,103,141,344,355,306,217,377,317,461,618
"KANSL2",223,595,507,303,109,126,36,74,53,366,380,690,291,350,465,930,951
"CLCN2",145,173,269,126,40,129,38,67,123,790,542,1332,399,633,741,712,1330
"DBF4",76,480,460,155,45,81,14,24,85,727,792,1799,383,606,819,1155,1464
"AIG1",316,1077,693,347,189,169,139,210,106,198,310,196,268,239,147,386,475
"DNAJC14",287,521,568,345,176,156,65,98,77,263,281,597,259,308,322,479,809
"C12orf4",138,453,340,128,100,102,38,68,138,533,535,758,384,528,441,863,960
"SDHC",196,751,635,240,123,132,34,86,101,360,431,492,283,369,344,591,923
"KIAA0907",307,569,420,316,157,155,59,77,78,323,240,511,282,327,539,529,805
"PPWD1",304,600,500,238,119,139,56,51,67,398,429,669,277,326,449,576,859
"TSPAN32",907,812,376,493,555,405,332,177,86,72,237,124,189,319,112,171,338
"NUMBL",371,172,413,282,108,269,102,119,83,313,215,1266,273,333,539,243,749
"SLC12A6",250,1253,1096,627,126,179,42,70,61,201,223,587,157,237,397,467,892
"SPAST",77,223,402,151,54,58,20,55,283,592,822,781,541,801,538,1258,1006
"FUK",512,400,334,264,372,282,227,184,136,168,271,174,293,335,113,393,430
"INO80",285,564,604,292,170,156,63,97,74,293,278,638,275,265,378,428,783
"AKAP13",803,380,434,486,679,254,210,209,45,210,95,352,210,243,201,365,241
"WHAMM",222,187,209,163,197,106,63,104,172,379,368,880,389,479,586,653,576
"RNF214",246,328,298,171,147,127,65,92,155,380,403,781,291,427,472,528,642
"UBR1",158,484,499,203,34,108,27,54,108,484,510,1053,376,559,545,932,957
"SMAP1",301,487,559,304,130,178,58,102,95,362,334,639,263,319,239,517,622
"VPS13A",201,413,400,302,89,91,26,50,78,460,578,892,295,434,735,869,819
"CHUK",109,323,398,151,103,86,24,82,124,453,575,921,450,539,487,954,1086
"WASH1",503,107,98,199,587,417,275,161,415,355,322,408,453,176,633,96,116
"PLEKHA2",882,636,583,593,1119,417,395,569,75,62,145,71,184,197,50,159,300
"CCDC50",247,1020,898,409,143,251,43,93,54,229,389,265,333,201,199,694,872
"HSDL1",520,297,216,218,520,203,278,305,198,207,254,206,276,257,148,346,304
"TGFBR1",536,469,445,567,481,162,86,128,91,255,233,287,159,272,243,344,499
"MON1A",417,320,438,237,236,262,174,220,244,177,303,114,400,403,106,379,461
"RIOK1",161,588,562,193,127,117,45,73,111,386,489,485,362,457,296,681,875
"UFSP2",293,559,372,187,109,139,67,82,145,295,440,389,404,376,336,747,595
"NFYA",162,355,337,165,137,83,42,95,123,374,360,1103,313,453,686,620,925
"FLJ32255",260,957,320,269,134,181,137,225,92,185,449,241,305,408,255,476,347
"ARL8A",1023,423,428,719,1019,574,442,440,32,104,133,116,91,244,92,163,346
"TMA16",239,419,488,195,115,217,88,128,173,234,453,238,469,393,215,532,635
"PEAK1",323,563,493,293,230,169,60,140,69,318,280,532,190,327,286,495,615
"UTP14A",442,764,711,292,154,272,89,143,98,224,228,287,310,290,153,348,573
"TPSG1",2935,603,902,1785,90,987,551,403,53,26,156,16,224,73,92,212,505
"TGFBR3L",286,99,178,152,131,386,205,484,407,433,328,189,281,509,187,394,318
"PHF20",315,498,401,251,284,178,130,160,126,212,254,342,307,280,269,394,443
"RNF141",172,325,327,164,135,111,56,108,146,447,445,516,372,441,402,766,717
"SIKE1",232,451,415,169,155,130,72,120,157,300,377,423,325,398,258,613,770
"TMEM87A",446,552,467,327,352,192,137,177,54,189,241,344,197,293,213,405,530
"ANXA5",1192,1431,1338,1271,761,249,130,132,9,98,22,316,144,282,339,76,636
"FYN",551,929,636,641,75,264,79,92,28,333,396,1012,136,53,300,438,836
"UBA6",147,356,408,184,173,124,67,64,197,326,490,584,345,422,240,764,791
"PEX2",201,754,601,244,78,130,45,48,95,392,426,496,383,442,348,652,848
"RANBP9",170,668,601,226,105,82,35,58,34,448,379,1279,259,387,669,679,1168
"MAP4K2",788,569,463,437,958,350,402,363,38,90,196,114,194,236,76,220,348
"ARL5A",99,351,530,184,69,70,22,41,120,590,618,1069,442,444,708,996,1013
"STRN3",78,144,200,81,20,42,9,41,222,1100,1035,2373,578,917,1471,1260,1386
"RBM18",171,411,418,144,66,78,16,60,141,517,512,959,404,536,627,1075,903
"ITGAE",428,456,466,310,342,279,199,192,132,196,233,145,280,348,112,377,339
"GATSL2",226,119,176,122,115,211,114,174,179,253,232,1060,444,376,1124,401,557
"PLEKHO2",1484,479,407,739,2271,585,891,887,50,67,51,107,146,276,42,56,109
"C22orf46",321,353,325,199,466,338,247,150,136,240,289,155,323,488,112,270,416
"RPRD2",203,533,528,226,125,128,38,78,85,382,389,633,306,401,392,658,774
"C18orf8",281,298,332,248,106,123,53,63,48,349,314,1663,286,327,927,542,898
"TATDN3",132,361,310,98,145,120,46,63,188,449,545,670,489,428,490,780,661
"PRKRIR",156,535,504,194,134,125,30,44,116,415,471,580,488,421,353,808,783
"CIDECP",191,145,138,119,194,158,121,154,143,417,353,689,489,513,472,537,535
"C10orf2",239,618,649,227,146,281,107,135,116,272,305,172,385,402,119,431,701
"PGAP2",246,555,528,222,149,208,92,153,103,288,282,348,265,348,241,462,608
"ZNF133",404,291,243,218,231,287,163,168,129,291,261,259,329,384,203,349,494
"RBM4",221,436,337,223,134,147,52,84,107,355,364,698,253,420,397,635,749
"DCLRE1B",162,462,477,168,110,110,49,89,82,453,388,956,263,356,449,590,1046
"TAF9B",150,408,513,137,93,126,39,126,181,444,528,350,374,486,274,794,783
"SRD5A3",324,1056,619,227,225,178,51,142,94,290,271,174,331,275,229,504,604
"TIMM8A",379,215,241,134,107,127,115,120,257,354,478,294,500,627,224,595,460
"RAB5A",158,421,543,299,135,121,37,46,112,333,334,1010,275,391,637,574,701
"RHOT1",219,561,489,258,185,127,44,85,54,288,358,769,239,311,474,607,864
"TMEM41A",284,477,315,179,186,197,68,200,188,226,319,247,421,477,174,512,525
"CEP152",91,398,380,204,53,80,22,62,90,523,556,1048,344,517,712,1195,1232
"CPD",359,660,397,276,584,143,144,166,53,193,271,318,184,217,255,480,490
"PLGRKT",382,576,538,264,67,165,48,67,71,501,448,417,240,392,416,609,578
"ZNF398",311,391,250,201,202,226,102,167,167,276,351,260,406,317,225,422,488
"PYGL",1471,1744,887,1089,877,462,295,182,43,58,79,120,112,183,61,113,287
"TP53BP1",813,533,551,419,195,262,138,199,57,144,195,208,200,222,301,331,485
"THUMPD1",165,415,554,305,81,123,60,55,94,318,454,535,312,486,368,759,852
"JAK2",84,289,347,167,52,87,23,84,89,641,558,1456,332,467,827,987,1089
"TCEAL8",528,707,661,440,296,236,186,157,73,194,322,131,222,220,78,349,511
"KMT2E",138,242,375,189,89,57,30,41,150,507,472,1133,378,526,926,842,908
"SBDS",132,520,444,183,80,91,16,32,69,456,481,1496,340,498,711,1064,1163
"FOCAD",444,555,494,271,195,227,121,169,126,171,239,193,345,298,137,447,562
"SH3PXD2A",301,291,201,142,201,156,114,208,288,249,461,316,316,875,199,142,694
"MRPS14",304,543,506,231,171,178,84,121,113,271,355,236,375,365,220,490,479
"PGM2L1",84,101,129,61,49,76,22,42,304,796,725,2031,633,832,1219,1282,918
"ARFGEF1",226,636,499,322,194,155,65,82,105,248,372,442,323,272,255,503,586
"TGFBRAP1",430,772,653,283,283,204,119,154,84,153,250,230,273,287,123,368,579
"SLC9A8",328,302,263,249,476,171,143,132,86,262,226,487,252,359,288,354,471
"NSL1",103,453,428,150,129,100,41,55,157,469,527,641,437,438,366,742,827
"ADCK2",385,400,459,244,270,192,116,155,107,236,279,250,242,391,131,499,594
"DPY30",142,601,505,253,99,127,30,51,78,434,521,461,392,436,324,892,1012
"TAOK1",221,516,401,281,158,150,44,63,45,413,338,816,267,348,449,644,770
"CHURC1",236,862,397,388,125,196,68,76,70,309,263,658,379,297,229,546,451
"AKIRIN1",175,513,668,283,62,97,25,30,69,388,447,1199,268,426,600,779,1188
"NIP7",100,548,733,180,89,139,39,110,116,341,382,605,366,378,308,634,943
"C16orf91",232,338,330,156,121,200,83,128,111,352,370,365,333,513,238,640,705
"UBFD1",313,567,638,383,112,140,71,84,40,260,261,528,259,284,483,530,785
"TRMT1L",117,281,276,189,95,93,34,66,215,422,510,811,407,470,576,817,746
"CMKLR1",348,61,48,189,929,97,159,269,220,342,348,413,362,503,374,377,382
"FGD3",1861,567,338,764,2806,742,1083,737,55,42,58,40,118,167,33,99,150
"NTPCR",504,793,645,278,246,229,165,270,132,132,204,74,312,205,109,503,458
"C1orf50",414,292,190,175,203,216,163,194,244,268,308,225,373,430,199,383,317
"NIPAL3",322,615,334,225,146,188,66,94,130,269,368,408,242,403,250,496,600
"COG7",326,513,370,234,255,217,76,125,79,269,344,344,237,294,222,448,720
"CCDC109B",248,624,793,260,84,200,63,71,51,389,343,436,275,410,256,589,692
"PHF20L1",105,301,366,137,162,81,28,69,130,501,500,885,396,483,551,806,824
"IL15RA",158,347,353,165,37,116,28,81,73,638,450,1251,315,536,802,622,1014
"PCYOX1L",328,674,366,192,271,264,147,124,92,203,354,214,286,447,163,362,425
"CCDC106",1164,419,324,596,1579,814,922,799,76,61,95,49,121,148,33,132,216
"CBX1",145,778,726,228,138,106,27,48,98,369,434,519,264,457,319,662,1042
"MARCH5",123,413,487,195,81,110,32,39,76,433,491,1059,312,450,647,842,1028
"LMO4",330,438,387,357,223,141,69,86,59,345,319,769,221,270,328,454,532
"C19orf68",291,233,245,147,323,199,176,135,312,389,313,211,306,658,122,317,383
"PDZD11",307,635,451,237,113,178,65,117,64,371,316,459,211,355,335,463,679
"OBFC1",429,606,297,233,332,172,160,167,88,241,365,229,240,268,136,395,521
"TMCO3",213,484,622,382,75,126,47,41,44,293,363,743,281,388,461,735,1233
"MAPKAPK5",274,471,440,207,128,163,58,75,96,376,380,364,299,400,293,616,759
"RBMS1",162,329,417,209,251,116,57,68,88,332,479,512,382,380,378,652,642
"PCSK1N",354,38,104,299,48,243,225,479,266,253,114,741,351,595,643,262,596
"SETDB2",584,508,326,350,659,261,140,158,88,172,222,219,194,215,149,354,393
"CSTF3",224,610,503,247,152,204,67,72,111,288,378,314,316,351,216,550,681
"BACH1",174,205,304,216,125,89,44,55,92,372,433,1158,289,466,875,841,713
"CLINT1",272,535,656,366,76,75,47,53,69,342,357,673,272,342,471,633,927
"YTHDF3",197,268,424,251,189,89,61,80,116,346,417,641,251,377,442,584,696
"CNPY4",390,248,191,143,157,88,85,94,130,466,497,482,314,524,329,537,697
"GATAD1",351,628,422,354,244,244,95,124,79,230,226,308,245,251,203,375,605
"POMT2",479,240,332,227,377,266,245,240,150,143,222,198,290,290,189,280,378
"HLA-B",607,1343,432,487,3095,223,386,1025,46,69,95,111,56,110,308,37,271
"PDE7A",166,364,348,186,316,112,80,99,85,368,340,481,291,399,344,539,692
"ZMYM3",490,794,591,434,384,338,155,198,52,137,194,206,178,206,97,292,575
"TMEM187",480,247,194,222,350,181,156,164,209,273,251,267,250,359,218,463,295
"DNAJC2",297,585,501,234,155,255,83,96,78,248,308,394,285,322,259,367,619
"SLC19A1",230,304,517,156,992,300,274,327,193,143,197,67,395,368,72,229,455
"SPC24",59,242,305,79,45,114,19,83,484,515,587,900,482,1059,399,777,919
"TARBP1",399,971,515,340,94,149,41,106,42,256,335,424,236,299,220,593,1181
"LYN",683,1240,1700,982,528,460,237,307,23,65,93,85,173,151,61,201,385
"PRDM2",415,289,282,218,435,211,199,182,89,219,241,408,161,274,221,399,443
"METTL23",419,584,392,243,171,195,79,109,64,277,349,364,189,350,242,526,623
"STK35",183,276,394,201,156,168,46,76,144,315,326,701,248,397,513,615,668
"C1orf52",161,256,329,179,115,116,44,90,126,383,498,706,348,441,459,763,644
"SH3BP1",1397,246,414,945,4361,565,1564,1072,41,58,43,45,104,205,38,70,122
"LONP2",232,458,524,196,109,142,53,70,78,324,344,628,267,354,502,535,845
"PICK1",717,314,281,286,1122,337,428,390,105,119,165,77,273,281,59,193,326
"SLC39A11",813,1299,1404,1040,602,514,292,228,37,74,94,106,119,139,77,138,252
"PHACTR4",614,625,747,597,141,229,60,81,70,172,225,395,192,237,211,409,603
"PPM1F",649,420,441,291,1267,355,516,439,121,109,116,67,191,243,51,201,260
"TRMT2B",187,467,322,134,149,158,83,148,155,279,400,405,308,400,224,566,660
"DNHD1",585,153,169,221,312,224,296,168,126,256,200,631,232,211,382,251,336
"ACAP2",132,350,565,237,90,57,39,49,98,378,415,1422,198,391,999,647,894
"CENPV",210,485,515,164,103,202,80,132,143,296,363,195,414,459,124,699,744
"CABLES2",173,342,274,126,151,130,53,81,138,462,404,567,254,574,342,675,849
"KIAA1467",164,339,243,192,188,110,50,158,106,374,427,645,347,462,297,613,537
"UQCC1",284,667,521,285,176,202,111,157,90,232,208,216,286,275,212,400,645
"ORAOV1",328,302,343,261,216,250,90,155,71,270,258,460,357,283,262,366,495
"FBXO5",25,323,510,106,11,28,6,23,87,1135,1110,2367,515,939,1033,1841,2230
"LTF",172,251,130,96,380,18,84,37,318,1002,392,341,888,1022,254,952,434
"ARL1",388,595,520,310,119,176,63,59,55,311,392,415,299,282,244,569,681
"TMEM2",418,476,652,569,287,136,82,129,34,282,208,559,183,110,306,449,616
"DFFA",318,354,412,145,239,176,102,151,207,265,349,192,416,456,133,400,434
"ERGIC2",172,335,354,140,129,144,62,70,202,334,506,434,368,478,334,546,633
"PHLDA3",860,495,395,399,224,344,250,221,129,78,232,87,396,356,118,224,246
"TYSND1",294,393,332,183,423,248,178,165,123,225,252,171,278,282,206,412,397
"OSTM1",161,239,349,222,136,81,42,61,137,410,534,606,402,441,528,670,661
"ORC3",114,580,468,127,106,131,41,52,155,354,431,588,405,403,343,750,893
"VSIG4",648,507,429,859,1565,338,189,324,28,168,26,439,160,320,169,107,166
"STYX",127,419,359,165,127,157,59,69,217,327,510,337,395,475,256,696,628
"FBF1",751,258,273,411,150,208,93,72,116,341,271,298,205,499,227,321,597
"SNHG11",444,242,204,220,302,411,213,273,146,217,228,173,330,339,114,323,349
"POLR3D",612,334,314,286,162,253,190,195,139,200,207,172,315,255,231,360,349
"VPS45",322,729,445,254,191,236,82,94,72,216,315,312,298,286,203,427,608
"CCDC90B",197,709,456,235,98,151,66,72,114,232,345,492,310,321,343,532,729
"RTEL1",268,92,98,98,387,241,238,371,530,227,361,152,525,580,101,380,358
"KIAA1715",97,229,381,180,83,57,12,34,136,595,676,1213,401,606,554,1231,1170
"PKNOX1",263,252,247,168,182,124,85,121,176,309,359,502,285,403,312,543,547
"ZNF330",306,557,542,306,139,142,77,95,59,269,369,422,228,331,245,410,787
"CCDC84",457,274,255,240,259,223,105,89,54,359,298,398,246,420,311,351,578
"LMAN2L",383,338,354,200,253,179,123,176,91,272,231,296,290,293,342,365,402
"DCK",31,275,432,89,30,29,8,13,125,966,718,3266,374,641,1873,1525,2294
"ZNF326",84,219,340,135,100,67,37,46,254,466,577,618,495,724,576,745,803
"CCP110",44,188,447,125,30,49,15,29,203,775,787,1398,491,670,818,1407,1369
"PPP3CC",207,240,248,206,126,133,62,69,147,357,443,506,431,587,320,519,679
"ATHL1",2665,154,177,624,2453,710,1296,538,108,83,102,61,114,50,88,68,197
"SLC27A2",1952,1284,1681,2074,66,651,230,103,30,54,136,61,168,93,72,280,611
"PAK4",241,363,481,275,115,253,63,109,53,375,301,696,204,350,304,402,667
"TDRD3",2673,639,309,199,142,122,587,94,83,173,226,173,218,252,117,358,376
"C6orf223",1200,1360,1886,543,189,947,401,708,49,313,66,388,23,35,47,119,92
"ACCS",1917,832,116,239,698,430,491,254,81,49,317,29,136,457,126,146,373
"EVL",883,629,428,417,924,417,429,555,66,60,153,98,174,263,54,119,201
"PPP3CA",267,524,567,406,245,168,75,94,52,229,300,329,257,267,255,470,608
"SLC22A16",95,234,131,67,145,36,23,72,146,630,565,1914,522,985,800,683,844
"FRAT1",352,380,242,249,397,172,134,157,133,195,299,306,321,261,166,327,464
"OSBPL8",170,315,474,303,115,85,30,52,90,382,481,697,316,388,480,735,835
"TTF1",136,412,487,216,91,198,43,97,92,323,410,649,288,369,310,586,774
"NT5C3A",75,455,339,135,54,84,24,22,110,541,595,1367,542,604,764,853,874
"POLE2",69,658,497,88,45,115,11,48,125,638,698,626,437,667,366,1065,1420
"RNF6",125,245,475,206,90,94,32,61,139,337,557,745,387,495,514,679,753
"MAN2B2",662,508,363,379,605,154,200,172,94,132,232,247,173,238,137,273,309
"NCF4",2795,594,199,969,4491,1068,1666,1153,46,22,19,55,108,177,22,44,88
"DPM1",131,695,822,206,59,88,37,33,48,417,559,773,294,379,449,773,1185
"GXYLT1",144,438,315,209,69,99,32,65,148,338,514,713,467,573,289,772,739
"ECT2",31,170,345,57,41,27,13,24,241,933,1027,2152,512,708,1106,1625,1509
"PARP4",569,826,818,493,178,229,67,105,25,147,230,472,152,188,279,370,641
"SLC41A3",431,539,419,237,278,205,120,114,66,255,239,384,201,252,193,368,527
"GGPS1",352,480,278,214,156,186,94,148,100,222,283,467,259,289,272,489,469
"ERAP1",266,334,532,202,90,103,40,62,97,325,413,841,316,357,330,582,939
"PTPN11",109,540,730,225,87,78,29,60,72,443,456,929,219,353,425,667,1227
"UGCG",155,365,432,232,247,86,13,56,81,340,488,1000,281,532,337,717,904
"CDR2",118,258,421,185,47,53,11,49,102,557,324,2839,246,318,2009,825,1294
"ZKSCAN8",218,390,364,272,88,150,62,88,114,251,305,707,341,305,528,422,580
"SREK1IP1",140,369,372,131,123,128,26,47,91,346,522,556,664,445,487,933,719
"RRAD",1944,218,548,1192,287,1729,604,1718,28,39,32,81,148,35,275,75,265
"NFIC",236,275,633,315,504,323,133,123,60,163,262,354,192,252,148,337,615
"LMF1",538,232,159,225,404,323,284,301,224,166,216,194,188,337,113,275,300
"NINJ2",112,228,245,106,104,95,57,108,73,379,423,1300,568,305,720,792,737
"ZDHHC17",82,206,183,110,45,54,13,19,143,730,781,2212,523,677,1480,1069,1090
"SVIL-AS1",508,241,201,207,342,154,152,165,215,238,326,222,395,299,109,441,345
"BRF2",295,390,345,229,158,156,65,71,92,346,343,434,320,352,223,623,640
"DCAKD",250,559,432,186,173,156,80,60,99,367,311,318,253,384,299,485,652
"ACBD4",575,310,242,226,502,269,317,207,82,192,168,231,174,299,175,255,370
"SGOL2",51,401,407,74,52,58,7,26,107,725,779,1647,421,730,933,1430,1287
"NFS1",214,646,594,215,132,125,47,78,84,339,342,403,248,332,297,536,831
"SNIP1",235,426,338,175,144,124,69,104,189,270,353,480,317,335,250,518,552
"TRIP10",537,345,330,292,521,268,294,218,88,115,155,225,154,216,127,330,538
"ORC6",54,427,483,131,92,115,22,49,101,543,543,852,337,487,385,884,1429
"NUP155",81,381,354,82,63,111,29,74,256,429,548,605,506,556,353,804,972
"JMY",130,150,268,196,75,86,15,51,151,480,358,2053,338,430,1572,741,716
"HBE1",75,833,445,171,7,102,25,95,632,103,297,188,2542,435,349,1180,1107
"FBXW11",192,397,327,221,96,107,47,62,111,320,325,1205,237,308,629,580,713
"CCNT2",111,233,253,159,101,102,38,39,126,468,553,911,381,472,572,911,890
"UPP1",2048,329,216,665,4915,467,1520,1148,103,72,21,75,152,236,38,23,42
"WDR73",356,285,299,213,204,163,65,147,105,296,281,333,384,334,271,438,536
"ZC3H7A",205,521,421,225,79,71,37,52,84,404,509,851,245,359,498,647,866
"ACTR5",245,294,308,147,166,199,65,119,109,306,376,373,338,394,310,511,578
"DARS2",100,487,564,133,97,104,27,59,157,439,470,687,313,401,353,699,945
"ANKRD28",540,737,740,599,149,291,102,97,38,224,255,289,139,211,158,356,478
"AGGF1",180,395,535,200,142,139,40,67,96,326,350,538,315,365,325,660,735
"MEF2A",207,229,337,230,238,148,81,127,117,286,279,547,228,299,352,543,532
"XPR1",173,346,576,224,98,113,65,79,133,281,299,669,257,322,450,610,588
"HSPA13",87,155,336,134,37,44,20,30,185,777,732,1839,422,487,1202,880,982
"NSRP1",235,299,360,184,180,135,57,93,126,355,319,533,276,347,326,541,597
"RNF34",190,464,532,241,177,138,50,70,75,380,304,537,273,293,347,476,720
"KLHL22",550,224,250,199,693,248,235,229,131,220,228,151,226,328,119,264,305
"RFC3",35,497,668,113,45,92,14,39,78,606,605,1231,372,572,653,982,1453
"FCHSD1",908,328,292,316,589,360,289,230,105,167,209,117,149,281,81,217,278
"ZNF446",564,272,224,246,241,273,170,195,101,227,215,257,263,319,193,328,347
"SMIM20",242,540,350,177,220,184,99,167,129,238,295,299,345,261,169,430,456
"TWISTNB",227,517,606,259,56,142,63,54,129,317,468,304,311,410,197,674,761
"CDC23",129,632,568,194,103,107,37,71,69,362,360,713,270,362,394,585,983
"DEAF1",268,508,653,309,193,276,100,106,51,214,232,376,182,326,214,313,673
"OSBPL3",672,618,695,637,106,235,66,75,51,211,205,353,170,210,173,491,662
"MSANTD3",281,449,341,268,190,177,69,160,98,194,375,211,336,340,178,537,597
"TNS3",556,434,1197,698,352,217,120,135,23,131,108,517,155,127,373,284,332
"XRN1",101,209,226,150,82,75,32,51,177,442,450,1295,330,541,853,884,771
"CCDC115",631,726,1010,585,192,257,114,50,50,193,228,255,170,192,132,337,542
"ATRX",103,241,331,157,112,120,32,97,195,327,411,589,375,498,450,907,601
"IGF1R",164,228,246,153,149,145,81,103,126,356,485,721,247,334,452,466,610
"CCDC86",348,783,1051,369,141,254,104,138,23,186,230,176,220,275,194,347,812
"WDR11",160,492,502,253,119,116,55,50,54,322,384,613,241,317,425,686,1039
"OSBPL6",203,390,852,341,10,444,188,132,71,339,286,369,355,211,99,498,835
"NCOA3",610,382,387,452,235,277,114,142,49,177,226,392,154,182,322,327,382
"DMXL1",131,303,281,148,97,106,38,53,91,452,551,935,278,486,481,834,898
"SCP2",188,775,759,306,74,93,41,40,45,369,518,529,217,341,338,609,1148
"PCYT1A",388,261,311,211,202,189,92,149,64,258,303,353,259,346,406,417,435
"RPS6KA3",182,486,822,340,67,96,29,42,56,364,369,861,291,315,474,584,937
"TERF2",248,482,420,191,184,162,68,119,100,274,250,451,293,356,227,426,558
"EFTUD1",289,623,433,223,130,168,47,84,64,267,364,406,279,376,219,569,749
"GTF2H5",317,560,473,190,153,168,59,69,119,229,492,185,349,405,152,629,660
"PABPN1",223,296,525,246,222,154,68,89,200,243,286,372,182,658,194,319,575
"ABRACL",521,989,998,558,363,298,152,136,55,95,231,147,194,218,60,220,430
"DNLZ",1393,164,202,245,878,355,314,1040,126,77,120,56,445,162,71,341,165
"FCN1",837,213,240,496,4224,228,1143,696,62,218,19,207,234,194,176,42,30
"NRIP3",192,208,172,200,46,145,41,104,308,464,320,692,584,461,338,648,465
"C4orf48",2098,148,307,628,2609,719,1489,1542,179,46,66,11,202,174,9,71,68
"MFSD11",180,381,285,158,131,96,67,133,105,355,385,612,318,365,277,619,636
"NDRG1",725,404,452,422,1287,258,364,452,37,114,105,313,121,136,78,250,178
"PATZ1",504,675,505,307,245,269,180,203,67,163,178,145,211,250,115,306,497
"FBXL3",106,229,349,188,65,78,23,29,196,523,571,925,438,437,641,980,760
"CCDC88A",243,455,508,297,163,163,57,74,57,264,346,515,186,347,269,623,655
"SLC4A1AP",252,480,396,192,123,123,48,81,99,308,415,448,302,312,313,589,690
"COX11",157,457,492,175,73,137,49,53,80,427,447,502,393,388,291,761,800
"DUSP3",2041,788,508,973,2234,591,522,573,25,60,61,64,74,159,39,86,136
"TIMM21",105,504,637,158,71,124,28,72,73,430,555,443,378,515,343,619,1007
"GOLPH3L",182,481,423,241,89,153,49,79,122,306,362,462,332,315,289,611,662
"PITX1",6,44,329,40,8,230,2,151,539,633,1214,1959,1615,954,363,946,1442
"C2CD5",83,479,429,196,115,92,20,44,71,444,489,872,374,401,540,844,945
"PMM2",906,381,456,472,488,325,297,205,64,132,131,145,232,159,135,156,317
"CEPT1",219,549,486,254,202,125,51,66,72,235,302,493,313,259,480,500,559
"IDUA",1034,316,200,591,790,634,462,452,49,72,135,112,144,215,51,149,400
"ZMPSTE24",155,428,557,262,192,164,46,40,70,303,409,395,384,343,293,592,722
"LPPR3",649,224,217,281,5721,784,2267,1918,105,47,55,32,65,191,28,67,198
"TNFRSF10B",862,645,894,774,257,211,133,162,37,60,119,356,209,90,479,222,279
"ORC2",274,487,423,255,53,100,19,57,146,401,419,666,308,392,334,579,870
"COL4A3BP",255,389,347,379,264,127,70,73,59,302,242,778,177,253,389,472,532
"TFAM",89,634,849,177,110,120,30,76,118,296,435,362,368,389,250,684,851
"MTMR2",124,502,502,198,93,161,30,61,127,304,414,601,345,398,284,619,768
"PCBD2",118,307,259,103,93,108,24,76,248,473,548,570,474,585,317,670,764
"LCLAT1",160,482,407,197,44,145,22,74,117,411,506,308,478,508,317,880,812
"ZNF609",283,399,355,274,224,191,99,137,72,281,225,452,160,245,347,309,610
"DUSP12",222,573,426,232,151,166,58,66,66,335,334,410,300,314,223,554,751
"MITD1",312,815,453,295,142,107,75,59,43,302,388,404,233,273,237,580,727
"ZDHHC18",877,466,389,400,498,316,319,266,63,122,153,139,189,206,60,247,304
"POU2F1",178,315,308,116,128,136,38,81,100,393,432,747,369,369,410,632,662
"BIRC6",238,392,476,267,101,121,41,90,81,298,335,498,265,352,376,552,754
"DCP1B",243,358,351,178,104,157,66,96,154,238,269,620,314,249,593,389,533
"ARMCX3",546,577,554,720,220,239,84,66,68,176,301,252,202,196,156,373,378
"HS2ST1",440,618,583,418,180,184,106,130,65,179,276,190,290,251,131,415,404
"CLN5",292,400,313,200,167,132,90,120,136,235,346,339,298,354,210,497,466
"MIR142",423,60,51,156,850,421,644,243,346,136,266,72,479,608,94,245,287
"THEM6",293,665,548,293,232,248,127,210,40,238,203,238,144,272,141,406,564
"DLG1",130,367,414,189,68,92,24,43,81,422,395,1151,263,435,686,797,1028
"ARL3",459,442,393,282,210,290,145,214,157,153,284,112,234,281,93,366,389
"GPN3",88,495,514,155,89,147,27,54,109,399,511,491,378,456,309,727,924
"SLC41A1",593,733,635,563,35,339,90,91,52,207,257,296,182,215,162,377,790
"RPL26L1",203,501,484,149,141,138,48,119,94,318,441,277,355,354,205,638,624
"NIPSNAP3A",98,556,507,118,54,101,26,35,103,407,635,865,280,398,482,839,1314
"PSMD5-AS1",399,460,137,112,109,205,137,139,135,256,436,453,518,339,231,233,402
"THBS1",695,1448,1897,792,1103,609,308,227,20,50,153,50,71,65,39,123,666
"ZBED4",348,453,485,293,208,171,108,145,80,224,260,255,208,332,147,379,533
"TRPM2",2074,190,213,833,8455,585,2341,1354,51,44,24,68,89,235,35,34,32
"STIL",29,324,407,93,42,80,11,38,126,665,676,1753,495,546,690,1020,1329
"NVL",226,485,408,202,139,214,61,91,81,315,258,408,340,264,263,484,645
"H6PD",1023,508,406,544,1041,532,388,329,60,97,116,77,109,187,68,164,171
"WAS",1600,616,553,673,5394,783,1585,862,27,60,25,56,67,142,27,33,83
"KIF13B",1112,225,591,618,303,435,275,189,43,95,87,301,176,153,349,120,271
"NDUFAF4",149,514,510,199,115,203,49,105,168,271,438,157,503,429,124,613,554
"DEPDC1B",27,316,429,63,39,48,6,35,212,801,796,1559,405,716,803,1268,1471
"DIAPH3",50,315,380,70,28,82,10,52,176,673,752,1235,523,597,639,1069,1100
"ATP7A",79,347,294,82,26,56,15,45,134,591,670,1286,465,653,1018,994,1084
"ZNF175",271,334,360,283,51,190,48,98,76,365,253,809,234,306,575,425,616
"DNAAF5",143,666,892,209,71,164,43,86,65,305,391,463,210,299,248,542,1055
"PREP",295,699,593,308,239,155,42,71,47,296,315,306,244,305,198,457,667
"MAGOHB",118,430,406,91,111,102,36,52,214,440,585,393,520,469,241,642,759
"CLCN5",521,333,303,300,262,220,154,181,147,198,257,164,277,255,111,327,337
"LANCL1",65,737,573,163,50,109,15,23,78,527,593,793,280,486,447,1130,1336
"SORT1",2342,843,840,1094,383,612,661,696,21,45,65,72,121,90,43,112,169
"GOLT1B",203,254,442,229,94,81,32,59,113,378,464,577,401,349,382,700,774
"C12orf49",244,346,409,284,223,148,70,144,107,253,271,349,208,281,267,409,536
"TROVE2",73,252,261,127,56,90,35,50,160,509,702,871,399,546,538,1015,672
"UBR3",210,275,381,227,78,102,33,77,114,375,403,552,276,421,437,707,720
"MTERF2",209,476,289,167,48,172,44,116,119,284,405,288,325,526,302,741,792
"LYRM7",87,284,353,116,71,91,27,57,195,501,544,486,467,494,479,812,920
"MTR",157,630,536,209,152,192,53,71,85,274,291,434,248,305,242,477,802
"SDAD1",229,678,630,302,125,187,49,74,73,250,278,331,292,304,190,461,732
"KAT7",159,497,440,185,98,126,34,75,61,386,271,1062,215,327,579,446,890
"IFI6",1339,350,374,487,606,211,254,305,100,160,132,81,184,198,69,207,234
"TRAK1",309,498,482,296,271,197,92,83,48,290,248,316,213,288,156,403,625
"BATF",2787,525,659,572,2818,1179,2148,1684,52,27,31,13,122,70,9,43,68
"SLC25A29",1169,331,326,325,1916,542,649,503,60,49,121,87,146,225,41,128,150
"C22orf29",271,300,250,155,241,188,87,178,154,255,305,242,320,367,176,381,518
"SMPD2",485,304,287,217,552,280,267,327,121,124,200,96,262,312,98,290,249
"ALG13",152,298,351,163,93,73,42,44,133,456,398,807,404,391,440,695,717
"XPO4",134,352,500,181,87,128,29,57,130,367,453,430,347,430,344,700,831
"SNRNP27",122,343,431,149,67,110,31,40,100,390,424,879,320,400,575,758,999
"C1orf112",100,387,283,93,99,87,37,81,162,418,510,514,507,491,328,718,810
"PIK3R4",113,399,475,199,61,101,14,52,132,412,537,647,409,416,407,771,905
"GNB4",129,272,338,149,246,93,62,102,172,226,453,424,458,465,159,667,567
"CPA3",12206,3619,830,3510,248,571,408,192,7,26,42,33,48,142,23,62,460
"STARD4",457,558,562,483,275,200,107,102,23,161,303,504,199,219,117,389,405
"MRPL39",127,740,635,145,76,98,21,43,50,442,562,479,364,436,330,821,1149
"SLC2A4",51,165,185,82,39,158,23,106,215,514,320,1977,405,557,1383,575,646
"ZNF574",481,392,470,292,335,357,182,214,44,145,156,257,203,220,164,195,467
"PP7080",459,254,211,153,423,328,223,141,113,194,286,256,234,283,161,250,332
"FBXL18",286,260,273,199,322,255,117,199,130,247,185,271,289,282,200,288,412
"SMNDC1",141,384,527,223,69,119,30,31,88,412,432,655,331,414,391,731,912
"HDAC11",372,145,102,152,246,141,93,190,326,278,398,177,456,509,145,425,471
"S100P",1629,631,120,415,5423,320,1042,779,105,55,11,64,88,150,182,58,100
"RNF168",146,211,307,179,149,95,59,68,224,325,426,336,393,510,262,652,651
"GZF1",192,275,277,138,112,100,34,83,127,373,328,951,302,442,490,588,593
"LRRFIP1",487,520,551,386,467,250,116,128,66,139,214,191,198,232,112,252,437
"USP16",132,490,568,192,50,58,22,48,86,471,503,1143,213,376,645,661,915
"NUP54",60,581,692,163,43,55,14,29,125,499,585,884,351,511,405,935,1413
"INTS12",264,613,416,185,124,136,39,65,44,389,361,583,223,359,321,527,757
"CBY1",264,472,278,188,144,202,75,159,96,241,295,341,285,251,238,467,546
"ALDH5A1",197,498,619,292,36,104,39,53,93,368,316,487,152,319,562,938,902
"C7orf43",529,254,265,386,358,289,215,215,58,172,195,227,207,253,141,235,395
"MAP3K13",84,477,471,148,86,115,29,38,143,389,544,592,369,561,274,641,874
"FIG4",471,463,361,242,485,170,109,139,88,206,181,201,235,283,140,383,375
"NECAP1",186,336,324,198,90,118,41,39,80,379,389,773,320,399,484,637,776
"ANKRD39",214,234,248,137,125,178,66,151,196,353,439,241,333,475,166,566,536
"LYPLAL1",136,425,287,145,124,147,26,44,162,408,563,420,410,391,354,652,647
"PCMTD1",224,245,242,211,89,99,62,56,71,330,326,1111,278,308,980,604,530
"TMEM126B",181,804,822,324,131,115,18,29,26,376,386,558,252,308,439,670,886
"ERF",432,356,746,490,312,293,117,162,88,123,153,393,95,205,210,140,496
"FAM122A",130,391,409,152,47,91,15,30,119,495,456,1071,279,399,747,846,1078
"AUNIP",65,512,373,98,56,107,16,96,145,425,440,561,549,578,286,908,1048
"DHODH",175,395,339,141,152,173,71,150,197,215,384,203,389,404,179,407,609
"SUCLG2",118,507,569,233,118,132,39,65,191,284,360,229,345,453,217,527,766
"PEX11B",335,678,448,235,254,247,82,121,71,192,246,314,179,259,157,376,473
"LRRC8D",281,812,534,372,183,181,60,65,68,181,173,395,195,234,354,343,693
"AKAP9",200,352,321,268,120,84,43,67,75,317,258,813,217,315,683,653,704
"GOLGA8A",233,354,343,262,388,576,199,185,174,126,258,202,167,260,40,356,369
"SNX4",306,371,462,237,124,118,51,46,54,312,400,585,232,315,344,568,765
"VCPIP1",165,193,232,147,91,109,45,52,139,303,338,1110,395,372,846,607,615
"AIMP2",173,459,708,248,80,141,33,60,36,383,328,645,313,300,459,497,826
"RNF185",501,389,358,252,384,201,166,205,31,205,182,386,183,185,265,239,394
"INTS9",333,511,502,208,176,155,97,128,34,257,228,355,217,267,264,401,704
"AGTPBP1",169,463,344,151,170,110,45,48,62,281,312,1091,242,301,625,600,654
"ZFP62",144,319,251,136,138,141,51,77,158,308,456,401,393,402,282,619,658
"TSR1",203,593,719,172,115,141,40,72,112,255,294,340,253,393,203,503,895
"PLEKHA4",1546,282,375,333,174,393,330,473,55,153,128,95,213,224,78,215,284
"HLA-DRB1",1183,1758,849,770,2095,247,2480,1361,5,23,22,77,52,197,101,23,86
"ADAT3",825,80,218,404,950,581,705,747,151,129,105,66,201,253,43,124,149
"SIN3B",633,352,363,370,511,331,304,217,37,131,148,202,149,185,138,194,413
"NTRK1",632,365,642,483,47,280,317,72,32,196,193,265,242,186,159,384,713
"PTRH1",285,255,374,154,240,239,122,214,235,155,292,101,355,455,80,418,451
"ACSL3",413,630,717,373,225,146,62,92,26,242,241,535,132,226,232,396,509
"FMR1",91,198,286,137,89,124,31,50,145,434,473,853,307,534,539,780,732
"AVEN",295,472,382,225,147,233,109,134,156,169,281,133,362,353,112,442,464
"AMMECR1L",214,235,278,195,143,164,62,61,169,271,302,615,281,335,440,410,524
"NIF3L1",143,606,501,179,63,129,39,56,43,421,389,720,225,302,405,726,1020
"MRPS18C",176,599,500,163,72,87,37,50,55,380,391,826,287,375,386,638,825
"ZBTB45",473,239,465,364,491,354,252,256,96,184,139,130,183,192,96,157,396
"UBIAD1",178,465,460,169,109,157,38,88,68,316,307,547,273,322,373,490,769
"TRIM5",256,628,537,316,109,145,55,55,78,186,298,510,293,276,290,368,652
"SPSB2",550,206,138,195,579,340,126,230,105,206,196,239,266,253,177,234,340
"PYCARD",2046,430,348,633,2406,447,958,838,54,59,33,45,140,194,39,55,81
"MPV17L2",303,301,413,187,201,235,98,170,53,257,246,295,249,297,230,355,520
"BLOC1S3",560,289,280,281,388,217,187,239,66,183,180,267,173,224,201,231,325
"TMX3",290,469,616,395,94,151,39,58,70,258,379,322,290,324,179,545,710
"TNKS",209,387,319,177,120,117,55,76,77,364,289,761,221,285,497,488,651
"PRG3",560,5472,167,160,358,20,213,143,595,180,422,214,80,1494,46,85,87
"BNIP1",239,411,286,110,169,178,65,149,164,272,341,249,395,369,135,545,464
"FANCC",210,301,337,152,70,153,36,85,106,404,382,475,315,483,288,575,751
"ING1",234,156,217,187,159,137,37,108,129,324,270,579,295,463,489,566,521
"IDS",797,446,477,684,268,263,128,139,53,97,119,198,142,156,329,241,428
"NGFRAP1",1032,1077,850,575,663,545,396,474,30,52,83,59,125,129,30,189,212
"DHRS1",538,203,119,349,276,186,192,158,88,172,258,403,126,331,255,292,454
"NDUFAF2",315,622,410,160,140,234,141,211,77,180,320,152,269,364,110,340,481
"CHCHD6",953,242,200,276,2253,237,415,682,112,67,137,40,205,206,44,237,211
"ZNF839",282,299,287,176,184,189,78,115,92,281,287,378,244,285,272,435,510
"COQ3",102,481,369,110,48,150,43,93,169,385,472,314,462,514,227,634,681
"UBE2Q2",184,528,520,335,129,150,38,55,65,285,475,359,218,305,209,631,691
"LOC100506548",461,545,388,317,240,263,189,136,77,161,185,272,241,187,125,262,295
"CDKN2A",276,380,587,263,21,184,21,88,125,213,391,415,398,559,217,508,790
"BICD2",356,313,254,259,347,171,116,179,72,205,255,239,201,329,142,424,445
"OTUD7B",165,178,204,95,22,126,40,110,301,412,466,751,449,495,502,603,524
"ERI2",75,407,302,92,48,73,20,45,200,474,633,668,514,553,409,901,872
"BOLA1",226,327,314,171,125,179,65,129,94,360,343,327,235,418,220,481,499
"TFPI",227,515,481,349,111,223,63,100,34,210,265,750,228,217,274,499,417
"PNPT1",124,546,696,166,85,140,38,65,92,323,396,395,349,299,224,551,902
"WDR41",444,826,506,305,229,223,107,134,44,157,274,191,179,221,102,437,453
"BRD1",161,299,480,241,112,107,36,62,60,347,345,810,255,334,479,423,829
"NAPB",249,159,171,128,115,99,61,101,186,296,332,836,313,410,507,511,454
"NIN",366,570,441,323,571,191,99,121,49,181,151,346,125,216,204,339,369
"CEP120",129,218,189,100,131,104,42,90,279,331,482,536,419,489,269,738,502
"STX17",173,426,369,170,76,132,27,57,74,340,378,702,275,380,466,576,886
"THAP5",79,160,216,136,73,60,31,50,257,576,651,542,467,566,540,818,699
"PNPLA8",78,265,347,147,34,60,14,31,94,499,553,1625,337,506,1119,907,1059
"NAA40",211,303,316,187,178,130,81,78,113,258,352,285,342,391,211,406,749
"GSKIP",66,293,286,105,86,62,16,32,213,463,483,1069,551,546,789,785,572
"BCAR1",1507,324,1535,1271,46,804,264,229,35,52,75,105,115,103,157,169,621
"FAM83D",31,339,315,78,19,43,8,49,85,692,509,2831,322,584,1177,1072,2225
"ZMYND11",160,455,484,234,111,131,25,38,75,355,374,580,255,324,368,659,811
"ITGB1",83,682,605,185,34,50,24,80,52,381,304,2010,176,248,909,711,1089
"MTX2",197,729,463,226,43,126,23,47,36,387,495,491,276,366,349,750,1084
"IQCC",126,235,169,75,103,158,59,137,405,316,440,298,426,507,231,576,503
"RPP38",240,431,373,216,137,162,63,103,86,250,288,345,231,319,272,432,566
"LINS",134,242,199,105,190,127,68,114,83,347,400,457,322,429,368,605,599
"LZIC",127,317,270,96,99,109,50,69,122,452,473,467,365,477,339,732,564
"GFM1",114,404,494,178,70,109,41,43,88,347,373,585,357,400,313,655,964
"SESN1",251,460,398,226,150,139,41,107,63,172,264,547,290,294,361,466,543
"RABL3",184,401,356,126,163,127,69,99,129,301,281,345,302,352,237,508,549
"PPP2R5E",114,254,363,117,66,76,25,39,106,430,468,1039,319,473,667,703,956
"SLC25A21",127,700,208,66,9,127,10,28,84,912,806,729,489,1150,451,895,851
"NFKBIE",1130,316,236,440,1478,347,630,726,49,89,90,59,166,182,45,152,125
"SDHD",76,734,894,223,72,86,22,39,62,304,420,656,316,294,371,702,1089
"MED21",141,500,457,179,64,83,30,55,84,335,339,735,303,345,559,580,812
"RNF103",133,240,243,157,73,76,42,47,91,339,381,1106,289,436,723,828,760
"R3HDM2",240,471,424,244,155,162,54,78,57,273,206,702,191,250,394,304,693
"GALE",424,530,663,422,452,279,206,183,16,137,139,227,174,190,142,197,395
"RWDD3",48,268,249,113,48,89,25,34,144,693,638,750,542,553,511,1011,761
"CRTC1",690,230,261,378,971,622,613,460,73,62,101,83,157,200,53,132,279
"FAM49B",201,825,829,358,220,89,69,75,48,208,264,300,237,274,152,356,725
"LTBR",1350,769,577,892,3154,750,1073,688,22,28,60,45,54,78,41,30,176
"MAFF",311,137,801,341,151,198,99,124,71,81,77,1150,98,261,786,356,568
"ZDHHC20",143,281,648,362,222,69,39,59,97,288,358,444,267,347,262,519,547
"POT1",110,555,395,173,91,121,13,52,75,390,433,678,341,372,422,669,827
"MGLL",502,523,244,305,938,190,213,232,67,196,207,277,112,270,55,134,288
"MED11",297,281,304,218,177,131,76,93,57,269,276,470,248,340,354,434,476
"KDM6B",502,168,407,374,547,317,199,227,54,119,83,637,97,200,407,111,275
"AGO2",169,165,320,155,87,72,58,66,96,336,308,1027,292,441,791,517,565
"IQCE",201,236,286,160,188,151,72,113,149,289,268,252,282,450,218,425,665
"RBM28",225,454,488,228,180,189,66,107,99,200,279,253,302,326,140,387,532
"HELZ",116,274,347,177,111,86,23,65,82,371,325,911,323,434,543,696,677
"GYG1",653,1118,855,494,499,305,138,161,39,76,110,78,178,156,80,248,438
"XPNPEP3",199,303,319,163,144,162,62,136,102,207,309,318,342,321,223,573,610
"LIN54",128,139,220,109,44,65,21,60,200,556,595,983,391,544,540,844,785
"STARD10",2341,250,282,647,1259,580,1119,1001,70,39,67,50,93,95,43,91,101
"ATRN",312,598,465,340,237,178,75,112,62,155,324,230,204,251,127,360,549
"ITFG1",216,518,411,259,71,76,19,49,108,350,360,730,208,378,398,571,760
"TRIP13",45,447,591,88,56,89,23,34,115,463,553,863,332,427,451,811,1188
"CEP44",75,320,262,114,78,98,16,53,73,496,525,855,412,441,755,816,846
"YBEY",487,209,158,237,148,354,141,241,154,162,217,211,382,317,167,371,169
"DNAJC30",262,271,314,163,160,208,111,163,164,216,275,218,266,329,180,385,375
"HPGDS",3539,2181,1903,1379,167,568,464,198,25,12,67,7,118,66,58,162,322
"OIP5",21,381,367,79,31,57,11,19,157,700,818,1141,452,664,632,1347,1329
"PLCB2",1595,573,370,569,1913,589,1049,324,33,79,29,83,125,232,56,26,108
"TCEAL4",1094,851,577,518,791,589,338,358,37,76,164,43,95,125,27,133,248
"LIPA",456,1177,1025,781,364,172,73,74,17,145,104,362,131,248,204,163,407
"SCPEP1",116,543,266,125,143,51,21,80,33,189,178,422,1687,208,1744,2092,401
"UNG",101,922,953,194,111,134,41,71,50,224,320,268,296,321,178,590,1108
"MIS18BP1",68,411,404,140,27,61,12,37,108,529,562,1304,270,489,738,868,1146
"ZFAND1",177,615,432,212,73,95,29,49,73,328,382,753,222,254,495,523,803
"KLF10",110,201,307,133,52,59,17,42,98,401,471,941,277,639,752,977,1412
"LIN7C",78,215,405,163,67,88,25,46,105,453,601,586,426,470,451,741,873
"TNFSF9",375,298,357,466,97,319,111,198,74,98,181,209,415,262,161,415,345
"MPLKIP",139,458,770,236,73,109,24,46,48,357,392,518,288,369,381,669,762
"CUL2",164,483,503,190,118,97,28,47,69,313,341,545,287,295,355,614,947
"VIPAS39",405,676,476,309,261,197,87,123,45,170,184,280,168,217,196,289,469
"GSDMB",536,144,65,174,272,145,253,131,118,212,223,397,293,368,389,284,295
"DDX19B",355,470,290,199,210,234,104,149,109,147,202,345,241,220,186,280,414
"RNF115",109,375,409,121,79,72,18,53,67,470,407,1300,321,383,629,550,865
"EEF1E1",78,432,358,102,52,112,39,84,154,399,596,458,382,429,259,659,699
"AP3B1",258,721,609,328,186,156,44,49,41,247,290,396,184,232,214,406,763
"BGLT3",48,63,120,73,5,85,11,43,378,461,666,1099,722,614,1368,3241,1135
"PAK1IP1",118,646,649,172,71,123,25,42,56,359,530,313,355,440,250,578,1154
"DSCC1",47,355,313,70,66,95,20,35,175,462,707,621,523,570,423,967,822
"ZSWIM7",577,471,263,230,497,368,190,249,97,127,193,74,236,249,67,263,258
"PARP9",169,452,354,174,134,109,35,68,63,322,383,512,221,369,326,591,804
"TSTD1",633,478,453,472,302,249,230,188,42,119,133,142,215,147,160,215,323
"RAB3GAP2",228,302,368,195,137,101,44,69,82,307,360,465,252,330,318,562,646
"RAP2A",121,187,306,176,51,67,19,34,93,523,466,1165,347,497,714,874,758
"ACTR8",677,345,269,272,217,234,153,123,125,117,243,156,226,294,102,338,379
"C1orf162",1036,781,204,319,2585,317,654,550,40,78,42,161,120,271,69,40,97
"RTN4IP1",140,386,326,109,100,139,62,101,285,259,485,180,502,394,110,584,571
"C12orf43",244,318,330,154,188,186,74,142,158,204,283,217,350,350,123,406,486
"IL18",306,497,242,244,498,216,188,222,158,152,218,145,251,202,66,240,292
"PASK",112,333,365,111,109,147,44,55,88,377,402,477,267,423,290,596,1038
"ZNF7",231,402,333,164,124,131,85,118,77,270,304,413,256,257,267,386,569
"RNF208",594,193,135,331,411,568,520,318,156,82,158,68,262,209,56,166,366
"C6orf120",113,341,374,177,85,80,26,41,78,421,469,866,249,421,468,660,797
"ALMS1",125,272,251,95,83,125,53,90,131,375,424,514,317,463,408,483,619
"GMFB",220,431,567,251,117,150,40,68,61,274,309,362,255,272,244,554,642
"LMAN1",279,741,812,321,88,110,50,54,68,230,276,406,148,267,226,436,699
"COX16",258,414,301,136,115,136,75,108,253,210,379,173,329,395,152,461,435
"TMEM201",311,253,441,197,212,266,160,139,110,196,196,181,230,332,112,285,468
"TMEM91",582,152,77,177,574,277,470,265,273,106,211,141,266,285,102,213,178
"RICTOR",185,209,274,307,61,76,36,41,99,315,287,1055,288,353,825,648,550
"AASDHPPT",129,423,521,164,52,80,23,55,147,288,492,433,390,397,276,812,784
"LRRC20",51,341,427,94,125,177,76,121,252,354,384,180,350,566,152,520,481
"NDUFAF1",264,548,416,292,191,132,68,109,89,199,247,192,318,342,124,478,411
"CRELD1",553,268,247,229,336,200,200,184,65,181,169,242,218,231,190,224,332
"PDE12",59,173,416,120,66,60,28,39,206,473,641,580,494,556,363,839,789
"WDR45B",304,497,687,403,169,165,44,55,27,262,256,451,165,197,261,418,712
"ZNF23",88,225,168,109,39,100,17,35,116,420,427,1986,349,438,1264,727,921
"PRPF18",133,399,360,108,55,96,25,49,103,380,393,694,346,446,433,737,840
"SEC23IP",268,411,460,234,162,103,56,61,47,234,319,584,241,205,470,307,680
"SDE2",94,133,233,85,38,33,16,35,200,470,484,1711,450,577,1291,907,941
"MON2",206,308,266,178,152,77,24,53,78,362,383,733,287,318,462,634,675
"HDAC8",249,446,347,181,187,157,77,101,95,218,294,265,245,294,173,460,507
"ST6GAL1",342,701,509,396,74,177,103,113,69,105,194,322,255,167,297,216,695
"DCTD",636,1104,1160,616,193,268,124,148,22,88,109,123,133,154,102,230,712
"HSH2D",634,994,219,226,1257,271,642,331,94,84,109,59,126,203,44,104,263
"NSMAF",860,995,525,606,866,317,269,237,24,76,121,100,126,132,45,164,257
"TRAF6",216,265,222,147,119,107,56,80,89,301,329,551,238,426,381,561,633
"LNX2",166,146,258,180,32,104,19,53,136,391,375,841,326,521,744,648,950
"CRAMP1L",173,253,281,183,124,129,58,47,65,308,284,872,231,348,519,409,786
"ZNF331",204,318,694,155,229,151,80,103,54,257,289,361,157,271,180,404,739
"RASAL3",1639,556,406,596,2470,691,1524,750,33,34,41,51,107,135,30,15,106
"NUPL1",85,295,483,130,73,48,23,41,78,456,486,882,321,439,487,789,1120
"MARCKSL1",115,373,417,116,126,176,74,228,114,212,306,276,418,390,131,393,501
"UPF3B",160,382,315,176,199,135,59,103,128,246,305,312,325,371,173,403,502
"DNAJC10",314,577,316,311,200,152,76,87,58,190,336,205,264,293,127,427,560
"RCAN1",192,302,366,140,174,103,92,97,121,234,289,380,290,307,203,549,480
"C9orf156",261,368,356,161,147,196,58,110,105,229,235,296,297,297,283,413,400
"COIL",133,381,409,136,136,135,61,109,88,240,360,321,276,394,219,539,625
"ZCCHC7",216,453,321,204,108,150,54,103,88,231,273,450,249,339,229,416,584
"FAM58A",590,293,301,269,493,275,214,269,80,154,186,102,212,299,36,256,314
"MICALL1",519,237,488,609,504,447,246,345,43,143,103,447,93,83,86,133,243
"HIAT1",90,384,615,245,68,71,9,28,56,373,429,1205,246,338,712,764,1078
"COG3",187,202,244,172,147,130,88,104,184,244,241,448,247,337,273,494,462
"CALML4",213,245,253,208,311,162,74,103,54,263,311,465,159,341,278,411,487
"LCP2",1339,1163,1027,1463,345,326,199,133,17,52,90,91,108,121,62,131,455
"PHC3",125,241,262,155,95,79,42,46,84,401,396,818,242,442,490,722,770
"HPCAL1",1236,521,641,803,1293,416,402,376,31,41,54,92,127,116,43,133,153
"BCL6",446,76,97,240,768,68,335,198,65,206,85,746,190,217,771,252,262
"CTNNBIP1",421,468,486,297,529,299,213,221,54,127,134,146,141,225,71,247,306
"TAF5L",154,363,371,137,127,120,39,56,64,374,372,639,261,384,297,499,717
"MYADM",399,639,705,564,373,215,101,147,49,90,126,185,121,259,94,268,481
"RAB32",1519,870,320,660,2386,344,708,806,48,41,29,84,110,207,40,29,63
"LOC150776",164,160,193,161,174,134,62,43,81,446,431,762,342,357,250,445,703
"MYO18A",134,357,333,168,279,132,49,43,315,197,250,399,210,694,230,258,509
"ENDOV",341,204,165,156,378,263,209,285,178,183,198,179,287,286,101,275,203
"YTHDC2",108,334,359,126,54,86,15,31,108,481,588,862,266,466,449,804,951
"FBXL19",569,360,659,466,712,463,311,230,63,77,108,108,145,193,55,89,302
"RGS16",148,158,369,287,38,61,15,93,103,304,183,1457,355,289,1713,484,679
"AP5M1",107,302,456,202,62,91,39,64,73,324,354,552,327,402,375,697,751
"TMEM184B",561,326,495,397,473,390,209,233,58,95,150,125,145,180,80,183,334
"FBXL5",233,536,436,327,245,108,75,70,45,205,208,496,132,245,325,416,500
"ICE1",161,357,423,197,98,100,36,63,75,329,356,566,242,309,313,568,738
"ALG1",354,439,437,207,215,251,116,156,123,166,195,138,237,262,105,257,415
"SLC12A9",552,244,414,418,1220,482,469,405,52,69,97,57,165,172,54,155,224
"ANLN",33,314,362,64,26,29,15,18,114,676,724,1843,358,598,809,1272,1565
"FZD5",43,184,191,76,45,64,13,41,116,643,543,1973,484,516,1000,883,894
"PRX",110,140,60,62,150,153,58,113,235,256,608,596,585,962,273,419,396
"CDC73",75,272,394,152,57,55,13,31,157,451,522,896,373,422,557,820,887
"USP38",65,184,258,90,82,59,27,33,163,464,448,1232,382,536,634,741,797
"LCAT",231,164,80,98,104,249,95,144,261,312,424,247,301,534,213,327,524
"ZNF584",218,284,284,126,76,181,58,163,130,240,224,309,371,405,239,477,510
"C17orf75",125,330,270,112,84,132,31,60,165,422,399,438,327,347,336,663,615
"SLC25A22",236,253,432,161,269,280,152,130,154,142,225,139,263,319,133,240,437
"CSTF2",144,461,521,168,117,140,46,81,55,280,296,414,265,335,221,509,716
"RAP1B",150,555,423,218,183,100,36,63,134,243,251,425,287,211,244,491,598
"DLGAP4",1187,374,460,614,715,662,584,418,67,30,76,40,155,100,50,91,253
"SPP1",11,112,88,72,4,4,9,17,176,647,405,5123,799,8693,1591,1336,1572
"SLC25A36",165,420,472,302,114,137,43,39,54,228,277,505,216,325,345,621,650
"TRPT1",570,317,248,269,205,236,181,176,60,234,186,191,193,228,122,330,283
"DCUN1D2",257,194,161,168,209,174,96,116,135,269,267,324,271,309,207,376,474
"RASSF5",1264,974,747,779,333,290,193,201,35,54,95,98,128,108,45,222,358
"WDR89",237,458,354,155,134,191,88,174,138,212,244,159,294,264,125,384,485
"CAPS",756,153,107,237,755,348,546,380,144,115,122,116,155,190,96,174,186
"AMICA1",1132,468,119,318,3115,350,1221,871,81,53,42,73,176,167,59,27,77
"EXOC2",266,369,354,241,125,130,68,87,62,251,289,392,226,276,229,395,578
"KIAA0226",314,279,236,234,338,225,119,163,91,154,267,214,228,275,137,260,362
"DHX33",165,458,477,173,150,223,89,70,110,225,292,219,314,265,131,362,550
"ZNF621",194,384,297,198,130,144,46,75,62,259,310,615,218,259,369,417,589
"TMEM19",153,371,283,164,156,147,102,232,275,155,252,180,292,284,101,449,426
"CEP192",70,421,292,134,49,82,20,42,91,453,468,1048,200,418,636,754,972
"LINC00963",479,194,288,229,312,285,151,142,89,242,136,392,172,130,226,218,291
"KATNAL1",112,205,187,137,82,95,30,78,155,405,531,435,258,473,367,768,749
"FAM114A2",168,463,564,264,55,93,30,24,78,337,381,436,272,328,340,613,927
"CXorf56",174,360,436,168,121,151,40,92,79,247,297,410,235,359,233,499,597
"RNGTT",123,354,364,137,104,119,38,70,125,314,349,351,327,386,245,646,604
"NCF2",1198,759,406,879,2759,243,456,383,11,105,18,222,81,202,99,23,95
"FAM131A",179,126,206,265,48,111,36,77,69,505,273,1323,159,300,804,511,779
"C5orf30",77,303,226,99,40,51,35,40,80,521,565,1225,301,492,702,760,857
"PHF6",128,424,648,263,37,64,24,39,68,371,461,474,261,413,329,708,1027
"THBS3",758,336,189,289,387,356,364,262,83,129,96,146,134,221,99,184,222
"PURA",124,282,375,165,98,81,23,40,121,394,413,552,353,364,390,642,634
"PFKFB2",379,316,239,229,94,146,107,117,154,146,252,298,326,281,189,367,355
"TYW3",238,568,501,205,91,159,44,87,100,198,320,196,304,279,146,521,634
"SMIM15",126,465,609,182,57,92,22,23,77,364,505,518,271,389,320,748,887
"TXNDC15",560,521,378,391,216,190,117,100,65,185,199,170,217,190,110,280,351
"DLAT",100,485,550,184,66,88,24,54,116,330,471,392,347,323,221,634,819
"PPAN",214,100,211,112,307,290,285,367,504,170,236,50,530,339,54,222,262
"MTHFSD",250,241,286,181,223,186,100,148,78,237,225,311,186,242,238,392,415
"MRPL32",256,750,643,259,92,126,40,62,37,249,449,224,223,299,180,489,680
"DPYSL2",794,405,433,659,1195,227,187,246,64,114,134,88,124,102,68,232,125
"VPS4B",157,278,339,299,145,105,49,62,110,252,319,418,319,301,290,430,445
"DDX10",184,605,489,204,75,141,48,78,108,219,307,204,381,293,172,471,640
"ATG16L1",167,263,303,171,122,133,60,118,52,312,256,723,188,285,351,358,743
"E2F3",182,354,369,222,159,165,53,110,91,218,251,332,242,281,270,299,562
"KRAS",121,335,414,159,94,88,31,69,88,356,327,905,191,253,469,514,697
"BRPF3",74,173,286,132,42,58,24,68,110,408,377,1272,293,382,776,759,1033
"SEC22A",246,341,288,160,138,159,85,84,104,211,359,263,263,311,232,374,466
"SLC2A8",204,144,132,73,316,221,136,170,257,224,300,177,251,444,133,440,427
"MCPH1",155,334,314,143,118,89,63,79,109,298,328,372,328,347,228,549,580
"TMEM140",426,119,125,195,279,53,88,103,91,147,126,1027,284,290,1114,306,436
"METTL2A",148,275,326,119,71,125,44,102,164,294,342,325,337,450,200,609,608
"IFT172",309,382,267,191,193,194,120,150,87,194,230,224,189,274,137,330,473
"APPL2",278,254,277,215,79,65,30,84,47,335,269,1012,188,278,690,565,678
"C10orf88",128,185,175,94,74,111,37,82,94,468,311,1004,446,357,499,562,583
"TRAPPC11",137,508,385,214,161,93,47,52,68,278,342,480,254,240,241,537,686
"CNOT4",254,195,201,164,156,100,76,98,101,219,244,557,260,285,542,403,427
"CHD1",57,290,414,168,88,74,17,34,113,376,382,896,346,378,584,670,779
"TUBGCP4",144,524,400,86,80,78,53,79,83,306,404,395,302,445,232,577,688
"PNPLA4",272,416,523,132,87,107,89,206,97,338,396,187,275,215,127,357,403
"TBC1D25",712,237,261,358,374,294,241,211,60,108,111,304,137,166,194,158,226
"FUOM",779,167,136,193,901,239,372,308,210,97,182,37,307,289,53,269,134
"MYNN",101,323,312,129,47,81,20,39,117,363,382,1026,330,397,679,609,745
"METTL6",249,389,310,187,203,166,93,126,108,216,309,180,308,266,133,319,369
"DOLK",398,336,338,243,173,174,75,138,87,180,263,213,217,211,213,266,471
"ATAD1",222,416,340,186,127,127,53,92,92,204,328,258,299,326,189,502,534
"ARL6IP6",82,352,323,96,53,70,18,54,169,379,569,963,207,353,500,663,921
"LACTB",579,477,457,627,319,188,84,105,94,102,160,152,149,157,163,238,342
"GFM2",98,455,401,176,83,89,27,20,69,391,455,757,237,330,403,707,922
"VPS13B",192,258,306,222,80,97,42,94,62,291,218,880,206,238,662,443,621
"PIK3R1",134,348,347,179,169,70,39,43,100,242,241,1199,228,328,419,390,629
"RPAP1",374,352,457,220,197,236,89,152,77,165,239,177,256,235,94,323,397
"FBXO33",172,189,241,149,142,71,32,53,128,294,303,620,383,407,449,757,423
"TRRAP",261,409,546,252,163,161,73,118,28,223,197,409,157,223,243,322,643
"BIN2",970,1315,695,626,752,294,234,188,29,66,74,110,115,126,43,128,219
"SAPCD2",165,431,506,171,266,186,102,90,62,227,174,329,158,343,214,314,399
"MIPEP",462,740,706,178,48,113,37,102,130,243,553,152,233,236,102,411,495
"CLUAP1",192,364,227,151,115,151,62,111,166,231,329,184,297,416,193,455,467
"MNT",298,298,446,239,406,236,148,96,63,177,197,301,142,212,188,169,377
"STXBP5",1073,838,841,920,108,372,149,148,35,90,80,150,148,70,201,154,251
"KIAA0391",232,564,527,156,97,124,55,85,96,207,283,275,236,289,203,387,632
"C18orf25",180,330,377,138,104,108,39,59,43,316,339,608,356,321,313,561,637
"RC3H1",150,267,302,197,106,117,35,52,83,269,326,655,232,304,444,590,620
"TRAPPC2",220,353,305,187,123,134,67,106,121,243,302,326,266,257,180,423,418
"CCDC88C",185,265,276,207,322,151,83,69,112,230,215,401,283,346,137,344,399
"NOD1",585,296,226,255,461,261,244,171,95,109,162,102,208,259,61,264,328
"MAP2K4",213,375,414,247,81,107,36,44,72,307,319,482,230,276,342,511,648
"PRR34-AS1",350,153,184,102,104,163,69,215,233,199,320,208,356,459,209,462,249
"KMT2E-AS1",397,96,82,157,398,189,213,303,182,159,189,217,266,357,189,277,199
"PIGX",212,372,413,190,116,153,67,73,123,194,316,186,293,310,162,486,554
"B3GNT2",74,194,315,124,43,52,16,41,123,559,485,1016,286,527,476,906,1030
"RCN3",1092,85,71,185,1730,158,555,205,181,161,217,90,175,351,42,155,202
"MANBAL",411,296,230,150,367,217,168,172,81,178,186,160,205,262,149,281,307
"POC1B",68,240,268,100,45,51,14,21,130,609,524,1333,331,457,741,856,964
"SGPP1",252,344,712,528,37,131,39,79,46,214,355,306,198,240,227,655,614
"RNF149",365,440,635,617,607,175,90,118,61,82,156,133,167,174,137,228,344
"MTRF1L",220,182,192,115,132,130,80,125,141,271,334,343,323,375,201,463,398
"HKR1",281,392,221,169,204,198,108,112,88,274,163,377,131,318,240,322,295
"UXS1",246,517,407,307,288,120,69,66,59,241,226,299,148,229,156,407,502
"AQR",151,549,546,186,96,111,45,71,46,241,274,543,215,244,293,418,810
"ITGAX",1883,340,231,1237,3346,336,782,455,22,51,26,61,111,207,52,40,78
"INAFM2",295,663,340,198,236,123,128,144,52,159,188,256,147,242,125,399,514
"PLA2G12A",97,470,389,158,45,99,42,65,120,295,481,330,211,427,271,614,801
"CCDC53",339,630,416,246,168,154,59,73,36,253,255,221,200,187,232,407,541
"MAP3K5",75,290,234,142,104,56,47,37,97,425,473,754,214,473,440,651,703
"FCHO2",83,114,215,159,25,42,18,41,83,596,416,1724,336,439,1352,965,803
"OSBPL5",389,500,465,331,290,268,130,132,55,152,144,196,98,203,103,206,561
"DYRK4",378,576,378,215,198,198,93,109,76,200,255,153,207,199,107,320,421
"RABIF",317,319,310,188,228,199,101,203,123,161,232,160,182,291,99,326,365
"MTFR2",48,432,393,90,57,70,15,38,110,424,562,646,332,579,373,844,903
"WRN",60,289,291,61,32,80,7,44,81,659,563,1197,390,525,586,1025,984
"SLC38A6",572,298,311,216,422,292,252,306,90,87,133,143,137,167,143,186,206
"ZSCAN2",159,214,172,114,182,118,94,135,191,265,338,337,294,396,184,338,347
"VANGL1",77,451,364,121,28,102,21,56,61,408,440,976,280,454,410,623,887
"TAF1",127,376,416,165,57,79,28,68,57,414,268,993,174,330,527,475,775
"CCBL2",188,499,574,239,171,183,51,59,66,219,278,247,224,266,138,471,490
"C6orf203",307,313,289,181,229,179,106,155,160,171,270,123,294,281,80,372,304
"ATP6V0E2",769,296,448,316,349,350,169,247,61,117,149,56,247,208,38,177,423
"MRPL50",94,435,542,184,45,102,28,44,97,312,466,369,415,368,234,537,810
"KCTD10",615,468,417,384,394,263,157,162,61,95,137,151,166,171,102,171,265
"MED20",183,460,411,149,75,124,41,84,81,286,306,388,276,273,261,440,581
"TSC22D2",93,160,241,126,60,67,22,51,72,443,382,1349,248,393,901,749,785
"ARRDC4",160,319,183,321,146,126,34,40,59,236,270,609,192,323,597,599,545
"ZBTB5",297,319,266,194,137,171,89,100,72,203,238,343,248,258,195,405,397
"PLXNA1",622,120,313,486,1089,344,395,246,31,86,124,114,179,107,97,118,402
"SLC25A13",188,468,605,213,104,121,48,115,72,188,300,251,268,292,146,388,623
"PHF11",245,468,263,177,208,116,83,79,93,195,269,308,227,254,160,401,504
"TCN2",2268,276,325,1271,4516,433,488,1061,30,51,42,49,80,86,25,31,64
"OSGIN2",199,337,338,222,176,124,75,85,53,235,327,319,196,292,195,428,520
"THTPA",221,255,255,155,194,123,64,106,93,253,273,283,281,323,252,406,393
"NBN",166,550,627,249,118,73,44,51,51,281,245,597,157,201,213,648,756
"LTBP1",64,537,277,99,19,66,13,47,186,450,708,1324,370,469,211,771,666
"NAIF1",276,263,261,169,191,135,90,115,113,229,226,379,192,270,185,348,373
"GMIP",1381,469,398,714,1868,393,609,520,28,39,29,73,112,154,36,53,149
"TRIP11",252,235,205,157,151,103,44,94,67,267,261,481,284,328,368,499,472
"FOXN3",219,336,239,177,201,126,81,120,58,131,208,439,201,397,299,432,406
"TMEM110",300,238,244,171,260,140,97,98,129,233,243,181,275,278,147,372,396
"ATXN1L",189,292,334,172,108,106,28,70,67,281,242,786,156,355,469,433,689
"MED17",150,254,284,184,68,108,26,39,59,315,285,975,275,324,731,544,644
"MED19",262,357,354,187,137,146,71,152,86,163,267,266,217,235,200,398,409
"UAP1L1",1743,490,368,825,2103,336,735,490,49,27,59,62,94,123,38,45,67
"TECPR2",259,215,214,175,265,153,81,105,94,245,214,334,206,252,312,316,365
"KIFAP3",206,607,359,197,47,169,47,88,93,210,267,349,240,251,258,426,543
"AP3S1",215,613,787,371,142,104,38,32,36,219,263,432,185,227,215,430,660
"SLC22A4",33,88,86,30,58,26,11,24,108,995,846,2111,409,776,1039,1478,2075
"PIK3R3",219,276,297,225,27,158,38,103,138,270,416,324,371,359,149,538,456
"INO80D",161,402,276,167,76,100,30,51,55,337,291,700,200,322,497,550,732
"TRIM4",320,457,243,283,120,148,49,83,60,191,170,504,202,247,294,364,494
"GTPBP10",170,343,370,133,98,130,47,61,124,287,337,269,274,319,254,481,530
"KIF3B",328,306,320,209,106,180,49,159,85,174,271,276,373,218,137,403,386
"DHRS4",345,234,175,120,278,196,183,180,637,150,421,69,231,188,71,239,237
"DPY19L1",188,515,616,279,76,112,30,34,55,212,410,285,252,320,194,646,756
"GGCX",292,204,269,149,242,114,128,122,106,218,223,256,231,255,196,320,398
"LOC151174",516,195,171,258,59,482,64,259,91,174,71,558,487,304,391,123,158
"MND1",52,713,385,95,75,133,31,66,136,266,493,334,323,314,273,742,446
"KAT5",227,430,457,224,124,130,50,61,31,237,179,751,120,284,423,331,676
"ZNF830",314,410,298,270,131,154,71,69,58,252,190,337,234,192,262,370,438
"VAMP4",195,426,279,211,113,103,61,55,85,311,264,489,154,280,273,424,559
"POM121C",234,201,306,162,198,168,94,111,68,242,250,268,235,344,195,336,410
"ORC5",187,544,429,181,113,153,39,92,64,216,285,238,321,272,188,413,557
"WDR55",292,346,367,242,170,132,70,100,106,211,201,301,156,267,195,263,457
"HMG20A",164,537,423,219,114,132,40,50,42,238,299,381,261,262,240,519,666
"MTX1",271,319,376,207,172,207,79,133,43,216,245,173,238,296,133,338,542
"PIKFYVE",125,288,310,196,87,76,44,60,46,229,423,811,171,265,661,529,699
"SNX6",105,433,520,237,60,74,21,61,97,293,417,453,259,274,336,501,693
"CRLF3",80,242,246,131,61,61,34,28,68,475,443,1291,180,379,604,650,1114
"ELF2",129,297,264,136,90,86,42,77,104,274,306,626,282,335,310,543,566
"ZNF148",119,192,290,143,75,69,49,74,107,322,373,528,276,349,463,543,558
"KLHL24",262,139,199,254,192,115,45,102,63,188,187,881,203,179,732,408,411
"RAI1",280,191,349,242,139,181,52,75,59,249,258,513,186,290,263,238,575
"TANK",84,309,206,140,73,40,22,42,88,370,552,1394,200,433,816,547,612
"WDR7",253,361,309,197,144,71,64,88,113,198,321,308,261,213,185,539,437
"HNRNPLL",138,567,471,172,59,101,28,73,67,247,291,550,238,275,321,500,674
"MCM8",45,396,436,101,50,77,13,67,100,449,394,817,328,365,469,532,907
"TANGO6",174,366,386,133,114,146,46,93,134,226,269,176,356,282,231,400,537
"LOC102724814",500,133,105,194,544,246,365,198,109,183,143,230,186,234,99,172,221
"ST3GAL4",925,636,162,325,391,185,195,152,21,127,115,145,136,206,162,212,397
"ACOX3",294,245,232,129,264,192,127,117,128,152,183,235,322,297,105,369,324
"CAPN5",55,114,184,44,29,85,14,126,236,441,447,1425,326,596,743,530,777
"HIBADH",229,588,584,191,53,124,37,41,44,215,316,425,263,306,258,484,664
"ASS1",1456,283,213,411,725,527,362,669,16,123,55,166,75,28,69,173,317
"PPM1M",1809,704,319,573,385,276,274,230,17,87,60,144,88,126,119,130,212
"HOMER3",1406,138,265,855,3918,738,1401,1218,44,21,36,38,86,159,18,43,44
"GRAMD1A",1364,623,544,915,1488,458,561,331,19,44,51,58,83,92,30,65,161
"LOC648987",179,266,191,97,93,172,76,167,258,248,272,242,273,384,162,351,344
"VPS8",306,442,185,164,384,101,148,139,58,175,184,302,172,251,233,230,344
"EXD3",681,216,131,276,668,313,493,300,132,90,142,93,140,191,49,148,191
"NR2C1",84,375,243,153,76,87,33,44,90,379,360,677,260,364,331,610,708
"RBBP8",91,652,566,142,57,80,22,40,22,454,296,743,249,345,332,697,1056
"AVPI1",486,274,674,226,351,255,129,159,40,107,183,184,181,173,118,231,267
"CHAMP1",124,305,523,203,59,156,26,54,52,319,370,576,158,285,306,538,860
"FAM46A",432,484,397,300,371,140,127,190,71,102,152,140,211,241,70,250,281
"LINC00674",585,547,364,435,453,304,257,156,33,88,96,89,147,135,123,191,289
"RRP15",78,349,513,121,44,80,15,37,106,396,572,399,415,424,288,641,898
"CXCR4",1970,1636,172,580,2929,377,889,758,22,41,27,70,84,70,26,20,107
"RPS6KB1",100,317,294,154,82,101,17,47,106,287,414,429,313,397,372,680,700
"CPT2",322,539,462,230,199,141,85,110,40,184,185,277,169,194,166,285,460
"PIGN",177,442,407,131,134,160,55,82,72,213,305,392,230,229,195,318,581
"THEM4",223,510,456,214,217,193,103,140,255,116,165,111,229,331,61,189,371
"PEMT",455,448,514,324,379,373,258,305,66,77,92,42,197,232,43,188,265
"SEC22B",172,294,386,163,108,57,23,36,44,311,250,1028,247,222,792,467,892
"RIPK2",259,366,385,201,112,115,41,58,40,231,272,582,143,306,279,535,574
"PPFIA1",247,333,336,201,166,117,47,62,51,219,225,577,123,234,355,393,695
"TMEM60",359,570,441,333,250,211,58,84,40,158,193,261,135,184,146,332,396
"RAB31",944,303,645,790,1540,258,310,255,30,65,44,137,97,140,71,72,143
"ZNF473",185,326,231,110,134,150,66,111,159,218,259,256,295,320,171,406,411
"LYST",247,227,203,194,363,82,84,85,47,240,234,614,122,247,365,413,364
"PHTF2",398,245,319,399,173,110,84,34,99,183,295,282,197,251,171,376,379
"NUPR1",3634,185,66,908,11695,530,3295,2417,36,19,11,16,70,209,9,19,16
"CPNE3",313,593,480,410,198,152,36,75,60,135,251,220,201,209,135,332,464
"DYRK3",102,387,484,201,15,140,14,91,63,280,330,883,307,258,566,467,611
"MMP9",2947,868,515,3124,6838,1041,1553,2751,7,2,4,18,46,121,2,0,5
"CKLF",1021,453,342,326,188,281,210,253,58,94,196,51,192,222,47,280,175
"STARD3NL",224,607,556,333,126,145,66,51,20,197,237,347,171,216,216,396,618
"CD300LF",1048,631,128,244,3184,267,934,857,89,53,18,69,130,203,50,24,82
"RASA1",121,255,295,137,88,88,32,40,136,280,383,667,246,287,382,559,633
"AKR1C1",138,521,713,99,24,306,38,674,229,142,249,391,260,80,289,91,460
"BOD1L1",70,265,346,147,97,74,32,48,149,349,285,647,204,412,426,462,660
"GCA",175,503,393,184,441,71,64,70,54,196,285,281,190,229,194,385,472
"TAGLN",298,140,127,153,224,285,113,138,96,229,188,439,153,249,381,194,303
"PSMD5",162,518,441,174,75,117,25,61,26,316,311,731,200,312,273,472,717
"ZCCHC2",130,160,153,118,153,70,45,62,77,291,291,916,310,306,710,506,504
"C3orf62",249,179,147,161,258,170,128,125,86,163,191,465,240,278,299,264,264
"ZNF589",921,345,185,267,876,247,296,262,97,67,138,69,245,142,45,142,194
"WASH3P",280,46,79,66,175,80,136,160,208,214,484,297,427,473,222,456,391
"ZNF507",84,308,248,93,52,112,30,87,129,380,373,519,271,385,355,526,618
"CCDC51",236,492,432,193,113,157,56,76,57,248,301,178,272,244,146,386,539
"CCDC93",472,336,216,265,435,174,129,145,48,167,154,246,159,169,142,234,310
"RPRD1A",158,411,364,135,110,95,54,95,74,262,309,368,201,279,202,462,594
"RCBTB1",105,381,485,138,57,60,23,36,87,386,489,481,183,385,391,632,837
"HBP1",146,282,341,189,83,43,37,41,78,218,193,1359,200,215,1198,413,676
"NRGN",434,917,314,282,1661,381,772,742,38,90,74,49,79,140,28,73,91
"SLC33A1",264,285,261,236,174,109,116,118,65,199,251,293,190,223,158,377,410
"PELO",364,454,329,279,145,151,67,86,53,187,201,235,214,237,154,330,479
"FANCE",136,377,336,131,98,150,50,97,120,238,272,281,260,284,188,421,565
"ZNF18",274,238,150,128,145,123,104,80,170,226,298,253,258,297,160,447,408
"ZUFSP",123,357,225,141,77,74,31,35,68,408,372,561,325,367,359,613,724
"XIAP",239,260,359,265,74,106,43,46,72,265,300,485,208,280,374,365,517
"KCTD5",224,457,593,316,109,124,32,41,20,274,240,469,230,193,338,354,719
"CXorf38",517,337,267,303,463,166,154,159,61,141,169,197,176,179,87,203,231
"NEMF",123,292,381,167,112,94,25,72,109,238,284,508,206,321,305,522,605
"OXNAD1",162,360,309,114,108,130,64,71,109,230,347,271,327,293,181,431,486
"ZBTB33",128,355,284,172,117,149,41,71,97,220,320,471,233,311,205,442,456
"GABPB1",104,334,388,139,40,63,19,23,64,463,411,873,261,351,557,672,877
"IKBKG",260,241,290,221,214,169,73,69,27,243,208,441,178,275,313,293,493
"LANCL2",163,353,310,135,109,171,42,85,101,264,293,300,266,307,175,394,514
"CYB561",1215,521,764,621,209,610,309,423,54,17,74,15,316,68,45,135,260
"MED26",233,244,250,149,148,123,58,113,110,192,228,349,280,236,280,344,422
"AP5S1",296,267,270,168,198,157,100,154,111,157,211,171,294,279,110,263,422
"MEGF8",627,346,353,296,721,385,405,242,32,94,105,79,136,179,71,92,241
"ENTPD4",311,330,346,282,179,159,109,101,69,150,155,265,180,227,181,261,408
"ZNF195",190,454,319,133,178,157,88,95,127,168,272,190,293,225,96,392,446
"CABLES1",237,344,294,147,487,280,215,215,136,67,114,212,186,166,103,199,289
"ZNF226",268,303,216,175,197,137,88,84,85,253,288,300,211,234,172,316,348
"DIP2A",313,223,242,238,236,98,83,69,81,176,172,418,191,275,296,299,408
"CPVL",471,740,276,521,947,100,152,207,90,120,666,236,64,86,43,32,222
"ANKRD49",201,331,272,119,109,130,47,93,62,264,283,445,197,280,294,442,505
"DNAJC6",35,217,349,107,6,45,10,34,153,630,396,1455,284,541,999,722,1212
"CCDC18",126,364,165,94,103,103,39,58,93,325,384,520,227,369,321,582,576
"SLC39A13",663,257,311,404,500,302,250,212,66,104,88,142,105,141,73,160,271
"IGFBP2",1070,887,3221,765,1187,590,485,676,31,45,20,25,42,19,32,25,194
"ARL14EP",185,310,304,134,100,120,113,107,158,179,283,220,259,253,157,357,452
"JKAMP",108,512,385,184,73,71,33,30,55,303,356,649,202,280,386,556,787
"COMMD2",128,512,478,183,91,118,26,49,74,262,315,473,249,218,229,490,601
"ATP7B",91,542,419,205,4,120,21,34,68,296,463,672,252,401,346,576,1224
"TMEM134",612,227,246,288,346,324,218,262,54,118,107,99,152,149,133,221,264
"TRIM66",389,294,254,107,175,182,112,79,81,194,184,315,200,498,206,220,269
"ADM2",360,206,127,130,291,201,193,129,64,290,143,321,164,178,194,218,490
"FAM118B",199,276,314,173,153,116,51,83,61,225,259,311,252,292,249,417,502
"HCK",1105,568,320,744,2469,298,564,566,16,88,14,149,67,139,84,28,53
"MFHAS1",64,227,307,89,23,45,14,90,150,307,216,1935,208,344,941,532,1343
"BPI",630,989,1057,316,2335,148,268,112,32,110,13,362,229,280,114,15,26
"MBNL3",59,344,431,105,39,40,19,17,80,517,374,1375,282,323,787,756,837
"BHLHE40",1035,763,691,1085,351,387,166,227,14,33,76,66,101,108,66,99,553
"NECAB3",354,172,200,186,229,202,218,198,84,141,171,161,184,298,98,274,396
"BLOC1S4",309,246,423,247,161,177,86,130,45,165,197,217,181,187,221,370,391
"GFOD1",66,108,194,51,95,123,17,88,176,509,495,546,525,461,292,546,588
"PPP1R3B",420,200,151,247,151,116,141,170,87,72,60,628,141,163,717,375,392
"TMEM98",615,490,545,310,3,77,19,43,29,375,492,638,145,217,453,596,540
"CCDC132",56,448,310,169,62,65,15,27,103,375,444,685,367,375,336,635,741
"CUL7",828,342,281,300,472,293,303,182,29,102,129,134,130,185,85,124,249
"CTPS2",213,483,323,133,135,141,67,87,82,223,301,199,193,313,131,393,521
"SKP2",150,375,457,153,92,90,35,77,97,270,291,321,267,314,190,462,526
"PXK",156,487,329,183,239,65,50,40,34,335,218,697,139,194,518,328,618
"BCL7A",79,340,380,141,138,226,48,101,57,234,268,381,215,360,176,363,553
"PREPL",151,359,355,134,82,92,29,64,111,213,293,484,260,223,394,496,579
"NIFK",139,623,621,202,86,127,42,50,57,210,273,236,257,293,171,443,682
"UVRAG",183,396,393,178,131,101,32,31,32,301,259,693,160,262,434,439,706
"SLMAP",107,337,334,165,77,84,34,64,75,314,317,582,207,282,334,533,599
"TOPORS",45,250,315,110,38,39,11,35,115,448,647,1114,236,530,677,709,807
"VAV1",1618,617,519,805,2288,485,773,551,29,28,21,43,59,122,41,35,57
"SPDL1",44,401,404,78,34,63,13,8,114,572,612,802,353,445,504,817,1007
"LEMD3",76,192,256,122,60,50,17,43,138,407,457,794,352,404,370,771,689
"TBP",118,309,401,146,97,103,36,61,72,325,307,475,205,304,285,454,585
"ELMSAN1",146,284,318,198,81,98,37,59,76,255,238,652,195,256,362,448,677
"NDFIP2",466,694,784,730,36,182,35,34,43,155,258,196,179,206,127,389,577
"TGFBI",234,368,336,413,661,127,155,186,33,122,68,418,187,658,86,67,216
"GINS4",66,383,491,108,75,105,21,47,99,382,366,457,281,320,267,501,776
"MYD88",603,779,586,498,328,175,79,97,9,115,133,238,78,142,125,252,540
"CXorf40B",294,264,235,173,121,189,58,69,56,276,255,285,229,298,200,390,451
"USP6NL",90,303,402,145,23,77,5,23,90,445,412,1105,323,389,581,736,815
"SOX6",9,64,159,31,3,27,6,30,199,903,777,3184,474,893,1697,1323,1502
"CREBRF",157,127,167,177,85,38,31,45,86,265,236,1343,265,347,1245,540,505
"RPE",161,364,404,160,121,98,59,56,71,251,324,316,238,296,196,381,526
"SPRYD4",226,415,347,137,85,181,59,134,151,177,299,134,280,281,122,340,386
"C3orf58",59,153,206,106,36,37,9,50,63,376,473,2089,183,612,1315,881,923
"QRSL1",139,366,325,139,113,128,46,111,143,221,257,228,297,249,161,429,472
"ZNF576",282,243,243,125,157,158,64,187,83,226,209,261,273,261,183,288,328
"ADAL",95,324,238,94,64,106,20,65,101,384,426,415,343,374,260,614,716
"KLC3",34,39,48,37,39,32,13,19,1122,464,579,1964,813,1550,879,939,402
"VPS36",172,442,466,285,132,135,46,46,45,201,208,364,177,266,212,413,606
"SEPT6",652,1583,354,394,523,371,427,232,35,56,94,156,71,106,42,69,171
"MKRN2",199,546,449,208,92,124,59,58,45,217,205,365,178,225,224,425,601
"YEATS2",349,391,425,300,234,178,132,88,34,156,156,187,175,199,137,222,452
"LARP1B",123,231,293,128,57,97,31,49,97,340,354,569,263,317,333,560,677
"MPI",582,637,441,405,447,288,299,210,59,101,108,61,177,118,39,109,192
"KPNA3",77,345,465,161,46,54,11,26,72,392,432,770,276,400,409,680,919
"CREB3L4",256,587,305,178,186,203,110,115,53,166,222,129,194,257,116,417,267
"TUBGCP3",111,325,304,86,162,83,33,60,54,325,232,854,162,395,329,443,741
"BCAS3",262,338,146,140,178,134,67,128,120,202,169,472,192,201,246,323,327
"PARP6",1412,508,307,532,967,599,672,405,22,29,55,52,70,103,36,96,185
"CMBL",321,1039,1077,426,28,297,41,97,20,88,164,557,137,189,146,224,527
"RBM27",108,339,430,139,88,73,29,34,59,311,394,551,257,342,292,546,696
"PI4K2B",62,323,429,100,62,74,12,31,75,506,446,681,297,333,345,717,950
"FAM222B",340,242,227,210,164,192,119,100,64,144,179,291,186,207,308,270,292
"CHST10",224,371,299,171,218,173,116,176,111,122,239,111,206,270,64,288,481
"ASB13",616,435,559,292,671,350,236,236,31,79,100,38,163,140,40,172,336
"ARID4B",110,129,215,163,85,81,30,70,132,320,278,648,279,358,514,506,420
"HGSNAT",490,452,374,366,305,218,97,81,27,150,169,196,117,169,132,197,464
"AKAP1",161,488,541,183,174,200,113,122,102,118,233,94,304,212,60,306,457
"PTAFR",928,388,246,639,2219,242,535,474,44,46,39,89,86,131,72,48,92
"CRYBB2P1",288,467,163,109,192,145,99,129,144,167,260,138,244,235,124,246,495
"ZNF277",195,549,350,225,91,111,37,49,87,205,294,504,159,196,243,421,450
"PDCD7",160,646,524,239,128,131,63,100,34,176,166,312,167,191,232,296,601
"FGFRL1",112,233,279,153,117,159,37,79,73,246,230,418,218,258,284,384,948
"ARHGAP18",228,393,432,321,163,123,67,99,56,158,203,264,269,200,145,284,349
"CCDC77",214,419,220,129,161,87,69,95,112,230,213,318,225,240,220,335,405
"ZNF700",261,402,278,188,131,142,49,78,54,255,242,327,187,209,219,343,489
"PRKCQ-AS1",139,516,330,131,66,189,69,153,166,164,274,133,347,248,87,376,486
"ZNF639",109,368,454,164,71,73,23,48,82,268,333,463,207,331,313,585,697
"MTMR6",173,349,379,185,106,117,41,47,47,257,317,386,214,260,245,502,539
"CHERP",157,375,651,256,77,126,61,42,56,241,181,539,138,255,285,229,692
"SNRK",137,253,202,129,221,126,32,48,91,226,296,409,305,338,322,474,373
"SOCS1",3428,687,848,2846,861,858,553,525,0,27,34,30,30,36,40,27,146
"GNA11",146,177,344,153,130,95,50,106,94,278,224,443,153,327,235,339,636
"SUSD6",172,366,435,313,117,138,27,48,27,233,177,715,136,217,406,360,703
"METTL3",214,561,505,229,96,118,35,45,32,249,181,490,117,207,315,404,832
"FOSL1",206,188,384,152,116,324,100,166,86,96,160,132,168,611,117,451,384
"ATF7IP2",236,456,134,145,94,117,96,59,146,200,277,317,202,315,173,422,364
"IFNAR2",354,521,350,276,295,156,109,95,60,141,170,145,178,169,89,271,382
"PRR12",378,233,366,356,391,241,132,127,58,122,144,173,109,238,103,147,375
"LSM11",76,306,183,66,73,95,32,62,171,397,422,375,430,350,264,538,543
"MNAT1",144,435,376,111,69,123,25,66,111,304,337,297,283,278,166,544,562
"POMT1",944,220,255,358,881,447,517,351,61,41,102,44,152,131,40,116,150
"SPRN",436,116,130,126,387,287,344,335,315,120,155,51,407,211,52,168,140
"NMD3",92,388,397,161,113,113,33,30,73,233,289,550,248,286,253,527,622
"BRICD5",456,84,78,179,618,214,302,249,131,159,134,130,212,248,117,162,229
"SGOL1",28,210,230,48,34,52,16,32,169,545,619,922,392,530,532,894,793
"FYTTD1",134,439,436,246,114,114,47,53,69,158,297,236,235,285,153,462,669
"ANKRD40",226,325,384,191,142,149,58,48,51,221,212,371,178,228,237,379,499
"GNE",235,412,444,218,99,114,32,73,50,187,240,350,196,216,263,403,563
"UNC50",165,457,408,237,118,108,35,65,30,234,226,488,185,194,319,410,587
"FUBP3",85,181,375,92,42,44,9,60,115,363,542,902,227,485,451,647,857
"SIRPA",1317,564,308,818,3423,256,828,700,23,41,8,135,51,146,44,20,52
"THAP9-AS1",143,562,417,220,94,91,27,50,47,272,298,388,210,213,231,466,728
"C5orf51",138,387,431,265,99,99,42,46,29,267,285,583,171,260,339,325,587
"ZNF48",656,321,300,323,234,337,202,231,92,97,145,41,160,157,60,215,247
"ATF7",261,319,291,185,190,159,80,90,33,213,182,384,192,207,207,275,453
"ZNF529",176,179,227,146,137,123,77,69,81,233,254,427,185,242,317,414,479
"BBS4",225,409,383,260,64,177,86,63,54,191,229,357,212,224,137,351,440
"TEFM",84,325,249,106,77,104,27,60,144,305,394,352,337,367,204,575,555
"PPIL3",55,779,539,138,121,84,26,43,27,344,317,650,188,153,348,551,868
"PPP1R21",232,436,315,173,155,98,41,75,44,183,257,397,225,273,223,385,438
"FSCN1",841,803,1626,916,755,1241,613,435,26,9,40,47,110,45,13,43,84
"KIF2A",141,651,419,209,98,131,62,91,51,175,211,331,228,177,160,425,474
"LGMN",758,306,188,794,1426,204,180,449,20,95,35,110,240,400,50,70,88
"HMGN4",244,804,948,430,129,150,43,52,26,97,179,214,149,190,155,351,698
"DUSP5",230,148,188,166,55,131,90,86,96,125,60,752,299,203,1481,452,318
"ARFGEF2",177,328,440,189,65,90,39,55,29,233,317,661,131,277,418,485,630
"COG1",269,287,294,187,132,134,69,63,44,231,186,487,154,260,330,226,534
"ZNF747",285,300,282,220,194,211,92,128,53,192,173,198,140,189,182,308,369
"SCOC",68,272,549,161,27,36,30,25,111,392,490,395,281,409,322,830,912
"ERO1A",470,983,863,625,302,251,104,100,33,75,115,104,139,115,62,165,305
"ALG2",284,414,377,267,165,121,70,88,27,161,172,331,175,215,213,281,530
"SPATA20",1522,445,589,437,983,409,301,326,14,81,41,30,70,156,60,148,124
"C5orf24",113,200,322,157,63,86,29,54,101,279,374,491,224,318,308,543,720
"RIOK2",212,551,423,218,107,145,36,61,63,179,295,207,238,270,128,379,561
"QPCTL",904,408,331,355,528,368,363,281,136,41,88,41,140,119,40,106,156
"SPTSSA",173,254,422,166,148,78,44,87,91,234,352,222,221,317,141,449,474
"UBQLN2",190,227,256,188,247,97,63,73,65,259,239,316,216,268,207,386,367
"IL1R2",5109,535,1248,3379,7221,590,1235,2251,0,3,2,40,15,52,7,7,5
"PPM1K",131,268,259,94,81,115,33,84,114,279,335,450,322,277,265,429,432
"RIC1",100,244,298,130,74,71,42,33,78,320,272,691,229,281,426,531,840
"TRMT12",194,399,255,137,131,120,82,124,87,153,256,207,249,317,122,431,377
"KDM6A",80,214,375,70,24,24,25,48,97,505,406,2116,300,264,677,545,636
"ALKBH4",205,285,264,168,178,186,85,131,128,170,210,170,251,265,87,269,394
"ASCC1",184,487,422,185,151,158,68,126,47,123,169,262,186,199,169,318,582
"CRADD",185,299,291,243,23,70,27,40,61,321,367,545,240,323,345,639,664
"TRIT1",182,613,313,135,91,158,51,76,57,220,284,229,224,225,138,480,585
"DMTF1",159,379,294,243,95,98,32,41,28,290,293,640,171,247,368,419,658
"CCBL1",171,243,207,120,128,118,69,89,103,274,261,330,152,333,253,474,324
"PNO1",172,416,487,161,66,99,43,91,70,217,289,205,261,272,160,410,665
"CNTRL",146,521,363,185,173,132,44,44,43,248,228,391,211,199,211,373,545
"RAP2C",117,207,379,189,88,58,32,37,45,312,323,659,212,306,431,604,641
"XYLT2",502,231,178,223,456,183,238,151,93,127,186,71,169,231,77,207,246
"CHD7",292,255,405,218,122,178,50,86,153,150,211,118,309,277,114,379,300
"EML2",548,394,359,332,358,265,145,101,28,143,127,116,138,190,93,154,373
"USO1",372,512,541,317,108,91,50,59,37,179,202,340,131,157,244,300,529
"DICER1",186,233,395,257,255,123,70,87,69,136,248,248,178,222,146,294,483
"ZNF367",27,205,364,55,16,35,2,25,145,660,845,1142,291,673,516,1057,1433
"OPLAH",457,158,120,197,531,251,313,412,96,122,98,211,96,145,96,135,240
"TMEM123",250,532,744,417,437,135,112,112,15,103,138,184,103,191,102,234,439
"GON4L",187,279,237,162,108,143,63,60,53,219,204,449,197,338,301,308,514
"HERC4",194,334,326,232,119,85,38,64,73,216,247,335,185,259,258,380,522
"CHD6",171,242,241,145,171,159,49,106,125,160,177,348,218,248,178,363,463
"ARHGAP9",890,824,293,463,2613,271,843,423,61,50,23,50,80,126,37,25,68
"NHEJ1",167,361,307,139,108,139,39,104,106,188,193,337,233,205,220,349,520
"EDEM3",97,198,245,177,106,69,24,40,83,307,367,596,255,314,492,529,467
"ERLIN2",109,342,438,153,144,101,44,58,104,220,289,268,223,249,159,433,576
"JMJD1C",67,220,310,104,52,33,21,38,63,309,268,1715,247,319,1104,583,778
"TULP3",296,158,241,184,83,136,54,79,34,311,234,522,174,262,422,286,481
"DCLRE1A",128,544,432,155,37,99,16,41,56,316,366,595,186,252,311,533,739
"FBXO28",102,304,340,158,100,69,14,29,73,301,356,687,211,299,422,564,684
"C19orf81",266,56,144,136,76,292,389,419,229,182,251,77,262,321,60,270,217
"C5AR1",1560,402,422,1270,2325,495,639,698,12,33,16,48,73,151,20,38,51
"REEP3",236,251,299,180,157,113,62,75,56,186,250,365,161,227,281,313,452
"ELF1",226,640,884,392,69,91,27,35,17,197,150,865,102,139,439,314,777
"AP4S1",238,257,231,140,96,120,52,51,131,249,220,330,312,262,235,368,358
"PHF8",136,262,325,173,121,113,54,42,60,234,211,648,171,269,364,330,505
"C2orf49",162,356,295,164,77,97,38,65,69,218,314,517,182,252,264,443,498
"UPF3A",209,279,306,168,125,121,45,98,137,149,221,277,217,277,163,335,444
"PIBF1",66,378,350,113,12,66,6,41,41,410,514,939,328,377,620,786,1038
"PRDM4",335,401,368,242,145,137,76,92,36,165,197,238,194,214,113,328,446
"LRRCC1",10,512,325,34,15,51,3,23,139,590,908,1108,309,615,444,1250,1161
"TBC1D10C",1007,465,224,318,1956,404,971,475,66,44,31,44,118,158,26,42,62
"TNFAIP1",218,238,323,191,102,136,47,87,79,224,209,410,176,219,217,369,412
"IDH3A",210,505,471,174,186,134,56,74,59,159,212,151,237,212,153,337,464
"CTSF",1212,315,133,560,628,404,539,558,50,39,52,41,93,142,56,121,143
"PXN",602,364,433,353,1353,283,344,355,43,89,58,69,92,114,37,83,178
"NUDT14",1024,227,142,290,1043,369,502,498,61,54,87,43,200,254,30,80,81
"METTL10",144,403,378,115,61,84,34,47,49,342,371,506,257,259,212,451,689
"TMCO6",146,322,262,120,97,132,36,123,75,255,187,396,182,288,359,303,489
"FOXK1",284,210,357,211,304,176,124,122,53,135,162,186,171,240,136,184,389
"ADAM8",1424,930,275,956,779,338,505,282,9,35,40,52,68,105,59,70,228
"MFN1",79,356,371,117,48,46,15,44,68,333,388,718,236,322,403,733,838
"HYAL3",580,537,310,396,453,310,206,304,56,49,85,79,137,143,56,110,235
"CAMK1",1634,567,359,733,482,348,304,191,31,50,42,63,113,182,52,58,177
"RAB27A",377,400,296,154,657,122,216,223,46,185,35,177,200,104,167,230,194
"ZNF22",106,437,241,130,136,97,43,56,42,338,293,460,152,263,233,440,780
"DENND6A",82,206,275,103,117,117,26,66,164,273,332,302,312,342,213,559,455
"CLP1",159,436,372,193,73,112,28,63,41,273,277,405,215,235,283,387,544
"EIF5A2",94,166,202,83,59,100,24,39,109,312,481,644,298,469,456,557,466
"PECAM1",477,911,147,308,738,109,380,382,85,83,30,170,114,217,109,84,80
"ANKMY2",197,449,372,188,69,83,23,39,75,236,289,307,225,235,282,531,650
"PTPN9",658,552,439,408,218,193,141,88,26,140,89,260,89,119,128,199,278
"THUMPD2",130,305,255,133,100,102,38,60,119,256,346,243,273,364,138,508,527
"SLFN11",139,448,471,175,176,99,35,69,69,220,265,270,146,216,136,430,646
"PCMTD2",44,116,245,90,46,37,26,29,166,350,477,1034,275,450,706,713,690
"DCTN6",140,428,421,176,54,81,20,23,48,315,399,528,232,282,309,506,703
"KLF11",192,386,333,253,112,138,59,98,46,143,166,123,98,484,231,447,714
"TGS1",78,424,509,148,50,105,26,51,41,327,292,725,174,257,379,361,735
"FBXO30",67,141,202,88,22,19,10,30,59,383,227,3443,369,379,2308,825,957
"MGA",271,459,252,185,165,152,85,107,53,149,196,186,186,215,139,339,404
"MTF1",166,211,211,136,147,105,30,59,80,256,258,493,241,283,325,461,398
"LRRC58",79,303,547,175,114,67,24,75,88,192,284,326,420,224,257,384,561
"REPS1",1000,528,409,398,205,232,118,93,26,117,132,159,86,150,96,210,273
"NACC2",430,356,374,360,368,264,130,137,67,65,169,119,207,171,79,125,202
"STXBP3",81,263,423,179,50,48,25,31,39,274,375,1078,177,281,792,508,719
"WDR53",181,288,209,137,101,108,51,98,74,266,303,257,198,374,155,489,423
"TESK2",575,338,305,418,69,119,51,66,39,169,172,539,98,182,241,317,421
"CEBPA",736,259,141,294,2788,308,813,820,50,61,18,95,88,231,69,26,62
"ZSCAN29",227,272,249,186,108,135,58,54,81,224,218,354,213,245,231,311,428
"SPATA2",194,208,271,159,169,144,80,88,56,183,159,372,174,293,260,317,385
"AFMID",211,437,394,187,159,158,64,115,46,166,205,147,212,210,130,340,466
"CDKN2AIP",137,591,466,202,54,79,13,50,37,243,272,569,203,276,318,510,694
"CDC42BPB",500,126,225,346,213,190,142,118,66,139,153,292,156,184,153,173,254
"DNAJC11",98,581,534,142,69,88,22,36,78,255,205,468,198,306,296,352,871
"RFX7",73,251,322,202,61,88,38,41,119,234,312,374,281,334,268,552,535
"LINC00938",121,280,269,145,79,101,57,83,45,269,265,421,218,311,235,457,535
"PNMA1",269,369,466,373,62,111,26,47,32,154,123,606,171,175,409,391,779
"CDK13",167,316,364,190,127,86,39,40,46,244,210,609,173,207,409,324,559
"PTPN12",102,378,462,284,147,77,39,41,65,213,261,458,166,242,225,378,458
"ANGEL2",137,296,284,139,102,111,39,63,92,248,357,325,208,249,215,424,471
"TMEM260",161,306,242,147,99,88,50,53,41,250,203,656,234,222,558,339,443
"LSP1",371,196,92,303,1969,23,562,334,85,118,49,234,226,623,91,43,99
"SPTY2D1",108,180,336,146,74,72,33,45,72,312,318,570,225,331,277,590,614
"IRF2",188,316,378,213,100,70,20,31,40,211,259,1117,95,213,544,391,822
"PPP2CB",155,406,512,302,63,55,13,37,60,271,297,500,174,239,308,478,724
"SENP2",101,346,386,108,62,70,24,24,83,255,330,669,227,341,378,522,731
"SLC9A1",709,308,343,388,461,292,217,214,36,92,89,140,103,137,79,93,207
"COQ7",130,226,239,90,138,116,46,83,112,274,268,319,303,258,172,416,468
"RHOBTB3",145,487,501,324,56,109,36,41,28,218,257,466,146,210,250,386,838
"ZNF805",204,189,146,119,89,110,66,49,93,278,231,548,195,293,388,393,422
"RNF19A",64,236,286,140,40,43,18,22,51,384,310,1855,193,399,719,660,789
"MAML1",187,341,379,206,109,92,34,59,47,227,152,640,177,196,441,270,524
"NUP160",47,385,672,125,18,43,4,33,72,380,458,940,289,358,391,641,1314
"ZNF579",954,200,313,497,1254,850,859,592,81,24,55,15,100,106,15,45,120
"MLYCD",328,250,275,207,247,193,129,125,72,134,170,116,242,196,107,212,312
"BORA",66,427,272,62,46,71,13,37,91,382,388,846,263,374,461,546,713
"C1orf186",6059,1572,967,1681,224,478,392,160,15,19,41,23,29,64,25,76,168
"RRAGD",1311,936,571,709,1071,572,491,538,23,21,76,45,56,109,23,28,41
"ACYP1",188,309,179,143,56,73,32,57,57,348,363,361,215,384,274,583,543
"ACTN1",468,1154,848,533,853,255,261,202,23,49,58,114,87,147,51,23,189
"CLK4",171,155,140,178,109,85,36,50,85,295,202,677,207,271,579,434,410
"ANAPC1",138,416,405,140,71,142,43,66,91,163,236,302,241,274,157,399,541
"LINC01128",103,119,159,89,69,83,32,57,132,349,317,846,255,411,425,372,550
"DDX12P",76,121,119,101,117,166,51,78,110,268,260,443,237,543,274,321,672
"LAPTM4B",311,1191,651,395,382,357,183,180,21,57,95,55,171,157,40,102,316
"FGR",1352,296,226,743,3260,201,589,572,17,72,10,139,86,151,93,12,42
"TRANK1",320,585,415,296,100,203,71,140,42,90,108,376,119,135,282,175,333
"DENND4C",167,247,555,443,134,80,62,67,59,131,201,210,254,207,173,349,448
"TAF1D",291,596,375,256,127,178,75,72,34,146,166,222,183,193,147,246,415
"MAP1A",2081,247,201,713,171,449,458,341,43,35,83,40,107,184,43,154,135
"ANKRD13C",131,181,199,109,94,69,32,52,99,275,345,543,279,263,396,485,520
"POFUT2",436,208,225,293,233,143,105,67,30,158,113,419,135,161,390,210,338
"POLR3F",196,197,159,79,135,137,95,100,151,218,303,214,221,291,128,399,380
"LOH12CR1",182,145,159,130,116,155,82,101,124,251,258,256,318,307,158,322,277
"ATM",225,687,489,316,75,76,37,55,64,182,231,268,168,231,130,382,480
"CRYL1",391,495,295,381,372,192,109,104,31,87,177,141,127,189,95,222,273
"YRDC",86,229,324,120,32,55,23,30,35,354,313,923,252,370,525,747,1027
"ZNF264",186,198,281,191,168,116,57,101,83,201,174,371,179,176,289,275,366
"LIAS",142,396,237,124,112,175,60,100,96,184,234,191,310,252,143,301,414
"FAM199X",143,220,381,150,82,118,37,63,104,215,296,310,217,250,208,468,466
"RPAP3",159,404,383,171,100,113,36,72,91,174,308,201,260,229,142,360,543
"CSTA",898,893,357,335,2622,259,546,454,44,78,9,87,76,148,75,24,17
"GLTSCR1",296,108,219,210,270,186,131,108,92,163,159,278,133,236,173,180,306
"GCFC2",100,259,267,97,80,114,29,49,144,269,382,283,266,341,193,493,599
"NOTCH2",442,369,485,356,555,167,170,192,96,75,90,112,97,102,49,136,316
"C2CD3",110,205,239,110,54,77,25,22,52,382,268,1021,210,427,592,447,799
"MTAP",147,475,433,168,114,119,37,57,81,185,279,224,263,248,131,321,508
"KRIT1",89,342,314,124,51,56,29,37,100,304,370,601,199,283,361,467,680
"SS18L1",332,245,196,222,121,126,78,78,35,225,198,370,128,267,284,227,448
"PRKCQ",222,682,448,224,77,218,124,116,71,125,218,172,213,176,51,170,399
"GMDS",651,736,409,220,279,212,153,149,32,74,101,242,174,132,31,179,270
"DBT",152,250,227,102,104,102,42,102,154,184,245,338,283,269,207,349,397
"SNX13",84,308,274,105,92,54,20,51,80,328,306,718,234,265,463,474,535
"INPP4A",315,374,312,237,293,129,94,102,48,139,171,195,136,203,110,204,412
"RBM7",131,259,299,120,64,76,26,41,100,263,286,533,263,265,395,522,466
"ATXN2",184,259,260,204,134,141,62,74,45,203,195,324,227,232,244,313,376
"SNX29",190,188,159,137,274,64,83,100,81,209,150,593,131,260,311,290,370
"ZC3H13",63,215,330,97,165,78,39,109,214,208,158,411,146,431,296,353,393
"PGRMC1",192,540,572,230,96,109,37,64,46,198,280,207,162,204,140,421,474
"MAPK6",95,178,276,120,63,61,19,47,118,305,308,936,200,315,490,428,556
"SCLT1",70,364,269,94,50,58,18,39,87,376,337,755,223,333,413,596,652
"DYSF",377,113,91,129,721,100,126,65,44,131,190,592,271,296,508,159,123
"PRRC1",212,397,521,223,114,62,23,33,60,188,304,321,158,231,189,539,677
"ZNF445",265,258,235,193,179,157,104,84,96,163,209,151,227,219,119,253,324
"CFAP97",100,152,328,160,19,59,15,30,70,452,433,846,277,405,317,913,614
"HDAC4",237,201,329,195,285,156,78,141,63,133,142,257,133,177,224,230,318
"SEC24B",108,242,295,178,62,73,20,27,59,283,350,583,242,323,397,616,601
"SSH2",355,266,217,258,594,180,139,162,42,126,138,205,115,152,89,188,266
"FAM45A",198,495,217,141,197,126,114,148,158,105,200,174,71,305,91,254,432
"MRS2",151,469,503,212,110,99,15,50,58,209,296,195,224,304,158,461,619
"FAM76B",43,115,186,72,68,61,9,32,137,431,427,1012,269,464,608,808,697
"NICN1",579,451,196,225,315,200,224,177,105,84,150,81,205,194,45,104,197
"SLC35B4",395,357,304,254,515,155,176,205,74,117,106,91,133,118,76,187,217
"BAG3",245,379,656,281,87,191,37,84,10,147,143,322,158,173,286,395,520
"DNAJB9",157,153,279,215,43,47,25,24,51,303,304,861,225,285,599,572,710
"ZNF268",126,245,207,83,100,100,30,45,124,288,365,329,260,268,248,537,538
"NRDE2",224,232,231,140,229,153,98,147,98,147,214,142,222,281,111,242,263
"SEC31B",639,219,106,246,535,200,224,133,60,115,132,139,124,170,95,186,241
"METTL4",80,200,164,93,59,74,22,29,91,387,401,811,299,406,414,559,544
"ECE2",419,315,311,179,332,252,202,250,79,72,154,42,205,176,51,200,232
"NRROS",567,1206,1655,961,424,452,128,148,3,44,55,97,31,94,57,81,422
"MYL5",514,226,126,178,339,367,343,366,101,102,113,81,111,178,76,156,116
"ZGRF1",58,324,222,86,53,79,10,43,48,411,426,840,200,400,385,695,888
"PLCG1",289,200,251,154,81,210,98,122,72,149,216,193,137,271,168,249,482
"RFXAP",47,327,240,62,22,29,2,12,73,716,834,707,277,598,546,1123,1551
"GS1-124K5.11",201,183,158,122,139,100,50,57,105,228,240,430,230,311,254,331,378
"RNF135",463,389,300,234,522,228,163,176,48,109,123,92,122,173,48,148,267
"C1D",53,223,242,72,23,20,13,21,232,467,681,655,351,553,510,786,575
"SAYSD1",134,442,267,118,130,120,46,76,54,241,227,259,204,257,196,383,479
"MUT",76,388,290,101,43,66,18,28,85,341,395,697,228,283,351,547,805
"C14orf169",169,369,420,159,112,124,53,75,67,167,251,175,237,222,118,384,527
"GSTM4",508,543,466,253,335,323,241,366,66,75,107,54,178,82,23,106,188
"USP37",106,266,193,112,67,121,35,83,46,346,240,475,303,268,238,484,540
"CNKSR3",277,1024,971,494,59,275,50,132,72,100,136,88,177,96,85,120,414
"PLCL2",207,151,154,137,142,54,68,78,85,131,114,1088,307,248,765,181,329
"BNIP3",219,341,482,200,109,134,54,59,49,684,175,427,153,148,62,277,350
"FYCO1",148,248,235,134,112,99,43,50,80,267,244,450,190,333,256,326,400
"RRAS",1111,226,331,526,1433,457,566,488,31,49,47,31,64,84,30,77,126
"MSRA",807,337,242,348,663,424,288,297,46,68,65,57,100,109,46,119,160
"CCDC43",182,436,331,188,130,120,33,70,61,188,310,180,250,240,102,366,489
"ZMYM4",311,515,444,291,218,167,109,102,45,93,170,104,157,164,74,230,394
"DNAL4",230,319,265,162,119,146,51,84,39,211,176,342,145,202,267,332,428
"PPP1R3E",317,284,147,164,404,205,136,112,43,164,188,141,136,199,144,220,278
"SP110",336,432,329,146,197,162,58,98,73,135,242,187,163,158,113,264,286
"ASH1L",171,179,173,147,101,90,41,60,70,221,223,537,212,245,464,387,422
"LINC00667",189,290,262,167,89,136,57,58,27,210,217,445,247,216,202,344,583
"APOBEC3F",281,198,175,144,86,109,76,97,187,164,228,231,234,264,152,387,234
"IFNGR1",465,588,497,649,747,177,153,200,9,88,74,140,86,112,74,112,204
"STX12",245,184,208,180,230,126,81,102,67,144,168,291,186,213,189,305,303
"MAPK8",217,353,252,163,134,112,53,76,32,188,263,340,179,196,216,332,459
"TOR4A",590,525,733,681,698,461,245,230,19,42,57,59,91,73,40,81,218
"SFT2D3",241,294,307,194,233,245,109,208,38,108,126,177,150,192,99,235,326
"RNASEK",609,237,203,330,465,243,195,163,23,108,100,188,93,147,133,124,229
"URB1",142,360,503,181,81,123,51,125,93,128,183,142,346,234,110,276,504
"RABEPK",285,439,434,149,177,167,108,113,72,102,182,77,222,187,87,268,355
"SYTL1",746,605,320,254,2491,387,964,447,40,29,29,34,62,88,20,69,127
"FAM175B",132,363,314,190,86,112,41,38,43,263,244,393,203,217,251,373,555
"MAP2K1",155,388,486,268,117,64,41,45,32,221,194,522,139,192,233,296,682
"SHB",388,203,211,214,793,193,211,282,42,68,105,199,168,132,96,146,143
"PRDM15",263,111,119,106,252,128,158,197,140,153,225,120,263,276,98,291,250
"LRRC23",418,206,132,101,328,315,148,241,139,98,143,122,211,197,68,179,190
"GALNT5",135,288,423,159,13,130,17,84,94,205,235,657,275,191,415,369,424
"SMIM4",454,287,245,209,417,325,221,418,114,68,123,39,174,198,30,132,124
"MS4A3",1108,658,469,347,1707,154,226,230,71,73,23,141,65,141,57,21,84
"ZZZ3",152,308,333,199,105,107,48,63,72,187,236,218,283,222,138,383,455
"TDG",82,232,246,83,78,76,27,40,135,257,406,426,336,321,250,477,502
"OSBPL7",700,350,191,316,672,395,434,167,51,31,98,43,154,149,38,104,246
"CDC26",183,287,219,122,119,92,55,70,72,226,258,314,270,229,201,345,337
"MED23",82,221,301,124,43,118,38,59,52,226,339,449,249,296,318,558,509
"PIGV",188,546,326,137,142,132,45,99,83,146,198,188,132,226,186,270,409
"PIR",128,645,351,84,139,168,58,160,35,134,278,145,250,301,82,402,365
"ALKBH2",249,410,427,166,130,264,102,166,54,136,167,68,236,202,52,260,356
"LOC401320",380,135,85,166,293,137,107,61,69,161,218,530,139,215,173,264,312
"VPS13C",129,206,297,151,105,77,46,91,75,174,335,352,152,283,261,365,419
"SETD4",266,225,233,172,159,118,80,89,53,208,182,233,197,234,163,223,428
"PTS",76,213,241,84,33,87,11,36,64,402,507,459,349,441,349,746,672
"MMP2",752,130,123,353,1830,517,564,435,21,57,19,134,74,275,55,48,153
"JUN",587,69,278,614,594,238,93,123,18,86,31,417,84,196,324,169,251
"RDX",87,213,211,133,77,43,19,50,77,277,330,632,209,328,409,564,695
"SLCO2B1",1638,326,1062,1344,944,353,251,314,10,46,11,106,78,139,45,29,55
"RPP14",126,255,313,113,111,85,43,83,105,209,257,279,222,279,189,341,426
"DIP2B",250,636,949,297,105,127,65,121,26,125,120,202,114,128,149,197,468
"PLAC8",229,536,396,137,782,110,160,216,65,168,53,183,133,282,152,88,58
"RNF44",240,310,420,263,230,167,100,71,30,127,134,357,88,166,251,144,372
"ACAD8",211,402,346,222,110,115,56,41,50,199,203,281,149,225,184,336,406
"HELQ",157,338,205,108,109,105,48,54,74,224,255,296,235,232,263,376,416
"BCOR",95,303,344,137,37,78,11,40,42,311,461,850,141,311,452,431,743
"HSPG2",489,446,1038,775,45,234,111,115,30,59,49,354,72,140,179,78,464
"MASTL",88,237,360,96,48,96,27,37,38,399,241,763,266,210,266,575,887
"ZMYM6",140,236,178,173,139,115,50,73,42,194,258,427,195,232,232,390,435
"ZNF689",152,277,251,122,101,125,64,89,59,218,261,260,247,229,162,346,384
"PDE6D",179,510,425,161,84,81,38,55,39,227,180,409,97,237,232,425,618
"SAMD4B",117,203,296,158,85,74,43,61,52,218,144,924,150,263,525,240,618
"MRPL36",236,305,374,173,122,133,57,124,34,182,165,268,145,239,150,273,427
"TMEM185B",436,489,494,321,270,267,161,138,57,50,130,99,94,124,46,185,295
"CETN3",77,389,295,107,21,58,6,17,45,456,504,756,268,333,515,780,884
"TMC5",70,147,167,69,17,65,9,67,275,335,207,1069,375,415,883,449,422
"KIAA0895L",252,149,122,111,205,122,81,67,107,235,193,284,211,286,168,285,357
"GAS2L3",44,143,210,55,33,32,11,31,106,515,479,1134,248,404,666,1039,750
"KLHL9",132,329,333,191,119,98,49,67,52,206,204,413,117,148,273,385,498
"TMEM39A",294,271,343,221,233,126,63,65,41,175,187,305,124,174,180,213,349
"KDM7A",85,129,189,83,40,42,12,35,52,429,278,1892,226,353,963,690,647
"MED14",119,274,395,165,42,63,35,43,78,260,289,544,195,234,242,414,613
"SFMBT1",122,235,221,91,101,96,29,49,100,279,310,381,333,279,173,396,514
"NEDD1",66,181,247,78,43,30,13,33,79,408,532,750,277,375,478,792,754
"RSBN1",97,188,235,133,51,57,18,28,88,314,296,701,296,309,418,561,607
"NEK7",105,155,332,181,26,34,15,37,36,337,365,1182,146,264,883,619,799
"GLYCTK",295,132,161,124,296,186,150,166,127,103,169,131,209,247,117,182,237
"RSPRY1",85,238,304,131,63,109,17,33,62,291,324,700,216,251,374,442,552
"C5orf22",87,235,303,109,33,54,14,27,66,338,445,679,243,341,474,633,645
"DERA",140,544,470,147,103,94,32,62,39,239,206,249,165,225,180,376,597
"ITSN1",67,77,140,71,103,29,21,35,129,305,332,1569,306,301,918,547,495
"MTERF3",95,402,307,149,87,74,33,46,57,235,345,334,196,259,216,425,596
"SOCS4",71,233,234,154,76,115,19,37,82,304,314,463,239,329,260,451,545
"USP31",98,220,211,91,91,119,18,95,62,233,301,397,235,316,272,474,572
"RAD51AP1",12,222,323,80,14,58,4,14,100,508,611,1140,307,470,502,962,1210
"ENOPH1",86,344,513,135,56,58,23,19,86,294,394,342,232,258,228,517,779
"SPTAN1",1890,398,300,714,2291,391,890,407,20,31,19,29,60,108,33,22,65
"RPS6KC1",197,466,254,176,77,80,42,70,53,201,258,452,153,207,249,247,422
"COLQ",110,109,142,69,53,127,68,61,220,452,410,361,233,405,235,235,293
"RNF215",274,175,114,193,110,141,79,112,95,175,174,297,177,266,259,276,200
"USP25",117,494,393,168,95,60,12,35,53,269,241,683,160,181,403,379,563
"DHRS4L2",272,176,127,132,355,190,189,184,160,158,284,81,149,119,66,262,187
"FAM13A",47,134,98,41,29,18,11,30,141,486,669,1007,285,501,885,980,1060
"TOR1AIP1",162,432,389,219,94,60,29,51,31,214,250,495,118,207,240,407,622
"C20orf24",186,269,501,236,174,113,48,63,19,191,164,356,127,213,204,260,559
"KIAA0586",81,291,231,121,57,85,26,47,71,262,307,652,185,273,385,426,528
"CTIF",367,212,197,195,607,265,248,257,55,56,91,170,110,198,91,111,164
"ZFP90",263,284,183,109,114,140,64,91,66,231,191,232,138,270,160,356,388
"AP4E1",89,196,278,121,48,60,22,42,81,293,311,480,288,327,315,517,682
"SIRT5",178,359,225,133,152,136,44,56,100,196,194,248,181,226,143,386,355
"AFF4",132,257,372,204,96,66,33,45,32,243,275,429,171,231,381,385,469
"GNB1L",273,209,209,160,348,159,148,168,71,146,145,159,184,210,68,194,205
"SP140L",228,411,317,174,187,104,94,55,58,153,254,259,146,200,87,228,384
"FBXO46",206,231,288,210,147,138,87,87,29,145,137,363,141,193,267,254,382
"MIB1",97,215,340,148,32,42,24,36,51,381,365,723,135,277,581,544,617
"WIPF1",755,713,471,599,1125,286,310,252,56,19,42,43,89,108,47,36,110
"USP49",109,191,149,98,127,98,45,63,114,221,247,441,211,260,310,336,413
"CYB561D1",402,185,186,204,343,144,125,129,80,115,118,166,164,191,108,214,217
"RNF38",98,355,307,165,59,54,28,26,42,279,246,956,140,242,394,437,718
"BCL2L2",199,268,255,185,142,103,41,50,71,180,228,430,102,222,193,296,527
"BAK1",241,211,255,208,276,144,128,150,68,107,176,145,147,217,116,194,230
"PLEKHO1",995,286,104,470,2883,308,1191,845,39,26,37,56,53,112,31,38,46
"THRA",260,354,460,195,230,166,67,162,24,110,152,177,127,194,133,187,353
"TMF1",200,205,228,166,71,94,35,52,47,203,245,472,181,225,364,461,419
"CNOT6L",183,321,255,176,153,117,46,61,57,162,202,341,179,189,195,319,362
"C20orf96",336,273,252,193,477,306,325,255,41,70,130,79,110,151,49,155,195
"SLC30A1",20,53,58,35,8,23,6,24,211,460,868,1691,758,745,1013,1481,911
"ELF4",436,383,400,318,386,234,174,177,12,54,100,309,66,133,96,125,248
"SOAT1",336,300,292,276,332,130,124,139,60,87,107,145,137,210,83,187,245
"SLC30A7",178,243,282,166,120,100,45,52,71,186,234,285,213,215,195,380,371
"EXOC8",85,137,237,123,78,82,25,49,90,300,282,491,232,271,332,505,524
"TOR1B",160,306,285,187,143,96,70,63,62,208,127,416,198,204,142,276,359
"ABCD3",69,320,408,112,102,60,20,39,57,266,313,377,202,291,235,565,699
"IKZF5",72,181,279,110,32,41,13,12,76,399,377,878,303,368,640,663,664
"RANBP6",44,278,239,124,69,53,16,24,87,326,452,454,256,372,240,729,755
"EBLN3",123,208,244,129,37,54,33,41,47,276,285,839,172,274,557,423,604
"PHF10",160,432,324,169,59,90,29,27,16,292,256,513,170,263,270,420,755
"TMEM209",39,195,330,86,35,61,14,24,91,392,682,449,256,490,334,630,691
"MAP3K3",366,276,382,273,317,204,86,79,27,113,78,252,94,132,298,135,320
"CYP2R1",480,317,198,220,303,221,149,166,30,105,136,122,154,125,77,219,241
"C11orf71",169,230,172,84,168,117,73,109,94,187,197,245,154,282,211,339,272
"BTBD10",428,422,376,314,53,95,30,32,31,219,220,359,149,180,189,340,452
"PIGK",87,359,341,124,49,70,14,27,89,323,383,419,187,271,257,590,645
"LRRC57",100,238,260,105,75,66,24,44,64,246,240,743,201,250,332,465,655
"STK32C",775,282,323,386,972,429,348,273,70,39,45,28,113,188,16,65,137
"WDR37",237,341,322,268,187,146,54,38,38,182,172,296,119,177,172,232,430
"TMEM246",542,554,687,505,52,189,109,106,48,142,190,65,129,66,64,166,356
"ITSN2",233,245,243,208,136,98,39,81,54,173,149,379,144,209,256,283,393
"SOS2",234,292,229,191,115,78,49,62,67,168,231,296,183,163,259,333,341
"CEP41",88,323,279,78,111,97,52,79,141,213,264,173,287,261,122,392,388
"ENO3",884,329,265,331,276,511,390,363,54,32,74,18,162,111,30,134,148
"ARHGEF19",115,121,160,64,100,116,67,67,81,241,288,301,319,216,307,399,499
"MEGF9",145,282,241,157,176,57,29,35,42,221,170,786,125,174,567,358,492
"ZNF490",273,152,131,126,167,136,90,104,121,172,220,163,217,247,137,278,247
"COPG2",156,644,526,159,96,162,22,48,51,191,191,220,196,197,115,280,605
"RIMS3",67,269,218,54,20,59,15,46,120,391,408,477,254,430,301,659,829
"WDR36",129,393,526,156,90,97,42,59,49,156,248,196,175,250,123,439,576
"ZCCHC10",97,171,262,112,90,64,32,30,150,267,347,300,291,282,222,503,432
"CASP9",212,288,288,198,85,132,51,46,69,193,168,321,156,145,248,274,478
"TOP3B",226,260,298,185,173,166,86,63,21,185,138,352,124,208,159,238,454
"ALPL",107,81,372,147,48,260,36,414,102,194,156,236,237,189,126,275,423
"FAM168A",304,316,297,185,273,121,112,98,49,133,157,214,104,162,104,194,319
"ZNF197",202,200,183,122,101,133,34,49,96,240,227,262,262,272,187,372,363
"C10orf32",94,246,273,111,91,91,37,69,118,233,204,301,300,289,135,452,366
"KIAA1143",110,399,398,111,61,104,30,34,68,235,290,440,156,194,214,412,602
"PDK1",117,280,239,157,88,117,55,47,65,228,190,372,276,210,221,297,368
"CBFA2T2",276,226,193,191,203,102,70,87,75,128,117,262,156,206,271,193,345
"RMND1",240,505,388,166,185,154,97,120,68,117,111,139,135,163,85,253,286
"SPNS3",927,1428,156,230,4953,325,1467,1230,64,33,21,29,33,89,11,7,10
"CR1L",28,120,65,28,8,54,1,23,172,713,558,1357,476,701,873,1151,1032
"PHTF1",213,276,219,156,138,104,73,80,92,153,250,169,256,204,97,287,325
"SC5D",137,278,322,162,134,77,38,79,49,211,260,478,114,276,156,281,403
"FAM50B",188,336,253,147,110,136,66,97,52,123,228,204,155,204,139,374,414
"FAM104B",152,300,225,112,42,88,30,84,74,235,318,343,237,301,175,411,398
"RABEP2",1187,225,271,465,1054,596,733,408,40,26,47,12,134,79,20,46,111
"POLR1A",129,335,440,152,128,133,74,103,80,123,179,136,168,293,105,181,508
"LRRC75A",43,95,51,50,19,23,8,56,215,586,486,829,384,731,584,865,910
"TMEM80",330,216,212,191,309,118,84,92,26,222,162,231,103,168,186,279,249
"LOC729218",195,123,188,139,288,231,124,63,39,204,157,317,127,235,150,181,399
"IL18BP",270,180,142,234,561,142,103,90,29,117,178,199,140,296,132,159,301
"FOXN2",112,236,252,135,87,73,23,46,46,299,249,586,157,262,338,401,549
"SENP1",96,430,393,112,58,113,37,54,70,219,188,391,203,204,202,371,474
"CA5BP1",283,162,202,138,283,180,161,145,62,151,162,189,187,203,81,121,247
"TTC37",98,453,553,172,27,41,14,45,43,212,272,519,137,272,381,493,903
"PGM2",78,444,456,101,50,54,15,21,59,298,327,458,244,260,254,533,840
"SLC9A7",496,618,467,495,118,346,147,125,66,53,93,62,167,109,47,129,192
"MCCC2",158,732,725,202,113,161,53,50,28,118,187,154,153,182,113,275,475
"NPC1",490,287,331,495,382,132,121,125,14,98,106,327,73,103,143,125,211
"TSSK3",175,97,72,136,143,183,101,82,51,224,125,691,163,281,381,203,307
"DESI2",88,423,434,179,99,94,20,19,42,226,204,506,169,264,239,419,625
"CEBPD",1303,471,424,1204,3070,403,654,563,3,32,18,62,20,61,35,23,55
"ASUN",189,573,562,181,50,102,28,52,28,185,210,294,162,197,251,289,508
"NFAT5",168,191,211,243,112,96,23,67,48,170,141,653,131,190,542,290,440
"PDHX",46,276,357,100,46,65,17,29,111,289,342,403,333,319,247,524,647
"SASH3",736,554,200,338,1813,180,534,418,34,45,20,74,64,192,47,28,101
"RAB9A",205,373,405,205,128,97,39,72,27,162,136,475,121,116,343,262,413
"LPCAT4",390,367,400,284,247,227,151,163,37,87,98,77,94,120,58,212,341
"CNTLN",93,291,281,52,72,95,18,46,66,255,384,454,182,307,223,578,657
"TTC21B",93,255,222,69,57,76,9,49,121,245,301,454,289,314,315,613,530
"OTUD3",108,159,198,124,72,69,20,44,101,291,287,466,155,346,274,522,597
"SLC15A3",1138,124,95,670,3546,263,854,605,28,49,5,85,104,294,48,24,16
"RTN2",1031,401,274,544,717,516,435,500,24,17,44,45,68,68,31,95,117
"ACADM",44,415,441,104,10,26,9,10,54,509,582,849,197,333,525,589,1262
"PLD1",709,844,546,481,325,200,218,162,16,38,107,92,54,82,56,155,166
"LPXN",489,490,350,576,895,245,202,150,8,62,58,162,65,114,106,70,140
"PDE4A",1270,325,404,572,825,390,451,340,33,23,36,34,71,64,26,65,176
"LINC00339",175,443,226,144,108,98,37,52,54,215,215,249,205,221,161,398,387
"SGK1",506,203,495,737,453,109,73,124,17,98,90,135,98,118,110,171,301
"COG5",145,411,305,124,82,57,33,41,53,194,225,453,170,190,257,417,624
"ADAMTSL4",1619,192,201,623,2513,320,686,257,34,30,15,114,53,107,61,21,59
"NFKB1",273,674,698,299,275,175,74,88,14,93,115,122,131,122,78,177,431
"SHISA7",126,153,157,235,20,158,12,59,87,185,267,963,170,305,567,355,316
"ATF1",99,180,272,84,32,49,16,59,113,279,371,665,219,316,392,416,490
"SAMD9L",87,205,129,70,47,35,26,15,76,314,371,1113,201,358,687,547,741
"BANP",225,131,190,171,292,93,82,87,75,158,127,232,218,197,211,241,262
"S100A13",1826,544,139,424,262,368,95,203,131,57,74,23,202,84,22,152,126
"ACBD3",245,190,361,244,124,66,39,55,75,150,208,276,171,209,190,309,353
"APC",81,213,258,100,56,63,20,38,76,299,323,495,236,262,310,532,616
"LPGAT1",308,532,203,182,315,118,110,89,75,105,152,141,129,158,62,214,294
"CYB5D2",233,262,286,196,224,189,89,143,50,140,144,167,163,168,85,179,244
"PTPN4",87,268,182,98,56,68,20,44,67,274,266,612,240,331,436,435,437
"CECR5",573,429,439,270,1399,246,314,286,34,63,33,59,145,87,23,86,98
"TRIM37",76,296,289,182,68,93,19,49,72,228,272,237,287,323,167,365,666
"PIGO",175,329,295,171,129,79,44,59,37,201,128,532,108,172,299,230,598
"REST",57,265,315,188,68,70,20,41,46,238,305,465,175,236,310,569,622
"PODNL1",268,150,101,172,96,213,93,314,77,107,150,187,168,229,152,191,295
"CSRP2BP",247,300,199,132,174,180,66,97,101,124,179,128,257,187,67,294,294
"KIFC3",1238,350,601,780,1093,678,708,386,11,15,17,33,50,78,19,36,149
"CELF2",561,1106,1056,698,419,342,177,147,18,20,73,60,60,78,44,65,199
"BIVM",125,383,316,189,145,133,40,54,49,135,216,182,158,255,134,389,461
"CMTM7",1158,593,348,488,1112,215,316,261,25,35,27,72,59,147,38,50,109
"ZNF783",345,246,174,177,282,195,205,101,84,61,152,42,244,218,68,225,278
"HINT3",86,224,203,152,140,65,37,32,132,245,248,409,150,237,256,382,404
"UTP15",104,260,336,84,56,96,25,34,106,237,334,234,332,346,124,492,551
"DGKD",342,443,320,232,403,184,126,98,21,125,103,121,125,149,66,161,324
"TNKS2",89,198,415,157,53,35,10,31,100,261,349,779,167,202,411,451,636
"KATNBL1",53,229,284,118,60,46,15,24,58,321,422,648,145,301,360,746,779
"OSGIN1",388,69,60,143,597,206,184,169,81,61,50,291,183,291,273,174,139
"TUFT1",67,50,129,60,46,47,11,38,122,235,214,1343,552,367,1002,567,718
"SNX27",256,283,309,232,297,88,58,89,50,128,100,266,105,172,189,195,359
"CHSY1",95,232,341,176,102,74,38,47,49,205,243,424,163,205,218,375,554
"LIG3",244,442,382,141,158,119,66,87,48,123,134,153,163,231,132,203,376
"AP3M2",272,326,242,121,164,99,48,77,66,201,179,204,199,216,95,322,307
"ZNF318",214,438,357,192,95,121,42,45,32,178,198,288,102,196,169,321,526
"NXPE3",646,354,309,462,178,209,114,173,66,80,87,88,93,117,76,171,152
"PKN2",41,112,179,75,37,25,12,29,156,392,425,1189,262,398,485,721,617
"HSF2",103,258,228,86,59,88,34,50,60,253,323,373,208,360,204,437,484
"TP53TG1",1017,320,183,285,176,175,164,222,105,72,129,35,156,147,31,190,164
"TTLL5",131,358,352,126,128,125,51,108,39,166,199,277,159,204,143,238,389
"RPPH1",248,38,31,36,197,139,228,1616,407,72,53,33,114,677,993,331,60
"EGLN1",80,257,362,150,116,75,36,46,41,539,149,420,94,178,317,463,433
"RNF2",85,237,235,124,28,37,21,23,118,369,330,702,217,334,317,490,528
"TMEM218",189,447,336,182,171,104,30,52,35,164,203,151,204,208,128,400,450
"CENPC",57,320,308,108,32,87,18,36,45,276,292,557,200,336,356,533,644
"ZNF652",295,416,268,234,194,136,58,72,34,127,199,162,135,202,118,292,227
"ELMO2",370,375,344,352,405,141,96,77,12,100,106,238,71,126,184,138,329
"ZNF513",384,199,224,299,219,139,95,55,30,187,106,362,73,175,182,173,328
"TCAIM",255,399,273,168,103,137,99,134,84,107,167,110,169,158,77,263,326
"CXCL8",332,192,874,589,284,147,73,127,9,56,91,80,138,128,69,246,806
"ADARB1",816,457,258,432,286,257,229,150,23,44,111,77,71,138,76,93,212
"FKRP",179,182,254,150,99,112,50,79,69,137,191,332,190,244,260,193,378
"CDADC1",141,277,183,76,95,113,42,67,69,238,305,282,167,271,150,409,430
"PRPF39",66,229,282,151,46,66,27,28,60,267,391,364,215,326,268,508,633
"RAB37",1021,1101,319,431,1325,463,679,424,49,14,22,26,46,87,15,25,82
"VAMP1",351,291,262,198,303,156,163,76,25,106,87,194,69,194,152,194,378
"FBXO38",141,230,247,163,67,54,28,42,47,278,238,558,148,218,330,412,545
"SLC35C1",618,275,364,359,322,215,160,142,42,74,82,97,86,100,104,94,238
"PIGH",117,337,263,100,60,88,30,37,39,274,232,528,206,286,225,461,462
"HMGXB4",53,346,407,98,56,50,8,26,79,283,288,716,144,307,326,559,850
"GALNS",338,246,243,233,331,94,119,118,38,145,80,268,139,158,178,114,210
"NAA25",104,262,331,142,67,72,36,34,55,223,313,221,274,295,160,493,558
"RCN2",43,393,500,77,24,28,7,19,40,446,561,653,231,338,350,697,1065
"MTFR1",106,284,390,140,38,73,26,52,59,242,282,350,194,279,219,396,527
"DGAT2",119,239,146,53,377,58,69,117,80,237,296,309,172,216,223,226,203
"PPM1D",94,187,221,110,64,69,25,44,66,245,198,739,232,210,432,434,497
"PIAS2",152,277,285,155,89,125,45,70,64,169,218,220,175,221,125,345,460
"ZNF37BP",109,168,170,72,110,81,46,43,110,304,234,464,178,262,257,306,487
"SLC37A2",310,78,662,181,814,126,143,170,57,79,70,156,134,160,84,115,245
"SUOX",288,446,421,226,134,146,66,63,31,96,143,187,126,144,146,219,464
"C17orf80",174,293,204,102,125,120,43,61,55,195,212,309,177,174,221,309,411
"P4HA1",213,384,341,309,202,88,61,89,104,151,150,107,195,161,63,223,235
"TPMT",107,358,344,95,90,84,27,53,73,219,259,262,200,239,167,356,550
"SPIDR",298,452,360,187,285,106,83,83,32,138,109,161,111,182,102,189,364
"ZNF780A",225,201,166,153,148,162,117,114,96,164,180,130,180,175,91,237,262
"LRIF1",58,225,279,128,27,43,18,21,45,286,288,1008,187,298,765,575,648
"SMIM3",741,682,317,608,606,269,163,159,3,101,48,208,23,63,99,62,254
"SLC17A9",1048,293,331,376,827,272,376,130,20,40,53,60,77,93,59,89,202
"GEMIN6",190,393,218,113,85,142,46,122,99,155,263,91,267,195,77,334,346
"TMEM42",257,279,180,149,170,107,72,106,46,167,190,129,175,191,129,381,277
"EBAG9",84,440,408,120,46,60,12,24,37,369,296,646,148,226,333,440,706
"TYMSOS",32,190,141,36,54,162,8,73,176,456,410,377,338,346,223,665,345
"EVA1B",1914,131,132,498,5334,523,2281,1908,27,14,9,18,61,87,11,7,21
"ALDH6A1",80,417,299,102,61,68,19,35,76,225,267,522,180,223,311,376,566
"ZNF143",68,174,194,114,71,37,13,22,90,339,294,753,245,288,512,499,582
"C11orf80",361,205,109,136,95,156,203,204,188,189,138,191,111,203,56,132,183
"CD300A",2347,643,690,1061,1936,374,590,281,9,34,4,42,42,77,16,8,62
"C9orf89",614,342,419,510,526,348,224,206,9,83,37,88,46,91,55,122,239
"OTUD6B-AS1",87,264,297,97,49,73,45,92,43,198,282,449,166,217,233,399,564
"PPP1R2",101,222,243,118,61,58,20,29,89,260,350,482,157,292,309,487,495
"TTC14",160,330,262,192,101,89,31,50,39,169,239,372,150,174,249,319,442
"BTD",402,316,217,194,126,128,67,96,46,117,150,214,140,184,121,258,273
"PHLPP2",85,170,158,89,20,50,9,23,50,420,220,1760,256,258,1251,460,658
"GLRX2",191,317,341,173,97,114,56,62,63,124,262,111,248,226,119,319,306
"GTPBP8",99,292,265,112,53,86,20,35,160,207,315,179,342,261,151,590,425
"MYCBP2",128,438,396,211,140,99,35,76,55,136,178,216,157,182,150,231,408
"YIPF5",174,319,350,233,66,73,23,35,36,217,207,457,130,165,266,352,628
"RNF219",83,325,253,115,62,100,13,39,92,273,310,354,276,197,225,421,456
"RLF",117,283,270,156,57,50,20,39,36,252,188,686,181,229,473,387,554
"DNAJC16",122,194,182,121,73,88,51,73,81,219,200,337,228,195,238,349,386
"EARS2",146,403,452,124,94,138,71,93,112,106,196,88,370,164,79,222,289
"SEPSECS",76,236,204,127,82,101,31,39,89,228,238,321,236,268,226,455,402
"SNHG20",137,217,195,129,155,166,50,78,85,191,243,139,209,237,99,302,337
"SERINC5",151,288,240,188,91,66,35,68,32,155,227,318,118,214,397,373,474
"SNORD104",162,61,94,91,318,171,142,274,310,121,196,58,324,216,45,245,232
"IFT46",257,355,349,154,116,134,52,94,65,145,127,146,220,147,87,300,340
"CARNS1",490,149,70,237,18,88,83,28,105,142,377,229,288,202,257,283,528
"CYTH3",195,339,288,235,56,96,20,72,43,181,194,474,128,145,302,270,427
"ZNF324",148,135,182,99,90,135,64,92,75,222,222,256,172,290,155,314,348
"ABCB9",279,143,176,196,70,229,89,162,123,123,145,191,171,367,63,157,211
"KLHL42",188,220,242,99,117,116,47,61,72,174,237,221,158,232,151,349,405
"BMF",1249,144,85,426,1500,245,346,347,13,34,71,146,59,96,80,85,113
"DIMT1",108,558,561,185,64,97,56,42,39,132,175,245,142,157,173,303,662
"EIF1AY",1,2053,0,678,312,709,0,0,10,4,0,3,0,10102,8163,11334,7507
"DPH6",82,296,286,98,22,75,8,40,79,348,415,407,223,278,295,477,663
"CPQ",420,493,354,553,153,123,49,79,7,91,140,180,110,88,142,225,565
"ANXA4",693,836,1096,890,198,191,64,63,13,51,89,62,103,82,65,128,299
"MYBBP1A",142,301,645,173,140,205,74,59,51,117,154,113,141,259,85,122,647
"SWAP70",389,608,427,361,336,130,97,96,27,61,149,110,119,120,71,124,234
"GCSAML",1600,1341,2312,1252,47,470,187,105,16,20,65,7,56,28,43,105,304
"LIMK1",542,360,508,492,222,247,192,157,23,55,76,71,51,138,61,116,308
"HUS1",152,217,250,106,109,74,30,94,72,188,248,272,207,238,158,385,339
"LIN7B",257,78,94,146,198,197,68,143,90,213,191,203,153,267,141,221,181
"EID2",144,267,244,169,124,119,31,50,65,190,245,181,175,249,142,345,408
"BTN3A2",455,466,640,243,120,143,94,40,47,102,176,138,150,62,120,207,228
"CAPN7",73,261,290,136,80,65,31,41,50,208,256,382,219,204,302,445,505
"LDAH",145,425,418,151,110,83,26,30,54,172,209,239,194,230,155,361,470
"ATP5S",102,222,183,94,29,68,27,36,112,239,277,528,252,248,343,456,478
"SHPK",144,273,318,102,98,146,45,113,73,145,191,187,181,205,137,244,409
"POP1",189,258,451,118,145,175,79,100,74,81,225,72,286,243,77,172,312
"LMBRD1",109,388,373,179,58,61,21,22,23,265,285,434,173,230,302,453,563
"TAF5",102,182,161,72,68,91,34,39,88,240,291,446,225,287,259,458,425
"HDGFRP3",120,333,393,193,49,62,31,45,52,224,306,301,136,239,145,453,478
"LINC01023",454,133,200,212,158,398,275,307,107,78,96,59,127,159,42,173,105
"EMC2",141,434,362,128,62,74,7,26,28,220,262,568,171,188,461,435,598
"PRIM2",69,403,372,100,61,77,12,42,44,267,293,320,227,304,222,426,650
"CDCA7L",148,282,429,78,161,75,37,64,101,143,166,265,157,213,143,267,495
"NPTN",122,226,362,263,164,35,23,36,29,183,267,483,117,229,317,376,432
"DLEU1",112,564,402,145,43,91,21,48,73,165,257,274,220,195,124,391,500
"GAB2",1301,540,362,760,514,317,230,137,8,50,41,55,40,46,76,68,327
"SLC2A12",73,119,135,40,16,77,13,36,179,397,447,555,317,498,363,694,405
"GTDC1",132,252,269,152,53,41,19,28,63,290,261,514,134,326,304,444,513
"LINC01530",385,135,89,144,40,198,112,69,90,231,225,176,228,228,157,226,234
"TRMT6",110,347,407,104,89,97,28,55,62,193,273,172,214,261,117,337,524
"AMT",331,395,85,165,232,232,141,104,65,121,144,118,103,171,47,216,350
"ZNF227",144,334,247,114,56,89,37,58,53,229,239,338,169,221,202,344,389
"ZNF438",324,185,121,146,695,91,176,153,46,140,129,161,110,176,87,164,191
"SAMD9",59,250,225,101,34,37,9,26,68,282,307,873,291,317,502,554,565
"NANP",76,252,265,93,51,79,28,52,86,269,284,300,186,283,176,455,565
"DES",0,1285,587,0,9,804,372,3,244,204,335,55,2455,305,0,612,560
"HAUS3",48,203,219,107,42,51,12,16,76,303,426,578,220,370,344,690,701
"ASB7",213,173,147,139,91,101,56,81,50,176,185,405,157,199,240,316,299
"KDSR",265,398,378,181,228,195,92,105,38,90,115,102,125,129,69,236,340
"CARD16",399,216,121,107,645,122,239,167,90,77,174,67,128,195,52,200,132
"TK2",404,502,242,322,342,183,111,124,35,64,100,85,128,116,59,203,195
"NECAB1",14,114,207,54,8,43,7,24,152,542,617,850,323,570,500,802,608
"FAM126B",99,163,180,134,101,57,21,50,70,214,312,380,267,239,314,399,364
"TTF2",51,358,389,82,47,56,18,37,69,226,256,636,149,271,262,437,761
"GAMT",493,316,257,172,879,243,635,359,83,31,52,10,149,120,18,92,127
"CLASP2",81,329,342,140,67,71,14,43,40,250,239,417,173,247,240,432,591
"CRNDE",114,235,122,119,50,166,24,78,60,158,148,243,292,283,156,989,432
"TMEM69",130,511,420,174,85,78,51,67,39,148,147,305,123,149,199,256,435
"KCNE3",363,386,89,142,366,95,92,125,48,134,124,159,153,134,95,262,253
"HIST1H2BK",360,345,263,308,137,142,84,136,19,82,77,250,75,116,441,154,220
"MORN4",177,194,194,103,45,158,38,83,81,206,188,262,184,223,222,336,324
"SETMAR",135,298,247,88,108,119,57,72,50,197,235,131,216,307,100,336,393
"C11orf21",275,521,288,290,159,169,78,63,73,24,188,102,195,154,109,180,271
"NUTM2B-AS1",102,238,160,155,82,100,28,38,64,304,227,322,205,239,276,314,364
"TRAF3",279,400,340,202,369,187,103,86,29,79,126,111,85,143,58,237,349
"FCHSD2",344,380,272,259,241,142,134,111,26,79,138,150,124,143,54,197,240
"MRI1",196,270,141,220,87,116,58,95,83,151,183,175,166,214,92,236,439
"GOPC",118,328,284,179,85,106,29,24,34,179,241,308,206,251,171,402,479
"ZNF205",389,163,52,232,373,307,319,210,141,94,131,27,146,91,31,175,249
"PINK1",219,133,196,214,129,80,34,53,30,142,87,879,104,205,670,234,385
"DDX60L",89,208,170,113,82,72,17,31,92,255,287,453,261,216,325,295,532
"PPP1R12B",109,187,135,74,97,88,21,45,91,246,248,478,180,295,296,374,425
"TRMT44",161,155,177,107,127,135,61,93,116,151,198,165,240,237,99,243,344
"ZNF721",107,199,211,110,80,89,34,53,97,200,270,308,233,226,161,387,347
"GLTP",285,289,269,158,213,144,74,104,71,123,139,132,114,156,94,194,254
"TRAPPC13",95,269,311,117,46,66,13,52,67,215,309,341,211,254,220,466,529
"CHIC2",122,188,180,141,81,70,21,43,38,219,196,667,239,183,487,350,383
"ZMAT3",384,466,253,303,74,126,55,65,69,64,173,100,206,165,104,211,354
"ADAP1",1022,206,185,475,2370,306,786,574,24,32,9,49,74,110,34,27,51
"SFXN2",84,248,505,80,98,178,52,81,156,190,256,85,322,128,77,244,299
"CLEC2B",613,267,218,257,843,288,334,334,27,19,40,79,179,92,54,114,79
"FIGNL1",40,163,219,57,71,70,36,62,96,233,429,291,297,372,188,408,423
"ICAM2",563,574,586,367,68,333,170,128,20,70,65,60,125,102,47,145,292
"ZNF671",232,290,150,154,190,113,68,83,55,179,134,304,134,144,182,177,230
"ARID4A",63,128,148,101,98,55,15,21,122,275,239,726,236,306,438,427,454
"RHEBL1",156,241,160,82,79,119,57,67,49,183,169,375,217,223,246,303,298
"FCHO1",547,370,441,305,481,460,351,255,19,29,24,59,68,61,131,69,162
"TMPO-AS1",52,231,212,53,56,91,29,54,109,294,325,360,161,275,169,489,594
"HOMEZ",296,274,214,214,197,148,79,92,58,117,132,170,105,161,113,163,267
"ALDH3A2",297,425,392,227,445,142,93,116,40,79,109,66,100,134,52,190,298
"EBPL",219,544,595,192,124,190,66,106,34,85,121,65,120,172,75,225,413
"AKAP10",106,256,249,151,78,57,19,27,40,205,237,484,167,242,385,419,539
"NAB2",1036,399,884,769,239,366,195,163,15,44,32,52,57,67,58,70,178
"LYSMD3",79,149,260,132,24,24,21,30,60,308,323,736,226,230,518,590,547
"PLD6",201,194,292,213,45,168,19,36,72,265,111,381,323,152,377,141,294
"MARK4",468,194,230,302,361,199,218,171,41,63,80,159,63,130,69,114,181
"PDSS2",155,265,241,96,88,91,56,81,68,216,223,166,200,211,122,303,347
"YAF2",101,115,220,104,70,52,35,63,95,203,274,385,216,255,213,451,415
"SMARCD3",1278,232,134,361,3276,252,872,546,10,53,35,62,31,64,57,20,58
"LIMD1",131,333,310,157,157,130,47,91,35,143,206,120,181,181,127,290,327
"N4BP2L1",329,710,259,346,186,157,55,76,16,127,99,198,71,97,128,236,298
"ITPR2",458,708,452,332,356,205,185,172,31,30,66,57,80,127,96,73,143
"NF1",208,379,332,210,149,144,67,90,35,145,110,182,128,126,105,218,324
"ATXN7",101,194,203,120,52,65,17,23,71,240,256,585,256,229,457,395,417
"UHRF1",31,147,334,71,43,42,15,24,144,330,375,432,300,338,208,569,787
"SPA17",61,263,208,56,35,90,19,36,125,261,316,380,239,317,240,615,391
"KNOP1",109,295,372,136,142,112,66,73,100,189,168,85,182,286,58,200,406
"TMEM223",204,283,331,189,186,170,88,93,31,121,154,112,131,135,102,224,331
"B3GALNT2",185,306,275,166,95,106,17,66,57,177,171,223,185,234,131,329,402
"TRAF3IP2",324,501,327,195,186,145,68,102,57,85,121,125,105,165,78,178,234
"ARHGAP21",96,210,216,86,92,77,35,61,103,207,255,299,158,251,269,300,322
"FAM102A",932,213,271,409,96,207,82,124,24,71,84,188,108,93,114,150,308
"APBB3",279,227,172,164,301,127,126,111,31,104,156,127,111,185,124,173,304
"CRIPAK",299,117,121,159,251,231,107,81,67,150,121,245,90,230,139,141,217
"LOC100996447",104,140,173,89,45,69,13,49,166,277,383,257,261,403,179,499,367
"LRRC28",103,165,106,80,143,74,98,138,112,176,167,233,198,260,170,278,247
"LOC100129034",735,257,121,389,574,96,166,141,29,75,77,182,74,162,81,109,150
"TMEM102",495,166,267,322,604,379,351,433,58,38,58,34,105,102,27,74,108
"BRD3",99,130,248,97,88,57,36,73,111,176,206,447,181,267,245,253,396
"PIP4K2C",228,330,327,198,70,85,39,31,25,166,172,435,127,146,238,263,531
"ZNF101",94,208,225,109,115,54,40,45,133,194,223,278,182,250,177,291,416
"UBXN2B",120,368,368,174,148,76,35,44,47,211,198,232,176,159,119,286,361
"NAA30",82,227,233,129,92,53,17,26,114,174,279,359,261,236,270,487,342
"KIF14",20,136,215,60,29,51,14,30,71,345,377,875,226,372,535,668,657
"SMG8",143,349,346,151,70,65,29,35,38,185,199,352,154,181,170,423,581
"GID4",233,296,239,195,65,71,33,53,42,136,172,386,161,156,305,306,325
"RASSF2",1450,672,305,877,1632,278,367,396,11,25,9,57,48,90,30,16,60
"GEMIN2",70,437,287,81,45,67,14,21,69,273,327,285,237,292,189,560,628
"LYRM9",142,180,137,92,46,98,35,23,149,320,243,317,219,267,253,358,300
"C3",938,59,28,203,1257,122,626,644,67,30,59,149,80,283,27,81,129
"ZNF587",168,192,185,110,71,81,54,68,123,140,179,286,183,274,163,230,363
"PDE4DIP",479,121,193,361,223,127,113,94,55,151,55,292,86,95,167,131,217
"MAMDC4",303,115,91,116,235,126,129,121,110,130,166,108,186,235,102,174,223
"FPR1",1152,997,360,642,1744,322,798,610,5,30,16,83,40,33,18,12,26
"HHEX",498,683,743,506,177,436,187,230,15,23,45,31,128,64,33,113,242
"CARD9",599,556,272,399,1089,438,664,203,36,23,31,34,77,105,17,34,95
"ZBTB1",188,347,277,214,86,74,8,37,58,177,228,290,172,165,173,459,460
"NAMPT",270,613,681,677,234,106,59,47,15,75,102,178,48,82,168,165,331
"INPP5E",201,189,191,170,131,141,70,59,31,159,157,335,84,168,202,241,423
"KIF18A",17,239,272,59,11,42,1,15,113,452,438,1210,261,366,514,696,842
"ZNHIT6",105,312,342,149,73,92,28,39,125,146,215,130,254,280,118,323,384
"ADD3",267,417,322,280,67,34,24,26,10,325,182,463,92,135,267,390,653
"CASP6",102,522,464,149,78,116,42,47,47,114,173,156,174,174,126,337,508
"CERK",823,247,296,347,1148,278,433,396,38,18,29,44,81,90,26,63,101
"RPL21P28",112,71,64,54,196,851,159,295,310,129,163,58,301,150,45,228,105
"RUNDC1",187,185,173,150,131,103,44,70,51,165,153,291,154,230,178,250,328
"ZNF385A",863,352,239,400,2624,368,793,410,9,33,23,52,30,82,53,20,52
"SNHG9",216,87,74,64,193,122,119,248,179,161,148,110,196,398,80,263,126
"KIN",136,275,206,141,76,80,44,40,58,204,221,327,181,174,209,279,367
"GLTSCR1L",88,184,185,117,50,47,23,22,89,242,252,667,222,225,396,391,436
"TNRC6C-AS1",139,169,159,101,85,64,33,41,42,238,235,563,199,265,245,303,437
"VPS54",213,292,249,155,83,91,39,47,27,159,199,252,151,213,172,286,529
"NCDN",433,346,492,332,282,210,148,102,14,77,44,149,70,99,122,69,340
"PRKAB2",166,206,136,141,96,72,30,45,68,154,206,418,164,224,246,391,340
"COMMD8",65,256,350,91,60,39,22,27,108,272,417,249,219,274,193,437,435
"MED30",86,333,270,91,47,57,14,29,46,269,299,432,216,218,249,563,552
"VEZT",105,388,501,198,47,98,18,20,28,196,235,483,137,165,298,316,455
"MIRLET7BHG",239,29,52,107,240,124,183,187,165,177,132,147,151,188,270,149,191
"DOCK8",208,713,526,265,127,81,50,34,17,116,136,116,128,203,80,357,481
"PIGA",38,95,148,59,41,31,24,21,216,335,426,523,234,550,280,618,479
"SPATS2",344,338,290,166,164,133,109,91,36,105,131,127,107,151,73,168,347
"ODF2L",132,195,121,74,93,100,73,77,120,124,237,213,261,229,111,366,293
"NUTM2A-AS1",154,225,188,112,38,68,25,58,63,255,208,313,269,341,312,408,159
"KIAA1468",85,250,199,135,69,53,26,38,39,276,236,510,179,218,328,316,464
"NR2C2",99,220,266,123,62,71,32,49,66,188,146,660,117,188,338,220,562
"ZYG11B",129,294,265,167,142,81,29,72,56,131,207,139,162,256,151,352,306
"TAF3",90,125,173,95,139,74,46,60,115,167,241,277,190,356,186,256,286
"STAM2",173,172,211,146,83,68,25,61,41,246,181,560,132,132,369,275,372
"FAM8A1",199,509,382,259,41,118,34,52,12,98,118,505,90,178,262,320,415
"ITGAL",627,449,79,242,1935,229,636,239,30,28,43,66,57,116,34,40,164
"ZNF788",70,300,238,67,76,48,28,58,122,214,274,296,158,291,164,355,453
"CENPBD1",254,204,206,147,282,174,121,99,53,84,94,155,144,142,99,203,210
"EAF1",126,248,250,178,79,62,26,28,41,191,184,497,166,195,308,337,392
"NFATC2",135,791,547,136,39,240,45,104,28,110,210,224,132,131,90,243,212
"ALG6",48,278,246,88,107,55,21,28,135,217,297,251,254,281,153,421,433
"FBXO22",96,401,392,113,56,59,25,36,33,194,244,310,204,217,169,397,574
"KCNQ1OT1",161,103,95,88,120,86,63,121,145,155,174,178,231,237,176,383,202
"BMP1",886,201,191,378,399,301,275,198,52,37,50,46,85,131,26,97,176
"GNPNAT1",195,463,557,162,58,149,47,67,63,96,170,89,210,145,77,231,386
"NDUFAF5",131,264,179,80,88,113,26,60,65,209,242,199,226,283,119,394,337
"HACD1",271,409,484,297,62,144,34,62,23,113,98,194,106,128,271,261,269
"PGF",722,81,228,277,179,84,87,325,66,73,97,192,125,102,212,87,115
"CASP8",237,226,213,188,166,113,64,119,51,100,129,327,111,100,134,176,284
"BRIP1",49,165,148,53,52,94,27,51,115,325,310,379,240,246,190,428,470
"EML4",210,333,225,138,204,108,69,53,76,131,165,125,174,136,96,221,272
"TRIM56",53,65,211,102,114,93,29,46,155,202,249,288,205,549,163,284,358
"STX3",2657,621,366,1408,651,489,320,313,7,19,12,42,27,46,32,29,73
"CENPP",56,255,225,41,43,74,10,31,108,308,382,317,271,403,171,590,511
"LYSMD2",44,355,171,121,35,58,8,46,43,368,334,563,222,276,307,438,436
"RDH10",250,317,474,196,70,74,36,51,29,125,163,196,154,142,154,313,483
"TMEM183A",107,426,499,181,36,59,9,30,21,221,190,632,117,191,362,324,669
"HIST3H2A",225,128,322,262,79,108,42,140,10,119,66,623,130,135,537,239,206
"LOC90784",149,256,330,144,112,174,75,91,51,112,215,103,228,184,61,150,362
"GTF2H3",83,366,442,129,41,49,29,30,36,211,273,309,177,188,223,323,740
"SAMSN1",735,783,892,955,157,178,88,62,8,31,87,54,66,65,61,117,414
"SIAH1",85,140,144,113,75,44,19,41,112,248,288,409,192,263,275,465,388
"CMTM3",1260,364,299,696,2017,323,589,592,13,13,15,34,54,90,15,18,51
"KIZ",222,234,160,94,77,84,43,62,73,164,190,318,138,154,267,268,325
"DOCK11",394,848,569,360,322,117,98,89,12,51,73,142,58,80,109,141,199
"ENOX2",168,287,253,109,106,88,23,82,42,149,189,214,172,195,160,316,435
"SUV39H2",72,305,297,101,49,71,17,47,63,255,272,279,215,243,152,381,543
"CRYZL1",179,328,255,167,102,95,38,47,46,165,189,144,180,206,120,358,304
"STAC3",695,311,164,307,540,158,191,105,58,87,53,91,63,151,51,89,130
"MAK16",96,458,520,130,63,94,13,49,54,130,209,226,225,195,119,328,534
"MGC27345",148,202,172,88,104,93,57,81,117,181,266,122,230,164,107,277,303
"CD24",476,1890,133,273,600,231,219,219,56,46,26,71,89,135,57,29,53
"TMED7",85,174,431,176,37,35,23,37,40,211,294,516,126,236,268,366,672
"CWF19L2",84,209,196,97,65,66,29,45,82,195,209,343,233,278,198,433,358
"IFT20",261,215,201,179,130,119,61,55,21,129,131,264,139,156,213,289,299
"B3GNT5",75,388,561,205,152,78,13,26,21,160,264,250,128,193,146,451,536
"ERMP1",134,475,330,265,118,93,59,84,44,104,127,166,105,153,96,220,397
"TSPAN33",334,423,236,79,796,221,224,167,160,61,91,514,24,220,7,96,18
"REEP6",383,202,215,142,100,267,140,171,68,87,115,68,113,163,68,187,213
"NUDT9",165,351,244,151,120,79,50,42,27,132,214,171,161,198,156,332,421
"TBC1D10A",658,248,221,410,219,165,123,102,31,91,73,103,75,106,110,120,197
"KRT19",7722,478,1179,2024,75,525,273,234,25,5,20,3,69,15,15,59,108
"EFR3A",95,169,277,127,130,71,42,47,48,170,234,296,139,224,168,335,413
"PWWP2A",59,168,159,75,61,58,20,32,90,286,326,431,232,272,233,463,516
"CYTH4",1430,302,172,605,2615,273,697,540,34,20,6,27,76,119,15,17,24
"FLNB",918,1010,365,507,286,404,289,214,22,32,39,30,77,71,18,32,163
"EIF4G3",196,363,312,190,172,108,59,49,43,115,124,152,88,175,161,200,349
"MGC72080",131,159,223,111,115,123,56,84,80,160,185,126,199,265,122,201,316
"SCYL2",88,269,358,173,29,44,7,22,30,289,205,841,146,167,561,391,688
"FAS",50,288,239,103,57,35,6,8,70,217,328,788,192,337,426,587,555
"NEIL3",27,170,187,38,28,25,7,21,127,477,398,710,315,321,452,663,686
"LUZP1",320,239,259,184,192,140,129,178,39,66,120,95,121,138,61,180,252
"SFR1",63,202,221,72,40,43,14,30,74,307,380,404,214,329,241,517,576
"CPM",849,141,355,583,1486,156,232,242,44,27,45,63,80,88,47,43,62
"CDKAL1",149,215,220,109,67,104,52,60,53,177,194,233,143,218,159,285,393
"LINC00847",486,452,214,283,280,137,94,100,19,95,90,128,82,96,119,141,193
"MTL5",120,421,332,162,111,196,80,81,52,64,130,197,125,162,74,205,332
"SLC35E2B",149,222,173,150,86,112,61,45,49,129,143,508,151,186,284,142,314
"OXSM",175,356,259,134,53,105,17,53,36,153,216,260,213,195,163,305,453
"DLC1",80,618,223,97,27,106,78,45,50,139,227,381,203,191,143,310,270
"ASB16-AS1",204,190,131,116,196,135,67,63,76,172,122,193,167,176,154,171,250
"NXF3",183,139,79,40,124,73,50,30,211,105,326,115,616,450,73,419,378
"ATP9B",193,241,251,194,149,94,56,56,32,158,138,246,105,160,167,195,366
"PCBD1",453,565,443,274,376,191,84,133,19,74,69,37,82,134,39,158,245
"CNST",220,407,233,162,111,137,70,63,37,91,123,237,134,140,130,225,273
"CSRNP1",177,186,462,142,57,120,48,39,36,106,90,415,43,308,189,513,515
"AGO1",399,277,251,176,321,159,121,114,52,87,105,76,129,138,42,147,184
"MPHOSPH9",41,316,260,65,29,49,11,36,60,267,294,900,118,263,423,405,649
"ISOC1",56,294,413,121,16,58,13,33,39,259,323,417,191,235,270,484,640
"ZNF33B",235,445,224,118,151,152,53,95,59,101,109,182,210,128,67,170,276
"DALRD3",394,396,341,259,128,125,92,71,31,84,116,134,76,135,97,148,312
"UAP1",181,639,454,189,101,127,50,68,43,67,148,84,158,145,62,284,417
"KIAA1524",29,257,253,58,41,44,14,20,60,310,369,676,221,312,369,486,530
"TBK1",190,376,434,210,63,86,37,37,8,137,179,270,143,174,184,341,453
"MIAT",431,93,202,244,111,182,137,290,48,51,52,343,40,95,309,147,176
"LGALS3BP",74,273,113,101,155,177,89,181,46,99,180,100,122,211,92,236,632
"METTL14",61,288,289,115,76,73,18,31,49,181,206,406,195,226,234,391,488
"CD84",414,721,265,489,290,175,96,102,45,46,48,74,116,162,46,76,175
"ATF2",99,221,293,209,55,38,17,26,23,232,245,621,149,192,362,364,526
"CECR1",937,182,155,510,4405,168,640,536,16,30,19,80,46,120,32,14,29
"PHLDB3",639,188,243,256,543,335,270,254,65,68,82,54,45,35,32,99,115
"LOC100131564",310,151,110,134,97,89,55,48,78,178,168,216,161,184,216,282,231
"CTAGE5",197,281,235,147,96,82,36,51,15,162,159,579,107,145,276,242,353
"CAAP1",69,164,359,113,35,42,18,25,82,225,341,337,203,311,200,473,531
"JMJD7",149,108,82,53,262,102,121,150,233,177,215,74,275,250,48,230,138
"ZHX1",61,232,293,99,38,43,20,38,60,288,267,430,160,181,293,437,567
"ABLIM1",318,279,310,428,24,124,166,176,28,44,126,215,120,132,129,82,289
"RNF217",23,56,84,35,52,22,5,26,112,607,476,848,280,539,489,629,969
"NPAT",90,208,271,127,42,64,11,42,36,256,226,414,207,229,302,338,583
"IRAK3",370,461,552,401,683,135,151,146,19,82,69,61,47,66,44,97,160
"MRE11A",59,456,403,83,44,60,18,27,28,223,236,573,180,242,190,401,552
"CISD1",146,292,355,122,95,115,59,106,95,114,184,55,248,190,57,256,243
"NUDT15",114,287,333,107,71,105,28,82,65,119,190,171,171,191,128,331,387
"UTP20",64,290,404,115,46,87,26,43,62,169,231,258,237,163,152,286,571
"LOC646762",391,519,363,334,141,166,92,111,28,68,102,72,93,113,79,150,175
"NLRC5",184,167,103,96,446,109,167,211,93,81,208,108,131,166,89,92,145
"ZNF131",51,223,325,105,28,53,20,17,67,243,261,531,243,225,242,451,594
"APOO",88,302,242,87,80,71,28,69,52,184,231,231,184,209,161,342,386
"DHX57",104,325,312,129,88,94,27,60,49,148,247,212,185,169,93,342,355
"KHK",288,639,276,164,164,413,103,225,59,55,106,28,126,104,35,135,148
"ESCO2",11,182,270,33,15,23,1,15,67,468,522,886,333,514,519,793,1033
"NDUFAF7",148,218,207,118,134,113,52,69,73,127,175,188,176,195,89,210,327
"C1orf233",726,201,236,294,1242,420,665,407,42,18,32,13,94,96,17,36,68
"ETV6",379,532,376,240,464,234,146,151,7,54,76,124,72,77,43,104,200
"MCTP2",336,570,311,225,157,222,110,102,19,109,101,113,68,103,53,128,252
"CRYGS",173,72,51,59,132,82,92,58,115,263,234,251,178,328,129,322,253
"TOPORS-AS1",111,232,103,54,66,80,32,77,70,260,245,273,177,307,200,376,260
"TBC1D31",87,321,191,102,47,67,23,47,67,188,198,380,156,212,177,445,465
"CEP70",79,284,172,56,35,97,16,69,113,202,222,310,153,294,176,460,418
"IRF2BPL",287,345,511,393,269,186,108,139,22,40,59,135,57,69,132,123,185
"TRMT10B",196,205,147,116,157,95,65,119,58,132,154,153,190,190,123,164,242
"TPM3P9",121,201,168,88,130,155,51,46,85,132,333,146,159,239,83,259,313
"TBCE",171,483,431,147,94,114,34,55,24,156,145,204,119,130,111,211,456
"ADO",165,345,289,188,174,121,48,68,57,122,139,104,129,132,85,223,315
"PHF2",93,199,362,129,68,51,26,31,25,219,176,571,123,177,295,313,636
"FAM57A",490,211,354,218,160,167,95,169,36,40,125,50,150,158,70,128,218
"THUMPD3-AS1",227,215,164,131,109,87,52,51,56,151,228,195,106,175,140,313,291
"TMEM68",103,216,170,115,46,58,27,51,51,262,258,288,219,221,195,377,364
"SAV1",132,225,280,201,32,61,15,32,49,219,228,417,131,174,256,353,481
"APOBEC3B",31,442,479,77,32,92,3,31,23,285,317,561,180,265,298,221,1014
"C1orf27",149,309,228,161,112,119,38,48,40,149,165,223,120,157,138,265,343
"UTP23",74,284,278,88,65,81,27,28,100,189,234,240,220,197,149,360,383
"PRR22",137,79,137,88,189,278,117,144,77,141,139,131,177,214,72,158,209
"ZSCAN26",229,263,176,162,92,130,38,61,48,154,136,221,149,124,171,252,260
"SMYD4",152,202,218,98,118,69,39,49,67,187,151,228,171,226,173,268,291
"TFB1M",344,364,300,220,70,122,54,72,28,116,165,141,118,135,85,184,348
"FAM109A",823,138,248,373,342,270,321,223,52,10,60,34,135,115,56,68,110
"CCDC82",96,243,249,234,79,79,15,18,44,197,213,447,154,187,202,343,404
"C1GALT1C1",107,342,301,133,99,86,22,36,39,159,231,198,167,181,145,352,424
"FAM13B",188,359,247,178,101,88,57,53,24,118,162,212,139,148,142,276,301
"PARPBP",21,185,202,43,37,43,7,27,89,312,368,703,290,311,330,652,540
"ZNF764",109,185,155,100,71,93,44,75,89,205,166,280,145,195,195,228,306
"IFT43",239,304,191,138,103,182,77,112,58,106,121,81,174,169,66,252,200
"APOBEC3G",122,312,294,128,31,65,44,35,49,181,224,301,152,210,138,322,446
"C3orf38",61,238,268,95,72,53,26,25,50,194,224,448,219,198,199,423,487
"KLHL36",233,326,304,225,262,102,58,79,22,75,112,103,102,154,96,234,351
"TTYH3",686,365,463,598,910,192,294,232,5,36,23,78,50,122,36,28,110
"ABHD16B",209,118,165,182,445,187,143,161,43,94,92,92,131,168,70,97,208
"HOMER2",168,328,521,106,17,175,38,117,47,200,106,376,76,145,166,131,347
"TMEM64",88,233,276,138,16,75,18,17,48,212,307,369,176,224,271,503,556
"UTP14C",81,223,208,95,47,61,18,41,61,202,215,451,195,182,271,362,502
"HLA-DQB1",3120,659,201,850,3013,345,1123,450,0,0,12,37,5,155,35,2,10
"DHTKD1",152,407,350,172,76,92,31,48,78,186,137,265,129,132,94,154,339
"ITFG2",208,312,284,146,117,116,44,73,32,98,139,185,135,175,101,188,399
"MLLT10",115,406,360,172,50,48,17,36,34,155,179,492,89,154,229,345,582
"ABCC10",347,265,276,198,126,154,109,68,13,110,128,130,90,159,100,137,352
"IFT22",108,249,223,70,40,109,24,61,95,156,249,164,217,249,115,367,430
"NOC3L",54,308,341,70,44,58,29,28,87,179,283,217,313,203,149,380,482
"CD276",1290,344,584,741,279,301,287,208,16,17,13,34,93,163,45,31,61
"C12orf73",135,192,118,110,88,98,57,62,127,165,208,133,194,198,127,292,221
"CASC4",108,393,424,185,51,73,13,43,13,203,201,374,97,179,219,323,563
"MSI2",237,140,255,133,84,85,60,141,49,106,106,181,152,131,236,247,218
"PSTPIP1",788,149,149,316,3582,272,1039,625,65,22,15,31,83,107,16,9,6
"FAHD2B",203,201,167,112,116,152,131,137,137,79,160,32,216,186,31,237,259
"IKBIP",168,285,317,172,120,77,41,44,67,121,182,162,128,155,107,246,299
"ME2",100,509,656,136,93,52,28,30,35,143,168,243,130,172,130,229,510
"CXorf40A",216,188,144,107,83,100,56,59,55,162,195,149,178,215,156,221,298
"ALCAM",1213,270,158,545,2350,236,715,527,20,35,6,44,44,87,30,21,15
"CEP162",65,163,173,74,62,52,27,43,53,261,232,492,187,225,245,399,435
"G2E3",40,131,178,69,36,36,8,20,71,320,367,777,179,300,473,493,659
"ING3",53,253,295,78,29,42,16,29,39,245,287,712,128,254,292,478,610
"LRP3",456,137,412,262,2856,340,654,596,19,29,26,31,48,96,24,26,36
"OSER1-AS1",169,99,99,110,89,84,87,114,100,127,147,358,155,192,264,182,130
"ALDH2",507,418,91,234,1297,121,179,150,18,86,23,208,68,155,93,59,69
"ZNF512B",277,274,318,256,179,182,108,68,57,84,87,64,115,168,39,123,295
"USP36",150,191,418,187,132,133,57,32,96,82,134,148,116,206,113,152,311
"ADSS",91,488,474,152,61,75,29,34,24,152,203,242,153,134,149,269,541
"C12orf29",49,291,365,67,25,55,12,26,48,240,327,426,237,226,209,524,582
"LARS2",120,418,490,149,67,85,27,28,36,146,171,181,160,134,147,279,537
"NUS1",80,203,312,108,43,67,20,30,70,173,322,235,232,206,175,407,416
"LPIN1",498,437,381,446,422,187,129,123,26,55,52,52,76,68,54,74,163
"CCDC127",351,216,205,211,196,134,106,114,40,68,75,127,140,127,113,136,171
"BBS7",116,217,178,102,55,79,18,54,82,189,242,225,146,252,218,333,316
"NMT2",500,272,250,162,101,107,68,89,100,87,110,98,116,152,67,185,175
"DHX58",223,218,204,152,152,175,103,62,43,142,138,121,125,146,84,144,237
"MAFG-AS1",109,99,131,77,48,135,46,112,133,160,230,143,239,310,111,276,251
"COQ6",167,381,281,139,62,113,42,46,28,163,165,231,125,162,146,184,404
"MCU",147,584,456,205,98,110,40,53,10,129,114,251,64,138,142,240,410
"IQCB1",99,402,349,126,67,59,18,26,28,192,190,318,116,203,200,299,695
"RNASEL",111,177,177,88,80,65,35,39,73,159,210,304,182,205,213,333,344
"PIAS3",262,248,306,254,141,132,59,88,33,105,113,162,91,124,88,145,279
"ZFX",106,214,301,86,48,43,22,42,42,284,241,724,151,145,246,251,364
"PPIP5K1",215,249,215,146,102,75,43,29,41,171,142,279,127,162,195,215,348
"COX18",141,282,253,117,86,85,42,60,76,135,172,146,161,212,72,293,350
"DDX20",72,389,394,112,82,68,16,30,49,176,239,283,150,178,145,294,498
"FAM206A",85,346,328,92,28,66,18,23,35,204,200,479,194,195,257,391,505
"DTWD1",82,284,283,127,80,73,26,21,48,156,238,232,149,215,148,400,531
"LINC00909",151,234,204,134,103,113,51,45,39,136,160,244,161,130,187,236,278
"TCFL5",77,267,292,101,76,80,23,40,33,242,196,228,153,176,185,368,518
"PIK3CD",1040,347,147,402,1450,230,444,261,32,34,19,66,45,75,34,21,55
"KIAA0753",126,139,167,107,76,76,30,42,52,159,213,249,182,229,278,346,319
"RUNX3",696,379,568,334,527,302,244,235,14,38,26,75,43,67,37,71,68
"SNRNP48",117,236,203,146,95,76,44,44,31,169,172,320,154,157,167,262,347
"PIGBOS1",222,222,212,111,153,92,49,76,34,122,121,225,153,134,139,221,292
"AREG",507,1407,984,293,485,248,261,152,18,22,62,51,40,57,21,36,74
"MS4A2",6194,587,504,4371,133,421,160,77,18,14,13,17,30,42,22,44,102
"SPRYD7",115,174,217,113,80,72,26,36,94,148,211,198,188,226,156,332,359
"CHCHD4",131,354,331,106,79,115,48,89,53,98,176,94,211,178,77,223,324
"C2orf47",91,306,311,108,31,62,8,23,60,208,304,300,220,225,182,421,480
"FAM212B",347,185,137,159,239,199,124,191,123,54,94,58,183,178,31,107,120
"MFAP3",193,425,396,246,78,82,41,28,20,111,108,291,110,123,180,196,441
"CCDC58",80,439,370,118,84,102,19,53,37,172,254,112,213,203,77,305,383
"WWP1",69,194,223,94,59,55,23,30,55,208,271,465,128,193,247,375,473
"CEP68",295,309,254,166,262,91,128,114,38,94,100,44,79,140,139,133,194
"ABHD14A",549,320,219,226,239,247,164,184,36,55,82,31,111,103,30,111,163
"SLPI",284,216,196,94,969,87,151,289,165,113,7,88,284,428,64,20,13
"JAK3",1059,363,135,239,2768,317,1137,683,39,17,12,24,57,38,16,19,23
"SKAP2",167,495,371,206,80,49,34,40,14,146,148,279,58,149,202,295,492
"DCBLD2",333,260,432,273,55,113,30,44,33,173,178,144,114,156,54,305,240
"NAB1",230,126,156,103,102,94,82,72,70,120,134,199,157,171,125,227,269
"ALDH1B1",103,472,624,131,55,130,38,80,47,94,169,94,158,131,62,252,439
"ZNF587B",103,167,241,82,47,88,57,60,181,138,226,158,198,170,94,253,315
"EME1",54,317,220,65,91,82,19,34,47,250,269,320,126,223,167,303,521
"B9D2",229,101,150,124,203,122,99,166,76,82,119,119,158,168,76,208,161
"FLJ20021",377,89,110,146,309,163,254,290,112,65,68,65,115,124,69,136,80
"PCED1B",566,215,341,273,38,213,47,138,48,84,83,114,141,91,83,124,259
"CDC37L1",152,219,192,175,49,95,25,37,44,161,181,353,166,151,302,220,269
"SSH3",649,330,292,357,462,285,268,122,12,41,39,66,52,87,27,74,238
"FUNDC1",141,305,217,101,49,75,22,38,48,166,235,347,137,170,176,335,369
"TCEANC",47,71,86,38,34,37,13,34,90,300,232,1314,282,272,841,443,392
"NKRF",99,248,285,123,80,93,33,42,57,165,201,183,165,172,94,317,393
"LOC113230",266,70,41,110,331,151,150,202,97,121,76,132,111,208,101,183,135
"GPATCH1",126,233,154,130,97,107,41,66,40,163,160,231,168,188,112,223,348
"CFP",938,134,111,391,4277,211,558,637,23,46,8,37,62,87,39,13,25
"B9D1",150,242,207,76,15,127,29,106,115,160,226,100,229,244,89,349,305
"METTL8",99,185,378,124,86,95,22,52,57,139,225,147,219,228,103,254,356
"TTC12",83,279,195,83,56,104,35,112,119,101,267,112,213,166,85,415,253
"NME6",346,249,231,178,223,136,99,108,57,88,117,85,148,95,56,110,165
"C11orf1",112,458,225,134,56,127,40,41,63,131,180,134,151,170,93,310,356
"SLC35D2",782,482,355,470,211,351,264,223,9,19,50,43,65,65,29,59,208
"TMEM79",178,108,97,81,188,85,68,61,89,171,151,181,200,178,173,196,221
"ZNF362",270,365,312,196,139,163,86,77,33,106,98,130,61,124,58,146,299
"INPP5A",346,272,137,135,530,183,265,212,87,44,75,57,69,88,41,110,120
"SPTBN2",18,721,205,99,16,179,27,95,131,159,129,263,160,202,161,170,400
"OTUD1",81,96,120,110,91,47,19,37,41,199,231,613,151,303,364,551,248
"MFI2",1418,168,571,549,506,431,686,397,16,39,30,21,41,56,17,13,42
"POLG2",147,299,153,132,120,107,53,58,62,124,179,97,166,180,112,246,261
"ZNF696",140,162,182,128,61,88,26,60,97,134,226,173,222,127,181,220,392
"ZNF562",125,222,197,109,112,72,57,58,93,149,162,144,143,186,107,263,273
"HAVCR2",444,253,264,324,569,145,258,232,47,31,39,82,74,138,31,58,82
"DST",122,185,129,124,31,83,30,65,49,162,257,312,191,187,232,317,293
"TMEM168",84,178,232,106,97,64,16,29,72,178,228,278,198,220,145,321,475
"FSTL3",680,138,123,208,807,228,352,160,59,51,55,47,83,153,26,64,80
"ICAM1",1374,342,317,648,1597,324,668,401,12,16,12,25,50,71,13,13,30
"AHCTF1",112,232,249,130,55,62,15,35,39,195,213,338,165,186,204,318,457
"ERICH1",178,213,223,118,97,108,73,20,78,137,142,190,124,232,134,178,283
"SLC45A4",134,141,76,68,490,95,139,67,75,185,175,171,111,203,91,154,156
"POLB",246,287,193,106,75,106,39,70,37,107,192,128,138,184,72,356,421
"FEZ2",147,305,299,158,104,115,36,47,29,97,151,147,154,165,89,307,424
"CCSAP",41,179,166,86,85,42,18,33,51,272,241,622,137,201,280,425,435
"RBL2",115,390,299,114,46,27,20,31,27,162,127,749,102,130,389,313,686
"CDC40",63,172,189,93,33,37,11,25,75,256,261,537,202,257,327,336,541
"TSNARE1",261,166,176,165,434,189,138,111,25,74,61,146,84,167,52,128,243
"ANXA2R",218,158,58,98,154,103,95,104,110,83,139,84,199,322,82,308,150
"TTC32",39,295,236,70,15,36,3,10,20,386,571,612,192,336,299,803,857
"GATSL3",389,224,147,195,137,98,108,83,52,133,86,109,61,117,108,184,269
"POGLUT1",151,339,300,147,84,140,49,65,51,85,128,128,177,224,60,185,290
"TBCCD1",59,149,225,84,36,69,5,37,54,263,317,436,201,286,241,396,495
"YARS2",128,447,456,159,83,89,17,43,20,118,158,219,117,151,140,280,456
"GLCE",145,360,348,204,40,106,20,57,26,120,202,213,201,241,96,219,250
"RBM48",104,186,152,97,66,87,43,73,67,138,147,313,188,159,190,228,299
"TRAM2",281,381,444,250,76,196,60,83,23,59,116,100,142,107,56,160,277
"MGST1",441,1276,1166,476,441,185,101,139,4,33,18,56,45,93,63,51,109
"POM121",239,197,212,146,160,116,63,84,42,87,111,180,110,153,102,149,282
"CHPF",1855,293,332,813,354,472,575,283,19,8,36,12,54,55,7,38,71
"DENND3",573,463,180,255,1808,265,530,284,26,25,23,53,48,97,26,29,31
"CD4",635,1598,439,486,1447,270,232,220,0,20,19,57,28,71,32,28,62
"KBTBD8",65,200,222,71,24,49,8,15,66,310,327,437,282,290,246,506,394
"RNF216P1",256,273,210,191,152,134,72,74,34,76,117,152,123,139,83,130,259
"SLC6A6",765,263,869,957,589,324,161,177,8,23,16,60,46,60,30,43,113
"E2F8",8,223,297,44,20,24,6,12,41,391,349,1266,194,285,468,545,1077
"GMEB1",142,134,189,69,76,57,36,48,80,168,155,343,190,229,198,224,303
"HP",999,91,127,198,1501,167,522,648,63,46,13,36,153,115,44,20,8
"PREX1",1026,454,381,642,1641,235,296,277,4,27,10,67,43,76,29,13,50
"TANC1",283,277,730,401,9,131,41,48,23,78,98,199,179,154,97,239,249
"RAVER2",102,304,209,109,107,123,43,186,52,203,144,180,40,130,110,166,309
"EPCAM",70,1028,354,160,6,120,24,21,28,250,634,123,194,193,81,205,371
"IFIT3",59,250,168,66,21,39,22,28,60,163,216,748,161,282,418,309,552
"HSPBAP1",314,222,121,171,330,120,131,115,29,55,100,80,136,105,131,181,139
"ZNF644",80,159,218,108,78,64,25,37,44,180,197,337,226,193,204,300,325
"TWSG1",82,168,270,112,36,48,22,53,26,200,306,247,110,244,402,328,428
"CMC1",147,413,350,192,73,78,23,25,19,166,208,191,124,174,118,380,290
"ME3",290,232,91,122,117,213,96,81,80,87,131,71,179,186,41,134,309
"ASGR2",618,145,145,297,3849,212,773,739,30,58,15,60,28,80,20,18,6
"CEP89",124,82,126,50,115,81,84,98,126,213,184,159,143,211,90,295,215
"USPL1",176,225,182,153,81,72,18,37,44,150,183,272,174,197,140,259,333
"ZNF280D",143,310,219,106,75,62,23,50,39,161,182,278,107,143,156,304,459
"SLC18A2",328,338,195,121,13,53,22,14,20,211,283,554,68,179,237,418,546
"ACADSB",131,305,180,88,76,64,18,43,53,151,220,268,148,176,144,344,401
"PAXIP1-AS1",120,209,188,129,104,120,30,53,23,164,182,219,111,206,133,271,383
"DEPDC5",188,195,191,142,258,124,107,64,31,118,102,156,123,134,83,140,229
"NQO1",501,431,399,321,569,268,177,185,20,27,36,20,87,168,31,49,86
"ETV5",442,165,202,237,305,179,180,220,44,68,44,103,70,103,46,129,77
"BOLA3-AS1",229,390,161,186,27,96,72,67,74,130,148,147,152,166,71,169,244
"IMPACT",104,418,393,157,69,86,28,26,37,129,173,196,144,149,109,286,396
"FAM173B",68,251,263,81,57,54,17,21,96,213,300,240,165,252,176,340,319
"NUP35",30,310,267,56,23,59,8,33,65,247,302,309,286,231,190,445,638
"ZCCHC9",92,370,393,122,40,62,11,29,31,183,222,330,133,152,195,312,554
"VCPKMT",52,136,140,67,46,55,18,19,79,227,304,373,231,287,202,525,493
"CEP57L1",37,222,178,47,30,37,15,12,89,287,381,413,203,348,219,542,573
"DIS3L",116,467,369,164,108,106,47,83,30,94,117,139,126,106,68,214,365
"AGL",56,209,258,105,57,49,18,36,80,163,299,189,223,222,108,434,470
"ARID3A",133,54,76,103,348,63,77,53,82,70,108,489,162,310,221,158,194
"C3AR1",845,455,489,952,1532,297,270,413,9,23,5,37,35,91,12,19,24
"PBX3",129,263,166,150,76,64,20,37,46,183,177,307,108,183,165,388,290
"PLEK",373,2998,285,312,634,108,133,124,15,34,26,115,50,106,39,32,97
"KIF24",52,177,169,55,60,88,21,54,56,233,195,508,176,185,221,247,417
"ZNF350",97,248,156,95,76,64,37,41,99,173,192,259,131,216,133,273,250
"LRIG2",120,203,142,101,98,114,50,67,79,120,207,157,214,159,96,176,257
"HYLS1",53,291,138,63,38,65,4,23,52,237,281,732,138,244,415,392,491
"C2orf69",34,96,178,53,34,58,13,18,64,302,382,543,166,340,352,502,497
"STAG1",51,181,198,75,39,42,12,34,70,238,231,662,162,210,264,351,492
"IL16",184,245,88,118,405,56,114,102,32,96,70,165,113,201,191,140,175
"ASRGL1",302,461,173,135,297,117,127,91,52,65,65,55,117,115,41,221,181
"CASZ1",111,53,63,90,73,78,31,54,65,226,190,432,153,326,200,319,409
"CXXC5",141,352,561,254,25,85,13,28,15,104,149,337,88,179,127,316,888
"TBC1D2",1073,153,223,499,1421,266,347,239,8,30,17,86,60,73,28,20,81
"FLJ37453",115,142,154,101,150,113,43,79,83,134,159,150,129,215,107,230,211
"DNASE1L1",266,396,252,264,121,93,51,37,15,132,86,229,69,113,159,150,320
"FAM210A",98,201,282,115,92,72,31,56,75,132,212,126,189,192,94,237,321
"MIER3",44,98,168,73,48,76,10,16,89,286,284,402,215,271,260,484,436
"ZNF548",87,151,153,77,109,70,29,49,53,178,180,290,153,210,163,307,390
"BET1",95,173,279,97,36,38,23,32,43,214,238,308,213,193,229,381,369
"FAM149B1",89,211,189,83,78,59,31,54,102,155,168,249,135,186,193,237,304
"SMARCAD1",65,374,328,138,17,60,9,15,28,199,235,533,126,181,281,391,694
"NUDCD1",84,348,432,117,41,63,17,37,59,107,210,177,171,175,141,342,469
"TNFAIP2",994,168,138,695,3319,157,412,520,15,26,6,61,58,83,36,13,19
"KRT13",27,183,176,53,19,45,8,205,171,139,436,223,454,293,55,527,323
"APOOL",50,197,285,110,46,53,16,46,48,195,238,255,177,204,190,354,484
"TCF12",69,381,373,139,69,32,14,30,15,202,135,691,64,180,341,308,536
"SEMA4C",251,443,296,262,114,146,108,103,23,114,118,128,44,73,52,82,313
"MAPRE3",1252,221,257,606,169,277,167,149,20,44,47,34,60,44,59,59,190
"ACTR6",46,321,295,104,24,42,6,19,43,217,297,357,181,232,232,571,612
"CIPC",134,230,229,114,68,48,31,28,55,151,196,266,131,141,177,408,317
"ZNF160",186,156,138,130,157,136,67,69,71,96,130,160,132,136,92,179,220
"WDR20",125,199,238,155,44,63,16,24,23,162,195,474,166,176,285,254,432
"POC5",113,280,210,118,33,61,17,15,35,208,200,556,135,150,275,327,465
"GPD2",103,255,254,149,128,64,28,37,33,114,195,236,110,166,142,271,393
"ENPP4",155,158,269,199,107,80,27,48,47,116,220,145,91,185,99,316,313
"MARVELD1",540,428,384,239,955,335,376,194,17,18,40,29,46,65,15,50,113
"MYLIP",172,233,349,139,38,48,17,41,23,165,168,685,89,156,207,302,319
"MIR600HG",120,123,107,85,46,98,52,56,108,168,163,196,184,246,153,210,305
"ROCK1",77,164,230,133,96,63,25,63,33,170,189,247,134,179,162,326,330
"LINC00174",148,133,119,136,140,266,89,78,26,106,140,139,91,151,264,118,196
"MALT1",166,323,324,158,110,81,31,31,20,90,178,152,129,175,128,299,330
"STX11",141,319,186,162,72,61,24,38,40,148,260,263,101,223,122,202,306
"EDRF1",91,300,201,103,80,94,39,45,31,145,164,213,160,196,136,256,309
"GPATCH11",82,273,259,107,54,71,16,41,56,161,260,191,202,201,84,311,458
"ZNF217",80,236,275,159,103,41,14,49,10,118,110,855,85,115,853,205,423
"SMG1P7",109,80,47,72,82,61,42,62,129,195,223,169,246,246,244,363,201
"TMEM234",267,115,95,145,136,83,64,117,96,90,136,111,209,155,78,208,160
"PDP2",311,214,234,158,93,142,69,91,47,77,81,152,139,101,95,146,203
"EXO5",68,219,190,73,82,72,37,47,57,201,190,201,156,203,115,311,370
"FAM177A1",141,191,188,94,82,86,39,74,47,165,158,189,140,133,141,206,336
"BBIP1",144,205,192,94,48,78,22,41,36,176,207,289,136,187,209,293,329
"LAMA5",337,97,183,235,50,178,74,103,64,93,109,135,105,172,71,119,264
"PCNX",419,240,148,203,533,129,215,155,23,47,56,114,46,110,61,110,121
"WIPF2",129,174,307,151,102,53,28,36,48,149,127,341,113,167,203,174,307
"TNRC6C",94,112,105,51,66,65,37,30,122,225,201,315,181,235,217,336,253
"ZNF557",127,165,146,101,136,90,58,70,77,123,135,147,165,147,120,215,225
"GTF2E1",77,238,224,110,43,44,9,21,80,196,289,288,221,209,170,347,400
"IL11RA",747,205,76,301,327,189,242,140,35,61,57,62,95,99,41,75,107
"LMTK2",116,152,213,94,18,48,17,32,58,234,204,415,177,200,239,354,426
"ZNF267",96,182,210,100,96,50,44,43,51,136,221,236,126,191,138,272,334
"TXLNG",65,293,342,92,51,40,12,23,60,182,207,331,186,194,181,311,471
"SSBP2",56,201,215,103,32,45,5,17,45,265,205,544,143,231,413,460,541
"ABCG2",12,106,107,22,4,28,2,8,96,429,418,1307,356,461,916,662,734
"HIPK2",128,187,349,185,208,126,65,124,33,113,79,214,87,98,78,91,232
"RAB11FIP4",289,107,61,120,62,40,68,40,93,208,143,370,157,230,171,190,185
"CCNYL1",54,178,186,74,61,49,12,52,67,226,197,463,169,191,230,278,389
"CREM",260,133,424,196,73,75,55,42,23,121,110,199,97,140,202,174,275
"PRMT6",27,239,387,91,23,37,9,15,65,245,297,285,214,241,194,550,662
"NAA35",150,345,256,132,57,79,28,33,32,162,163,217,149,129,141,241,341
"TMEM38B",101,181,211,113,120,51,55,44,48,122,237,182,119,195,93,293,322
"C4orf32",142,164,306,107,76,87,24,52,36,161,188,190,94,134,208,286,314
"C4orf33",91,364,196,73,38,39,9,17,26,243,257,462,138,219,349,374,502
"TRIM68",119,222,186,116,70,99,33,51,62,138,169,184,154,171,124,214,272
"EPAS1",1423,423,654,1248,175,323,94,78,2,22,26,50,54,43,72,58,146
"TNFAIP8L2",752,314,213,286,994,226,307,295,11,35,30,25,80,68,36,38,62
"SSH1",285,243,226,227,222,129,116,128,33,54,68,79,95,113,51,114,238
"ATAD2B",97,154,189,76,65,47,20,40,22,190,188,561,136,164,388,344,357
"HEATR6",293,269,239,196,141,94,44,61,47,100,116,119,87,106,63,156,355
"SOCS3",465,181,374,391,282,128,96,96,9,64,40,186,25,88,99,125,227
"PMS2P1",132,274,213,78,66,123,29,68,58,130,156,153,145,165,98,254,304
"CAB39L",300,281,189,223,154,74,58,93,39,75,98,144,103,115,73,168,210
"PFKFB3",211,204,285,281,587,90,66,104,29,67,58,98,70,95,93,121,202
"LLGL2",657,170,297,219,188,228,113,116,40,37,79,27,171,91,26,104,213
"PLK3",259,145,284,209,162,112,100,75,23,86,52,176,71,132,153,155,195
"ZNF419",141,198,114,100,69,80,52,74,66,171,134,197,160,160,124,205,254
"HRSP12",45,293,253,91,51,59,24,25,58,153,384,175,201,218,123,354,370
"NUDT8",57,103,107,41,250,154,109,189,207,109,138,77,143,194,31,228,219
"ZNF789",227,216,101,91,133,121,91,58,48,133,121,100,138,163,114,189,211
"BAZ2B",111,181,163,132,185,86,35,69,61,118,114,210,115,118,173,232,200
"FLJ10038",299,268,174,194,197,228,124,138,36,53,93,46,126,109,49,131,119
"FLVCR1",139,211,162,105,117,88,34,53,54,110,199,142,157,170,78,274,333
"PRUNE",186,413,254,120,79,77,34,87,10,125,129,229,94,107,150,240,338
"GDAP2",98,211,180,81,96,41,22,57,54,164,166,280,174,160,189,274,320
"RINL",298,680,442,343,66,105,53,66,29,67,104,71,124,81,44,135,264
"PGAM1",210,530,703,278,89,89,25,42,10,103,136,86,125,123,77,149,367
"NME7",373,520,385,105,38,86,33,39,10,122,188,125,142,128,82,280,382
"TCEANC2",117,242,189,96,122,82,46,49,77,119,165,127,196,161,74,227,242
"ARRDC3",74,124,206,67,7,18,6,14,55,293,234,710,212,279,683,632,545
"CMTR2",56,198,246,118,25,24,15,26,50,184,288,442,132,269,324,350,440
"MPHOSPH6",75,410,370,142,132,46,25,19,18,188,188,175,141,160,113,285,453
"FPGT",102,195,200,86,86,51,15,14,88,182,226,229,206,230,152,335,310
"PLEKHG4",240,236,220,169,26,78,30,30,46,132,142,209,158,127,169,253,357
"ADPRM",148,231,119,85,74,79,63,58,65,101,147,244,177,163,129,232,190
"ITGB7",212,413,89,184,26,150,88,39,61,50,121,155,213,278,81,140,262
"GTF2IP20",106,53,96,58,102,131,73,71,59,149,215,230,109,318,174,117,384
"TUBB",812,7,286,97,1,220,60,191,8,8,13,1079,989,3085,3,8,2960
"KIF9",45,144,80,31,52,54,21,34,239,177,379,143,332,421,100,589,293
"WARS2",121,252,248,91,46,86,33,42,45,156,153,229,184,134,133,233,346
"HOXB3",359,143,125,206,98,210,184,181,68,78,63,75,81,97,72,128,111
"CEP78",52,186,259,70,33,49,16,28,55,216,311,298,171,253,143,394,520
"ERCC6L2",120,200,193,90,76,80,36,42,48,168,169,235,121,165,126,279,303
"TRIM14",163,331,305,118,475,105,131,71,61,47,97,65,85,97,39,149,207
"PPIL4",75,271,236,106,43,43,11,22,39,186,215,422,134,184,277,336,466
"SLC45A3",1591,575,277,1099,89,191,180,104,10,22,27,47,38,66,33,59,281
"CSNK1G3",127,178,190,94,61,58,25,43,41,140,199,280,159,204,145,320,328
"COX10",161,363,303,137,90,90,31,58,32,107,141,157,98,133,113,172,333
"RNASE6",689,268,214,396,1688,189,343,331,9,40,19,46,52,145,27,14,23
"PFKFB4",429,368,550,330,295,265,165,208,10,37,47,33,83,42,28,64,160
"NDRG3",408,359,297,200,271,99,119,117,33,77,66,40,109,81,35,132,139
"MAP7D3",304,293,294,170,102,182,94,81,55,75,107,28,106,121,38,151,238
"METTL18",41,251,150,76,64,75,28,22,116,197,238,185,149,199,143,342,390
"B4GALT4",358,184,119,162,162,74,71,74,50,79,133,118,91,125,99,171,242
"ZNF564",185,236,145,90,113,70,69,103,76,92,133,128,117,115,113,186,234
"ESCO1",111,268,209,154,78,91,24,36,43,142,150,222,163,114,122,289,278
"SLC35E2",190,128,134,80,129,94,59,95,114,82,87,234,95,139,131,178,239
"SUZ12P1",238,159,82,97,147,98,76,98,63,84,128,143,142,197,104,159,166
"ZBTB24",141,188,191,114,150,114,66,85,55,107,175,64,159,198,33,191,254
"GPSM2",21,257,187,46,23,20,8,9,34,322,242,1539,116,289,572,442,833
"UMAD1",43,209,191,60,45,65,10,16,52,173,283,362,197,219,242,439,613
"HSPA6",129,103,51,113,164,30,66,71,70,122,118,231,283,158,223,211,251
"ITM2C",502,439,466,304,779,209,355,218,0,35,39,44,22,42,29,65,144
"LOC642846",64,60,73,40,118,189,37,54,129,167,174,209,160,420,121,263,240
"C12orf45",227,366,228,85,110,123,101,86,62,69,153,43,200,134,33,150,205
"HELLS",26,249,247,51,30,47,12,22,85,241,254,287,202,266,178,494,505
"ZNF75A",125,326,207,102,88,97,20,17,40,176,147,285,119,145,147,330,268
"GALNT11",156,398,361,159,63,71,27,31,21,114,172,203,72,118,138,287,405
"CRY1",46,110,254,67,17,32,16,25,71,180,273,515,214,212,316,472,476
"PRKACB",360,874,545,430,72,135,52,26,11,66,77,110,70,90,51,174,250
"ZGLP1",184,73,45,77,125,159,159,216,158,80,102,101,205,137,93,124,126
"ATG4C",71,290,259,97,71,36,15,28,56,179,234,210,171,190,125,311,458
"KIAA1279",91,269,292,155,44,56,19,22,43,184,176,195,144,119,203,347,410
"SIRT1",47,165,210,89,50,38,5,34,58,216,189,649,123,169,384,369,457
"THRB",168,367,176,154,10,87,31,58,40,91,216,155,207,130,115,338,346
"BBX",73,235,263,112,40,77,21,27,37,144,150,481,105,151,271,283,371
"MYPOP",259,124,149,199,246,140,142,110,21,87,115,134,63,118,71,120,158
"KIAA1033",101,185,253,165,125,59,30,41,33,133,152,242,116,132,192,215,253
"GPR153",1867,212,1014,900,75,367,268,249,11,8,19,4,44,60,17,60,197
"RNASE3",341,1084,189,120,1478,116,274,431,30,72,17,46,22,127,32,17,38
"AASDH",92,233,141,68,61,65,19,28,34,194,205,396,181,173,159,357,389
"ZNF518B",88,191,209,120,39,84,19,24,52,148,127,337,131,176,269,324,368
"TXNDC16",26,172,212,83,16,34,4,26,48,266,255,677,155,250,373,469,709
"AKAP11",57,138,251,82,36,42,32,29,37,207,233,325,135,186,265,353,468
"PXN-AS1",127,128,109,56,80,101,72,129,156,154,178,64,198,230,40,230,187
"HERC6",81,228,135,44,50,69,18,36,71,174,243,293,148,242,207,263,384
"PDIA5",450,533,428,261,296,222,158,113,13,35,64,31,74,56,22,61,242
"HLCS",288,268,225,168,110,132,71,78,37,60,104,112,120,107,55,178,200
"CLIP1",112,129,206,120,83,52,36,48,34,150,141,332,102,163,242,208,333
"HIP1R",299,152,224,141,49,174,109,111,51,97,125,94,168,181,47,58,185
"FAM91A1",107,146,194,129,60,61,28,37,27,139,189,414,94,190,228,250,354
"TTYH2",1274,356,835,1332,116,300,116,82,3,18,31,109,28,17,90,38,155
"KCTD13",363,228,214,250,169,124,81,51,19,88,62,116,75,116,96,126,258
"IFIH1",97,192,144,107,56,39,35,22,42,159,235,324,136,186,166,371,392
"RGS2",350,349,737,203,120,132,76,54,58,61,101,85,63,70,19,171,165
"ITGAM",445,410,103,262,735,115,337,155,31,66,3,123,103,91,57,15,84
"INPP5F",302,190,134,131,71,85,16,51,61,173,155,186,91,160,107,260,262
"STON2",819,855,663,845,34,292,96,80,15,23,48,42,74,46,36,62,190
"TICAM1",202,163,234,235,224,156,89,74,14,85,82,174,56,111,83,110,276
"LZTFL1",83,293,266,87,22,52,16,44,45,142,206,315,129,194,214,350,343
"NEIL2",235,136,214,126,113,136,74,90,121,85,109,67,128,156,52,125,169
"TUBB1",16,606,211,48,24,19,4,16,52,230,263,935,207,238,347,335,608
"C2orf44",151,160,155,80,88,98,44,61,66,108,141,185,166,142,170,167,214
"GAS7",519,139,458,408,1362,179,266,217,23,33,20,45,51,50,28,35,67
"FAM63A",384,321,176,174,160,151,99,140,43,58,71,79,101,69,62,117,124
"TUSC1",151,149,186,134,136,169,40,123,43,67,104,92,144,184,56,216,256
"DPEP2",898,445,167,273,613,211,319,198,12,23,65,21,69,71,21,41,76
"FBXO8",54,171,186,67,18,29,8,16,49,277,232,668,144,213,538,428,525
"ARFIP1",62,278,328,155,18,41,20,17,27,188,203,401,127,180,246,301,519
"GBE1",126,347,536,187,51,83,34,51,23,87,136,175,76,123,126,174,385
"CYB5R4",51,246,289,95,32,23,16,17,36,253,251,445,102,256,245,335,534
"DOCK2",691,1052,751,740,619,218,178,107,4,27,10,56,19,50,28,23,104
"ADRBK2",489,414,247,219,763,114,235,203,20,34,34,62,49,73,44,47,81
"RAB2B",142,192,173,153,62,65,28,36,24,169,119,421,83,149,206,231,361
"TEC",312,481,266,341,63,119,63,62,18,55,93,116,127,96,103,130,139
"PDCL3",147,269,238,123,88,99,30,46,50,91,182,77,181,179,57,263,300
"PITPNM1",686,195,277,392,1028,229,364,201,6,23,28,44,61,73,16,50,78
"TRIB2",314,509,337,277,21,125,51,54,21,59,85,179,81,133,68,173,320
"EFCAB11",45,197,143,69,49,53,12,26,84,168,278,210,241,290,142,459,389
"APBB1IP",251,603,380,214,814,289,222,139,12,51,42,111,28,60,38,17,73
"TREML2",32,269,76,34,39,37,36,27,52,291,122,855,209,247,571,199,307
"LDHD",618,453,267,249,52,127,168,148,45,23,19,71,149,117,85,96,84
"ZSCAN22",161,172,126,71,88,83,45,71,45,154,124,266,109,128,218,170,222
"HIBCH",116,350,300,118,80,75,27,47,65,81,111,103,184,167,85,256,294
"IFT74",114,409,271,104,35,77,18,52,23,152,106,228,138,143,165,301,386
"KLHL6",453,396,271,372,391,154,112,92,36,19,60,57,55,92,36,76,133
"KIAA2026",63,135,136,71,40,38,11,27,65,217,224,563,121,220,390,422,324
"PIK3R5",755,228,176,575,1649,172,311,305,8,40,9,66,37,115,31,25,19
"HSBP1L1",408,345,105,132,365,133,110,112,16,39,139,132,48,101,51,139,164
"DBR1",59,233,278,115,41,55,16,23,34,181,238,306,115,172,173,292,577
"PAPD5",58,87,155,70,49,56,12,20,91,184,254,352,217,219,282,429,306
"SEPT1",205,160,55,79,633,249,318,363,56,60,71,48,75,136,23,91,84
"KLHL17",193,70,102,96,246,82,86,86,71,109,95,162,111,214,80,122,249
"PLEKHG2",342,145,136,185,717,174,258,199,47,41,44,62,76,92,39,68,71
"MIEF2",156,137,131,105,133,122,67,104,42,112,100,128,136,170,69,173,242
"ZC3H12A",332,158,299,264,293,90,70,89,11,81,58,171,28,90,136,123,247
"SLC27A1",800,124,133,269,1379,243,556,368,24,16,33,21,64,79,17,36,50
"RRP7BP",58,169,106,53,61,104,52,65,123,399,194,117,197,188,82,251,120
"CLYBL",103,272,117,66,54,157,62,50,52,141,168,136,201,127,80,343,189
"CHD9",51,153,200,101,47,27,14,31,49,203,212,417,131,227,284,342,409
"FAM24B",190,271,62,108,83,131,58,54,52,134,159,114,180,152,94,170,199
"RYR3",678,628,395,640,61,418,198,145,25,22,49,32,27,49,20,74,134
"NXT2",32,181,168,54,76,50,18,31,53,201,262,272,178,244,148,390,452
"TBC1D2B",376,173,110,119,558,99,174,167,21,175,54,100,77,83,24,128,116
"BCL3",1136,220,329,520,1040,348,372,369,4,16,16,29,31,36,29,14,78
"DIEXF",115,274,271,119,51,83,35,55,65,90,172,126,150,140,87,179,344
"RBMXL1",77,219,208,77,63,79,30,38,43,153,185,244,113,207,97,307,369
"PRRT3",89,44,57,51,70,62,23,47,137,175,122,505,224,278,457,182,252
"RFX2",119,103,190,86,164,76,68,49,57,138,115,326,73,170,106,184,212
"ATE1",55,149,219,109,72,39,30,31,73,131,218,217,174,176,150,320,326
"MOCS2",193,442,350,149,43,76,36,36,19,95,170,98,125,161,73,249,404
"NOL4L",179,269,171,153,181,110,80,73,24,61,103,141,106,142,57,157,237
"AP2A2",312,70,44,167,132,91,59,178,52,111,108,118,136,205,35,286,225
"CMTM6",263,706,473,458,132,65,35,34,9,79,97,210,44,64,108,113,234
"STXBP1",219,173,237,156,127,142,82,89,36,100,108,208,28,104,43,151,287
"SPATA5",72,166,159,56,47,48,12,38,47,176,225,250,184,269,221,365,426
"ZNF32",230,282,167,126,220,124,103,127,40,76,79,31,108,252,24,155,156
"IRF5",888,222,159,333,3092,171,211,423,12,38,12,39,50,74,35,12,27
"L2HGDH",69,214,170,86,33,61,24,31,88,160,177,229,174,192,167,239,391
"ERC1",283,213,291,195,152,131,56,94,23,60,93,93,76,112,97,130,178
"COA7",141,252,263,73,86,85,51,114,62,72,139,82,184,176,48,170,246
"CH17-340M24.3",417,97,69,116,807,184,353,268,95,48,49,46,94,117,18,84,36
"SECISBP2L",57,116,178,102,34,48,22,40,57,164,196,529,101,174,334,281,310
"STIM2",232,219,170,174,54,115,66,70,21,76,136,202,89,136,92,194,215
"KIF21B",224,440,115,203,310,148,161,41,8,61,86,118,177,101,42,77,213
"ERAP2",194,227,153,19,153,178,15,136,102,122,219,31,245,147,61,89,438
"TFAP4",129,320,354,197,142,203,85,116,21,58,71,74,102,95,68,80,222
"ZBTB16",111,33,74,101,125,90,55,132,111,98,45,382,169,116,414,131,179
"TET2",92,227,211,144,89,72,40,24,15,165,176,282,101,121,188,227,292
"TMEM53",407,124,124,175,367,181,200,229,38,44,71,51,110,79,32,78,102
"PLA2G7",660,262,370,718,1483,164,198,171,3,28,20,41,55,126,26,17,38
"RP9",179,182,139,108,114,99,63,74,32,86,130,123,157,172,75,211,198
"CKAP4",3188,848,233,1110,224,163,162,130,6,14,11,22,54,33,34,25,159
"MSH3",114,248,230,93,67,84,32,32,45,136,169,169,126,209,77,243,299
"ZBTB18",51,64,57,67,34,26,21,17,113,258,295,531,187,307,296,453,392
"NDUFAF6",158,436,291,151,49,100,26,40,22,115,160,116,137,155,69,227,295
"FANCF",94,275,258,120,25,90,13,30,57,151,186,183,156,139,135,279,390
"LANCL3",70,96,95,60,4,24,8,20,168,241,266,374,376,431,295,505,295
"PYROXD1",60,155,152,64,47,44,7,3,48,262,359,457,266,243,205,433,423
"ACSL6",10,6,34,20,18,7,5,14,72,589,372,3576,387,456,1096,610,833
"BPNT1",145,263,322,137,111,95,37,78,40,69,112,81,153,130,57,200,266
"IL1RL1",1876,632,960,1087,85,196,191,117,8,11,28,6,59,30,12,44,203
"ZCCHC14",344,184,250,238,211,203,149,85,19,48,44,119,47,94,64,120,142
"SRBD1",60,272,271,63,39,45,11,38,34,185,194,290,145,252,161,318,443
"CASP8AP2",27,167,200,64,24,26,7,15,45,323,279,610,155,205,352,470,575
"ELP4",62,390,368,98,37,47,8,26,38,156,146,353,104,155,206,293,504
"EFHC1",131,270,148,94,92,121,42,59,53,97,137,126,147,139,69,242,207
"BCL10",98,168,217,114,55,42,24,22,45,139,214,285,136,179,148,317,329
"FCGR2B",922,276,86,555,370,97,297,182,5,59,49,72,31,51,69,62,81
"ZNF343",186,209,177,94,71,99,48,63,67,90,137,122,147,136,86,166,215
"TIPIN",35,246,263,45,45,65,10,34,96,179,274,126,267,258,82,385,374
"ABHD13",62,133,175,90,47,48,21,38,35,167,239,285,124,197,184,343,470
"GCC2",54,160,154,89,41,49,12,26,51,203,191,493,124,189,272,323,377
"RNF146",123,187,204,223,142,62,41,48,33,116,106,171,119,81,145,196,216
"SEC14L4",18,58,77,19,8,27,6,17,198,371,390,1024,200,432,417,355,795
"GAS6",602,284,94,511,1578,392,314,344,5,12,32,26,23,37,44,61,47
"SLC35B3",150,238,200,134,42,55,21,29,24,162,144,310,143,132,170,282,283
"BAIAP2",763,174,274,398,245,136,161,150,44,27,34,23,71,56,19,123,160
"TADA1",30,176,247,62,20,25,6,13,74,262,303,377,155,260,228,584,585
"CENPL",34,188,232,63,42,46,9,17,56,168,181,542,189,191,231,370,491
"SLC35A5",95,261,197,99,71,68,27,43,47,127,140,246,101,104,147,241,345
"ADGRG3",467,911,78,122,1226,138,631,297,30,40,12,24,70,85,22,7,68
"CDK17",55,93,153,65,16,29,10,25,49,235,213,752,188,252,427,370,405
"AGAP2",364,219,262,233,363,188,229,161,27,28,50,32,96,97,19,64,111
"CEBPE",493,926,81,150,1279,134,518,493,44,26,10,36,68,88,22,2,25
"KRR1",38,305,285,61,23,44,9,20,52,190,212,367,156,205,187,405,503
"NT5DC1",82,489,393,114,22,87,11,30,31,147,184,171,114,128,119,326,437
"CTSW",623,504,178,309,775,184,470,366,45,15,20,7,65,30,5,28,91
"C1RL",329,329,226,199,413,146,154,87,21,70,48,94,46,65,54,49,149
"TMEM233",261,37,116,84,16,17,2,41,217,246,28,449,678,254,447,195,443
"NSUN6",123,213,150,53,44,62,23,47,42,130,193,233,165,176,170,301,287
"ZBTB11",30,105,192,115,42,31,16,12,49,242,203,466,191,225,307,330,402
"ZBTB2",126,189,261,134,57,46,28,35,26,134,124,243,109,166,128,321,345
"SH3TC2",46,250,294,144,6,79,8,39,46,182,243,296,162,116,166,318,447
"SUCLA2",50,323,325,96,22,32,11,19,48,176,262,249,124,200,162,391,508
"PGBD1",463,238,177,249,59,155,69,90,42,65,102,57,103,103,30,136,212
"RALGPS2",58,169,155,84,61,35,24,36,37,179,178,414,127,185,160,347,368
"TGIF2",535,300,175,161,513,196,287,254,36,19,40,30,99,72,22,35,72
"SULT1A1",403,281,213,311,1526,75,298,91,22,21,55,21,92,83,26,40,105
"BECN1",126,386,323,201,35,38,15,21,15,126,113,585,50,99,301,195,593
"PELI3",253,75,122,111,415,98,140,111,48,80,99,66,82,151,53,111,161
"LOC283788",141,163,104,30,130,51,77,69,20,121,136,423,196,108,147,232,215
"AIDA",60,155,154,51,11,45,9,26,51,220,309,493,227,167,312,358,427
"ADM",291,89,87,364,574,57,112,65,46,106,102,204,35,134,56,121,59
"PRMT3",32,254,406,105,13,29,6,19,22,209,267,467,133,190,302,404,589
"TRAF3IP2-AS1",169,126,83,94,95,81,50,81,61,133,113,185,136,147,132,185,160
"CSPP1",157,197,200,157,49,81,29,46,42,98,153,169,143,159,101,203,232
"GEMIN5",46,334,347,103,24,48,10,25,43,137,221,237,164,157,216,254,483
"COBLL1",233,146,248,134,10,60,35,29,42,167,173,328,53,121,169,309,350
"PDXDC2P",319,127,98,129,194,96,200,72,42,77,108,157,80,54,114,82,156
"TCTEX1D2",68,167,189,50,40,58,12,29,131,212,294,99,200,269,109,428,245
"NSUN5P1",318,96,76,140,342,155,202,111,72,61,79,44,97,156,35,101,110
"SASS6",18,177,205,36,16,33,1,13,91,324,377,452,212,308,283,505,534
"KCTD9",37,126,196,37,28,41,12,17,102,237,232,552,146,232,251,344,433
"HELZ2",163,105,180,136,32,138,35,80,47,114,98,238,72,169,141,133,358
"TATDN1",127,344,267,117,63,76,22,36,21,132,127,168,103,133,132,261,324
"PANK3",112,134,227,107,77,27,14,37,45,168,131,374,140,155,230,242,271
"TLE4",86,166,69,69,140,49,28,56,88,88,205,328,129,254,98,198,242
"SMIM8",64,173,161,60,43,42,18,23,50,176,244,293,164,227,197,320,373
"ZSCAN25",83,180,211,65,55,49,15,26,41,170,171,495,92,186,186,252,430
"COG8",139,226,276,114,88,76,34,60,33,108,104,155,83,143,111,156,334
"WDR19",228,200,177,130,73,78,25,82,14,70,125,259,104,91,213,217,246
"LCMT2",44,248,248,86,31,58,9,16,40,278,208,367,106,153,211,261,604
"PPP1R26",815,254,365,562,284,284,222,157,15,18,25,14,53,47,20,55,136
"C1orf131",63,353,378,87,24,43,7,16,30,187,197,299,158,138,200,324,582
"STK32B",638,187,322,283,125,356,98,432,29,18,104,13,115,53,15,40,110
"FEM1C",54,127,214,124,58,55,16,32,29,190,131,466,114,180,259,222,353
"AGO4",304,268,183,215,243,103,59,79,19,65,76,101,70,91,65,142,176
"BRWD3",63,138,159,92,49,46,15,48,43,163,197,362,113,199,254,272,283
"PARP11",84,211,160,83,51,46,16,26,69,144,193,266,134,177,181,278,328
"ETAA1",53,205,130,71,34,54,24,21,86,239,251,240,129,151,130,384,355
"ZNF140",100,234,191,107,66,81,38,49,48,136,125,181,103,137,97,203,267
"UVSSA",97,76,89,77,115,71,34,25,94,168,108,365,92,198,217,229,251
"ZSCAN16",112,712,272,177,55,144,50,93,15,63,129,128,112,89,83,131,137
"TMEM238",90,69,161,129,308,362,216,510,81,46,51,41,69,186,18,77,72
"TRAPPC8",67,250,317,132,41,38,7,16,12,174,152,603,96,120,356,328,552
"SCARNA17",139,7,58,40,67,124,36,191,300,129,114,126,174,711,116,206,88
"ZNF232",131,166,150,75,83,105,62,110,83,96,118,80,151,159,47,196,194
"DYNC2LI1",93,371,245,92,23,77,19,28,30,174,211,85,168,180,102,383,387
"KIAA1109",87,229,171,108,31,41,21,33,29,171,212,282,80,173,221,320,387
"RAB12",61,112,152,111,37,32,13,22,45,191,188,450,141,191,278,391,385
"TSPAN31",168,303,208,175,62,48,23,43,24,105,98,278,56,101,240,201,357
"TMEM170A",134,206,246,160,45,41,23,38,58,117,140,208,139,132,155,176,252
"ANKMY1",136,145,56,53,191,85,85,96,138,103,100,122,124,140,62,196,163
"SLC6A19",123,73,267,153,9,55,46,146,67,230,133,344,116,16,214,259,182
"LINC01604",105,141,88,66,122,113,70,81,98,111,151,110,133,170,64,181,155
"HSD17B1",387,168,219,212,368,221,248,183,27,23,66,24,82,84,16,77,106
"KLHL11",108,189,171,114,60,58,13,24,27,154,177,276,116,156,177,367,344
"ECHDC2",507,175,156,177,166,166,253,86,23,68,94,34,101,63,17,115,180
"C2orf42",126,182,142,115,94,76,37,41,40,114,112,217,137,121,172,203,183
"TOB1",69,116,190,63,49,44,26,107,34,103,175,479,50,192,301,226,335
"SMYD3",544,483,312,456,109,154,99,123,14,30,58,43,76,58,27,96,138
"STK36",167,145,186,138,79,95,39,55,29,104,139,142,108,126,101,200,268
"C2CD2",91,163,112,67,136,130,95,135,72,58,81,147,111,129,70,177,193
"NAA16",41,159,266,67,29,37,7,15,37,218,223,414,140,232,240,421,582
"ZNF341",156,164,138,106,151,89,55,61,62,95,115,115,112,175,76,140,169
"ZNF850",63,155,174,62,47,87,21,49,90,117,187,183,147,220,118,230,303
"FAM219A",207,135,125,150,146,88,47,39,13,151,102,269,51,142,196,147,231
"GPR155",47,145,126,62,40,63,13,45,122,178,219,207,169,254,105,345,290
"TSIX",175,51,72,97,106,67,74,68,144,114,140,116,138,229,111,163,128
"FAM102B",106,413,516,349,61,96,23,55,17,81,115,132,66,86,52,245,285
"MTMR1",99,195,273,137,67,69,19,49,31,119,139,175,114,121,91,257,418
"JHDM1D-AS1",25,108,105,29,27,35,32,42,83,190,193,404,284,301,265,387,240
"GK",265,127,191,159,313,80,93,96,33,84,77,128,82,77,72,97,121
"PPAPDC1B",337,208,236,179,96,99,59,58,29,85,74,116,59,96,79,167,226
"ZNF586",89,198,161,65,52,51,29,41,62,129,195,256,124,160,137,247,273
"NLN",276,315,358,258,212,77,76,71,25,37,87,57,106,97,52,78,174
"UFL1",55,150,216,79,33,37,11,15,46,242,363,273,122,239,178,390,371
"AMIGO3",143,67,94,70,99,69,48,55,74,132,118,288,114,224,146,144,226
"C15orf61",242,181,190,154,160,127,69,100,37,53,86,86,95,102,74,132,140
"SCAI",91,171,152,77,55,55,30,43,78,144,203,143,163,186,99,227,267
"ZC3H6",56,114,89,80,70,36,12,32,86,230,175,389,142,182,280,317,235
"TM2D1",68,193,84,74,54,25,15,11,57,220,257,390,149,195,255,313,438
"SIGLEC10",131,209,89,64,260,64,59,57,44,156,99,192,102,158,169,87,145
"WDR92",175,243,233,135,52,79,24,48,55,88,120,129,142,137,83,206,238
"FRMD4A",47,131,68,66,87,37,17,45,59,142,149,720,206,165,323,169,287
"DOCK7",70,200,162,93,39,38,13,12,41,189,254,348,214,141,215,251,429
"MORN2",92,268,180,63,24,73,24,46,65,123,240,102,186,174,95,370,266
"OSBPL11",66,119,181,81,102,35,11,16,47,176,202,417,125,195,243,287,304
"CENPK",13,222,318,46,16,16,6,13,33,311,426,668,96,217,385,390,740
"SEMA4A",719,377,110,273,1403,182,527,316,8,27,11,60,48,61,24,12,27
"GGT5",1335,161,169,688,7337,276,1409,791,4,6,4,2,8,12,3,6,31
"MAP3K10",363,102,186,226,446,293,187,150,15,34,50,50,33,132,39,53,166
"LPAR5",773,461,812,550,28,386,193,205,11,27,35,23,36,20,44,42,124
"CD244",2427,608,390,962,177,445,284,261,4,14,9,30,25,23,21,8,38
"ZNF292",90,146,163,109,106,69,32,31,45,135,143,217,121,135,116,243,253
"ZNF561",111,205,255,111,64,72,22,45,46,108,118,177,101,156,104,249,283
"PCNXL4",83,654,675,247,28,58,22,22,9,98,104,254,71,77,167,228,397
"FAAP24",81,161,162,63,83,71,28,50,78,141,160,168,161,256,61,190,236
"DNAL1",131,146,138,87,80,76,36,62,76,92,159,115,171,163,81,205,210
"GINM1",82,243,171,76,49,40,15,25,39,191,134,446,79,151,224,318,372
"PARG",63,196,223,91,51,30,27,38,78,154,158,220,143,130,115,305,298
"FAM35A",195,311,259,179,136,145,37,86,84,44,107,33,150,82,33,118,178
"MTFMT",134,182,202,106,98,71,29,68,66,102,135,102,103,124,80,219,236
"UBE2W",94,176,157,120,120,35,31,35,50,119,149,247,104,156,142,185,253
"LINC00997",149,145,202,184,54,79,24,58,44,118,140,179,70,148,85,203,287
"OCRL",118,220,185,98,101,100,44,41,14,113,109,209,96,101,122,205,360
"MMS22L",16,218,260,51,14,31,9,13,52,237,259,488,159,213,212,500,640
"RBM45",106,260,184,96,68,97,30,41,42,118,140,138,129,129,92,218,260
"SPIN4",97,132,224,166,13,27,18,5,40,195,348,254,99,217,298,359,386
"PRMT9",78,173,155,68,57,43,27,25,62,138,191,234,138,160,177,252,344
"RNF170",265,291,143,157,122,120,62,95,25,55,117,68,84,104,56,141,215
"NEK1",64,213,154,56,10,24,12,21,51,192,262,354,185,199,258,418,502
"MFSD2B",36,152,153,63,3,51,5,34,22,250,152,1309,102,167,705,248,761
"LOC171391",366,79,66,67,327,181,182,111,74,52,103,63,98,133,37,155,68
"RARRES3",59,29,25,27,21,38,19,119,359,160,264,419,202,272,316,313,200
"ICAM5",243,201,261,316,57,185,60,73,16,41,57,250,31,158,92,68,292
"SENP7",53,131,141,74,15,34,16,24,47,219,248,459,145,253,302,306,306
"ZNF800",39,108,220,78,31,32,4,13,38,221,200,496,187,214,329,508,449
"IFT80",59,257,260,134,34,44,15,29,26,143,183,301,87,159,221,298,322
"AKNA",523,303,116,274,1829,211,434,301,10,16,8,45,38,69,38,16,44
"ARHGAP25",1288,679,449,769,736,244,240,158,0,11,10,38,27,27,12,21,66
"SEC24A",134,140,222,136,42,38,12,37,52,143,214,189,112,133,138,282,344
"RBM4B",147,222,203,93,133,87,38,62,36,93,109,131,112,128,87,139,215
"RGS3",133,143,147,115,123,102,45,96,54,84,95,381,50,67,156,87,204
"SYNJ1",47,90,127,91,37,26,8,20,64,216,202,469,180,226,290,396,345
"TMEM180",374,174,194,129,451,176,150,182,28,37,58,48,79,70,43,57,88
"PAXIP1",36,168,282,58,18,41,7,25,41,230,230,468,111,187,214,332,625
"SCFD2",112,273,270,114,51,74,24,43,34,101,184,84,155,144,74,233,326
"MBLAC1",132,58,59,74,79,127,48,131,103,139,129,89,215,128,88,212,155
"ABL2",309,180,236,197,213,135,76,93,40,41,64,43,111,86,60,109,116
"TRAPPC10",71,93,157,68,46,56,30,42,68,118,148,279,173,164,200,224,294
"CSAD",146,102,112,95,112,71,36,28,30,140,162,250,82,155,165,181,328
"MAP3K8",117,242,182,113,106,67,38,18,29,76,91,307,89,155,227,174,240
"HIP1",142,151,184,131,403,63,110,80,26,73,64,182,49,106,104,84,177
"PMS1",62,259,239,83,60,53,22,57,22,143,195,137,130,158,105,266,371
"CAMK2G",199,241,217,158,161,75,54,39,16,87,90,148,90,122,63,116,328
"CD48",1246,975,176,701,1414,180,335,290,2,14,7,37,8,30,21,6,48
"RALGAPA2",200,290,198,122,301,105,107,100,29,58,60,101,63,72,57,88,165
"CYFIP2",1399,596,259,320,706,134,313,140,15,13,18,20,61,46,17,26,44
"KIAA0556",170,154,172,146,112,104,58,51,14,88,85,200,102,106,137,130,238
"SLC35A1",160,396,238,127,102,59,32,33,6,109,105,198,93,106,152,167,323
"LIF",3853,489,740,1301,31,263,124,42,6,10,47,3,14,52,31,52,261
"UPK1A-AS1",13,19,3,5,6,70,2,19,601,289,781,797,406,928,305,489,403
"N6AMT1",71,161,106,56,58,74,42,67,73,143,163,142,169,108,166,249,188
"ANKRD16",96,213,150,71,71,106,48,83,70,86,120,74,157,188,58,173,244
"IL6R",362,117,177,238,734,99,143,140,32,34,42,65,65,82,60,47,89
"WDR54",365,229,249,141,223,237,186,184,63,57,43,21,79,60,17,58,72
"CTDSPL",157,448,157,72,248,111,195,136,63,63,82,61,68,130,10,88,100
"RINT1",40,193,246,75,30,35,12,18,56,195,194,337,129,231,118,363,484
"UBXN8",97,335,272,111,47,45,8,19,27,134,210,157,146,117,155,302,459
"TCP11L1",119,128,103,60,87,72,22,51,82,113,148,186,170,178,120,195,222
"RC3H2",83,120,126,82,35,65,14,68,53,142,172,245,115,167,166,325,297
"COQ10A",273,235,132,132,69,109,78,105,34,65,94,68,97,112,44,184,220
"FAM126A",58,150,194,75,31,44,14,31,61,173,221,232,163,174,170,313,302
"ZNF174",211,300,191,153,76,100,43,81,28,69,85,97,77,88,92,182,227
"ARHGAP26",194,108,121,171,355,83,62,65,39,108,91,135,66,76,43,195,170
"PIAS1",139,141,170,138,132,64,48,83,18,102,98,232,85,106,148,120,200
"ZNF200",107,281,246,97,57,56,23,31,21,166,156,205,107,133,121,196,311
"MS4A6A",236,185,245,261,734,73,116,112,22,70,18,173,66,109,88,28,39
"RAB28",60,176,225,71,45,40,8,19,41,189,178,334,114,190,229,334,390
"UBXN2A",70,169,229,73,42,43,14,34,47,155,207,345,155,149,159,222,263
"ABCD1",449,112,130,252,950,170,294,253,23,35,26,45,52,101,24,29,57
"WRB",58,229,220,83,31,64,22,14,72,172,242,173,120,156,97,282,397
"TTC9C",198,218,157,174,136,74,45,68,19,76,89,193,72,68,127,143,227
"OXR1",35,134,204,70,22,17,12,15,44,198,255,482,165,232,291,352,487
"SLC25A45",170,150,112,61,194,111,74,84,53,83,87,141,114,132,76,98,157
"RAPGEF6",17,105,206,84,27,32,0,16,43,275,250,563,164,244,314,489,527
"ST8SIA6",277,349,327,217,8,161,48,89,35,66,68,138,62,102,50,151,224
"HSD17B14",1434,84,89,412,2633,245,819,823,6,11,7,11,55,81,8,4,14
"RSF1",80,163,163,84,65,54,34,56,50,106,113,266,100,147,170,210,224
"ELAC1",106,179,191,67,49,86,23,46,70,128,190,77,189,149,87,224,252
"OMA1",68,382,267,119,42,37,8,10,13,162,216,250,136,143,194,309,531
"RAB34",920,441,191,215,1441,266,846,577,6,9,5,20,32,35,8,20,19
"RAD51D",107,165,175,59,147,67,30,51,67,113,161,93,165,151,76,163,216
"TBCEL",33,56,85,45,21,17,3,15,82,157,118,1308,296,231,1128,442,449
"KCNK6",665,291,204,224,199,187,103,126,17,54,45,32,120,42,40,81,65
"TARSL2",105,226,160,108,77,86,38,46,49,73,119,184,112,132,90,185,222
"SHQ1",71,284,344,111,70,75,19,39,15,116,136,152,126,128,100,207,389
"ZNF12",70,303,263,140,84,71,11,40,13,116,113,243,107,119,164,212,320
"ALKBH1",98,204,213,103,82,75,19,33,47,136,110,181,125,107,142,183,246
"KCTD7",204,153,104,159,116,86,24,32,41,121,80,255,96,143,143,111,207
"SPAG4",140,108,71,78,78,129,62,99,91,140,140,66,128,175,44,156,187
"C11orf30",73,101,129,51,64,46,12,21,46,209,167,441,110,237,268,249,319
"SCAND2P",99,148,95,98,69,48,32,34,47,153,134,342,153,104,160,191,243
"RAB3D",422,346,142,156,715,127,248,197,33,30,34,42,45,65,23,41,70
"AMHR2",881,428,501,451,56,410,219,392,13,6,45,17,51,29,19,45,45
"KCTD15",461,415,220,247,176,211,135,98,28,43,34,68,36,57,21,73,122
"NMNAT1",145,180,133,102,229,84,45,97,59,70,89,84,117,127,64,131,145
"ANKS1A",148,188,207,100,116,91,46,51,29,75,106,162,92,93,109,159,215
"RGS19",523,373,289,393,862,123,202,174,1,35,15,75,32,67,31,22,67
"SCRN1",189,579,312,196,209,191,73,81,19,54,101,124,40,61,36,40,94
"PIGM",137,174,144,68,61,102,28,44,51,101,123,157,189,114,84,203,266
"SLC22A5",40,72,67,51,79,26,17,36,81,236,228,294,182,250,121,368,396
"HS3ST2",1702,169,169,743,3646,182,325,815,5,15,3,3,43,40,11,3,4
"CSF1R",193,127,119,168,656,71,250,147,21,55,17,135,84,223,60,35,61
"GGT1",810,424,362,551,194,165,116,66,20,29,57,29,37,41,31,56,72
"SLC25A25-AS1",144,98,94,139,121,116,64,57,77,100,75,80,181,158,82,99,157
"RSBN1L",54,166,168,86,43,53,13,24,34,161,195,352,129,131,228,283,312
"BOD1",253,309,181,151,172,105,89,79,28,46,56,79,84,73,68,100,167
"DDX31",117,225,257,100,70,142,70,85,43,70,105,46,182,95,41,135,205
"C1orf109",26,223,250,79,7,22,4,7,31,217,258,917,110,190,712,216,581
"CLSTN3",334,274,185,239,213,247,155,70,8,47,47,48,59,88,40,56,195
"SLC9B2",86,340,280,86,37,75,30,50,29,101,141,115,138,159,79,226,239
"RGS6",9,70,42,21,6,55,21,34,230,395,210,479,134,275,336,477,343
"TIPARP",111,182,140,117,92,69,28,28,19,70,139,270,67,195,151,254,303
"ZDHHC8",446,153,201,362,431,162,170,150,6,21,54,64,57,61,28,43,152
"RAB30-AS1",53,77,52,64,60,46,13,24,102,201,290,224,243,226,117,400,279
"MOB1A",118,449,477,225,38,50,15,32,8,95,83,306,58,82,216,168,349
"LYPLA1",129,227,371,193,31,35,21,34,23,104,200,103,110,170,103,189,354
"B3GLCT",78,151,146,90,33,64,31,34,44,141,142,206,165,168,111,311,236
"GSG2",31,173,233,42,30,37,12,28,55,180,204,421,125,226,158,261,459
"APC2",113,81,57,74,132,89,86,86,66,103,118,149,99,156,114,137,162
"USP42",43,100,166,56,43,35,11,23,61,176,157,507,134,213,274,297,320
"MC1R",605,92,101,155,174,261,269,173,29,38,58,57,77,67,52,50,63
"ATP11A",123,222,333,212,66,54,19,48,16,91,113,145,75,115,113,171,397
"LFNG",727,203,99,350,1195,153,432,387,30,17,10,16,37,58,12,14,71
"ZBTB14",65,176,170,86,62,48,17,48,44,170,167,185,100,150,144,241,267
"TMEM135",158,305,308,166,81,67,36,64,31,65,104,131,92,93,49,155,206
"ZNF500",115,129,152,93,98,99,55,68,32,76,112,172,105,139,99,120,228
"TMEM237",22,313,218,46,19,53,11,22,47,194,279,258,168,199,102,329,485
"POGK",402,473,343,306,232,133,87,112,14,24,37,34,60,60,28,67,182
"MAST4",318,301,230,224,36,233,77,102,19,31,129,52,113,65,55,116,105
"LCOR",38,73,86,32,41,28,17,15,60,258,236,583,127,240,309,415,397
"GLMN",50,175,160,68,112,63,26,43,47,117,170,112,160,188,75,247,293
"OLFML2B",322,123,141,288,629,116,93,228,31,47,17,59,45,49,35,105,140
"CCPG1",106,182,122,170,121,59,19,34,25,110,119,218,88,108,181,221,234
"RASIP1",104,39,132,77,96,276,29,161,83,127,89,121,176,77,93,136,114
"FAM212A",477,261,134,170,517,389,464,357,49,17,44,8,36,44,4,38,36
"MTMR9",83,115,162,87,60,63,21,38,58,129,135,260,117,128,183,178,255
"ZNF26",93,209,143,69,76,90,36,44,38,112,132,136,162,132,72,231,236
"CITED4",260,127,119,113,2165,129,447,510,45,17,31,17,51,86,16,35,34
"PIP5K1A",137,364,263,157,38,75,34,30,21,85,77,257,58,91,126,167,379
"ENPP3",1781,806,1218,1536,12,253,62,44,1,15,34,6,54,20,31,75,263
"LINC00294",139,161,142,89,97,65,25,45,36,129,113,232,108,117,117,140,257
"RFTN1",350,678,327,308,204,148,147,97,24,21,26,30,42,55,25,64,157
"SLC9A6",104,189,249,110,84,54,24,34,35,97,134,162,132,111,89,241,257
"SLC2A14",22,200,45,31,1,37,7,21,94,180,332,497,259,370,267,506,455
"PDPK1",74,116,156,82,49,22,19,24,33,170,163,421,100,169,278,253,374
"SIPA1L1",322,169,293,236,365,110,127,76,0,51,80,90,55,81,46,81,133
"RPL23AP7",113,136,119,71,39,96,18,49,42,119,169,210,172,156,107,285,193
"FAM122C",25,124,110,41,23,39,6,19,43,276,238,498,150,246,274,506,428
"GOLGA2P5",72,148,106,78,61,169,46,92,47,99,136,82,130,194,62,171,219
"PCSK4",275,125,40,68,276,204,195,122,59,78,70,66,71,155,20,110,96
"RASGRP2",333,480,94,128,1380,144,595,292,31,33,5,47,33,89,21,10,32
"CTH",40,277,145,49,5,27,1,13,36,301,181,613,313,162,288,377,596
"MAGIX",87,56,51,38,96,47,55,80,207,95,217,132,247,247,56,187,154
"PUS3",111,245,218,84,58,67,30,37,53,117,130,113,120,132,73,190,261
"PEX11G",102,78,83,39,143,153,66,96,110,103,110,93,118,127,86,141,150
"TP73",142,71,129,140,46,165,56,268,80,96,107,47,140,153,31,121,116
"CBX2",101,128,214,68,50,111,24,65,60,82,115,80,151,159,70,219,381
"SUFU",163,205,214,137,196,95,52,69,24,63,76,104,75,95,59,146,185
"C11orf54",103,226,174,83,61,80,29,34,27,103,107,289,125,108,176,159,196
"C10orf128",3444,1067,208,1197,621,359,374,206,4,9,2,6,11,14,6,5,21
"TTI2",100,249,259,111,69,71,18,37,18,119,108,191,101,119,128,179,303
"ZMYM5",85,173,221,111,32,45,11,12,43,148,143,368,117,113,230,259,346
"FBXO4",37,319,249,87,48,54,18,11,25,174,164,249,118,141,91,342,477
"PADI2",877,449,94,119,705,102,213,235,45,32,7,62,82,90,31,12,20
"DPH1",181,242,309,228,48,121,52,22,11,58,51,183,70,94,205,97,334
"SLC20A2",208,218,178,131,103,89,47,43,30,98,86,140,77,121,54,127,211
"CCDC134",76,75,76,37,95,44,42,70,214,123,180,96,204,201,77,228,152
"TRIM35",183,290,304,166,82,121,32,62,17,103,83,129,83,78,60,122,155
"KIF1B",224,132,154,86,157,72,72,94,48,52,103,90,94,123,45,156,159
"TEP1",217,205,167,158,240,111,76,104,29,42,70,73,88,99,48,74,138
"ESR2",243,177,72,167,17,77,20,51,70,63,62,259,77,261,256,187,145
"UBE2D4",269,224,161,117,150,114,65,87,25,62,116,39,90,112,40,105,191
"ZNF691",318,200,106,129,209,140,163,149,37,53,47,35,109,64,40,82,101
"IER5L",481,18,106,373,2814,249,540,772,15,19,15,50,47,77,7,10,17
"NIPA1",179,216,256,160,118,72,35,65,23,87,99,81,48,123,59,182,232
"SLC25A35",138,141,95,75,148,83,71,63,36,108,106,143,68,139,77,134,218
"ZNF260",79,163,180,87,72,70,42,40,33,124,119,170,95,121,122,235,204
"RNF111",77,161,151,136,64,56,13,35,53,109,116,211,124,150,157,211,231
"TFB2M",78,288,346,89,17,39,22,15,36,116,198,183,126,154,118,269,370
"MPP5",60,209,191,83,44,49,28,30,54,123,173,192,132,142,83,281,241
"WASF1",19,104,226,40,16,21,5,13,44,367,294,702,101,225,258,372,631
"ZNF211",191,186,165,97,88,59,40,36,41,81,74,290,53,158,147,111,202
"ZNF281",52,174,234,95,72,79,18,39,42,100,116,223,124,102,108,250,272
"HOXB4",225,228,304,185,38,112,51,57,31,68,77,79,63,110,68,152,203
"ADCY3",98,137,191,85,96,72,41,40,39,144,123,129,119,179,95,129,162
"ZNF37A",149,189,171,98,70,80,43,41,34,112,103,159,96,140,101,139,163
"SERPINE2",75,235,142,106,69,170,59,103,14,18,55,567,47,94,315,126,155
"WDR3",66,398,461,100,37,90,19,26,22,92,129,115,117,112,84,199,434
"RHOBTB2",172,156,157,108,121,120,46,41,23,104,75,122,68,174,77,125,248
"GK5",76,206,119,87,56,51,34,33,48,129,135,191,138,150,91,225,251
"SCML2",72,147,137,69,23,50,11,21,36,193,228,224,163,203,122,325,444
"GCH1",20,100,112,45,9,18,3,56,59,318,178,1323,100,120,627,356,378
"SLC2A6",2716,149,145,833,2383,205,588,435,7,13,5,5,12,12,8,13,16
"NRIP1",95,194,187,126,66,76,21,19,23,112,141,276,89,124,109,245,262
"MSANTD4",81,245,230,118,72,78,15,26,37,99,156,140,166,83,77,246,272
"TDRKH",96,260,213,85,32,63,10,13,38,188,131,218,85,167,211,246,277
"C11orf98",129,94,118,81,97,75,58,61,58,110,107,90,164,159,69,171,155
"WDYHV1",159,241,190,93,93,109,40,69,61,56,89,48,113,164,48,172,156
"NHLRC3",177,250,157,137,118,107,53,56,39,66,96,76,94,107,42,148,160
"LRRC25",494,154,138,358,1010,177,284,261,20,24,8,59,24,51,60,20,25
"GATS",152,114,71,58,76,110,83,112,42,58,68,179,105,128,187,124,151
"C16orf70",137,186,196,137,94,67,22,36,14,107,90,276,81,101,109,150,342
"PIK3CA",136,228,247,164,22,29,15,30,31,87,105,319,88,83,364,195,276
"ZDHHC9",252,376,243,208,99,193,86,92,9,43,49,39,90,77,32,88,240
"PGM3",187,224,171,122,81,66,32,29,28,91,99,136,95,119,91,163,276
"FAM103A1",70,147,161,61,28,36,11,35,58,138,189,277,150,171,149,270,329
"FDX1",117,184,281,197,109,56,71,71,32,58,115,41,109,131,36,164,181
"HS6ST1",1077,465,535,544,100,223,175,99,5,13,35,16,35,48,15,37,134
"CHORDC1",45,145,290,101,32,28,5,21,28,97,236,192,179,195,290,326,397
"DBP",352,184,133,203,583,150,142,148,22,37,26,71,46,57,60,29,88
"TNNI3",436,58,251,335,117,744,183,1345,50,20,42,13,28,28,12,32,35
"STARD5",85,88,44,31,103,25,38,26,46,179,203,239,113,261,127,405,347
"LOC101929147",58,99,66,46,74,83,79,58,136,93,145,98,166,146,83,161,235
"FAM217B",87,192,192,119,72,61,27,50,64,95,146,83,125,119,62,194,216
"THOC3",31,158,237,61,22,74,16,26,68,151,236,107,136,169,122,333,366
"SCNN1D",125,128,75,88,152,195,122,165,62,73,94,59,76,106,28,89,138
"IKBKE",476,189,204,192,1097,182,324,189,24,9,22,26,47,47,17,43,49
"FAM76A",69,125,138,58,66,46,14,54,66,141,171,129,138,195,98,300,234
"TCEA2",386,95,83,120,655,162,278,242,20,45,29,30,83,51,33,84,67
"NFKBIZ",85,87,145,95,44,35,17,54,32,130,112,474,88,114,274,179,336
"DLG4",464,185,187,391,628,281,235,119,7,23,44,25,31,66,17,33,76
"SLAMF8",1203,143,155,549,2180,213,612,563,5,16,2,23,21,36,11,6,4
"PGBD2",67,200,146,68,38,31,14,13,31,163,163,347,174,146,269,201,339
"SNAPC3",63,207,178,83,52,33,16,34,24,137,146,321,88,161,149,237,343
"KRCC1",111,241,190,120,30,30,16,14,25,182,142,242,102,95,202,234,407
"LRP11",28,276,339,52,10,31,10,19,42,150,213,310,125,179,194,363,382
"DKFZP586I1420",130,200,115,93,91,74,32,34,19,92,142,176,98,167,73,194,262
"C5orf42",50,49,29,18,14,13,7,10,66,353,362,1067,219,385,647,282,408
"POLR1B",74,295,354,122,63,77,20,40,36,80,129,83,113,101,67,142,370
"PEX13",79,151,181,72,60,58,14,25,49,133,166,187,146,125,118,221,280
"PAPOLG",48,131,178,78,39,43,11,17,43,152,175,440,115,108,272,242,323
"FRY",74,133,66,57,36,21,28,14,48,242,168,502,129,170,289,226,244
"EMC3-AS1",55,95,77,58,81,64,34,32,68,125,126,198,99,191,146,222,340
"SRD5A1",83,212,212,88,89,57,27,54,44,84,108,101,94,147,66,202,296
"ZNF329",57,219,141,55,64,88,32,27,54,115,127,213,99,111,119,207,250
"BBS5",156,99,122,130,127,101,77,64,38,54,99,117,98,121,72,102,162
"MAP3K1",114,130,130,190,76,64,47,53,33,81,81,163,89,79,138,182,191
"MS4A7",507,174,203,376,1145,98,233,263,13,28,12,45,33,90,16,29,23
"HCG11",63,217,137,35,47,64,12,29,100,117,150,173,154,164,134,221,281
"KIAA2018",42,140,151,70,51,40,18,28,35,129,151,428,91,156,264,216,277
"MAPK12",738,235,89,92,1528,229,507,374,39,10,22,4,63,81,3,13,26
"KRT18",217,287,151,171,231,220,226,47,17,25,68,54,127,50,8,90,167
"AMIGO2",508,98,362,321,25,109,47,85,10,50,64,73,76,69,51,204,262
"TRIM22",205,154,101,119,240,54,76,66,38,30,100,129,74,125,95,89,149
"CCDC66",80,230,159,63,53,55,16,23,22,169,105,285,118,96,192,228,358
"SERPINF1",675,184,96,253,1133,81,273,436,7,18,20,43,40,75,22,30,48
"PABPC1L",435,148,142,137,205,192,148,72,24,56,54,51,73,57,42,49,144
"FZD3",164,249,228,143,35,112,28,39,66,68,129,62,141,121,32,154,210
"TSPYL4",28,174,179,79,34,20,9,7,56,179,234,269,113,251,174,395,465
"AHRR",466,104,60,253,468,148,138,81,28,34,35,58,35,77,163,33,106
"TTLL11",76,141,130,69,24,83,29,59,40,107,165,124,191,189,122,181,199
"SLC25A16",76,86,123,63,55,34,18,40,81,149,203,174,120,160,145,214,272
"WFDC21P",1574,132,18,467,529,131,587,617,40,27,21,6,33,32,21,29,19
"ANGEL1",141,203,177,101,56,75,51,72,69,60,114,97,76,99,53,138,225
"RHPN1",205,32,56,23,300,54,139,89,105,150,68,82,53,211,72,167,162
"NDST1",706,457,277,432,726,166,173,129,11,15,12,30,25,48,24,8,79
"TMEM8B",105,123,121,60,26,67,22,36,58,168,144,97,145,182,114,241,332
"ZC3H8",133,316,193,119,47,93,34,57,18,86,84,138,92,114,110,125,184
"WDFY2",311,243,233,159,167,108,72,91,18,55,55,85,59,62,44,92,116
"PARP16",128,270,108,86,65,73,24,47,46,105,125,109,97,130,64,191,263
"NMB",350,153,133,185,229,124,137,164,38,34,36,28,90,117,22,85,71
"AMZ2P1",584,190,76,69,93,80,51,40,53,86,108,68,106,97,57,163,138
"STAU2",197,228,188,127,101,69,41,48,13,84,115,114,67,85,60,185,245
"SPATA5L1",62,181,221,80,53,58,18,38,28,125,147,171,134,125,118,174,312
"DENND5A",309,234,269,265,235,103,86,93,8,34,30,116,32,51,100,48,162
"AASS",50,152,138,35,27,56,20,36,49,165,192,443,96,132,129,214,360
"PCED1B-AS1",653,209,242,253,85,95,68,70,38,39,37,66,68,52,59,108,87
"UBASH3B",166,491,298,172,240,60,58,60,11,37,58,102,76,72,71,103,104
"SMIM24",113,94,40,22,309,47,217,182,62,106,44,500,102,43,109,83,76
"ZBTB43",56,115,162,105,42,46,9,19,24,128,139,401,118,170,279,234,321
"EHBP1",83,234,184,79,35,47,17,31,28,125,128,198,93,134,134,246,387
"EHD4",192,227,241,157,212,84,81,83,55,40,54,37,69,104,25,79,171
"FAM228B",192,163,59,66,142,107,68,90,29,90,106,121,85,105,86,121,113
"RCBTB2",226,292,165,285,386,100,50,36,24,46,59,58,92,95,32,86,109
"PHLPP1",91,142,119,71,94,84,35,60,30,114,93,145,108,126,91,187,227
"RAB44",370,404,116,109,909,132,374,186,24,29,14,36,26,81,33,20,51
"NT5C3B",756,216,120,458,388,142,347,234,29,95,18,4,22,29,7,54,29
"NPFF",255,36,27,82,223,112,125,96,147,92,114,44,99,142,40,110,91
"RRAGB",92,197,126,96,77,52,29,36,39,95,155,147,102,125,100,192,222
"HEATR5A",88,120,124,64,82,52,31,51,42,114,136,172,134,127,95,204,214
"TMEM147-AS1",122,147,115,106,98,135,62,55,23,83,85,87,97,111,66,155,239
"CERS4",1535,471,94,657,1030,493,1146,1044,2,7,2,2,5,5,2,7,5
"SLC23A2",220,166,171,143,283,76,79,67,23,62,80,65,53,113,39,86,172
"SORBS3",821,56,54,395,3826,210,756,458,13,14,5,19,17,93,14,7,16
"TMEM254",75,256,151,67,84,84,24,28,30,111,122,157,100,118,95,205,274
"C8orf76",146,142,114,102,82,79,32,72,37,89,104,99,150,120,76,172,143
"C11orf96",37,68,325,135,22,122,86,154,61,80,213,73,46,184,22,152,220
"CCDC142",91,89,74,75,131,52,23,72,62,129,116,159,123,126,128,155,184
"LAMC1",696,356,451,437,310,208,105,72,12,14,30,30,43,44,14,31,98
"LLGL1",103,149,253,120,90,63,24,22,32,93,100,185,47,154,110,160,325
"DENND1C",818,297,84,291,1456,269,594,249,15,9,4,23,24,67,16,4,22
"PAQR7",435,196,98,172,406,113,185,112,46,37,63,35,58,54,20,61,57
"TRAPPC2B",113,136,125,67,42,53,25,38,40,124,148,169,126,183,110,222,202
"FHIT",208,238,96,115,192,143,122,111,33,52,75,70,53,64,30,86,133
"SLC38A9",55,184,165,118,78,49,19,16,38,120,157,166,119,168,88,209,291
"STAG3L4",131,229,96,49,71,78,30,33,22,134,143,151,107,123,133,175,226
"SIX5",304,184,170,127,81,143,98,76,33,67,69,70,45,87,33,95,169
"CLEC12A",434,456,157,176,1097,112,340,209,10,30,8,51,24,61,34,16,30
"KIF21A",71,150,231,62,12,51,8,38,75,180,196,162,93,157,117,269,333
"RUNDC3A-AS1",53,23,43,39,43,37,14,41,138,145,157,336,206,230,330,258,270
"ANKRA2",29,164,137,63,9,21,4,13,36,199,230,624,98,195,436,360,481
"MAPKBP1",278,84,165,153,211,84,87,80,56,68,60,62,51,105,49,98,92
"C16orf86",295,98,47,99,309,171,168,112,76,35,58,48,62,91,35,89,100
"FBXL12",200,342,332,213,124,105,40,55,1,66,68,123,41,94,52,93,238
"OGFRL1",167,172,154,99,192,43,42,76,36,92,116,86,55,128,59,136,140
"ZNRF2",98,143,240,136,96,69,28,34,12,98,104,179,79,101,126,153,259
"VRK2",18,252,215,50,8,9,5,15,27,220,263,626,92,180,288,382,777
"COMMD10",61,249,251,130,30,33,9,20,32,153,153,190,86,142,148,275,308
"N6AMT2",75,111,79,45,71,38,26,23,46,147,200,210,157,199,133,215,260
"APOBEC3D",141,112,131,75,68,68,65,58,84,75,96,101,149,130,53,147,135
"VPS37A",102,169,207,137,41,45,23,20,12,106,92,364,85,83,337,170,270
"B4GAT1",198,243,162,108,111,65,93,123,39,52,88,42,82,67,28,154,161
"SPRTN",46,131,164,53,31,42,12,21,52,161,165,340,121,160,178,264,310
"ZNF518A",44,224,171,70,33,47,20,14,46,118,215,219,99,170,118,285,302
"PSPH",118,553,266,171,87,68,53,60,29,77,70,55,51,110,37,120,170
"HABP4",334,162,177,189,119,99,144,130,37,68,98,26,35,60,29,79,101
"FBXO6",271,261,162,156,265,65,82,82,47,49,84,33,52,86,30,91,98
"INSIG2",152,191,161,148,39,55,26,20,16,136,143,160,91,106,114,196,277
"C1orf228",808,238,117,147,2226,191,1040,306,23,12,7,16,13,63,8,0,21
"CTSK",574,128,40,354,271,54,91,97,7,78,63,173,43,76,55,81,95
"NFAM1",485,107,129,216,1893,127,354,221,19,37,10,39,49,68,29,8,16
"ULK2",122,219,122,99,77,105,41,71,53,65,75,79,66,115,74,158,215
"FTO",113,268,289,135,90,74,31,47,20,78,88,116,85,94,56,118,252
"MNDA",255,471,309,200,457,61,105,101,18,45,10,116,77,90,56,17,29
"SPARC",601,296,364,718,1658,123,253,300,5,6,5,32,8,36,15,14,33
"RBM12B",41,150,216,63,33,27,10,21,25,158,177,300,119,161,218,300,405
"LIN9",12,127,138,6,11,35,5,9,75,300,312,575,146,226,288,497,565
"SGPL1",227,138,132,209,262,53,72,74,34,62,69,45,132,64,59,120,77
"SLC38A1",247,1228,500,394,385,160,94,71,19,19,44,35,10,52,15,27,60
"AK4",326,551,242,216,49,123,54,52,5,22,79,103,47,67,83,65,303
"QSER1",59,196,209,114,64,70,17,16,38,109,127,137,108,113,89,246,345
"SCAMP1-AS1",138,243,171,104,151,111,53,67,20,68,93,50,71,94,63,137,165
"MLH3",335,237,153,163,93,125,100,109,47,30,79,18,85,65,25,86,166
"SNTB2",96,118,156,77,54,75,23,35,59,84,147,178,116,146,77,215,184
"SNX24",169,113,101,105,65,42,21,35,39,133,128,167,94,105,147,183,239
"HPS5",101,190,208,131,90,38,20,40,25,106,111,180,81,99,99,169,248
"ST14",251,39,83,126,1247,76,208,191,27,43,19,99,83,252,35,28,35
"TLE1",191,375,215,128,50,188,46,95,6,134,83,60,26,36,32,235,318
"CCDC91",74,106,173,86,33,18,22,15,38,188,137,383,98,161,193,266,262
"KLHL8",60,161,163,92,93,49,26,32,47,119,116,160,109,110,105,191,204
"NFIL3",706,338,190,314,277,71,71,77,19,20,32,61,39,59,42,57,123
"CASC5",14,113,99,22,14,37,2,11,70,253,179,753,145,235,332,485,526
"MIR17HG",41,53,106,23,49,31,22,33,120,165,215,116,228,258,67,489,338
"SWT1",84,121,82,70,28,32,23,44,31,126,110,531,147,118,256,213,196
"GANC",105,234,167,75,100,62,36,41,34,90,79,152,88,96,108,159,177
"STK26",91,219,405,157,36,39,26,23,17,90,125,187,69,87,95,204,376
"POU2F2",209,52,42,142,838,61,177,88,19,64,43,208,47,97,117,48,83
"TERF1",62,242,164,55,24,29,12,20,51,148,156,225,136,171,147,271,303
"PMAIP1",25,93,111,26,10,19,9,25,62,208,308,358,154,240,248,350,575
"UBL7-AS1",63,194,93,43,106,52,32,51,70,83,144,131,112,155,89,205,176
"MOCS3",66,131,192,91,89,73,45,72,63,81,93,112,97,102,68,120,190
"CTDSPL2",54,217,231,56,52,36,14,19,48,129,164,170,105,154,99,259,351
"ATR",116,214,251,114,45,53,17,25,21,94,126,139,129,100,81,218,335
"CD40",87,128,152,49,220,96,54,73,31,86,121,113,71,100,48,191,139
"IFT57",107,301,276,80,38,60,30,38,24,65,142,133,104,108,76,159,275
"FNDC3A",91,136,180,92,88,38,17,25,26,116,127,207,95,123,99,257,307
"RAC3",293,95,91,139,365,140,181,128,20,60,48,24,74,102,35,75,78
"IDI2",122,217,104,60,100,122,53,41,47,90,107,45,157,126,40,157,182
"ZSCAN32",126,291,222,131,34,69,19,28,13,105,85,251,58,80,164,154,323
"RSG1",93,96,84,43,41,73,49,66,95,90,121,105,131,182,111,206,138
"INIP",48,137,161,32,27,26,15,30,100,131,204,228,171,154,149,293,229
"NBR2",144,112,108,67,96,93,47,51,21,154,96,282,92,87,106,69,169
"LOC100506990",110,105,67,59,51,48,34,61,130,94,97,194,116,157,113,215,107
"FKBP11",320,185,189,114,150,138,107,100,35,24,70,21,117,66,19,86,165
"APPBP2",103,196,245,142,91,54,27,32,12,88,76,236,87,88,142,123,218
"TYW5",97,130,141,85,70,57,15,38,24,114,174,169,109,138,109,183,254
"DUSP7",132,208,253,128,128,91,38,51,18,53,54,99,77,90,79,127,242
"MITF",192,226,215,240,100,68,43,35,15,66,80,91,69,83,54,150,200
"SORBS1",84,99,186,104,13,36,3,9,35,213,111,584,126,164,337,249,281
"LOC100652768",153,34,44,46,109,50,71,53,99,122,115,138,112,185,123,157,132
"DUSP28",74,69,66,51,60,65,25,62,69,152,127,148,134,180,111,237,186
"LDLRAD4",83,289,143,111,81,62,32,38,21,75,128,181,62,135,54,192,255
"NRBP2",191,71,70,163,122,94,46,20,29,113,84,210,45,120,130,107,253
"SBDSP1",71,201,187,86,21,29,8,14,19,146,154,403,118,149,193,303,345
"HOOK2",246,145,154,156,372,172,163,100,13,35,45,50,40,73,49,58,102
"LMBR1",129,318,278,127,64,68,26,38,17,82,83,121,65,67,107,165,242
"SLC5A3",145,101,150,241,139,44,53,59,35,51,107,55,80,94,64,149,232
"NOTCH1",363,114,81,187,1008,140,358,415,17,15,15,44,53,91,23,14,38
"ST7L",99,173,86,75,96,72,47,45,51,86,98,174,86,94,79,175,175
"DZIP3",75,174,88,31,19,29,12,2,38,151,286,545,201,322,256,284,178
"MAPK7",139,105,227,162,94,58,30,21,13,104,87,367,46,77,227,75,271
"BACE2",350,437,51,222,36,69,47,47,28,148,15,197,75,120,22,212,175
"RGS14",584,293,281,309,369,205,133,94,3,51,10,28,29,25,18,71,140
"DNA2",10,147,194,38,22,25,6,18,42,217,257,427,126,176,236,364,417
"FNBP1",385,350,168,278,528,113,151,148,31,24,20,61,31,56,16,22,53
"RPS14P3",89,40,48,59,103,113,74,89,86,105,83,104,142,147,58,238,112
"TLR2",610,226,295,606,1209,183,169,230,2,17,4,52,29,60,22,7,10
"YJEFN3",143,27,41,60,249,149,170,128,100,85,55,68,94,123,65,90,78
"ZNF654",28,82,115,68,28,24,7,10,41,227,227,402,165,228,273,350,291
"MAP3K6",605,79,170,181,952,240,237,296,8,22,38,24,25,46,15,27,67
"CASP1",411,161,83,214,1046,91,277,151,17,31,21,67,34,81,26,32,40
"LINC01272",390,66,50,159,1178,43,232,297,34,64,10,57,85,213,38,18,16
"WDR60",81,131,185,99,82,96,44,63,56,64,79,102,105,96,55,134,218
"XPA",194,181,192,102,158,88,75,78,49,40,71,33,93,92,29,115,162
"SLC25A40",56,158,198,84,80,23,15,19,30,119,147,283,90,125,151,221,336
"SNHG25",136,63,69,55,227,143,130,236,140,54,54,38,138,101,12,62,135
"FAM171A1",112,258,215,79,12,161,105,73,35,54,116,86,80,130,39,88,212
"LPP",117,163,199,128,67,67,39,50,73,64,106,126,117,80,54,130,107
"REV3L",56,243,278,111,37,19,8,28,16,87,157,327,91,96,221,261,376
"CCDC78",317,88,82,122,395,291,263,176,34,23,57,24,66,76,18,32,79
"ERCC6L",16,273,195,55,18,37,5,29,26,145,203,296,109,183,145,370,507
"SAMD10",488,138,197,299,214,328,205,124,17,20,35,11,75,46,11,44,90
"CMC4",213,230,146,107,103,108,61,65,41,73,124,39,77,101,29,117,97
"CDCA7",45,269,267,56,96,25,37,31,38,128,99,135,96,118,87,166,292
"TUBD1",49,124,146,75,55,60,15,45,28,120,165,144,145,170,108,198,264
"PEX7",57,225,171,48,17,74,14,32,45,144,182,104,145,134,101,289,296
"NEK6",602,200,123,315,859,155,278,328,11,18,14,26,24,70,19,24,16
"ABCA2",818,126,148,343,464,169,351,86,11,11,30,24,55,73,11,30,69
"DND1",92,59,115,102,69,83,40,26,27,134,88,192,113,133,134,166,216
"FBXL4",71,102,104,73,45,20,28,23,43,129,124,327,95,102,331,277,214
"ZNF45",91,212,150,72,51,39,11,19,45,145,153,197,103,121,90,213,316
"DTD2",59,208,216,71,55,37,20,37,43,109,157,109,86,112,87,234,328
"TPT1-AS1",175,66,68,84,125,89,90,44,43,98,104,139,78,109,100,97,112
"DFFB",114,180,153,82,54,58,37,42,103,69,71,92,110,99,73,143,242
"HSCB",193,189,121,110,135,89,103,116,93,64,72,31,122,71,16,69,79
"SLC7A7",450,109,94,345,963,74,143,176,18,42,25,54,42,90,26,33,26
"DGKH",33,59,40,44,91,39,22,40,116,170,122,320,163,139,284,98,234
"PPAT",43,144,228,47,13,35,14,21,46,131,208,254,113,165,168,305,305
"SCARNA9",111,35,54,35,46,81,23,85,94,125,162,141,87,309,79,327,132
"ZNF846",105,185,67,55,77,53,36,70,69,127,97,77,67,180,68,256,149
"PTBP2",58,169,168,90,28,37,23,20,18,145,158,203,81,154,128,264,403
"CD69",52,371,847,155,16,71,10,20,10,38,90,139,44,119,232,201,572
"CACNA1H",1231,59,119,774,62,365,320,76,18,4,38,3,73,52,32,36,153
"CROCC",355,146,116,142,160,119,190,129,19,47,38,110,43,69,34,32,119
"PTPRCAP",391,235,72,99,800,232,722,596,19,9,16,8,50,54,9,22,30
"ZNF530",48,139,108,36,63,69,35,57,67,110,116,152,94,156,101,185,195
"CHI3L1",642,92,157,268,2447,35,289,272,8,40,3,45,91,54,69,1,3
"ZC3H10",182,122,138,112,147,90,58,63,45,84,54,71,61,72,117,77,130
"LOC100507373",116,59,36,35,226,56,71,60,61,131,102,128,85,199,96,111,156
"GABPA",38,112,201,61,24,24,11,20,26,188,193,336,129,159,172,281,370
"ZNF155",154,149,96,85,97,99,65,60,34,69,82,116,81,145,73,109,95
"PARTICL",83,75,88,31,65,66,31,46,59,133,137,170,123,151,117,181,203
"CHKB",222,36,29,47,237,93,181,161,130,77,112,32,107,121,36,90,59
"SLA",506,409,356,335,940,133,216,229,5,21,6,33,25,28,19,7,32
"SMIM13",87,133,169,67,55,59,31,41,19,116,140,141,111,154,59,221,235
"SLC37A1",395,310,130,408,47,99,35,35,14,46,57,79,137,55,65,69,181
"TYW1",79,175,169,74,40,61,20,27,26,107,112,153,105,186,96,205,277
"PRICKLE3",194,129,169,155,158,137,93,82,23,47,58,53,64,76,42,69,153
"PGGT1B",54,124,189,95,54,53,13,14,55,111,188,122,192,134,87,274,176
"IL17RE",117,90,133,61,128,196,59,86,70,44,92,50,111,197,28,77,122
"ZFP41",187,114,133,120,135,145,98,95,41,43,70,50,88,74,33,77,129
"DPY19L3",115,241,212,112,68,76,31,33,18,90,108,100,100,107,44,148,233
"METTL2B",92,137,144,51,49,52,28,47,74,99,88,123,128,146,70,190,218
"MIR451A",38,24,63,53,6,44,4,50,139,285,227,259,142,200,337,233,292
"WASL",114,98,137,86,44,45,19,28,32,141,117,219,95,93,185,202,219
"KBTBD6",46,111,89,74,37,49,24,72,54,104,203,96,194,143,79,240,194
"DDIAS",24,175,212,45,28,47,10,19,31,128,211,207,188,106,158,309,380
"RAB27B",99,896,516,205,11,94,48,22,30,58,73,88,95,38,58,132,136
"DNAAF2",81,180,208,82,42,43,34,37,76,52,92,93,88,199,66,202,251
"ZNF248",200,150,96,100,196,96,81,71,21,59,70,62,103,79,41,92,170
"TGFB1I1",340,84,41,128,89,172,119,132,17,59,71,127,41,72,73,89,117
"SLC25A14",102,151,116,66,69,89,40,49,33,93,145,71,109,129,51,210,175
"LINC00998",78,369,291,162,39,42,13,17,21,95,203,95,96,108,62,147,377
"ZNF202",204,223,191,95,59,93,44,65,34,75,90,68,104,77,45,67,195
"KDM8",94,95,109,42,75,90,49,58,60,123,112,92,111,109,99,130,140
"GBP2",328,85,130,83,267,180,348,161,13,24,24,45,50,59,66,40,137
"DCAF4",164,259,294,90,73,107,68,72,25,55,79,35,124,86,21,111,150
"LRRC29",145,72,75,80,108,88,72,84,55,115,83,94,83,123,97,84,78
"PAFAH2",172,178,116,104,119,61,58,59,30,77,65,72,98,108,67,125,123
"HTRA3",1235,120,78,201,2997,162,828,447,4,7,11,4,14,17,13,22,39
"GADD45B",788,150,139,413,1423,150,229,228,9,13,15,27,3,33,24,28,48
"TUBE1",33,233,113,40,12,25,10,12,42,213,189,412,113,153,240,268,410
"NFE2L3",132,282,242,169,54,74,40,28,11,59,108,171,71,75,61,112,234
"CHAC2",12,116,196,38,3,14,2,6,27,277,319,619,123,231,421,421,621
"SLCO4A1",410,88,449,404,382,298,213,521,3,15,23,13,45,28,4,21,54
"BTN2A1",300,173,119,192,139,82,45,41,22,41,66,63,80,79,53,126,191
"CCNG2",205,209,176,263,61,85,31,52,6,29,49,206,97,72,117,115,164
"PODXL2",121,141,99,48,222,179,152,131,95,27,63,17,102,116,26,61,106
"ZFAND4",72,70,102,47,13,25,9,20,49,129,107,793,118,181,465,227,273
"C17orf58",51,202,211,80,30,43,3,16,35,157,191,186,138,162,97,308,264
"TMEM216",235,458,292,152,75,79,44,89,7,45,46,54,57,56,61,113,202
"FUT8",167,662,448,215,13,62,20,23,7,83,84,91,40,84,81,171,335
"ECM1",462,189,410,347,453,258,224,151,10,18,14,25,24,38,22,9,45
"MAFB",298,139,240,578,978,134,80,98,9,36,11,83,41,75,22,18,35
"SMAD5",101,262,217,158,65,65,39,37,23,52,90,56,92,97,69,197,195
"VILL",237,176,112,95,420,135,161,123,30,43,43,20,65,86,13,49,119
"SH3BGRL2",19,111,74,34,6,39,5,21,227,110,385,191,228,669,80,311,193
"KCTD17",960,72,186,372,428,331,223,346,10,24,17,4,39,39,8,27,32
"ACBD5",69,139,126,85,51,37,19,20,39,120,172,176,114,124,106,220,256
"RNF13",97,215,239,233,148,34,15,33,17,78,92,161,72,73,87,124,203
"TAMM41",92,167,92,61,71,94,37,72,45,87,130,69,123,136,43,167,147
"DEFA4",210,378,361,75,124,6,56,80,136,175,9,198,30,265,207,1,11
"NCKAP1",98,168,348,145,3,53,7,28,9,135,98,337,76,85,179,288,352
"SPAG16",55,154,150,59,11,52,10,35,66,110,174,167,113,146,93,315,352
"ZP3",96,99,74,60,78,66,62,80,107,11,221,132,263,302,41,28,118
"HLA-DQA1",1246,676,179,747,1079,142,576,201,1,1,2,27,6,26,19,3,4
"MLKL",331,295,296,154,442,90,137,125,14,17,19,36,42,65,25,51,85
"RBAK",90,201,185,90,49,45,11,25,26,99,160,125,104,107,116,192,309
"UHRF1BP1L",99,193,215,117,47,33,15,23,17,91,120,197,81,93,169,215,254
"APIP",40,277,265,94,40,21,8,17,11,128,144,271,89,118,149,273,461
"SIAE",204,358,182,164,110,70,61,70,10,60,81,56,50,71,46,99,144
"HK3",133,240,79,114,281,32,68,24,37,103,21,166,125,249,106,21,100
"HBZ",8,140,45,8,3,2,6,21,258,95,332,52,2740,507,63,845,684
"BPHL",143,228,173,92,70,119,42,47,50,50,84,44,101,96,27,170,176
"C2orf48",37,66,25,22,77,78,21,48,123,203,124,357,166,166,109,130,182
"SEMA6C",76,65,59,56,127,70,52,88,85,78,80,91,85,157,62,144,229
"AHDC1",134,64,151,137,115,109,69,58,36,45,89,125,108,115,53,59,113
"ZNF559",122,257,156,93,75,49,16,37,17,72,125,135,78,125,91,225,166
"TRIM45",51,81,71,30,38,44,17,28,78,160,184,289,117,194,125,212,255
"PLEKHM1P",146,53,53,60,105,69,43,59,38,109,67,180,139,123,136,116,141
"GALK2",188,287,350,172,50,66,14,19,17,50,88,122,91,76,95,141,196
"C8orf58",233,106,84,92,179,87,93,74,34,55,63,75,60,101,53,95,118
"PKD2",68,173,139,102,29,61,17,28,22,114,112,245,56,96,185,210,295
"CENPQ",14,203,243,49,7,14,4,4,44,212,233,405,145,181,240,377,454
"NOXA1",564,83,35,171,760,149,486,183,20,40,31,31,32,63,21,26,36
"URB2",41,162,275,53,33,44,8,37,19,138,149,139,145,139,90,281,395
"GSTM2",755,228,180,235,225,178,434,173,5,23,36,25,31,23,7,23,79
"FAM175A",41,169,178,43,20,33,12,26,51,131,129,217,131,116,153,235,448
"RHOH",609,483,308,443,152,209,135,87,5,20,20,19,37,20,21,36,100
"XRCC4",39,220,237,90,40,31,7,13,19,148,174,186,125,144,116,256,346
"BCL2A1",619,313,73,329,663,86,258,221,7,25,7,44,53,65,17,20,24
"ZSCAN9",240,209,177,158,68,108,67,48,23,55,61,78,89,48,50,86,141
"SPIN1",84,253,279,152,59,62,26,13,5,85,106,200,67,102,50,194,397
"LRG1",171,322,129,78,220,106,123,171,66,36,41,36,73,48,24,60,57
"EPC2",79,95,125,78,45,39,23,34,21,90,94,363,101,98,220,201,234
"PTPRC",225,515,653,395,145,108,51,58,9,31,23,79,20,26,34,52,168
"HEATR1",46,368,463,115,20,26,10,20,20,75,56,371,52,69,307,179,460
"TNIK",525,367,319,335,83,203,113,91,33,9,28,47,49,31,14,29,79
"MAP3K14",165,99,92,69,252,98,107,108,25,55,55,70,80,119,40,75,116
"LRRC8C",240,285,413,297,36,69,23,35,6,75,31,59,52,54,111,228,221
"PCYOX1",209,261,207,195,148,50,38,74,40,30,71,64,60,78,41,82,116
"FAM200B",117,174,129,92,139,82,30,42,10,81,92,175,72,105,80,135,145
"RMI1",22,111,164,38,19,20,8,13,32,215,255,303,188,172,209,321,348
"PALB2",63,262,289,104,33,54,21,21,11,114,130,139,101,97,85,200,287
"ASIC3",147,29,42,56,76,112,93,63,67,84,102,129,100,150,84,100,139
"TCF4",204,185,127,104,106,80,50,92,39,46,96,55,73,90,30,129,112
"PRKCI",120,194,248,128,52,63,18,43,20,63,106,145,66,75,85,142,259
"CYP4V2",212,190,184,84,171,90,57,68,38,54,86,49,82,65,28,129,72
"HEATR5B",102,245,199,109,92,64,21,46,29,62,76,179,50,89,47,152,237
"RTTN",53,196,145,47,28,44,9,22,18,154,144,260,111,143,131,289,375
"TIGD1",91,166,94,74,63,78,40,51,29,86,77,125,73,128,105,155,190
"PRKRA",102,224,209,111,82,70,23,31,23,72,83,75,73,96,83,180,246
"ERVK13-1",114,75,87,58,90,60,42,35,43,99,86,115,104,151,125,154,178
"HHLA3",153,182,105,87,71,79,53,54,38,60,100,74,82,96,75,139,120
"CD27-AS1",106,179,158,76,124,64,50,28,23,95,81,116,63,102,87,117,185
"RASD1",286,34,199,178,58,44,49,116,17,58,25,139,137,37,249,82,186
"ACSM3",396,455,216,311,22,119,80,53,5,30,38,110,44,55,57,57,205
"ZKSCAN2",187,120,116,84,110,130,92,136,51,51,64,42,109,73,27,79,88
"LOC100131257",47,40,37,33,27,27,32,36,113,152,164,337,160,187,221,258,155
"SCAMP1",153,152,145,92,129,62,32,54,32,61,86,83,68,84,74,148,168
"SH2D2A",534,212,523,150,27,206,355,65,36,11,45,1,119,32,9,48,139
"SOCS5",97,86,118,107,44,35,22,35,35,90,132,180,106,104,105,264,224
"STARD8",253,218,267,253,63,82,58,40,10,45,44,146,48,49,75,64,200
"SIGLEC6",1156,447,577,768,52,350,184,82,9,6,19,1,30,17,14,27,71
"LRTOMT",45,88,83,37,80,52,26,51,137,101,117,98,140,205,72,192,151
"APH1B",444,324,277,264,331,135,97,130,15,13,24,18,33,44,22,49,75
"CEP97",38,94,119,70,19,37,6,18,33,165,161,353,105,164,207,331,342
"ANKIB1",71,211,174,80,38,30,19,23,30,120,124,231,66,121,145,139,287
"CSRNP2",233,129,129,187,92,109,53,102,26,44,30,129,35,49,76,103,158
"ZNF620",38,138,90,32,24,50,18,28,75,112,208,194,150,158,133,216,231
"ACSBG1",38,602,109,77,15,102,19,56,30,91,108,127,142,141,77,141,151
"ZBTB34",117,143,116,93,91,44,38,44,16,75,105,190,56,113,121,146,171
"MAPK13",191,69,69,186,336,69,56,89,32,55,39,78,68,127,84,55,100
"LRRC27",367,150,46,105,316,93,189,95,51,32,42,39,66,73,27,57,86
"SH3TC1",750,113,104,267,2254,137,518,380,10,7,3,26,23,80,7,4,11
"ANKRD18B",25,58,124,36,24,27,11,38,55,166,269,150,282,285,114,256,226
"LINC00926",328,87,55,93,318,162,336,274,38,40,22,72,36,58,33,30,38
"HK2",267,479,244,207,351,159,128,96,8,28,15,32,81,51,16,19,76
"SLC25A33",78,127,172,71,40,64,28,48,42,83,154,69,100,136,61,202,221
"ZNF302",67,290,147,103,57,61,18,25,31,100,96,176,83,73,82,206,205
"ZNF641",175,177,120,106,114,71,64,77,22,86,78,42,97,70,86,81,96
"ZNF252P",110,170,105,48,58,53,30,48,62,82,79,111,92,111,69,208,227
"JAM3",38,69,68,30,55,43,29,35,56,172,182,207,131,209,91,213,217
"E2F6",114,213,162,81,78,86,31,42,26,88,104,85,65,93,62,120,207
"MEX3C",47,154,215,86,35,38,14,25,23,124,101,296,65,121,174,202,276
"SPOPL",106,116,140,97,76,26,21,30,16,102,148,170,100,128,96,202,224
"FANCL",24,241,174,52,28,54,9,14,42,143,212,178,115,153,101,226,314
"VPS9D1-AS1",34,81,201,68,36,100,37,75,72,94,147,62,186,116,30,134,203
"SNX21",126,62,44,64,191,79,71,76,41,76,85,94,111,108,91,94,117
"CERS6",134,189,145,97,195,36,47,32,24,62,93,91,82,136,47,125,148
"SMURF1",225,197,176,119,119,92,49,43,15,65,49,124,54,67,79,86,120
"SSFA2",81,178,239,136,67,34,21,27,12,84,136,185,66,105,85,147,278
"EMP2",140,154,223,60,218,95,80,185,54,40,37,45,51,64,27,124,76
"MTERF1",68,245,207,99,53,42,19,32,24,97,150,146,79,73,80,149,270
"DHX35",36,234,209,97,40,45,5,21,6,148,121,273,94,116,194,194,378
"FBXO3",27,130,126,53,20,23,4,10,23,218,236,457,89,173,304,288,384
"RAB11B-AS1",78,123,70,39,122,123,47,90,60,64,106,71,91,132,49,138,126
"TMEM192",76,196,285,90,80,48,36,31,46,53,83,105,107,92,65,117,180
"LPPR2",607,100,63,200,472,171,260,142,15,31,30,44,34,40,17,28,75
"KAT6B",52,108,114,57,53,54,15,42,50,96,98,254,78,122,195,158,212
"HDHD1",137,175,372,89,44,63,36,44,24,73,110,88,115,68,45,134,143
"SLC10A4",0,403,913,201,5,63,1,41,35,63,294,95,153,105,62,198,262
"XXYLT1",84,404,447,109,34,95,36,37,10,59,89,96,62,79,66,103,220
"KLHL2",71,109,106,86,114,50,22,19,43,87,147,107,99,131,82,209,216
"MAFK",42,81,151,116,54,29,12,14,44,93,56,586,50,214,456,88,286
"MORN1",52,75,71,55,52,67,33,51,139,132,150,78,132,136,74,149,130
"IKZF3",60,352,90,60,74,80,58,76,81,47,74,56,129,100,33,136,138
"C4orf46",27,221,152,51,80,25,16,38,23,145,136,244,55,133,88,227,356
"EHD2",685,109,594,437,68,598,497,280,6,4,13,9,25,13,7,24,64
"ADGRL1",1332,53,53,296,353,406,324,213,24,24,21,8,24,33,18,26,31
"P2RY2",347,356,97,82,1045,111,334,218,30,27,14,31,20,63,14,9,33
"ERCC6",117,107,82,78,73,71,47,47,45,58,77,119,115,109,101,133,131
"IFI16",420,251,225,415,965,121,174,112,6,16,14,39,28,45,17,18,28
"TMEM87B",95,146,172,140,60,48,39,25,29,63,128,169,67,87,63,171,168
"ZNF320",80,156,104,75,72,50,24,31,47,125,86,117,82,129,77,161,221
"ANKRD32",28,145,171,37,13,27,3,20,34,155,202,276,124,172,177,366,462
"LOC440311",344,120,53,69,388,191,158,149,96,27,26,50,41,70,14,55,47
"KIAA1875",111,47,44,35,101,58,68,65,67,97,54,172,117,137,146,123,116
"MPPE1",61,140,104,57,47,50,33,40,33,115,103,144,85,160,79,158,288
"APITD1",27,120,140,42,36,63,7,21,91,162,213,84,174,165,75,271,238
"C19orf57",17,72,63,22,31,34,6,43,59,207,212,238,209,270,119,291,310
"GPAM",28,207,142,56,34,41,6,16,58,121,159,161,153,166,71,337,302
"ZNF585A",81,165,114,88,68,56,33,43,20,97,98,168,73,105,81,173,161
"SKIL",77,61,73,84,40,50,23,63,34,74,130,174,116,142,102,237,220
"ZNF771",196,97,124,140,88,169,119,169,59,33,57,24,69,84,25,44,89
"FAM208B",53,127,182,57,21,28,7,46,31,108,124,429,55,115,250,186,313
"ARG1",4,20,14,5,7,0,1,1,42,242,209,2675,343,308,3174,895,671
"ATG10",81,279,160,55,45,67,22,47,42,84,93,103,97,132,59,181,132
"MKL2",39,136,106,62,25,35,13,11,64,142,218,180,103,197,97,246,311
"MATK",220,185,88,85,1067,186,939,308,35,12,2,12,48,114,10,5,14
"TGFBR2",291,462,341,337,118,125,54,31,3,25,49,58,39,51,36,50,170
"STK38L",44,200,142,77,47,39,20,21,19,109,103,260,96,89,180,175,262
"ATXN7L2",133,132,163,93,57,97,48,48,24,50,42,139,71,87,93,130,190
"ADI1",130,184,243,113,73,60,13,24,20,65,85,76,53,181,117,186,172
"IL13RA1",351,131,110,236,928,102,158,147,7,39,15,65,64,72,20,17,24
"ZFP1",61,125,141,58,32,59,13,44,50,110,117,191,78,106,127,204,195
"ZNF714",53,54,37,24,84,52,34,49,120,120,165,144,102,173,52,248,230
"MDM1",22,168,147,29,11,32,4,9,37,196,248,475,113,142,209,285,420
"THAP8",214,77,104,127,168,96,84,84,22,64,65,45,46,95,68,72,112
"C9orf64",43,224,180,87,15,38,8,16,38,138,148,258,75,105,162,164,370
"TMEM143",84,100,106,47,108,44,40,52,34,108,91,169,77,143,70,105,206
"IFT88",82,127,134,89,59,64,18,47,35,108,117,100,89,94,60,238,169
"HIC2",59,91,122,47,57,50,16,27,46,121,101,269,86,155,169,97,268
"DPY19L2P2",39,97,71,37,18,44,16,32,104,103,154,242,159,181,140,188,219
"MYSM1",54,100,152,58,44,30,17,26,16,101,212,344,66,103,186,197,306
"BARD1",15,136,190,52,24,13,5,11,30,179,153,510,106,148,229,280,510
"TMPRSS5",22,17,17,15,25,23,10,21,332,372,166,260,316,297,180,304,230
"RECQL",44,140,154,52,27,28,10,22,39,125,175,247,87,134,133,216,398
"OR2W3",22,114,123,56,1,27,1,7,25,127,122,1224,145,121,857,219,581
"MREG",97,151,307,117,37,26,26,30,42,61,132,116,91,106,66,157,191
"C11orf84",298,198,251,191,246,155,80,101,13,18,26,22,39,55,25,67,145
"SACS",27,156,291,65,17,21,21,31,22,133,149,149,109,167,102,236,357
"RSRC1",21,114,176,69,21,17,8,25,22,160,141,429,97,155,225,234,383
"JDP2",355,235,259,274,1052,148,144,154,6,28,10,68,16,38,13,11,32
"LINC00094",208,111,196,121,71,78,44,68,33,54,60,53,69,74,48,118,184
"RWDD2B",189,343,256,79,117,115,52,73,18,38,71,37,81,74,23,78,121
"PLXNC1",172,325,474,255,233,89,40,95,17,25,39,66,45,68,19,30,79
"C22orf34",197,95,173,99,127,107,75,130,24,49,45,45,61,56,49,57,203
"PAIP2B",33,169,97,29,17,33,6,31,40,163,164,215,142,197,205,322,228
"LINC00476",112,91,97,33,79,76,45,78,99,106,104,57,91,125,48,103,134
"DNMT3A",302,140,150,162,290,109,130,104,21,30,44,35,34,66,17,68,83
"NEK3",282,245,168,164,46,118,33,54,11,79,76,47,43,66,31,157,193
"TMCO4",231,210,194,95,153,85,59,49,16,46,58,45,65,77,44,89,151
"PITPNA-AS1",101,216,122,74,42,62,31,36,11,115,69,129,83,127,114,176,185
"AHI1",178,149,93,78,72,95,90,87,25,52,113,41,83,102,24,168,97
"FOXO1",74,147,147,51,34,49,37,60,33,35,103,89,146,105,295,90,207
"C8orf88",12,183,194,54,4,15,4,7,15,240,215,691,85,170,297,334,495
"TANC2",187,201,141,158,105,103,62,65,18,47,66,55,62,83,41,71,113
"TMEM106B",29,151,239,86,23,44,12,11,21,132,180,176,81,152,123,222,396
"RAB11FIP2",73,103,116,63,37,43,20,22,8,125,134,268,86,140,166,239,271
"MGAT5",489,269,154,228,531,102,187,155,12,15,10,29,46,58,14,25,40
"GCNT1",193,373,369,330,128,88,59,36,13,33,31,37,46,41,40,73,145
"SLC15A4",102,165,226,162,107,48,28,51,11,84,87,90,49,74,62,118,214
"ZNF516",345,222,168,214,444,110,131,93,9,20,40,31,34,68,15,31,86
"GALM",119,299,109,126,66,99,117,60,41,48,65,71,66,81,40,46,89
"ART4",12,37,65,17,4,9,0,33,73,354,190,952,257,181,606,259,331
"LRMP",63,409,150,92,63,43,37,22,23,48,117,162,68,94,85,114,209
"PLCG2",587,393,166,279,368,91,110,85,6,19,18,38,39,52,28,28,54
"WDR5B",77,156,91,83,81,57,33,36,33,86,82,129,78,107,98,123,190
"MRPS24",110,143,140,70,70,85,32,83,21,69,96,64,102,143,36,123,159
"ABHD17B",88,204,182,93,60,43,22,41,21,86,88,146,74,76,101,135,187
"SDC3",900,246,421,418,179,203,49,110,7,16,27,14,44,29,22,22,55
"RCSD1",322,550,364,229,195,117,137,105,12,22,11,40,17,40,24,32,64
"ZBTB42",100,71,75,78,80,93,58,73,50,64,101,68,89,143,32,119,164
"KIAA1211",20,277,202,65,12,33,10,24,120,118,179,216,52,176,104,149,186
"CHML",18,104,179,43,25,43,1,15,55,174,216,174,165,196,118,340,276
"YBX2",24,419,67,41,13,124,16,40,43,94,129,147,112,197,99,120,234
"MPEG1",382,122,117,308,1160,88,209,185,7,42,8,55,20,55,8,33,28
"BRCC3",65,193,206,66,84,48,20,18,25,83,124,101,87,102,79,161,274
"LATS1",45,119,149,64,14,27,7,20,8,169,179,353,91,105,231,309,435
"C14orf79",87,55,65,51,50,107,44,93,65,97,101,67,104,139,53,127,165
"FNDC3B",206,167,168,161,247,50,74,116,6,55,38,93,40,62,63,48,90
"HLX",505,208,109,248,1867,131,383,375,8,10,3,13,18,36,12,7,23
"MTRF1",91,159,121,99,63,62,27,21,7,99,99,197,68,88,123,141,260
"SYNE3",73,30,60,61,27,21,10,28,64,168,126,251,137,235,173,215,287
"RGL4",121,180,150,104,517,73,71,61,14,40,13,204,40,74,105,23,106
"GPR35",247,50,33,86,1444,101,433,449,25,27,17,22,50,70,19,11,72
"SLC39A6",154,248,172,102,127,56,37,32,22,49,73,41,87,90,49,135,172
"ALPK1",263,239,119,108,298,134,139,89,22,34,29,38,38,40,24,54,98
"LAMB3",166,228,184,153,41,188,67,92,22,44,35,39,104,50,39,50,146
"WDSUB1",139,230,177,115,50,48,15,25,6,85,116,175,39,83,117,149,290
"NCKAP5L",620,123,196,377,493,230,245,196,5,6,24,25,19,26,14,13,47
"CEP135",27,95,105,37,22,16,5,21,27,192,199,394,125,152,203,355,363
"MAGEF1",389,379,289,199,119,173,114,98,15,17,32,18,45,31,13,47,87
"ALG14",41,167,189,37,10,40,1,19,47,184,211,190,126,160,102,306,311
"SLC25A51",51,115,161,80,45,41,17,36,36,90,96,155,82,130,116,203,201
"ABCA5",95,170,85,62,110,64,24,29,25,117,148,92,66,133,74,136,141
"SATB1",94,132,176,98,44,24,12,31,28,59,95,402,49,106,235,134,176
"HYAL2",131,158,284,130,53,76,28,41,8,52,54,136,54,81,93,112,243
"ARHGEF9",264,283,154,90,106,97,108,56,17,45,50,69,33,74,20,81,137
"PPFIA3",137,61,115,74,87,217,112,271,84,44,46,44,45,88,15,48,87
"DHRS12",131,109,60,63,99,120,44,82,37,83,88,115,68,108,45,79,104
"LINC01278",158,193,161,112,124,102,66,74,19,46,57,60,48,77,30,73,146
"NR4A1",230,86,963,88,42,57,31,19,35,22,111,7,51,119,27,219,601
"PEAR1",25,190,154,23,8,74,10,20,49,145,119,1072,18,155,147,267,229
"LOC389906",127,84,151,50,64,70,70,70,35,121,145,76,137,83,15,80,116
"KCTD11",294,181,96,183,68,146,53,56,11,52,51,62,56,63,56,69,153
"ARID3B",158,88,60,96,61,67,33,31,31,88,58,231,83,105,158,75,149
"SMIM10L1",79,154,102,95,33,56,42,37,73,114,126,152,70,184,0,283,88
"S100B",304,473,250,460,216,321,137,79,14,14,14,12,46,81,24,1,12
"RWDD4",51,146,162,69,27,50,18,29,25,124,146,116,103,123,80,205,246
"SLC36A4",131,131,141,136,181,73,67,55,16,32,66,62,54,90,45,118,140
"MRPS31P5",150,142,77,100,50,54,38,38,36,72,85,114,88,93,63,146,161
"MS4A4A",438,245,279,538,414,85,104,123,8,28,4,59,20,70,18,19,21
"LOC101927765",122,78,30,28,96,95,82,64,53,86,118,62,70,164,55,145,139
"BAG2",25,246,384,81,12,27,6,20,15,92,126,164,103,142,195,200,420
"ATP11C",30,138,168,65,18,32,9,13,26,138,168,292,79,177,139,256,310
"TRIM7",228,171,187,117,106,169,60,107,37,29,47,20,78,83,21,88,49
"CYFIP1",129,235,221,199,411,99,92,56,11,23,29,68,38,78,20,44,116
"CEP72",35,109,144,43,36,38,7,20,42,177,201,252,75,126,92,236,305
"BCL9L",336,73,135,207,441,142,162,167,11,16,15,41,35,55,25,39,92
"RAB20",670,149,113,325,1236,103,303,193,4,19,7,25,31,60,11,4,21
"THAP1",33,94,144,64,15,31,9,17,48,152,167,233,99,158,153,261,252
"RPP25",353,117,109,128,708,114,230,199,13,17,36,21,33,63,13,39,40
"TMEM44",393,207,234,162,153,179,168,69,13,22,51,16,39,43,18,33,95
"DUSP10",335,153,220,261,147,117,73,47,13,27,43,70,34,52,22,75,101
"GPR89A",86,72,43,25,40,51,32,55,65,104,138,112,178,184,86,201,121
"IGSF3",33,144,144,31,4,62,1,30,47,178,142,294,107,139,126,322,352
"NIFK-AS1",102,160,132,46,91,48,38,36,22,81,100,102,88,97,94,131,149
"CEP76",16,108,142,46,11,20,2,14,25,154,154,447,119,162,344,351,448
"FNBP1L",43,140,125,94,11,24,23,28,20,202,90,280,125,64,456,140,127
"IFT140",131,197,194,91,109,136,74,57,13,39,54,60,59,74,45,65,156
"TAF2",27,121,204,49,14,11,8,27,22,157,184,401,76,102,210,271,423
"CDC42EP2",233,74,69,95,461,147,130,124,32,56,26,42,41,63,18,88,52
"IQSEC3",109,326,229,59,32,68,38,27,26,67,84,120,79,74,74,87,183
"GATA2-AS1",164,179,145,104,37,142,114,97,14,75,59,20,73,37,37,167,109
"PKD1P6",93,50,59,46,18,45,37,31,37,150,128,193,142,131,142,193,169
"SNAPC1",79,151,117,75,48,52,37,33,37,75,109,115,88,97,70,131,192
"SLC29A2",521,186,296,193,301,291,254,299,4,6,17,14,22,29,7,21,47
"ANTXR2",509,389,348,325,263,105,107,80,7,22,12,27,28,21,19,31,81
"CYB5D1",44,138,160,38,34,40,19,12,34,112,126,193,97,143,119,205,314
"PDCD2L",73,259,271,59,22,68,14,23,33,66,140,51,112,118,45,199,345
"GPALPP1",46,264,209,53,28,32,6,10,20,142,176,150,106,118,109,216,375
"OTUD4",34,109,171,62,18,31,8,11,20,109,129,449,66,114,280,260,413
"RASSF4",662,66,83,294,1606,106,487,319,6,17,6,33,21,64,13,8,3
"RPL23AP53",38,112,102,52,26,39,15,30,80,106,169,176,127,110,72,196,240
"GTF3C4",64,136,164,41,37,46,18,38,72,80,110,119,101,118,60,161,240
"TMEM107",240,210,137,119,142,53,61,83,20,56,45,44,53,66,33,103,101
"LPCAT2",532,496,223,331,96,129,42,64,3,22,23,53,35,57,28,33,132
"FAM92A1",34,136,181,76,37,42,21,25,46,78,129,126,79,123,87,228,217
"ST3GAL4-AS1",122,73,22,38,70,34,46,44,71,113,102,98,81,196,101,197,146
"SLC25A4",123,181,182,126,11,74,14,42,20,72,117,85,119,116,35,189,220
"TMEM128",52,187,168,80,33,23,9,13,14,141,126,242,108,88,111,275,318
"KCTD3",52,213,267,67,36,50,10,32,15,101,123,156,70,105,78,156,291
"SETD6",63,186,143,78,42,97,22,47,56,53,101,56,130,118,33,117,198
"DAB2",443,264,226,369,649,107,90,118,3,15,7,51,43,98,14,9,22
"DNAJB14",71,140,151,102,39,43,19,23,19,96,132,118,76,130,64,205,259
"HCFC2",52,72,86,59,23,24,10,8,52,170,159,279,132,133,206,236,230
"GATA5",21,34,28,12,13,27,27,72,133,111,180,97,241,182,157,355,434
"ZKSCAN3",286,149,123,222,41,64,27,41,39,64,67,76,68,45,75,85,114
"POLM",443,183,129,181,259,121,111,71,12,18,22,39,30,41,48,41,115
"RNPC3",76,126,91,78,61,62,10,38,39,77,118,125,79,102,105,187,171
"MAOA",2067,418,200,1138,270,212,105,109,0,8,9,12,19,12,8,13,31
"CBFB",210,414,584,405,133,125,29,30,3,25,29,55,39,36,49,40,125
"IGFL2",3103,356,525,671,1,33,14,12,11,14,58,3,49,28,48,240,319
"BAIAP2-AS1",308,75,93,123,269,70,103,73,29,32,45,33,63,73,23,97,100
"ZDHHC13",81,226,164,95,33,40,15,17,14,100,124,149,90,117,78,159,240
"USP30",102,145,133,73,78,57,31,21,24,90,75,116,72,101,77,135,189
"PAPSS1",221,653,398,274,82,62,29,28,10,39,36,53,30,64,25,69,185
"C21orf33",125,89,75,30,151,67,97,109,118,34,84,25,99,123,26,101,83
"TMEM263",368,179,196,241,66,95,66,57,20,26,44,32,61,47,18,95,139
"DEGS2",151,161,156,82,36,174,141,142,36,23,53,11,111,50,18,93,136
"PER2",35,118,153,44,60,35,5,19,51,145,113,178,135,154,80,234,205
"C17orf99",7,65,37,20,10,1,4,16,205,142,430,453,110,681,82,515,405
"TMEM81",113,93,57,63,35,34,32,38,40,88,86,203,98,112,140,181,127
"KLHL15",42,100,131,62,30,25,14,13,34,117,135,274,83,128,143,286,246
"MMACHC",44,146,189,44,42,58,16,72,96,77,104,70,117,84,47,140,179
"CCDC107",177,64,89,105,219,97,99,107,23,47,51,64,56,108,18,69,88
"ELL3",116,99,81,64,85,58,54,57,40,66,93,86,109,99,49,117,96
"BBS2",242,246,211,122,66,65,23,44,17,36,53,47,54,56,60,155,217
"XAF1",74,216,68,38,141,30,52,39,57,49,97,94,59,106,49,174,202
"UBTD1",337,68,104,172,791,110,229,211,12,18,17,27,30,69,32,18,39
"CARS",69,78,54,33,31,49,16,17,41,153,158,182,188,133,137,195,184
"LOC285074",52,90,66,42,27,35,27,50,54,91,98,185,131,137,129,215,144
"PIK3R6",2214,697,179,713,392,142,295,67,3,6,4,13,5,29,4,1,29
"ZNF107",38,119,161,36,44,35,17,38,34,155,103,204,50,95,97,243,266
"CNN3",14,57,220,28,2,36,7,35,55,212,114,848,82,165,120,234,258
"AEBP2",73,143,175,79,46,26,14,14,74,93,99,117,84,152,79,136,218
"LRRC8B",86,205,215,100,43,52,19,40,20,75,85,101,86,82,56,131,198
"OSBPL1A",142,313,246,113,204,100,61,95,21,20,29,44,42,59,33,55,96
"APOLD1",113,74,49,125,51,61,25,60,49,112,64,111,143,111,49,129,107
"ITGA7",639,69,74,201,680,87,409,104,4,26,36,34,34,31,22,32,39
"TMEM184C",105,226,242,99,88,52,18,28,10,67,65,148,79,72,68,105,185
"CCDC15",14,144,93,36,24,37,3,4,74,197,237,247,121,174,76,291,440
"CXCL16",364,71,83,291,652,66,120,159,13,21,16,60,51,74,41,16,33
"UNC119",624,199,170,261,553,180,177,139,11,10,9,25,14,29,12,19,50
"WWOX",69,229,144,75,69,85,29,46,66,72,55,47,99,97,42,91,129
"TMEM161B-AS1",181,117,50,50,111,88,61,68,50,56,68,52,74,85,45,149,89
"PRKCA",254,196,291,234,59,87,37,39,18,31,48,45,48,42,31,128,163
"GPD1L",133,308,350,139,55,76,18,46,4,47,74,49,93,58,39,113,229
"TRIM16",470,299,118,193,278,92,117,85,17,15,37,16,57,43,9,38,75
"DYRK2",129,128,160,119,84,62,23,38,44,49,77,89,74,96,25,139,138
"LRRC37BP1",132,143,99,76,111,48,36,45,19,78,69,114,58,61,78,126,163
"SYCE2",41,101,48,26,58,37,21,24,59,171,146,121,102,161,109,215,206
"CNEP1R1",48,131,117,93,32,26,6,12,27,132,138,285,96,117,155,189,232
"FAAH",214,76,30,69,269,91,169,166,41,39,50,42,47,63,40,61,70
"PDPR",126,152,147,62,68,52,30,59,35,45,85,176,121,45,86,78,83
"LOC101926963",585,107,193,214,666,149,255,245,11,10,17,5,24,21,11,26,34
"CERCAM",1576,207,137,447,599,130,422,189,4,5,5,8,24,17,5,9,20
"IMMP1L",54,183,109,45,17,37,11,18,31,119,117,151,108,168,116,265,248
"ZBTB3",55,81,122,53,68,58,29,52,67,64,86,112,104,156,66,102,119
"HTRA1",210,34,60,95,560,55,100,402,24,24,25,70,47,341,14,24,48
"UNC13B",296,133,124,85,127,90,58,56,46,29,55,36,49,74,25,84,143
"POLK",39,126,155,69,20,27,12,15,26,107,128,272,71,96,176,243,319
"TMEM5",121,273,240,101,45,73,26,20,13,43,89,58,102,90,42,139,223
"KDM5D",1,611,2,607,210,198,1,0,0,1,3,1,3,819,2381,1148,1501
"CR1",85,274,68,156,54,12,18,28,11,47,60,655,41,52,391,160,140
"ZBTB6",42,75,146,73,45,41,12,18,72,97,116,154,117,89,107,166,217
"UGGT2",185,220,141,138,54,95,31,32,16,52,55,63,53,79,58,102,188
"EXT1",283,187,194,161,25,81,43,33,18,47,66,68,67,70,37,94,156
"F13A1",459,767,1259,1044,602,251,54,123,2,1,4,23,9,5,1,4,14
"USP40",289,269,226,152,272,172,116,116,15,17,30,18,31,28,14,32,72
"ZNF761",62,142,97,59,51,46,24,32,52,77,74,141,112,92,81,138,190
"FAM69B",299,125,81,51,606,121,291,263,21,32,19,14,47,46,12,42,36
"GGT7",563,221,182,297,137,187,147,73,12,24,20,16,27,37,15,35,63
"LOC101927021",149,197,89,36,91,78,43,65,27,65,92,39,96,116,78,72,84
"KBTBD3",76,118,84,60,46,55,14,26,30,87,144,122,98,150,67,234,162
"LTN1",43,133,155,68,14,30,5,15,23,141,173,357,47,98,207,234,298
"DDX58",101,99,61,57,74,31,34,53,59,69,84,121,85,109,108,122,117
"SLC7A8",114,160,253,179,30,32,36,24,20,42,59,137,143,79,25,147,222
"EIF3J-AS1",99,208,124,83,65,74,36,40,18,66,64,104,52,67,82,123,155
"PNPLA7",518,110,40,133,389,121,320,144,17,14,27,27,33,52,40,27,38
"FAM120C",112,112,93,63,104,83,69,88,42,51,79,34,71,117,15,139,108
"GNPDA2",54,209,176,83,26,58,5,28,18,91,132,118,84,112,71,202,298
"ABI3",189,43,32,96,1012,106,228,261,9,33,17,64,61,143,31,24,21
"TCTN2",68,106,136,56,44,68,23,81,49,79,107,54,89,103,47,126,179
"TCEAL3",433,181,151,170,253,149,92,85,4,21,53,19,37,71,13,40,78
"TMEM74B",783,16,8,104,8,55,33,30,58,110,122,114,92,93,76,234,240
"PIK3C2A",80,90,166,85,34,28,19,23,22,95,98,217,65,85,125,195,217
"DUSP11",83,209,291,103,22,20,9,16,17,77,87,241,63,74,171,150,280
"ADGRE2",781,218,482,516,128,222,161,129,2,5,6,11,22,20,10,16,93
"POLR3B",215,282,176,158,33,87,19,38,8,67,65,49,91,55,51,106,182
"ZNF773",79,147,115,54,66,63,15,29,30,84,58,156,88,101,116,133,159
"PSTK",66,127,73,48,32,42,10,28,79,85,122,102,112,177,70,220,199
"TMEM206",171,224,128,145,127,97,44,39,25,33,51,44,59,76,23,100,122
"NOTCH2NL",116,46,37,45,295,50,72,73,74,93,99,39,76,149,21,91,99
"NPW",201,113,43,62,643,144,815,420,41,10,22,6,57,32,8,13,40
"HLA-DRB5",200,1286,434,0,343,0,2072,278,0,2,1,114,2,210,86,25,40
"FRS2",47,77,80,51,39,27,9,18,27,115,127,267,94,146,200,223,269
"NAP1L5",33,115,132,38,5,22,7,13,77,168,195,217,124,146,110,257,285
"SP4",24,70,127,54,5,11,10,9,45,226,150,403,104,122,266,253,329
"BCORL1",194,115,141,123,178,146,117,82,26,37,45,33,30,44,27,50,86
"PROSER2",99,272,219,73,133,107,66,50,13,41,59,22,46,84,31,70,189
"RAD52",104,103,91,81,48,47,17,34,38,69,59,112,111,106,74,235,159
"MBTD1",44,160,155,89,26,32,15,17,16,93,142,229,54,119,158,172,203
"PSMG3-AS1",105,127,79,63,74,43,62,63,51,82,53,68,96,83,59,126,76
"TNFSF10",1310,405,206,458,149,153,132,83,4,9,10,13,27,17,17,20,52
"SDR39U1",120,130,120,113,82,68,26,30,17,87,54,172,44,78,57,99,181
"SEC61A2",100,66,63,50,91,56,20,31,28,100,137,115,61,111,95,164,185
"BDH2",169,318,139,73,69,66,34,45,18,51,62,59,71,90,38,95,133
"SNORA70",85,69,73,43,81,66,39,24,16,89,89,78,114,159,61,180,266
"MMP25",536,242,60,188,1610,233,375,190,5,8,12,4,27,32,8,3,19
"ARHGAP5",37,101,198,54,16,30,10,18,37,105,155,248,82,137,95,192,290
"FOSL2",288,92,396,126,236,108,76,83,5,10,25,56,46,39,73,37,92
"URB1-AS1",75,102,116,53,61,82,39,60,30,71,69,89,73,82,78,132,125
"HENMT1",61,207,65,49,106,38,33,29,27,48,124,56,101,120,47,215,255
"GKAP1",71,120,67,71,41,52,22,25,44,91,74,114,98,120,89,205,158
"EAF2",64,295,128,52,100,44,20,31,30,61,111,80,114,102,38,134,134
"OBSL1",253,181,67,95,779,136,329,119,30,16,33,13,22,38,9,28,49
"SLC17A5",186,158,120,194,207,41,40,48,13,50,46,108,31,44,53,79,129
"TMEM241",45,81,119,42,31,34,22,38,34,74,56,253,123,96,292,97,225
"ZNF701",61,129,103,56,40,39,25,33,35,91,100,167,50,89,128,110,253
"METTL15",62,124,151,56,22,44,9,15,28,107,143,113,140,115,108,225,202
"TTC5",55,223,236,98,34,41,9,26,14,76,92,117,98,90,105,146,211
"C18orf54",25,91,107,33,26,21,4,16,65,184,174,227,118,154,133,226,259
"TCP11L2",29,11,41,37,7,7,5,15,52,131,88,1284,206,220,741,291,276
"PRKXP1",247,85,32,124,32,56,17,50,38,75,90,220,106,47,30,122,257
"TBC1D4",317,372,527,424,37,108,47,60,4,2,27,18,61,41,30,76,146
"ZNF845",45,109,121,38,35,32,17,29,33,89,99,210,111,96,113,198,238
"GABPB2",26,117,93,18,24,30,12,18,63,156,131,206,132,165,131,202,232
"RRM2B",123,196,209,111,43,21,12,19,14,51,100,107,86,82,141,146,213
"CD33",468,428,131,370,525,153,156,74,0,16,9,29,24,40,18,13,31
"TRNT1",59,211,215,91,33,39,13,27,24,70,114,73,123,75,59,169,228
"SNORA67",73,75,39,57,76,52,26,51,23,74,95,96,97,155,64,201,233
"RMRP",112,25,30,20,86,116,86,520,68,28,34,22,59,128,435,130,19
"RUFY3",237,221,129,167,114,128,89,48,9,27,39,31,71,55,27,59,99
"RASGRP4",377,227,66,131,836,81,234,130,13,21,12,33,31,41,14,26,35
"SLC35A3",53,112,169,56,41,33,16,27,22,70,107,150,89,115,100,169,272
"KDM1B",38,113,206,44,57,23,26,18,67,78,119,91,95,160,56,170,184
"TMEM198B",208,177,144,175,188,123,47,29,14,34,22,96,29,39,57,66,129
"NPDC1",455,60,105,123,2352,189,1101,301,6,5,14,7,18,30,2,7,9
"GPR180",74,120,158,88,23,33,16,9,32,88,157,144,91,86,87,190,242
"CARD6",190,150,128,76,128,52,40,51,14,34,52,140,87,48,63,100,87
"RCHY1",57,217,234,125,41,47,15,19,9,73,110,109,70,62,102,144,228
"TBC1D16",369,48,95,189,948,141,204,234,15,22,18,15,16,52,12,28,31
"SGSH",715,78,93,341,1421,231,486,266,1,9,8,18,9,28,8,7,5
"ZNF189",121,196,191,111,53,91,18,43,8,69,42,99,57,52,103,117,150
"MORC2-AS1",142,141,67,64,54,83,47,39,14,56,79,110,75,108,86,85,130
"ZNF710",181,175,152,171,235,64,40,49,8,36,37,89,27,44,57,62,158
"UBE2V1",58,96,76,36,20,18,10,29,68,111,122,259,126,155,126,160,197
"KRBOX4",114,152,93,69,79,56,44,29,36,53,78,64,99,100,49,105,132
"PSMC3IP",26,134,143,39,37,37,2,16,28,164,140,208,82,156,111,159,426
"PET117",48,81,75,43,51,44,16,32,84,112,145,68,108,169,45,217,158
"PRSS53",179,65,45,106,106,101,81,41,19,64,56,81,48,91,66,74,134
"TMEM159",233,232,153,155,207,131,85,112,28,23,26,14,56,35,16,44,51
"ZNF273",12,110,106,30,11,10,6,11,37,216,219,474,97,154,195,217,388
"EVI5",54,85,136,71,35,35,21,23,49,73,143,93,99,125,74,172,188
"NCK1",67,225,215,112,34,38,14,8,12,77,93,212,48,78,132,136,260
"GUCA1B",56,55,32,50,39,17,24,17,90,161,138,151,108,116,139,218,190
"PRIMPOL",48,299,181,70,8,27,16,15,10,104,99,235,64,123,132,155,323
"EPS8L1",266,83,87,110,121,154,177,103,31,37,42,11,59,64,20,61,43
"SMCO4",269,136,112,128,655,69,138,123,12,32,18,26,26,66,22,41,46
"LOC102724279",5968,106,24,1406,5,611,956,11,0,1,31,2,53,87,14,1,67
"ZNF563",94,111,44,51,31,42,14,29,52,120,133,125,87,103,128,169,137
"GAS8",113,162,141,74,72,99,22,33,15,80,85,74,66,102,46,91,133
"C10orf11",691,349,105,159,750,115,219,168,6,11,5,14,14,41,13,21,23
"DHRS4-AS1",76,193,150,91,57,44,32,33,19,61,68,176,60,52,78,96,171
"C21orf91",203,156,143,176,34,34,15,23,19,84,64,134,57,70,87,106,151
"CATSPER1",823,213,177,205,210,175,185,122,10,5,15,2,45,29,11,28,43
"MTX3",25,123,157,44,23,25,11,15,42,99,187,130,102,153,87,254,279
"ZNF619",66,95,102,49,43,49,20,36,40,89,99,128,75,88,99,143,186
"LRRC75B",684,96,54,168,233,185,231,101,16,17,38,12,45,28,8,46,57
"LBHD1",246,111,99,93,80,88,61,46,18,55,68,68,62,71,41,48,121
"C6orf226",131,71,74,68,106,102,59,87,23,69,48,73,42,94,52,100,94
"MTA3",190,207,147,103,90,54,50,55,20,50,79,46,31,43,22,96,204
"RPLP0P2",41,33,30,17,43,33,34,46,174,169,179,33,373,130,109,245,45
"DDX3Y",1,663,0,448,166,161,0,0,2,2,0,1,0,1117,973,2317,1741
"HERC5",56,201,80,53,42,26,31,35,57,72,134,60,156,113,40,123,179
"LRP8",139,236,270,139,156,107,60,72,9,24,30,39,57,53,24,45,114
"ZNF738",46,77,76,45,73,30,25,29,46,96,113,168,92,105,89,165,152
"PWWP2B",689,201,86,236,1371,184,455,293,1,7,7,5,11,21,8,8,10
"DDN",893,536,251,843,33,113,72,131,9,12,32,19,8,23,10,17,60
"PTER",62,197,184,46,36,38,11,29,16,105,109,120,95,86,75,153,248
"NPHP4",64,122,158,96,35,64,31,27,10,76,88,111,64,96,65,132,258
"DENND1B",79,169,135,135,51,31,11,16,11,76,116,135,82,87,82,189,189
"ARMT1",41,160,213,60,37,21,17,21,21,77,167,134,69,125,80,173,220
"KLHL26",66,111,184,65,41,47,32,25,20,90,81,128,70,91,49,144,237
"FBXL8",255,55,57,111,267,139,175,132,43,20,29,30,42,73,10,52,60
"ITGB4",411,204,643,304,46,403,67,87,7,4,19,11,58,17,10,31,106
"SH2D3C",364,275,72,294,366,147,148,111,3,22,12,50,9,26,56,12,47
"OBSCN",234,101,75,89,113,115,298,93,43,26,16,81,34,51,49,28,39
"ITPRIPL2",223,119,76,120,269,92,99,104,27,22,23,33,24,61,27,80,97
"FAM229B",106,185,111,62,52,85,38,68,45,31,91,32,101,67,21,146,136
"CCDC112",44,297,201,85,6,41,8,16,18,77,202,102,58,128,105,174,291
"ZNF542P",48,124,90,45,86,50,45,40,75,66,72,120,66,62,43,138,147
"MRC2",26,115,63,17,52,33,161,46,72,62,42,143,118,187,104,68,115
"CLEC2D",131,151,73,87,90,71,52,31,19,40,59,113,86,46,90,82,122
"ZNF416",97,165,111,69,46,59,25,32,30,83,80,116,58,48,87,122,150
"PUS7",32,228,353,66,34,79,7,26,24,54,113,48,125,93,33,172,317
"ZNF618",107,141,119,55,31,65,43,38,56,66,122,75,30,118,31,112,163
"ATP8B4",401,393,147,310,491,100,90,46,5,28,12,30,36,34,23,14,37
"CBWD1",103,102,151,40,53,81,20,58,46,45,90,70,115,60,43,226,88
"AMOTL1",175,271,250,95,100,123,90,101,12,22,41,26,34,32,21,77,95
"IL1R1",227,110,79,205,177,40,45,51,9,25,24,217,43,35,131,51,121
"SH3PXD2B",653,121,171,521,1423,143,289,249,1,5,2,16,10,29,3,10,4
"ZFAT",104,113,133,79,64,61,30,29,12,61,52,188,50,86,98,88,188
"SCYL3",65,146,120,75,32,42,7,21,20,84,96,173,104,100,102,160,224
"BIN1",465,81,64,201,527,212,318,268,22,11,6,14,44,23,4,9,35
"SPR",224,130,212,87,206,87,99,112,13,23,53,15,52,69,10,58,75
"NRSN2",650,210,168,205,198,259,346,206,2,6,13,5,22,18,4,26,49
"PDE3B",56,199,126,78,85,29,24,40,18,65,67,153,40,59,94,175,171
"BZRAP1",59,80,126,31,216,57,54,29,35,96,61,94,64,135,43,67,130
"CBLB",125,128,120,135,62,83,31,24,3,49,50,231,42,77,135,78,140
"INTS2",30,111,160,64,30,35,13,11,24,105,132,154,80,114,133,183,268
"PECR",113,251,268,65,23,44,4,32,14,79,81,131,69,89,76,147,207
"ZCCHC24",92,96,56,55,92,79,41,76,53,44,75,61,66,65,44,130,149
"RARG",260,203,125,166,55,101,59,75,8,21,34,46,51,73,41,50,151
"PITPNC1",353,389,153,182,81,141,64,67,11,25,20,45,25,49,21,50,79
"MCM9",31,132,145,55,39,33,8,24,24,81,122,148,100,114,91,203,285
"BEX2",199,80,158,108,18,94,56,85,23,88,33,206,25,28,94,54,101
"ARMCX6",190,358,183,161,50,69,20,34,8,41,53,63,49,55,45,103,164
"PAQR8",61,192,119,26,87,22,37,39,35,82,178,64,84,85,51,103,169
"A1BG",837,90,54,163,698,191,501,471,14,5,13,4,21,32,4,9,4
"ANO6",86,383,242,195,70,38,26,33,26,41,73,57,55,62,20,84,133
"LOC644656",112,90,57,52,79,42,32,63,49,70,84,77,82,110,50,139,89
"TAF1B",42,194,220,46,3,32,4,8,27,119,152,181,86,116,126,248,357
"AGAP6",82,85,90,87,50,58,22,17,9,103,59,251,59,95,180,94,190
"FITM1",80,7,24,34,48,34,29,38,72,133,78,233,150,179,173,143,110
"LIPT1",56,160,124,71,51,31,11,13,12,76,121,195,64,99,163,144,229
"PLAU",423,118,107,319,622,98,176,131,1,25,10,54,26,43,15,10,27
"YPEL1",62,56,45,39,56,36,22,18,74,90,107,134,106,155,95,188,157
"FUT4",161,349,223,138,285,78,100,34,16,25,22,55,21,58,26,33,65
"DNAJC25",87,127,98,72,77,50,17,41,10,75,92,74,79,108,67,158,171
"NABP1",263,190,163,250,257,120,72,66,5,24,31,30,42,24,45,32,48
"KIAA1328",100,142,60,76,29,40,19,25,27,96,103,112,95,87,82,160,163
"GADD45G",170,47,24,29,262,40,128,62,62,38,93,76,44,236,11,126,67
"ARHGAP10",118,206,110,76,331,107,90,106,26,27,50,32,27,115,7,21,79
"TRAF3IP1",50,117,184,82,36,44,16,25,40,70,96,79,92,147,34,135,218
"PHACTR2",108,230,340,174,26,59,11,33,18,57,71,48,53,77,33,113,216
"C19orf12",295,142,168,149,165,109,116,94,22,18,30,16,60,35,11,48,57
"MFSD8",99,131,107,63,50,52,39,35,21,56,81,116,66,72,85,91,152
"NRBF2",85,135,137,87,45,28,10,15,33,67,81,161,83,72,98,155,216
"FAM214A",51,139,109,68,30,23,6,17,18,103,84,390,59,74,293,150,212
"LOC100506302",103,112,99,65,75,61,34,35,36,45,74,69,103,111,55,119,76
"GLB1L",97,103,79,53,124,52,47,47,45,66,58,86,68,70,48,80,118
"ADORA2B",186,321,341,265,34,75,36,49,3,13,37,40,71,64,25,68,201
"SLC35D1",156,250,198,160,37,29,29,18,22,34,105,53,64,104,31,100,172
"B3GNT7",48,43,38,67,48,9,20,37,62,139,161,423,62,134,58,114,212
"BCKDHB",55,282,232,63,22,58,13,27,31,59,96,93,61,85,62,97,243
"PHLDA1",602,104,385,423,30,96,19,20,11,29,27,48,57,63,33,67,122
"GIPR",933,89,77,279,77,154,284,95,17,14,20,18,33,34,18,32,40
"LRRC40",29,119,177,36,12,11,6,3,12,159,257,268,64,187,199,239,434
"PDE6B",121,147,79,91,122,93,90,80,32,49,61,41,39,53,13,64,107
"CD9",355,429,130,274,300,56,69,58,3,22,6,69,31,126,22,14,39
"KIAA1841",67,67,77,46,43,36,26,25,29,113,90,130,99,107,79,162,214
"PAX8-AS1",288,238,74,116,546,135,49,26,2,22,69,6,9,78,52,42,239
"TRUB1",11,92,136,45,9,14,1,8,26,195,196,310,111,155,147,336,448
"BBS12",127,122,63,114,19,41,10,26,39,55,46,254,72,56,252,114,164
"ZKSCAN4",93,205,127,110,51,60,30,40,11,72,67,91,59,49,71,84,143
"C5orf63",122,109,90,58,30,54,25,33,57,70,47,75,126,99,54,128,143
"MTSS1L",28,112,195,62,36,39,21,35,27,62,57,195,52,119,82,95,353
"CD274",378,145,186,165,21,95,28,72,27,33,25,135,61,20,77,49,57
"DCAF17",43,141,136,47,30,32,12,23,32,92,112,142,81,124,72,169,216
"B3GNT8",377,33,30,131,591,106,210,182,13,15,11,47,40,51,43,32,45
"MT1X",178,41,55,33,10,24,12,19,120,187,108,130,211,52,59,237,197
"MOB3B",141,391,592,291,50,90,28,25,9,17,57,15,14,24,28,250,141
"RGL1",505,123,164,483,1084,114,158,196,6,8,6,17,12,34,8,6,9
"PRDM10",30,81,97,69,18,31,6,10,19,125,150,283,88,114,154,244,273
"PYROXD2",158,307,47,61,51,47,41,35,9,61,55,136,49,93,179,74,76
"IKZF4",93,97,102,80,42,36,16,19,22,78,86,123,80,86,91,145,234
"NYNRIN",834,246,260,348,48,189,113,177,10,1,34,5,16,22,10,29,46
"STK3",52,121,100,60,54,36,11,28,48,82,97,113,83,81,52,182,212
"PAQR6",165,71,61,86,94,90,65,27,38,60,59,122,69,79,56,34,70
"NEMP2",77,111,94,36,96,49,36,50,25,60,92,95,55,96,63,128,107
"SPATA13",44,221,235,86,22,41,19,17,29,72,108,112,63,93,38,138,206
"ZNF407",101,93,142,80,82,39,21,38,20,69,53,124,59,74,75,112,145
"DPP8",76,65,79,55,23,44,14,27,36,86,85,165,76,140,96,186,191
"ATXN1",101,89,84,64,84,50,34,38,12,108,64,119,156,90,48,83,79
"SNAPC5",69,144,128,32,26,43,26,23,29,95,102,106,86,101,60,145,203
"SNTA1",214,61,42,105,184,115,100,164,32,18,38,21,66,56,50,38,62
"PDK2",118,196,48,54,270,72,123,59,17,47,35,41,42,65,72,61,57
"METAP1D",59,85,88,48,28,102,22,57,79,70,105,43,143,96,36,122,96
"CSGALNACT2",87,90,98,89,94,18,19,17,18,84,126,208,39,115,87,100,168
"SCRN3",32,233,231,73,22,15,5,13,9,113,122,189,74,87,142,192,303
"ZNF793",50,32,37,31,104,42,33,29,193,73,98,82,146,115,64,141,83
"ESF1",26,123,192,40,35,19,9,17,28,111,147,110,96,138,81,203,271
"TES",48,227,144,85,125,36,30,43,27,50,52,97,101,125,48,22,111
"AHR",111,118,177,184,84,54,28,28,27,37,67,74,46,53,47,97,112
"LINC00641",31,42,65,30,23,23,4,9,55,198,136,301,101,162,164,260,266
"G0S2",289,365,115,192,26,439,135,275,3,25,9,18,12,12,15,50,112
"SWSAP1",138,68,85,76,154,59,54,65,31,36,57,53,56,64,47,86,107
"ZNF510",84,168,118,51,41,34,17,28,31,79,100,83,71,110,67,134,152
"ARHGAP22",107,211,94,66,326,95,128,95,57,23,49,16,88,66,2,15,46
"CGRRF1",81,125,96,69,40,39,6,3,25,115,90,191,79,81,136,200,224
"BTBD3",48,153,154,75,18,28,10,10,24,101,176,119,82,108,52,228,266
"DDX60",5,72,95,16,1,1,1,9,37,185,297,471,105,198,380,396,618
"SLC2A1-AS1",22,22,38,13,3,20,4,28,215,139,271,219,149,195,162,397,182
"TFEB",300,40,19,130,1204,55,264,281,29,24,11,24,44,80,16,21,14
"FER",160,192,279,204,47,74,16,50,13,38,41,73,31,45,41,79,160
"DICER1-AS1",172,82,36,55,97,78,84,107,55,63,53,26,67,77,25,83,67
"TTC33",33,115,148,52,13,27,9,15,16,132,117,242,70,107,172,196,244
"ST8SIA6-AS1",388,115,132,191,6,173,84,87,43,32,26,23,45,58,15,86,64
"MSS51",76,116,59,62,48,49,13,25,31,82,76,167,77,103,78,153,152
"PKI55",99,354,124,45,70,53,35,37,27,57,66,65,99,68,31,70,97
"RAB29",193,179,183,183,174,60,67,52,28,24,41,38,39,40,23,34,65
"LOC102724699",92,46,71,69,107,73,42,46,37,56,82,74,107,84,55,59,95
"RPAP2",78,190,145,53,68,45,16,18,19,70,88,93,63,69,61,147,211
"INO80B",126,40,33,49,129,77,112,124,63,52,59,44,71,85,43,57,47
"SDHAP1",114,56,42,49,93,70,72,29,33,69,111,63,68,120,49,93,97
"DTNB",227,94,56,94,552,143,165,146,26,18,21,23,35,39,12,25,54
"CCSER2",104,124,122,97,105,50,40,22,30,49,68,91,56,54,66,85,87
"AP1S2",186,304,292,302,175,90,28,43,3,22,29,46,25,50,41,25,97
"C5orf28",25,101,121,34,18,24,9,10,47,161,201,177,75,114,103,177,281
"ZNF134",117,184,164,64,43,38,24,39,15,71,56,141,43,74,73,77,158
"SLC25A19",98,168,223,98,97,70,32,22,4,55,53,79,57,75,37,77,189
"ZNF44",89,127,66,58,83,52,30,35,27,68,82,87,53,73,55,135,143
"EVI2B",201,307,217,297,310,70,80,70,9,15,9,49,23,51,26,12,49
"C19orf44",125,75,77,74,89,108,65,93,36,46,61,30,105,40,25,69,85
"HIST1H2AC",122,59,73,65,42,59,19,130,34,25,28,189,70,91,223,71,74
"IGFBP7",181,742,480,268,286,70,85,44,4,17,10,35,17,33,19,10,56
"HIST2H2BE",164,34,58,75,73,54,22,65,28,27,26,187,56,48,349,101,131
"LINC01481",78,51,32,47,48,51,38,37,40,79,103,99,80,149,75,124,146
"CDC42EP3",365,145,235,247,724,148,101,96,5,16,10,31,16,20,16,11,29
"MGAT4A",240,160,81,121,410,49,74,129,15,37,16,64,51,59,24,24,24
"CACNA1I",385,39,47,110,9,29,13,8,52,166,106,314,74,134,71,117,65
"WBP5",167,266,224,143,89,79,60,59,15,42,34,40,16,44,14,63,119
"VPRBP",40,160,185,61,25,26,6,12,39,86,77,254,35,159,109,93,334
"BACE1",165,110,76,68,312,88,106,70,14,30,28,70,52,44,56,31,56
"ARMC9",99,49,118,48,63,49,20,39,64,63,111,79,77,101,36,122,116
"LRRC4B",486,20,178,357,15,351,220,83,21,10,32,1,69,30,15,26,142
"ODF3B",446,43,45,135,1929,160,572,259,15,9,7,16,18,36,3,8,7
"PPAPDC2",137,184,125,93,71,69,18,27,7,53,84,72,62,52,56,97,178
"FRS3",119,75,84,81,99,68,36,32,35,52,64,56,49,74,44,104,158
"C7orf25",80,271,141,80,70,51,26,23,12,61,79,68,43,65,45,100,216
"ZRANB3",31,213,139,41,18,31,10,31,30,105,112,104,90,101,73,145,239
"GDPD1",29,158,120,63,28,73,26,37,58,50,86,64,112,92,31,151,123
"NOP14-AS1",109,97,110,66,52,65,20,37,37,54,53,91,54,96,64,81,169
"F8A1",82,81,122,57,73,51,28,42,18,91,93,115,52,62,61,76,149
"BASP1",257,299,103,145,528,65,135,93,10,26,10,42,37,50,20,11,15
"NEIL1",119,61,51,74,133,83,70,28,32,59,77,53,61,78,39,73,110
"TMIGD3",478,87,166,379,1384,108,158,286,1,14,0,18,23,25,4,3,13
"C11orf72",127,66,37,46,90,57,56,66,23,68,65,58,113,90,46,104,95
"BAG4",34,157,194,71,23,29,5,5,18,89,139,231,48,139,130,143,265
"AKR1E2",36,47,35,64,19,19,13,19,62,100,171,151,141,125,87,197,306
"STARD7-AS1",115,113,79,56,159,76,61,65,35,40,48,27,93,64,29,59,92
"SLC25A12",110,245,180,73,60,67,28,33,16,40,67,43,72,57,25,133,140
"RHOQ",159,174,181,212,204,69,41,55,5,20,31,74,27,40,48,43,94
"LOC100049716",82,123,51,44,97,45,21,43,29,75,77,92,68,74,96,116,105
"MMP19",338,71,105,276,991,138,101,113,6,9,14,27,37,57,17,9,16
"PPP2R3B",25,20,41,22,42,194,6,135,120,84,138,52,106,138,32,141,188
"RIPK3",528,142,93,184,331,79,112,75,14,10,17,24,26,53,14,34,53
"F2RL3",163,302,122,76,143,309,190,126,18,6,22,9,50,32,13,23,45
"C19orf38",239,175,55,124,791,62,177,114,12,19,9,47,47,43,22,16,21
"CCNE2",4,99,136,19,5,8,0,8,16,229,206,506,91,126,276,322,629
"C9orf72",40,93,135,103,75,37,17,20,12,84,73,129,58,81,85,153,185
"ZNF16",99,193,138,65,64,46,31,27,13,50,74,91,56,56,59,98,164
"RPS6KA2",337,120,68,154,434,70,149,146,6,27,15,30,13,63,26,23,46
"RETSAT",470,292,246,282,156,110,73,53,6,13,25,19,28,26,12,17,73
"FARP2",69,78,82,72,40,55,27,38,33,92,84,108,52,97,56,107,124
"CBX8",100,88,91,98,42,47,36,41,27,60,77,40,77,81,51,130,132
"SRR",33,228,104,42,45,40,10,25,23,86,107,109,77,65,55,215,239
"KIAA1656",99,43,36,43,44,28,13,56,65,111,88,135,153,83,74,117,115
"GPR68",456,147,103,237,620,181,208,178,2,7,16,11,9,26,12,13,25
"GPR89B",73,47,45,19,24,48,16,44,74,137,141,97,135,120,78,134,103
"CTBS",101,140,161,121,70,37,28,32,10,52,55,96,44,66,54,107,149
"CENPI",10,112,84,12,10,31,1,10,66,180,189,253,90,180,128,254,331
"PILRA",551,273,131,481,843,132,235,163,0,4,2,8,19,11,10,3,11
"NARS2",58,264,285,75,21,30,11,26,17,61,89,85,76,77,52,98,261
"TLR4",328,249,139,266,926,79,109,143,3,9,5,47,18,36,18,6,11
"PARD6A",236,94,134,110,109,127,71,81,11,20,19,16,50,85,18,75,118
"DNAH1",187,92,41,72,236,65,71,50,10,57,63,74,43,70,52,42,66
"DGUOK-AS1",57,94,63,30,23,42,15,34,43,130,128,74,134,149,52,160,123
"PANX1",63,151,133,103,71,55,49,49,19,56,77,49,49,79,16,112,105
"BCAM",36,17,23,7,41,8,35,13,51,164,358,290,77,249,196,129,212
"SLC39A10",96,254,372,229,21,33,25,20,11,35,60,75,33,54,56,104,175
"ZNF275",138,145,149,70,73,83,40,40,7,48,62,80,29,70,50,69,126
"PGM1",342,395,134,153,413,87,155,95,5,22,15,31,12,40,11,11,21
"IPO5P1",114,83,126,59,91,66,20,48,47,48,63,66,48,88,39,83,100
"MEMO1",54,279,253,91,38,30,2,14,5,65,79,167,43,83,85,149,367
"RIC8B",90,129,104,81,43,30,13,30,25,45,81,116,76,93,48,148,186
"ZNF678",24,105,69,19,29,24,10,17,90,112,148,112,101,150,78,202,214
"TMEM161B",35,124,171,75,22,12,5,11,9,123,112,204,77,90,129,223,339
"HIST2H2AC",81,38,53,18,40,65,17,79,110,71,84,93,118,156,63,124,49
"PRSS21",545,168,35,37,232,57,134,144,33,40,48,6,28,63,14,39,40
"MSTO1",130,95,115,51,47,71,38,53,31,49,74,33,98,78,29,81,124
"MAP4K1",142,244,78,76,508,119,238,105,9,22,19,32,31,41,13,17,32
"TRIM47",682,70,152,294,548,156,236,218,2,10,8,6,14,27,5,10,19
"HERC3",34,110,133,32,13,11,7,11,21,157,136,296,57,113,170,184,320
"VDR",205,103,156,146,228,98,73,61,16,20,27,24,53,36,18,34,86
"C1orf74",95,165,112,59,64,41,29,45,16,56,70,49,101,71,47,78,141
"MBIP",32,187,151,56,8,6,7,6,20,111,133,215,63,137,141,261,326
"MACC1",39,88,81,47,64,48,32,36,29,67,68,133,67,86,76,94,154
"TRMT13",47,112,132,41,12,28,5,13,21,107,121,161,88,107,132,188,294
"DBN1",909,264,107,286,177,190,118,117,11,3,8,13,16,26,13,7,33
"ZSCAN5A",91,111,88,45,38,56,16,33,34,69,79,99,74,73,61,117,155
"GPATCH2",57,99,112,56,40,50,16,21,32,66,108,98,129,62,57,132,138
"PADI4",176,244,32,115,1252,111,78,95,6,32,6,25,83,45,37,11,16
"ZNF549",50,117,104,51,49,51,40,45,28,47,54,101,78,55,61,102,167
"CCL13",733,250,530,844,206,252,61,215,0,6,0,0,31,9,2,4,4
"HSD17B7",253,153,132,123,150,103,111,121,16,20,31,23,31,29,16,30,48
"SPINT1",729,196,106,234,170,52,164,84,14,8,16,16,35,46,14,13,40
"SLC25A32",32,89,254,40,30,34,20,13,27,84,104,120,95,87,69,145,182
"NHLRC2",52,94,140,43,22,18,6,21,13,88,116,175,97,120,113,227,215
"CD83",178,195,137,100,193,31,93,87,8,26,33,27,77,64,21,39,56
"MOK",64,80,92,40,28,60,46,51,47,54,74,67,118,80,56,104,84
"UGDH",122,128,133,97,40,56,32,32,18,38,45,99,44,46,121,60,151
"FCER1A",338,1218,455,147,16,123,73,27,5,8,18,20,29,42,19,19,156
"LOC374443",132,79,73,53,104,56,59,62,11,45,65,52,68,66,54,84,103
"UPRT",73,204,206,77,28,30,11,13,13,71,81,103,60,64,72,154,239
"ERBB2",83,127,65,50,28,75,29,36,28,89,77,74,73,91,53,93,115
"SEPT7P2",117,124,62,51,64,68,26,22,23,68,72,99,57,67,51,131,120
"DDX59",49,146,107,60,33,25,15,15,10,83,80,298,40,77,134,155,208
"UBXN7",59,60,60,45,50,28,8,38,57,57,64,149,113,104,134,128,144
"GLCCI1",31,90,135,51,18,23,2,17,18,109,134,239,63,106,138,240,253
"TVP23C",192,50,45,63,153,72,84,74,43,36,41,42,50,52,34,72,75
"TTC7B",160,346,309,172,51,81,24,30,12,25,57,54,29,31,31,50,104
"FAM65B",82,185,157,84,47,75,24,37,29,39,46,43,72,61,51,88,107
"NBPF14",103,124,106,112,81,28,24,16,5,70,73,152,25,72,81,114,186
"IRAK2",72,37,92,72,81,27,15,29,13,86,16,264,58,95,333,59,214
"LRP5L",279,74,79,104,320,103,133,41,9,25,40,32,30,59,18,36,75
"NFATC4",167,49,8,55,16,104,111,77,223,24,91,57,49,95,29,80,66
"PIGL",78,85,67,60,55,58,18,26,11,87,70,138,49,91,69,148,186
"SOGA1",356,91,120,143,248,140,91,126,12,12,15,18,19,44,20,34,56
"CCZ1",61,141,86,45,40,47,16,8,7,80,94,185,100,104,82,97,271
"TMLHE",61,182,110,48,40,28,10,13,14,57,98,139,71,92,84,195,235
"TMEM106A",183,86,61,86,250,61,71,53,25,27,37,47,46,58,34,50,73
"DUSP6",91,406,138,168,100,62,28,24,11,27,34,120,20,49,34,69,124
"PPM1H",772,914,188,1100,54,189,44,87,0,5,10,13,4,56,10,5,22
"CMAHP",26,171,85,53,11,13,6,8,11,170,145,209,94,141,141,244,207
"RAB33A",780,286,74,250,139,166,167,105,11,8,7,10,31,21,6,18,32
"ZNF431",37,81,85,39,39,30,15,26,18,106,106,213,51,101,71,188,207
"FBXO21",33,144,224,58,24,41,3,18,4,92,98,164,68,95,107,155,295
"FAM133B",18,72,76,31,44,24,4,23,66,116,138,123,107,150,89,169,172
"FAR2",126,306,256,131,61,45,20,16,9,38,57,56,43,41,43,99,144
"MANSC1",41,225,294,106,21,51,4,14,21,66,107,105,43,62,41,176,206
"LYSMD1",121,88,59,35,23,44,77,33,27,57,84,81,83,85,51,100,139
"VWA8",27,214,204,57,16,26,13,10,4,113,78,237,61,58,147,134,312
"TMEM177",64,176,322,56,56,75,32,43,18,32,54,18,77,79,18,94,178
"ZNF34",111,107,59,66,68,89,40,34,27,46,56,70,55,83,47,75,98
"TMEM44-AS1",129,111,65,30,112,92,42,46,23,45,63,39,62,55,47,164,63
"ATP8B2",177,116,279,207,62,116,40,50,9,13,49,26,62,35,27,40,105
"YAE1D1",68,193,117,71,33,48,17,20,25,68,89,72,56,71,61,105,158
"IFIT1B",3,3,3,3,0,0,3,3,190,80,165,1836,308,253,777,679,414
"FASTKD3",30,193,163,60,28,47,11,7,11,100,135,95,76,105,63,129,230
"AMY2B",98,65,36,66,91,41,37,32,20,75,73,122,50,67,99,95,104
"H3F3AP4",27,186,41,74,32,24,4,3,21,182,168,438,62,179,37,306,87
"CLEC5A",130,165,130,93,345,67,80,66,9,26,10,97,34,101,21,20,38
"PDE1B",224,73,64,75,651,129,191,128,16,22,12,25,24,63,20,14,24
"DYNLT3",99,63,120,91,46,56,22,28,33,28,52,77,62,81,93,92,154
"LDOC1L",92,225,202,90,76,88,32,39,15,26,42,47,37,46,24,64,202
"DLGAP1-AS1",124,86,94,73,82,58,59,76,36,30,35,58,75,42,45,76,55
"FBXO44",406,132,72,101,446,88,214,100,19,11,21,15,24,31,9,30,26
"CLOCK",71,132,126,72,52,29,21,20,17,56,81,62,73,73,52,158,207
"ZNF79",88,95,78,66,53,72,34,31,17,78,47,126,72,58,63,55,131
"IL27RA",219,167,145,208,332,50,96,44,3,21,12,18,41,20,26,36,167
"FAM172A",31,134,147,56,40,22,15,12,14,99,87,150,64,82,94,155,229
"ZNF566",45,95,116,65,43,35,15,31,26,68,78,146,63,60,90,122,144
"ZNF296",153,80,117,89,193,115,84,87,14,20,30,18,45,69,12,61,78
"E2F7",11,66,97,9,5,12,0,13,20,197,136,683,91,137,269,266,483
"FANCM",23,118,101,41,32,30,5,14,12,109,110,187,92,98,112,211,254
"MAP7",14,145,85,23,18,23,14,5,38,136,112,228,102,122,78,302,180
"ASPH",62,146,182,122,128,40,21,41,8,37,51,61,59,68,48,58,153
"NEDD4",37,246,225,49,28,41,8,12,11,82,86,148,37,72,67,188,255
"ACTR3B",50,70,119,69,52,97,29,61,26,59,63,35,89,65,30,92,145
"PLEKHA3",35,74,133,46,12,13,6,14,23,105,145,236,68,133,123,202,248
"HARBI1",83,75,60,56,33,38,16,15,22,92,70,212,91,61,186,100,113
"FKBP14",92,121,94,51,59,29,21,26,50,55,72,76,81,99,33,91,140
"TTC25",47,54,34,23,13,14,16,9,69,158,149,422,98,141,116,144,133
"SMYD2",122,298,287,145,72,55,27,37,12,14,50,26,53,58,18,90,102
"C2orf74",171,310,228,93,62,123,78,13,25,18,21,8,27,17,24,152,188
"YPEL2",43,73,98,75,39,26,8,20,22,51,52,311,59,73,195,176,164
"CA11",509,145,183,223,275,200,220,204,5,7,4,7,14,19,5,12,15
"SYNJ2",53,74,145,56,24,89,19,30,12,50,84,93,69,82,50,138,250
"TNFRSF12A",320,102,295,298,46,207,64,68,2,8,18,20,40,31,23,24,130
"MLXIPL",333,38,156,86,53,447,354,263,1,38,6,32,7,8,31,20,74
"ZNF234",80,70,78,52,55,42,55,42,33,62,64,73,82,62,58,62,115
"ADAMTS14",187,61,46,77,130,41,81,67,16,67,24,20,92,51,45,34,206
"FLT4",32,168,89,85,23,54,29,30,46,61,27,21,80,127,49,136,257
"PPBP",57,3527,61,19,30,28,123,258,15,72,8,37,119,49,6,39,43
"HEXIM2",176,71,33,59,219,76,88,104,23,34,29,38,55,52,36,54,59
"SLC31A2",188,127,94,197,241,44,56,70,25,34,20,70,12,38,43,27,43
"SPIN2B",44,84,55,92,26,70,41,39,17,108,108,142,44,188,25,65,75
"TUBB3",509,154,462,323,62,190,108,116,3,9,8,17,28,18,13,13,23
"FAM83A-AS1",149,74,73,52,6,39,12,35,50,73,97,97,50,34,318,58,201
"LRRN2",98,4,54,10,1,6,0,3,95,401,195,843,54,185,276,301,173
"SLC46A3",105,176,88,63,47,42,23,44,9,66,72,69,25,90,43,108,214
"SLC4A8",108,76,46,75,66,36,32,30,58,47,73,60,96,83,41,92,94
"DNAJC24",46,102,137,58,27,30,9,24,46,69,96,102,65,102,53,140,178
"TRIQK",66,160,171,105,60,31,10,21,15,71,89,117,31,50,50,121,168
"C7orf55",52,78,69,44,47,49,27,48,38,80,57,80,61,104,53,128,109
"NUFIP1",41,150,172,33,20,36,7,15,26,77,128,86,96,84,50,197,254
"EXOC3-AS1",61,58,58,23,76,47,35,53,51,62,67,43,81,83,53,173,119
"PSEN2",331,175,221,206,82,132,92,81,5,11,13,13,43,44,8,29,71
"ARNTL2",146,216,214,109,69,59,44,41,34,26,33,20,34,53,21,75,82
"TMEM116",25,130,88,34,15,24,4,22,37,145,143,163,107,79,90,184,163
"PPP1R32",149,35,14,50,189,64,95,41,26,61,50,92,52,88,67,64,48
"GPHN",60,217,199,124,45,94,20,30,15,40,48,45,33,59,40,100,135
"ACVR1B",377,240,250,251,204,135,79,64,2,16,3,15,9,14,29,26,75
"EFNB1",84,81,60,25,155,28,27,50,36,70,73,71,78,66,49,101,95
"CCDC154",87,37,41,76,211,101,93,75,28,46,45,37,54,58,43,44,53
"ZSCAN18",68,112,113,73,209,93,81,37,18,32,18,202,12,39,39,40,95
"PARP3",130,190,120,101,48,55,34,17,24,34,48,53,51,57,37,66,179
"POLI",77,112,86,81,65,58,19,23,13,96,53,53,44,48,81,130,176
"MARCKS",99,119,224,351,659,88,58,74,16,15,3,59,26,60,13,11,9
"NREP",50,241,196,57,62,35,21,24,16,35,58,92,61,74,34,90,198
"GTF2I",63,68,76,18,58,47,30,71,79,30,93,77,103,69,28,105,121
"IGSF8",288,123,158,222,199,116,89,113,7,25,13,21,13,9,22,36,48
"MYEF2",36,121,81,56,22,67,25,34,33,68,74,103,34,101,43,124,187
"ZNF138",46,141,141,45,32,41,17,9,27,85,95,115,34,84,57,156,213
"SFT2D2",97,64,70,46,50,37,23,29,47,64,89,47,88,106,58,118,91
"RASGEF1B",52,39,81,77,154,26,14,21,18,20,47,272,71,97,211,97,106
"SLCO3A1",282,354,97,206,537,105,126,80,7,9,9,12,16,25,8,18,34
"PTPRH",30,11,313,75,12,65,3,35,19,131,19,379,102,40,317,96,149
"PLXDC2",95,215,45,98,240,48,53,61,21,42,17,101,39,91,46,24,27
"C19orf35",113,31,28,82,260,54,34,65,26,43,37,56,99,122,58,44,56
"DNASE1",82,43,49,39,80,32,27,36,46,49,59,104,138,91,101,74,78
"PIGF",47,178,168,58,33,20,5,8,9,86,103,107,60,90,108,171,272
"GUSBP4",107,63,78,75,63,50,36,24,9,72,76,105,52,69,69,108,84
"LGR4",15,48,93,25,4,4,7,11,20,172,197,479,62,170,210,177,390
"EXD2",130,242,165,106,34,62,29,34,9,21,48,46,54,37,40,90,188
"PRRG4",30,48,140,38,30,20,5,29,60,68,108,101,68,128,84,146,292
"ZNF75D",113,88,89,81,60,42,19,28,5,76,65,105,45,63,72,114,152
"RNF139-AS1",48,59,34,35,10,27,10,18,46,95,101,275,108,153,150,151,117
"ACACB",140,180,49,66,196,118,94,71,1,40,37,19,37,33,33,70,90
"NNMT",318,44,35,136,776,115,376,386,16,13,2,9,24,6,30,10,14
"FAM213A",384,295,345,291,205,87,136,148,5,3,9,15,9,21,9,10,13
"YES1",68,221,290,116,35,58,15,31,16,39,46,128,49,31,48,66,96
"GPRC5C",3181,247,166,776,144,257,123,86,1,0,5,1,11,4,1,2,9
"ZNF180",25,149,138,51,23,22,8,19,19,95,108,140,74,83,81,162,196
"ADAT1",38,63,66,16,37,25,15,40,38,100,75,172,79,107,102,144,161
"ZNF25",59,105,100,78,36,33,9,9,19,101,101,112,59,70,69,161,200
"LINC01569",113,243,131,89,72,133,47,63,14,26,39,27,56,42,18,54,58
"FDXACB1",30,77,121,29,27,27,10,17,53,102,123,81,76,125,53,181,210
"PKIA",41,169,161,49,12,33,11,8,32,103,90,104,69,70,78,172,179
"LINC01138",148,116,99,74,153,64,63,43,19,38,27,46,38,52,24,59,86
"PHYHD1",111,54,64,62,29,66,22,58,23,55,48,124,85,73,91,86,64
"ZNF182",56,133,93,60,74,60,20,17,11,57,86,94,74,86,46,82,141
"APTR",85,114,82,59,55,52,27,35,13,58,66,104,52,55,59,96,119
"C7orf13",120,64,68,81,42,71,56,44,9,38,60,79,46,51,74,132,82
"GFI1",433,217,96,204,571,83,83,128,4,16,8,26,13,13,25,4,32
"MTRR",31,135,186,53,23,38,13,23,11,84,75,120,53,101,88,122,166
"FAT2",47,37,21,27,49,23,21,34,73,98,98,146,102,146,87,111,102
"ULK4",84,156,71,55,65,41,31,23,15,68,112,48,62,87,36,86,120
"SLC29A3",160,63,69,85,218,65,46,64,12,21,34,32,56,94,37,67,66
"ZBTB39",36,137,132,50,31,33,4,23,6,84,69,248,48,70,127,145,252
"IL17RB",1180,437,45,91,137,153,235,26,5,4,15,9,20,18,11,17,142
"WSCD2",704,311,355,475,23,157,56,76,7,2,11,4,16,13,16,36,56
"RAD54B",10,148,123,40,19,20,7,13,22,88,134,123,96,114,84,210,254
"ZCWPW1",83,67,32,28,80,53,57,50,60,62,57,43,90,84,28,133,63
"CTBP1-AS2",48,140,131,65,47,31,17,38,16,87,94,60,54,68,37,94,173
"PEX1",58,200,151,75,16,23,18,10,6,78,112,138,29,63,93,126,272
"ALG10B",12,78,83,30,25,17,12,12,34,100,114,150,93,111,97,238,266
"EOGT",57,150,190,90,51,47,4,14,12,46,71,85,85,76,56,122,166
"EFCAB2",45,90,114,85,63,53,34,29,28,44,53,36,62,81,46,79,168
"CTXN1",43,33,179,98,15,177,50,219,27,14,49,14,77,123,20,63,90
"ZNF525",59,158,76,30,72,43,18,23,9,69,104,77,69,54,65,132,185
"FNIP2",79,79,115,64,63,9,14,37,33,58,67,142,45,75,109,69,133
"FAM220A",38,173,153,105,21,37,6,8,17,61,87,104,59,66,92,149,219
"PRR7",144,54,155,111,133,126,74,80,19,16,14,40,47,48,18,41,64
"PIGZ",213,159,81,65,111,111,61,40,8,29,51,18,30,91,19,55,83
"FAM73A",32,51,64,62,44,22,15,35,48,81,77,112,87,124,57,140,111
"ZNF821",239,95,41,105,214,64,71,69,12,32,35,33,26,46,26,60,64
"CEP83",43,183,132,68,36,34,9,15,17,50,98,95,80,83,52,116,188
"RAB23",20,94,119,42,12,18,5,18,33,110,89,176,64,114,106,187,261
"HSPA7",392,65,38,224,210,45,83,36,10,39,16,38,45,35,35,37,79
"TMEM229B",40,48,28,10,19,33,13,33,75,62,126,138,121,171,90,122,234
"TMEM176B",303,94,58,294,495,64,229,982,1,5,3,13,28,20,8,9,3
"RBMS2",167,70,53,66,186,60,76,45,38,42,29,46,50,53,24,47,53
"ZNF841",84,83,86,50,78,30,32,28,30,51,71,99,37,92,63,63,109
"STMN3",465,141,278,188,106,235,161,111,3,10,13,6,21,17,6,16,21
"HPSE",74,415,124,80,61,36,28,84,25,22,37,43,44,36,27,62,122
"XKR8",97,120,168,61,78,80,58,55,13,36,45,39,46,49,13,63,109
"SLC24A1",41,132,67,51,45,35,18,25,31,46,54,223,35,63,121,93,149
"FAM107B",105,416,157,98,319,52,47,63,5,32,11,74,21,52,33,11,39
"SMPDL3B",37,251,130,79,110,89,105,92,21,16,27,34,48,41,4,62,77
"ZNF184",30,102,163,54,10,19,4,13,24,91,94,204,77,78,113,162,233
"CD109",210,114,217,174,143,137,58,49,11,12,14,40,26,27,17,38,60
"CACFD1",439,56,44,125,337,65,145,148,19,26,30,17,26,34,4,24,26
"LHX4-AS1",158,114,50,77,143,58,43,38,13,37,59,28,58,47,34,63,114
"PCSK6",96,101,137,108,100,58,34,35,13,59,9,153,35,41,59,87,43
"CACNA2D4",58,115,65,40,50,32,28,18,35,100,68,166,40,79,65,102,77
"PEX10",76,160,191,97,31,52,14,11,6,67,47,127,42,56,78,66,216
"NEK4",19,84,144,27,14,5,5,4,20,107,208,261,72,123,183,198,283
"SLC43A2",74,22,29,52,289,30,72,116,34,17,32,49,84,92,100,66,47
"CLEC7A",155,57,93,153,256,40,73,60,16,20,18,68,42,63,38,32,37
"BRI3BP",99,87,111,31,121,71,54,80,25,40,34,24,67,82,19,52,88
"ZNF605",84,117,75,79,87,79,17,19,16,55,43,68,65,61,24,136,140
"KLHL20",53,92,107,44,12,18,3,12,41,90,79,240,61,96,119,157,208
"TRIM23",20,32,59,40,10,13,8,6,42,113,114,282,137,108,312,215,132
"TCN1",429,259,55,286,52,108,72,70,5,12,9,7,30,24,16,34,235
"TMEM150A",349,105,111,212,223,110,147,97,0,14,10,18,31,26,15,20,43
"ZNF862",149,119,81,87,172,71,87,49,11,34,21,37,26,33,47,48,71
"PELI1",65,75,147,117,56,14,10,11,12,75,63,179,48,84,79,129,138
"ZNF440",68,156,144,87,29,44,18,21,10,65,66,116,31,72,48,97,148
"TTC23",52,44,32,32,123,45,67,67,30,65,64,91,43,68,48,99,75
"LSM12",34,85,167,45,22,32,14,18,16,76,81,147,70,82,77,120,191
"ANGPTL4",85,60,48,30,17,92,80,104,17,19,79,26,95,98,25,119,182
"FAM105A",204,165,96,101,260,44,70,39,22,30,17,47,40,45,21,26,35
"EIF2AK3",58,120,178,99,13,32,3,9,18,78,75,180,63,53,91,131,199
"WDFY3",77,111,164,95,85,32,23,17,13,55,62,66,23,38,59,119,170
"ARHGEF11",299,126,173,215,408,89,108,96,2,9,4,21,21,31,9,14,50
"MESP1",121,65,107,41,131,102,44,112,34,14,66,7,71,57,10,79,66
"HILPDA",70,140,148,106,58,36,20,23,22,48,46,41,75,51,35,95,143
"VASH1",192,57,143,82,100,97,208,102,9,13,11,21,36,74,20,35,58
"FKTN",35,141,132,51,45,44,21,21,21,59,78,77,69,82,29,108,157
"ERCC8",47,196,124,53,17,46,11,11,21,73,70,89,79,83,55,108,204
"NRAV",71,94,101,61,32,59,35,57,17,33,60,57,94,51,58,86,84
"SPICE1",29,107,113,44,20,30,2,16,33,95,105,129,68,92,73,163,238
"PPP3CB-AS1",67,76,77,36,46,44,19,15,39,70,71,87,87,89,70,91,107
"ZNF71",155,123,116,92,144,117,48,78,27,23,18,40,25,30,12,43,66
"TTN",76,126,79,45,88,36,30,24,13,49,76,93,47,78,57,103,79
"ZNF433",92,161,71,36,29,46,22,26,33,66,94,57,35,81,45,110,127
"ZC4H2",233,148,108,89,44,74,44,33,3,52,44,38,36,34,24,102,119
"SAMD8",70,141,116,113,69,39,29,36,21,33,52,43,65,41,39,97,83
"N4BP2L2-IT2",73,55,26,55,61,39,36,20,18,61,62,161,53,102,85,114,107
"SH3D21",431,22,28,159,1192,87,332,273,7,15,4,16,20,29,8,8,15
"ANAPC10",32,213,148,56,24,17,3,12,7,83,104,167,59,69,95,136,310
"KIAA0040",219,333,61,87,201,43,61,38,4,66,51,41,12,46,42,9,57
"NEO1",220,126,195,146,5,132,36,47,8,27,21,43,44,24,18,84,236
"RPL32P3",72,74,69,67,47,61,23,35,34,56,43,76,50,79,48,87,110
"S1PR2",122,55,20,56,332,58,143,127,23,24,26,46,42,51,30,57,26
"CELSR2",93,85,147,102,21,83,44,81,16,38,48,24,43,60,18,92,112
"SPATA7",62,129,74,51,50,60,21,43,16,46,83,48,62,58,48,105,119
"NUDT12",50,108,21,31,37,21,15,27,24,109,101,113,67,129,52,222,143
"RPL39L",221,305,116,93,115,116,78,81,21,7,17,6,44,31,9,30,52
"C9orf91",260,150,35,114,429,50,96,64,22,11,26,25,28,48,18,22,38
"USP54",55,110,114,59,43,44,22,33,11,47,63,138,56,56,64,68,133
"MAGEH1",182,145,118,98,60,47,41,36,9,36,44,30,31,54,28,83,113
"DGKG",104,137,101,92,56,67,22,29,21,35,69,23,71,52,28,77,110
"DOPEY2",66,97,96,69,129,35,23,27,26,52,32,94,49,86,43,84,64
"LOC100506100",59,56,63,42,45,32,18,33,25,51,132,77,113,150,47,103,68
"ZNF333",109,81,78,62,44,45,28,12,20,63,44,101,50,54,78,104,131
"DGKE",114,125,101,67,116,66,57,35,21,31,57,20,51,47,13,63,93
"VCAN",70,219,304,143,208,34,38,7,15,49,14,147,26,66,53,16,24
"ZCCHC4",29,93,92,48,21,27,11,8,30,93,77,132,99,91,69,148,206
"CRACR2B",370,78,21,79,889,131,356,103,13,6,23,7,29,33,1,16,20
"ABCC1",131,99,81,92,82,87,56,48,9,27,38,20,85,49,23,72,78
"TNFRSF8",2323,279,107,512,135,364,226,98,0,1,4,0,2,1,0,2,4
"SKAP1",289,187,84,81,8,60,35,25,8,61,55,94,32,71,37,65,78
"ACOT2",75,302,177,97,29,59,23,22,19,21,46,50,30,49,59,70,135
"FGFR3",20,45,33,14,4,19,5,11,139,108,206,116,162,251,76,179,196
"AUH",90,125,126,64,17,23,13,11,9,61,79,165,31,83,139,113,154
"AOAH",270,97,32,105,1280,97,485,127,8,10,2,36,9,25,12,6,7
"N4BP2",32,71,122,38,21,14,10,18,12,55,115,167,63,97,127,175,268
"PALM",517,66,52,113,470,130,454,321,6,5,16,6,10,18,5,1,14
"NT5DC3",151,80,135,71,136,33,26,37,28,26,40,23,60,51,24,89,115
"HSF4",311,34,25,84,291,90,106,86,20,22,27,36,22,55,19,43,43
"ZNF837",103,39,72,56,61,91,61,70,25,46,41,45,48,97,17,50,90
"BRAF",79,74,66,36,19,31,18,18,25,69,59,225,70,70,125,92,122
"CEACAM8",45,178,118,63,345,16,14,10,44,61,21,114,88,94,89,21,29
"SESTD1",33,122,100,42,60,27,6,10,12,92,135,164,33,103,57,125,212
"LRCH1",147,149,171,152,56,37,20,28,5,42,33,62,26,49,26,103,148
"LY86",303,137,51,165,1335,51,290,135,6,10,5,21,15,25,6,8,5
"INVS",175,141,89,84,60,45,38,24,11,39,39,61,52,67,30,57,100
"SECTM1",298,43,21,102,1227,96,252,235,7,9,11,21,16,32,9,7,34
"MED31",46,100,121,45,23,32,10,13,12,87,69,128,75,81,83,159,165
"TMEM170B",148,129,130,99,366,66,61,70,9,18,22,33,39,30,15,26,45
"ZFYVE16",185,77,93,136,283,44,55,82,7,17,31,32,25,59,13,41,78
"MYH3",69,43,32,33,88,81,60,39,45,51,42,72,64,108,44,61,59
"LINC00467",68,114,63,49,32,46,25,23,41,42,75,40,121,103,28,114,92
"C1QTNF6",176,73,49,74,50,64,73,85,35,43,40,26,37,63,27,51,49
"PPAP2A",688,675,270,459,25,67,45,11,3,13,18,2,14,11,10,56,154
"LOC155060",156,58,21,83,116,71,84,70,27,22,51,15,50,74,19,71,81
"NR1D2",35,70,62,49,25,13,6,9,37,57,106,185,80,174,104,193,140
"PCSK9",726,889,796,382,31,207,112,252,0,1,0,1,1,3,0,0,5
"KCTD12",83,44,141,167,221,21,49,54,9,41,24,107,42,124,27,24,35
"BBS1",60,150,123,78,38,63,14,17,15,59,45,129,35,44,67,68,161
"TGDS",56,212,165,96,16,26,6,7,10,60,79,126,58,49,69,124,256
"CKMT2-AS1",50,94,57,34,52,53,27,26,39,52,75,66,65,87,36,87,140
"ST8SIA4",96,152,104,104,192,49,36,54,21,27,27,49,46,44,15,43,54
"IPP",19,83,58,15,12,14,6,12,52,107,167,99,90,187,72,282,234
"ACE",470,74,113,443,521,131,237,93,1,12,0,2,15,18,7,2,21
"LDLRAD3",158,261,409,210,76,100,35,44,0,7,29,12,40,19,15,46,100
"C5orf56",45,51,28,32,29,18,12,27,20,58,121,168,77,130,119,149,203
"ASTE1",63,145,67,41,36,23,15,11,22,53,66,121,63,76,89,123,178
"GAL",15,54,326,35,11,55,7,62,58,51,77,54,140,82,37,58,176
"BISPR",84,92,85,68,88,47,31,52,27,32,52,72,50,29,39,60,87
"SIGLEC1",272,78,129,333,1278,131,85,118,6,9,3,14,24,22,1,0,8
"PDCD4-AS1",117,116,67,44,95,68,48,56,20,36,39,33,45,65,30,70,59
"HIST1H1B",224,12,23,54,108,132,18,486,42,20,19,12,41,57,200,46,18
"LIPE",42,134,122,30,53,65,17,27,28,64,60,125,31,59,61,60,103
"FLI1",208,346,131,139,328,62,101,89,3,11,10,34,20,29,13,7,24
"TLN2",22,78,72,23,47,19,17,15,124,57,79,235,29,173,62,49,155
"RGS20",197,115,208,188,22,141,74,165,11,13,22,32,16,24,26,20,37
"HACD4",74,262,208,89,109,45,16,23,8,36,53,51,33,47,25,77,88
"RSC1A1",14,81,63,18,6,14,1,7,20,141,87,485,84,104,331,153,331
"RTN4RL2",408,93,173,337,35,165,29,34,29,18,17,16,22,87,4,33,33
"FCGR3A",69,32,32,119,142,21,23,39,28,59,25,143,145,159,32,42,45
"DUSP16",141,114,97,91,90,79,31,51,17,28,28,61,29,37,32,55,67
"SYNJ2BP",57,182,89,57,90,47,37,34,25,19,61,37,46,69,27,64,121
"LIMA1",24,168,136,47,16,36,10,21,10,46,109,132,49,70,59,138,257
"PDSS1",44,229,265,83,65,23,15,17,10,37,54,44,48,75,27,100,189
"ARL9",6,72,34,8,2,43,4,32,97,134,139,103,175,177,60,177,186
"CAMKMT",45,196,104,53,13,23,13,13,33,56,107,123,57,63,53,116,147
"FAHD2CP",84,93,60,36,70,95,61,30,29,36,50,25,71,64,16,97,94
"NCF1C",299,107,10,82,576,81,252,287,14,11,8,7,29,50,7,4,26
"CCDC150",32,76,53,23,59,53,30,26,24,55,104,64,91,103,36,99,136
"WDR35",39,161,133,56,22,32,16,20,30,65,82,60,51,58,37,113,183
"ABHD15",181,171,118,103,116,55,39,37,9,21,29,36,40,43,30,49,58
"TMOD2",26,67,53,48,42,21,12,47,25,125,49,159,67,68,103,129,78
"DUSP2",27,142,352,49,58,55,23,16,7,28,59,23,37,55,24,180,397
"LACE1",37,246,99,32,29,35,12,32,37,70,88,57,51,68,25,131,127
"MCEE",81,150,132,69,27,21,7,10,1,78,90,127,63,58,88,139,163
"SHISA4",141,53,25,77,16,16,14,27,38,65,55,113,72,102,54,112,218
"SAA1",1291,55,161,290,430,323,141,681,0,0,0,0,0,0,0,0,0
"TNFRSF18",1100,126,77,189,264,159,810,180,1,0,3,2,11,3,0,3,5
"HIVEP2",92,140,54,72,98,90,92,63,1,33,56,46,27,43,27,41,88
"SMAD9",49,51,38,56,51,23,19,19,24,91,76,69,108,101,71,133,105
"GBP4",51,24,69,32,14,44,42,28,53,43,74,101,42,98,35,161,257
"PLXNB3",356,150,155,219,18,171,88,89,7,7,29,5,31,19,19,20,66
"CALB2",3658,288,164,936,15,178,81,44,7,3,1,4,9,5,6,8,22
"FAM200A",71,89,95,59,19,57,20,48,22,62,55,78,72,49,50,60,105
"ARHGAP31",272,83,82,218,496,81,143,130,2,9,17,20,11,25,18,11,16
"PLCD4",58,41,40,27,76,52,31,22,43,72,75,67,72,104,38,96,95
"SLC2A5",190,162,146,75,689,59,180,130,14,15,0,39,8,21,18,6,6
"AGAP1",282,79,39,242,5,153,15,42,30,7,108,75,5,33,65,20,282
"TNFRSF4",346,139,26,65,320,126,441,223,12,7,11,11,22,20,6,9,11
"GSPT2",90,159,126,95,47,80,29,27,16,35,52,40,30,60,14,83,99
"SERPINE1",100,152,383,133,15,134,65,53,8,8,18,13,59,24,11,58,174
"FGGY",144,168,125,90,66,47,32,24,17,26,49,26,52,47,24,71,82
"BTN2A2",387,160,339,314,85,127,72,24,4,10,18,8,29,12,16,14,50
"ARSD",302,146,70,65,273,86,119,101,20,9,14,17,30,35,14,16,18
"IFIT5",4,125,97,18,14,35,8,24,34,59,80,247,64,89,122,146,168
"ZNF577",30,94,50,47,57,42,51,28,32,40,67,108,62,102,37,46,100
"CHRNB1",96,111,56,91,97,65,42,49,29,23,33,55,45,39,21,62,73
"LACTB2",23,167,172,36,14,11,8,3,13,92,97,135,57,90,97,182,316
"PCBP4",753,70,70,222,128,146,173,65,6,7,13,10,15,27,7,21,43
"EXTL2",108,267,254,109,25,60,21,15,10,20,60,34,50,46,17,80,139
"SDHAF3",17,184,210,41,6,15,3,13,16,107,125,111,46,103,77,163,254
"RNF144A-AS1",93,110,165,61,3,35,14,31,18,48,30,101,96,56,84,95,126
"ST3GAL6",186,127,52,98,368,81,134,91,6,20,5,21,41,43,23,19,18
"CROT",243,106,94,120,33,41,36,18,14,24,61,24,56,49,22,81,154
"DNMT3B",87,248,203,103,41,66,61,42,7,10,30,18,21,41,33,53,186
"FAM117B",30,141,152,63,44,51,11,17,12,50,75,71,70,60,56,98,121
"ZNF527",45,63,69,31,32,20,16,35,42,80,82,87,82,84,53,107,119
"ZBTB8A",64,52,48,26,49,37,14,42,72,55,65,63,88,103,55,79,85
"ZNF2",74,72,76,45,89,49,18,35,28,59,53,40,88,56,41,77,78
"CIITA",327,81,72,167,702,72,222,95,9,6,8,12,18,30,8,13,9
"TTC26",29,146,150,35,14,39,6,18,26,73,74,94,55,67,72,156,166
"FAM72D",6,37,47,5,9,12,0,2,100,172,240,252,178,209,141,372,93
"ZNF10",38,114,78,37,46,39,19,22,29,45,90,71,60,81,34,128,128
"BCL2",563,358,82,265,114,90,91,52,8,9,6,7,18,32,4,18,39
"METTL7B",957,159,121,266,509,101,1168,35,0,5,1,10,2,5,1,1,1
"RASA2",38,137,102,67,20,23,15,17,5,69,104,104,42,73,73,133,198
"LINC01004",42,56,35,48,53,24,13,30,35,87,79,72,99,82,90,124,70
"DOCK9",53,149,215,113,6,20,4,17,15,55,97,71,57,65,59,159,158
"C3orf33",38,131,72,29,34,23,15,34,36,37,69,75,67,98,41,136,182
"ATP5EP2",13,5,18,13,23,14,9,17,232,154,139,72,222,205,81,236,103
"DIRAS1",192,116,15,34,517,51,119,75,12,36,39,38,14,48,30,35,25
"ABCC3",217,173,24,107,594,52,128,161,10,10,9,28,27,54,14,3,17
"QTRTD1",36,165,190,69,37,38,25,25,16,37,59,48,56,59,25,81,158
"SIGLEC17P",1205,490,435,764,39,92,109,37,1,2,6,1,8,15,3,2,15
"ZNF558",67,166,133,71,43,22,21,9,4,67,46,119,18,67,102,95,167
"TBCK",56,297,203,75,31,30,18,5,4,49,51,76,35,55,59,124,177
"CLDND2",125,23,14,30,401,76,177,85,57,28,23,9,51,64,10,60,47
"TRPV1",173,51,43,70,81,52,50,36,29,33,39,49,60,49,25,60,83
"TSHZ1",41,141,174,60,57,40,18,20,6,35,59,136,36,43,47,111,135
"CCDC163P",133,92,64,23,25,31,17,34,21,72,70,100,48,62,54,76,164
"ANKHD1-EIF4EBP3",90,33,34,53,94,42,32,30,21,72,50,64,72,77,76,64,66
"TRAF5",158,136,211,181,81,92,62,19,13,14,27,18,49,21,22,34,51
"PIGP",56,195,156,83,29,26,9,16,7,58,84,57,48,71,47,119,143
"ZNF552",64,115,110,57,39,32,16,29,12,75,55,79,56,49,50,87,119
"RAPGEFL1",140,27,35,63,68,50,51,48,41,36,38,66,46,54,71,53,58
"CORO2A",71,261,115,38,140,35,57,38,34,25,35,44,34,46,35,45,28
"ARL4C",338,151,37,170,678,96,171,88,4,1,7,12,13,65,8,8,18
"GNB5",158,132,42,57,55,45,33,45,55,46,33,67,32,50,29,57,45
"CSNK2B",0,0,0,0,163,150,80,128,189,1,0,136,278,280,3,322,210
"ALOX15B",728,89,154,328,1622,63,229,154,0,4,0,3,2,6,2,0,2
"TNFSF12",415,120,93,209,543,69,109,149,0,4,3,14,15,26,10,9,29
"CEP290",35,152,108,52,18,21,5,21,20,71,97,82,62,68,49,171,187
"HERC2",44,108,124,40,33,37,19,22,23,53,75,116,30,62,49,64,192
"CEP128",18,126,106,21,20,20,12,35,17,76,87,99,75,88,71,121,196
"POLR2J4",79,84,58,53,58,37,23,31,29,48,40,83,35,81,48,74,118
"TMEM236",130,51,49,108,237,44,37,37,16,42,22,76,41,25,58,47,50
"RAD51B",36,176,106,30,26,34,13,22,26,65,78,75,48,67,54,112,141
"UBA6-AS1",198,233,137,76,64,61,47,43,12,24,27,17,54,29,14,43,71
"NAAA",375,134,124,139,270,61,42,97,7,10,21,12,18,27,8,24,51
"TIMM23B",24,56,80,21,11,19,3,18,32,86,86,227,99,105,100,183,198
"IMPA1",43,94,191,90,22,26,10,11,7,53,65,124,53,54,94,110,176
"C7orf60",54,111,83,77,73,44,20,18,15,48,35,68,53,56,48,102,115
"LINC01137",290,51,45,87,235,61,105,126,9,11,41,15,32,47,7,37,40
"ZHX1-C8orf76",66,36,26,25,54,38,33,47,70,63,64,50,90,111,24,120,65
"HIST1H3D",226,38,21,54,70,132,29,241,30,18,13,32,37,65,95,44,23
"ZSWIM3",105,139,73,70,43,62,30,37,18,40,26,56,64,31,50,51,90
"RBM47",196,57,45,121,626,57,99,151,2,15,11,25,40,41,15,26,21
"TTC39C",108,113,102,53,230,72,94,67,10,19,29,27,34,32,20,37,38
"HSD11B1L",171,80,49,72,136,90,56,87,23,19,26,20,42,49,20,27,54
"LOC653513",221,24,51,140,53,58,25,26,6,67,24,137,26,56,82,43,108
"CALB1",96,99,365,194,8,186,51,29,3,37,27,18,66,1,12,73,166
"C9orf85",55,107,109,69,38,37,24,17,28,53,61,53,62,57,35,74,117
"AK7",5,56,37,6,1,12,1,13,52,164,185,312,113,192,189,233,163
"ZNF496",163,115,99,95,105,85,77,64,13,20,27,12,43,25,6,35,90
"NOL3",471,39,60,170,247,98,153,145,14,3,9,12,21,22,18,20,16
"LRRC37B",75,105,86,63,46,36,9,27,4,49,53,167,33,62,109,81,114
"APLF",52,167,70,55,20,23,14,13,27,41,68,91,62,87,60,150,119
"PAX9",21,56,34,11,5,41,3,12,29,235,193,115,122,239,62,159,139
"WDR44",36,74,119,59,18,13,8,15,9,100,97,190,48,77,106,107,165
"C17orf49",141,77,48,52,83,63,55,49,22,40,53,26,49,68,20,63,38
"SPIRE1",294,107,117,219,191,87,84,55,4,0,20,39,24,22,24,11,35
"RUFY2",34,45,66,36,34,45,14,20,26,65,70,122,56,76,73,129,151
"DNAJB4",23,49,65,38,8,7,2,5,13,110,89,407,82,97,314,201,225
"PPP1R13L",56,50,76,44,47,60,37,17,19,46,62,145,44,69,53,54,110
"SPRED2",69,192,294,120,22,38,11,24,12,48,32,99,12,38,55,71,128
"CD209",135,28,36,154,186,34,76,57,38,26,29,47,39,62,19,38,34
"KLF2",211,245,47,136,199,131,139,132,14,1,4,11,11,19,14,15,51
"NCF1",388,91,26,108,401,79,164,124,5,12,9,17,27,39,15,3,33
"CA3",2,15,10,19,3,6,1,19,42,159,177,627,105,110,103,470,518
"PINK1-AS",79,83,75,59,68,55,29,38,20,51,45,61,52,52,34,48,78
"ZNF35",107,138,108,62,56,55,32,49,22,35,41,25,47,42,22,49,88
"CYB5RL",50,84,89,40,35,30,16,29,33,44,68,54,60,71,37,186,108
"INPP1",309,197,144,187,121,68,70,48,5,4,10,18,29,20,12,26,80
"PDLIM2",238,113,69,124,492,91,112,84,9,11,6,22,19,38,16,4,18
"WDR27",81,113,64,67,58,51,30,27,13,39,46,71,38,48,51,68,101
"PYY2",358,15,18,115,43,82,159,148,34,22,33,16,59,35,18,26,39
"FAM132A",67,30,19,32,74,52,67,47,31,59,67,61,60,117,38,71,44
"ZNF785",89,45,91,43,92,39,21,21,31,46,43,60,58,108,45,53,83
"PEX12",42,121,91,49,18,28,9,19,9,78,82,128,72,60,86,91,146
"GNRH1",72,39,23,33,52,29,21,21,25,71,74,133,55,93,70,130,103
"SRC",218,169,115,183,494,61,101,85,1,11,2,29,29,23,20,3,13
"ANKRD42",62,77,72,46,27,36,14,21,32,42,65,74,49,114,52,127,108
"SUPT3H",212,200,126,116,42,92,41,36,6,18,25,18,29,38,20,54,90
"NR6A1",104,55,57,55,188,87,71,79,24,24,25,33,35,47,21,35,42
"RNF144B",162,218,114,204,311,20,70,71,10,19,19,9,24,28,1,36,46
"MIR6723",15,99,36,207,15,14,3,3,7,93,187,236,101,59,108,128,161
"TMEM55A",92,184,200,97,67,25,11,14,7,32,54,104,24,64,39,82,81
"POLR3G",26,98,146,40,13,26,12,5,33,78,108,86,92,90,34,95,222
"TAF4B",28,245,283,61,6,17,4,34,3,80,75,123,31,40,69,130,229
"LMLN",47,93,106,57,29,44,16,25,20,47,66,36,58,69,53,95,152
"CERKL",32,123,147,66,19,21,6,5,17,79,71,206,32,58,96,103,197
"KRT1",169,923,87,6,9,14,55,14,11,51,5,126,87,93,101,68,50
"GPR65",528,327,259,453,37,72,59,29,6,11,5,17,23,20,13,10,28
"ZNF250",76,116,80,70,39,34,16,21,17,55,39,117,39,64,56,65,107
"MAFIP",316,82,47,35,55,37,92,81,30,30,44,76,50,21,45,8,29
"UBL3",49,55,80,57,51,18,13,27,14,53,78,133,35,76,105,95,109
"HIST1H4E",235,29,13,40,74,137,51,327,48,13,14,17,31,40,116,35,22
"USP35",218,59,67,143,149,91,102,52,10,21,16,19,16,28,19,44,59
"BTBD9",205,120,100,104,137,77,72,50,5,7,31,6,36,50,19,30,71
"ZNF569",21,67,78,24,17,23,7,14,27,84,113,171,74,88,75,155,173
"PRKD3",70,113,66,61,126,29,44,14,11,39,76,47,65,64,22,75,78
"LY9",14,21,35,11,5,19,2,6,35,81,135,611,156,155,265,182,145
"N4BP3",150,63,133,128,66,242,204,141,15,3,25,3,39,28,1,17,18
"ZBED5-AS1",91,212,95,52,65,34,15,27,9,64,49,49,58,39,36,76,80
"ZNF780B",56,88,88,52,46,27,22,46,34,43,48,47,84,54,31,75,90
"ADAMTS3",33,144,225,76,0,57,6,9,8,77,75,109,57,40,83,130,160
"FAM216A",46,379,253,89,33,64,13,19,10,29,44,31,37,38,22,77,144
"ZNF74",127,124,122,87,65,58,59,46,12,22,28,20,43,34,13,43,111
"CYP4F12",340,48,58,28,4,52,8,57,37,20,57,126,93,83,76,40,78
"PAPLN",127,101,40,78,78,37,38,21,13,45,51,69,32,72,35,55,77
"ACYP2",134,107,66,53,46,40,19,29,32,58,53,38,31,61,25,107,72
"NUDT7",33,118,112,35,15,21,5,11,32,98,127,83,60,82,59,130,125
"PAM",105,139,289,207,88,104,21,31,2,21,30,14,23,21,18,35,139
"GTSF1",44,99,115,44,42,58,16,18,4,59,42,170,38,155,34,55,118
"OTUD6B",15,70,93,34,11,9,8,16,40,72,101,87,87,124,73,175,212
"SLC19A2",50,130,167,72,20,32,16,15,15,47,46,118,29,60,54,79,151
"THAP6",48,100,80,49,39,18,12,12,18,50,66,109,66,56,97,122,120
"NFKBID",159,107,193,113,271,85,80,48,3,22,14,21,19,28,10,18,42
"ZNF674-AS1",44,58,53,31,52,42,18,25,33,66,60,57,37,97,54,107,134
"LINC01011",39,80,37,27,36,40,12,34,70,56,102,67,100,77,31,133,43
"MCTP1",86,116,130,82,158,48,33,48,13,29,42,35,21,44,17,44,56
"ICK",67,90,95,59,16,23,9,7,14,83,62,185,66,48,100,109,105
"GLIDR",124,84,49,46,48,61,31,45,36,44,43,27,49,58,31,50,74
"SPON2",1024,47,68,292,278,174,220,252,0,4,1,7,3,12,3,4,5
"FBXO43",11,104,42,20,17,29,4,14,25,88,94,153,87,94,98,200,187
"PROCA1",150,65,29,41,199,45,145,83,29,28,59,12,26,37,13,34,42
"VMAC",92,66,53,29,64,35,33,44,32,44,56,53,57,73,41,53,66
"LOC100507487",69,80,42,33,12,35,14,12,19,72,66,162,55,93,83,131,121
"TSEN2",27,153,148,34,31,39,13,23,13,46,76,40,72,75,27,106,207
"TBC1D14",45,119,240,64,49,27,27,38,15,28,23,103,27,50,48,51,113
"IL12RB1",67,32,44,42,137,21,34,49,35,28,56,50,53,87,40,93,70
"BEST1",70,17,38,61,115,20,26,36,21,63,24,399,25,34,180,44,63
"FAM95C",125,43,52,58,133,60,59,46,12,21,38,45,39,78,45,31,56
"TSPAN6",118,118,121,105,6,87,23,14,21,54,53,38,53,47,14,91,91
"SH3BP5-AS1",104,75,26,52,75,37,27,20,18,52,61,58,53,69,60,63,90
"DUS4L",26,198,145,39,22,34,9,13,18,62,78,64,47,58,42,113,209
"COG6",57,202,161,78,17,20,10,11,6,59,73,101,46,42,43,95,206
"COL23A1",65,19,37,24,150,49,113,230,74,34,16,55,69,67,24,24,4
"TIGD7",65,175,86,47,23,35,10,14,19,79,47,124,28,60,83,83,90
"TRAPPC12",40,147,243,79,23,39,16,17,3,29,38,145,22,69,64,50,231
"ZNF765",22,95,114,27,13,20,6,18,21,86,86,147,46,87,71,138,204
"EIF2AK2",24,131,175,49,23,23,8,23,12,44,62,83,74,79,48,108,177
"LPAR2",292,72,29,73,538,109,192,89,20,12,4,16,23,35,8,5,16
"ZDHHC19",136,248,13,46,395,64,238,148,29,9,19,12,11,45,3,18,16
"CARD11",287,86,220,200,86,111,49,19,9,1,15,10,31,28,18,25,119
"LOC101929709",45,69,28,21,67,40,25,30,31,55,67,79,53,96,24,131,113
"HIST1H2BD",177,47,57,64,45,44,21,57,14,19,17,103,48,34,170,81,39
"MSRB3",130,319,205,148,123,49,52,46,15,10,13,32,19,30,9,24,25
"RFX3",24,42,55,33,22,7,3,6,12,106,99,337,109,100,201,143,144
"MTCL1",61,42,45,55,16,26,6,20,50,24,99,45,141,49,88,212,149
"DTX1",620,30,38,195,1111,95,524,276,0,0,5,0,4,6,2,3,14
"PKD1L3",23,28,52,32,11,22,0,33,37,120,67,240,67,104,131,155,131
"ZNF319",93,120,133,93,50,57,17,20,6,43,34,67,16,41,41,74,142
"PJA1",141,121,129,100,79,41,34,18,8,29,44,34,45,44,15,53,84
"FOXD2-AS1",78,44,44,38,214,47,74,33,19,38,38,50,27,82,40,48,42
"ITGB5",48,155,49,50,161,48,52,72,9,21,11,152,33,68,46,16,45
"PCCA",73,244,169,80,45,54,25,26,12,22,41,28,45,47,15,43,123
"CCT6P1",24,50,67,22,21,27,9,7,29,114,133,144,46,93,51,158,208
"TMTC3",37,68,82,26,18,22,12,21,21,71,89,103,69,67,64,150,144
"ESRG",4,5,21,13,16,7,3,15,167,169,90,287,92,164,281,158,112
"FAM20C",56,8,1,25,150,30,80,111,45,87,27,98,67,254,34,25,27
"FABP5",76,154,166,64,71,43,40,27,9,20,30,16,63,129,25,37,57
"HMGA2",19,33,65,43,16,24,17,12,25,83,108,191,37,81,83,134,164
"EP400NL",70,43,51,43,71,53,40,22,33,48,67,27,62,79,24,75,76
"PI4KAP1",44,29,113,35,85,49,12,3,23,30,148,88,79,43,73,32,280
"KLHL28",33,76,108,43,14,25,8,13,13,62,91,143,44,82,102,131,133
"ZNF669",35,62,57,21,33,24,19,29,68,67,90,80,57,78,33,103,90
"RIN1",155,38,46,93,795,70,192,81,9,13,9,14,33,42,13,18,9
"RASSF3",148,175,166,197,224,67,37,50,3,13,13,25,25,32,7,21,40
"PROSER3",24,41,66,44,46,25,11,17,40,53,52,167,61,117,63,69,127
"TIGD2",34,123,108,27,15,37,14,11,11,82,87,91,48,72,41,134,195
"LOC100128361",41,120,78,21,28,45,21,24,16,58,82,62,60,78,52,56,136
"LRP6",20,103,124,45,15,56,15,35,33,22,79,72,40,71,40,101,129
"FBN1",226,178,199,249,24,42,19,49,2,19,18,37,22,26,33,55,75
"LOC100289361",28,47,45,15,19,30,7,31,45,81,118,67,83,143,49,194,92
"NPIPB3",18,25,48,29,46,32,13,4,13,123,91,406,60,55,168,53,169
"NAP1L4",21,59,76,37,26,34,8,14,15,92,66,166,53,105,80,85,161
"GIN1",38,95,77,52,46,23,13,15,5,75,72,103,68,55,76,111,101
"LOC100132352",99,130,54,58,65,26,36,19,13,55,52,45,32,50,27,78,124
"ZNF92",5,107,97,39,10,19,10,11,5,83,118,180,51,93,83,193,209
"IMMP2L",26,166,124,37,16,29,9,19,13,47,74,72,77,76,55,118,144
"C12orf76",85,156,99,100,38,60,35,19,3,28,48,44,49,40,37,57,92
"APOBEC2",5,29,17,8,2,13,3,11,53,200,95,417,107,122,250,267,139
"PARP15",60,116,84,56,33,40,24,19,25,22,54,81,41,54,33,82,128
"LYRM5",16,118,116,49,11,23,2,1,10,90,102,206,44,77,112,161,230
"COL6A5",267,91,18,151,20,47,5,8,36,34,68,27,117,84,34,52,120
"LONRF2",21,60,36,21,6,7,2,7,33,75,135,264,64,100,151,129,562
"PTGDR2",428,348,45,139,152,116,174,142,0,8,2,3,6,10,12,11,32
"MDP1",71,54,51,41,53,56,22,18,26,76,73,40,35,74,40,85,84
"NSUN3",42,51,70,32,8,15,5,10,14,51,62,310,97,58,329,125,125
"LOC100233156",113,75,69,15,81,44,136,11,57,53,2,31,60,72,67,37,44
"TULP4",97,103,136,91,73,57,34,33,11,16,41,24,29,59,25,56,65
"MSL3P1",22,125,61,44,30,19,7,13,30,61,56,152,44,75,87,190,80
"LINC-PINT",98,45,26,67,78,24,22,37,34,15,30,48,50,57,140,88,93
"CCDC24",123,42,61,57,79,64,49,34,24,36,27,57,36,60,51,24,47
"KRTCAP3",47,44,24,36,45,36,23,21,37,55,47,122,67,96,84,71,69
"ZNF324B",50,67,86,47,46,53,26,24,25,46,51,49,45,56,40,56,117
"HPDL",15,244,308,27,26,44,15,24,22,42,55,35,42,48,22,94,170
"GAS6-AS1",409,54,27,18,247,171,206,105,11,13,18,17,50,30,2,16,21
"LAMB2",525,68,18,84,1720,108,452,184,2,4,0,4,7,24,0,1,5
"SGTB",108,49,107,109,81,33,22,23,16,33,20,84,29,51,73,47,64
"LOC100287015",89,103,118,40,37,44,32,28,16,46,44,47,41,50,38,44,93
"TDRD7",149,195,129,137,50,61,20,19,0,28,42,30,30,32,23,53,126
"RPGR",28,62,61,33,44,30,10,16,39,46,61,120,57,85,99,73,107
"SNORD68",55,21,22,33,48,59,26,19,40,57,70,31,125,113,29,108,108
"GCSH",31,148,113,44,17,43,11,17,24,51,92,42,70,56,23,110,154
"C1orf21",161,138,188,56,209,109,98,55,6,20,19,16,10,29,12,32,7
"LINC01547",34,59,73,32,34,56,22,19,42,71,55,44,91,69,36,74,80
"TP53I11",196,100,112,121,457,53,80,70,6,19,8,27,11,20,13,12,24
"PPFIBP2",216,44,20,68,307,21,98,106,12,12,27,19,45,41,22,69,28
"KDELC2",36,235,104,48,25,31,12,18,14,65,44,55,37,46,52,82,192
"RP9P",161,68,64,68,78,73,70,62,19,26,33,15,45,42,8,42,38
"SNORA33",14,37,29,26,17,15,12,8,40,87,107,99,171,141,67,165,155
"DTWD2",51,101,94,37,44,25,20,31,29,35,75,40,47,63,37,84,94
"MAN1A2",70,58,69,49,59,30,16,44,13,47,47,68,52,63,50,88,68
"STAG3L5P-PVRIG2P-PILRB",83,82,73,74,62,48,19,11,8,31,26,135,24,73,96,33,137
"NPIPA1",101,61,57,63,1,35,37,0,0,118,119,156,107,156,105,127,0
"LATS2",89,122,131,82,60,22,18,31,4,33,42,98,28,37,37,69,100
"FUT7",188,63,40,47,792,110,320,270,8,4,4,7,14,39,3,4,7
"YTHDF3-AS1",43,39,33,22,73,53,26,69,43,39,60,39,61,114,19,86,67
"TAPT1-AS1",47,40,60,28,32,27,24,27,91,57,29,34,76,96,43,114,87
"CXorf57",31,115,180,49,16,30,6,21,14,57,63,73,41,66,47,142,135
"EPSTI1",19,331,61,13,27,20,8,14,38,57,149,193,66,90,40,45,69
"SMPD3",52,20,27,22,50,52,37,48,75,67,62,37,47,89,27,82,78
"SNORD47",19,93,101,43,22,53,13,8,13,55,84,35,132,86,47,91,156
"ACVR2B",81,61,40,33,103,43,23,49,12,57,50,69,43,60,34,55,70
"DSTNP2",71,113,80,61,69,53,18,24,12,45,33,54,36,52,33,56,104
"MLPH",620,101,89,209,366,117,162,213,0,1,5,2,5,11,1,6,2
"ZNF550",65,99,50,30,33,15,29,23,14,45,52,99,62,75,57,90,109
"KCTD6",19,65,97,42,20,13,3,7,10,106,86,178,51,88,101,145,213
"MFSD2A",312,76,104,103,700,60,203,194,0,8,4,4,20,13,1,10,7
"SORD",32,269,174,28,35,29,13,14,29,44,74,43,43,79,15,69,125
"CCDC138",5,84,126,23,17,20,1,14,31,92,131,74,78,69,37,216,283
"KCTD18",53,141,131,77,14,16,4,9,11,69,72,152,13,47,83,103,219
"KCNMA1",276,48,20,163,2071,93,75,200,5,14,1,7,23,35,4,1,0
"ZDHHC21",69,93,100,76,36,40,16,21,18,33,64,33,44,44,22,96,146
"SNX10",209,167,130,224,129,52,37,38,2,12,16,26,17,43,18,20,38
"ZNF613",69,126,66,44,48,41,37,36,25,44,46,52,37,36,23,52,75
"ZNF383",67,92,45,37,44,35,16,20,24,47,63,74,61,58,40,95,79
"DNASE1L2",62,16,21,31,80,66,38,62,44,37,38,33,102,69,47,66,45
"BLZF1",36,93,79,37,15,18,10,16,21,55,53,148,37,78,90,113,159
"ZHX2",81,49,42,50,91,29,33,38,19,19,45,154,30,36,68,50,74
"USP45",22,95,108,49,11,10,10,7,6,80,107,144,38,58,128,139,220
"ENTPD7",34,166,171,51,41,20,12,21,10,31,45,76,44,46,70,84,118
"CNNM4",69,77,122,61,41,25,17,21,9,41,26,134,25,32,84,78,147
"SPTBN4",51,66,72,63,11,72,23,74,52,29,49,41,52,80,27,29,65
"CAPN3",187,60,65,52,284,45,99,44,24,37,13,29,22,30,19,17,23
"PLCD3",99,40,120,77,102,52,41,66,24,24,23,18,49,40,9,41,70
"ZNF790",34,78,58,21,27,19,27,30,49,52,65,66,61,113,34,85,81
"MEX3D",19,69,252,66,11,42,9,22,7,48,50,186,24,45,70,59,242
"DCUN1D3",173,79,65,93,90,54,65,67,11,18,27,25,21,31,32,29,40
"ZNF547",92,89,39,57,29,44,17,18,16,35,63,95,45,48,67,65,95
"CD300E",417,99,98,404,641,93,249,134,0,2,1,1,1,6,1,0,1
"CUEDC1",220,21,31,105,648,46,158,165,8,10,5,16,20,48,11,16,23
"SEPP1",19,19,36,32,92,12,12,32,61,23,26,188,105,72,60,188,114
"SNN",194,169,80,147,262,30,50,76,6,13,9,23,17,23,38,3,43
"RUSC2",460,127,141,288,238,113,86,72,1,2,3,9,8,6,6,9,27
"AIM1",76,303,64,97,237,58,36,24,7,14,13,62,21,43,16,49,33
"LOC100130872",440,120,86,154,162,52,101,188,12,7,8,13,10,10,5,16,6
"CD180",172,34,35,137,1092,38,186,159,3,15,6,28,9,35,15,9,5
"MXRA7",74,48,70,44,101,42,20,35,21,29,53,50,63,48,33,76,49
"SLC16A7",40,85,126,37,34,16,12,11,22,63,81,57,47,74,44,111,134
"CNTNAP1",59,28,29,57,40,53,27,87,30,56,36,69,45,56,39,58,59
"RP2",34,97,139,51,30,21,13,22,13,40,75,103,28,50,72,80,115
"ETV2",71,32,39,33,30,53,40,46,45,36,63,52,39,103,24,76,56
"SDPR",103,354,558,111,12,111,28,36,5,15,26,14,29,21,5,33,69
"RIBC2",11,101,62,16,14,41,3,13,20,94,125,77,39,108,80,152,233
"CD3EAP",39,58,122,21,27,37,8,30,34,43,83,40,72,88,55,63,118
"COL6A4P2",53,35,70,39,9,22,18,29,16,89,30,345,28,31,279,44,101
"ADPRH",310,325,179,259,123,85,81,55,3,3,6,8,18,16,2,6,17
"ZNF430",30,43,73,42,34,25,5,14,17,75,71,124,51,85,54,127,174
"NAF1",23,94,165,57,17,35,8,19,8,71,67,99,33,58,53,82,167
"BCDIN3D",73,102,105,69,35,40,29,25,13,40,40,50,56,41,30,61,63
"CXCL2",116,72,97,180,209,31,47,32,8,18,12,34,28,29,18,38,73
"TNFSF13",86,134,135,147,84,38,28,20,7,27,23,45,24,44,29,27,89
"ZFP14",64,86,54,49,52,39,19,32,34,29,45,49,60,58,31,71,65
"ZMYM6NB",65,203,214,108,58,27,19,16,2,29,22,56,19,47,31,59,157
"COPZ2",420,103,63,76,138,60,38,42,14,18,9,24,18,23,22,55,33
"TIGD6",73,102,97,51,32,38,14,18,24,35,56,49,46,42,31,86,120
"ITPR1",87,154,170,155,94,36,29,32,3,25,19,58,20,28,27,38,53
"GPR161",22,35,25,22,24,11,13,7,52,105,109,53,160,130,52,153,155
"ITGAV",83,87,98,117,129,52,37,25,6,17,26,30,50,41,12,59,71
"LOC100507424",52,33,23,22,51,39,27,32,36,58,77,68,73,98,30,71,73
"PEX3",44,203,165,54,26,34,3,7,15,52,72,53,41,52,34,110,148
"LOC101927151",161,68,64,85,189,90,93,98,22,14,11,9,26,22,7,17,31
"SLC26A11",324,32,40,267,485,56,151,54,0,11,2,45,17,47,13,3,17
"ZFP64",68,133,152,78,34,48,26,38,19,17,33,31,39,30,21,51,109
"NHLRC1",34,108,54,37,25,36,10,11,25,50,96,49,45,103,38,128,136
"ZNF829",18,109,87,28,24,12,5,24,42,61,66,87,60,68,63,122,130
"UBASH3A",29,354,128,100,3,70,9,14,19,54,56,29,68,46,11,51,174
"LOC284023",54,50,62,29,41,17,13,28,46,63,48,68,64,70,49,74,100
"LINC01311",65,31,38,42,78,78,50,51,16,32,51,30,57,55,23,60,66
"CDH6",21,12,53,6,6,25,0,65,35,292,56,54,105,187,98,178,125
"GPSM1",216,55,44,77,277,70,224,45,5,16,21,6,30,15,5,32,50
"PARS2",84,89,58,64,67,81,39,45,12,26,28,26,43,40,21,47,76
"SORL1",67,119,93,52,199,22,44,35,13,33,8,108,49,69,36,11,20
"BTN3A1",144,140,143,98,55,46,48,17,3,31,22,37,35,38,16,42,67
"BRCA2",9,78,111,19,3,10,4,3,13,75,72,344,51,77,148,262,282
"ZNF772",25,101,46,31,29,23,11,32,33,51,55,99,52,56,76,103,87
"GRIK5",137,89,26,22,649,106,689,188,12,6,5,12,11,14,4,6,13
"CYTIP",194,215,163,184,191,87,91,29,2,3,8,10,25,26,1,9,44
"NUBPL",50,104,128,33,27,27,9,12,22,57,63,64,48,67,41,74,140
"ADORA3",198,107,53,106,258,93,71,172,4,8,4,21,28,40,5,9,13
"HOXB-AS1",214,81,40,51,38,107,82,42,24,15,23,28,21,39,31,39,41
"LINC01355",70,116,46,63,44,53,25,20,7,59,48,63,56,16,60,53,81
"TNNT1",603,45,32,152,1354,89,180,155,4,6,9,1,5,2,0,1,12
"TNFAIP3",159,130,134,195,301,35,67,49,3,17,3,42,10,11,23,16,27
"EEPD1",108,56,45,48,309,37,61,27,15,36,22,36,26,69,18,28,56
"OSGEPL1",34,104,125,54,43,31,8,14,12,50,62,60,52,59,27,94,152
"TSTD3",39,72,51,31,23,25,14,27,38,65,59,58,60,89,47,104,75
"MOSPD2",59,98,61,37,92,27,16,14,17,50,36,117,40,33,51,55,122
"TCAF1",32,82,54,20,49,29,20,39,50,37,68,45,45,73,23,101,96
"HIST1H1E",175,10,10,43,78,101,30,302,40,12,7,17,24,66,170,50,16
"SPACA6P",157,48,19,63,510,48,178,127,15,18,20,21,11,18,7,23,27
"EID2B",48,76,61,28,42,37,10,23,24,48,62,55,45,66,50,92,122
"ZNF704",320,83,137,185,101,157,83,82,0,5,8,4,19,11,4,30,36
"FSD1L",35,78,84,40,20,33,7,9,19,67,129,65,65,56,39,107,137
"ERCC4",20,67,58,42,14,17,7,10,14,67,100,116,65,73,99,117,202
"LRRC2",48,35,71,13,25,16,5,11,71,51,40,227,45,75,150,112,105
"LINC00342",87,106,33,42,58,56,31,23,14,35,55,41,27,63,25,81,87
"SCX",122,23,37,82,289,137,169,75,11,12,12,7,39,37,12,22,22
"PAQR3",13,68,127,44,6,15,4,4,14,59,99,165,40,90,115,146,259
"IFFO2",180,173,200,152,88,98,81,47,3,7,10,8,21,12,12,21,33
"SYT11",245,183,76,189,142,79,61,51,12,7,7,10,19,24,12,12,21
"GPR183",119,177,117,177,211,46,38,37,5,8,10,27,26,39,15,19,34
"FBXL17",61,95,115,69,44,42,31,18,20,29,45,34,30,50,15,73,106
"PPIEL",100,53,26,42,175,19,40,28,17,28,50,39,76,30,31,82,69
"LINC01176",128,34,10,45,52,42,62,63,22,39,49,42,60,76,20,49,48
"NFYC-AS1",48,45,41,21,53,39,27,28,37,53,57,64,57,65,28,67,94
"IDNK",91,166,75,55,63,60,25,31,16,40,39,29,40,28,24,30,57
"SMAD3",78,98,128,78,72,79,23,65,3,19,24,35,31,15,25,37,128
"KCNQ4",34,41,45,21,10,12,10,18,38,98,110,87,67,89,74,95,174
"MAP3K12",276,42,47,144,204,46,89,44,5,12,14,43,19,27,27,26,26
"IPPK",38,91,89,58,14,20,7,12,3,76,57,146,33,64,70,99,249
"SPRED1",60,80,193,113,47,52,14,15,20,22,25,44,36,65,33,38,80
"GPX3",144,127,20,77,135,28,72,66,18,35,3,29,31,34,60,13,39
"DLEU2",41,36,41,17,29,11,3,18,30,81,54,206,55,73,135,111,175
"USP28",50,91,127,48,65,29,22,21,15,23,50,51,40,40,32,71,110
"SNX33",312,57,126,122,180,70,117,82,3,3,8,2,29,20,10,17,35
"PLS1",7,77,136,19,7,4,4,8,15,111,151,222,41,83,88,147,239
"FCER2",302,57,25,71,1162,145,444,227,1,2,0,3,16,2,6,0,3
"SRPK2",90,175,197,98,51,19,10,21,9,33,41,47,25,37,21,55,106
"NUDT16P1",93,187,103,85,6,43,14,7,7,38,40,97,34,37,61,89,95
"KCNMB3",66,81,43,34,31,41,17,36,22,37,61,48,57,61,53,72,61
"CTRL",50,19,33,27,94,31,54,26,40,33,48,59,39,120,37,62,63
"LINC01366",53,232,176,60,4,35,6,12,15,34,62,39,68,47,38,73,151
"ROCK2",19,58,70,22,23,8,15,30,12,64,41,186,51,69,96,142,146
"MESDC1",187,144,168,232,121,85,54,38,0,8,10,12,16,26,14,6,56
"SFMBT2",45,65,12,38,32,21,22,5,15,183,23,116,50,32,107,131,213
"TLDC1",150,110,108,103,79,37,25,28,23,12,18,27,25,33,32,41,58
"GEMIN8P4",26,46,40,19,16,22,9,18,11,73,77,139,72,108,117,99,157
"SLC1A3",311,82,91,287,674,90,91,103,1,4,3,5,5,20,3,3,4
"CCR2",69,136,70,50,265,34,102,79,6,36,9,86,7,30,31,6,18
"COL9A2",357,163,35,136,210,89,136,37,0,9,6,20,18,20,23,4,24
"ZNF467",247,39,55,145,1067,78,137,169,0,8,6,11,16,15,4,1,5
"CYP2S1",175,101,105,118,436,65,91,73,2,3,10,14,10,31,8,7,33
"LINC01003",16,81,140,83,32,19,6,9,11,60,56,76,47,63,70,86,161
"MYO1E",78,59,111,107,102,60,129,83,7,15,10,33,24,31,17,6,50
"KANSL1L",34,77,76,39,48,32,12,35,15,36,46,118,23,56,55,75,106
"CCDC17",57,13,28,36,33,28,32,16,44,46,42,146,65,63,106,62,64
"IRF8",174,80,53,89,391,32,62,77,5,21,6,53,14,53,24,8,13
"RAB39B",47,90,71,36,5,21,5,17,25,68,69,81,65,77,96,95,92
"CCDC176",10,40,37,20,2,10,0,9,38,56,78,409,120,118,320,87,174
"IFITM10",65,12,15,46,112,28,47,16,32,64,45,73,44,140,35,48,58
"ASXL2",37,59,60,24,24,21,15,27,29,35,37,118,47,77,79,105,109
"LINC01160",193,48,38,71,38,48,38,33,23,23,28,36,53,60,27,33,62
"HTATSF1P2",41,50,66,50,64,24,16,36,31,30,44,93,55,39,60,78,36
"DAND5",19,38,26,22,38,33,18,39,55,44,81,67,96,85,37,74,74
"MBTPS2",31,95,103,60,38,25,10,8,22,50,56,42,64,56,41,99,110
"LINC00504",31,30,15,15,32,18,22,23,108,32,95,76,122,83,47,134,58
"EEF2KMT",52,97,150,34,42,44,18,29,20,30,48,33,43,55,23,55,86
"PCGF6",5,103,127,32,7,9,1,6,15,89,86,133,63,96,80,165,265
"PIK3CG",98,278,163,109,69,37,29,24,17,21,17,23,24,26,13,30,49
"ABHD3",26,77,61,26,16,16,7,5,5,97,86,140,37,95,155,120,167
"CLTCL1",93,33,59,37,382,32,70,50,2,29,18,30,24,99,9,23,118
"ZSCAN12",24,105,84,46,26,26,13,15,18,61,49,84,54,45,46,80,122
"CD93",140,86,96,138,335,65,113,58,4,13,7,35,9,34,7,6,10
"CCR7",39,65,108,100,3,72,21,15,10,39,55,57,69,54,32,82,85
"STPG1",66,108,66,37,33,37,10,13,11,67,54,119,33,48,30,86,101
"PACRGL",33,81,60,28,13,17,5,19,17,89,71,72,66,58,53,136,208
"SNAI3-AS1",189,53,35,21,174,46,102,70,11,20,15,17,37,74,12,30,50
"CRYZ",115,272,236,215,28,66,12,5,7,10,57,33,11,7,15,90,96
"IL2RA",411,400,28,92,225,66,179,97,5,6,5,5,1,14,3,5,25
"CROCCP3",71,47,28,41,27,45,26,31,20,38,39,91,32,65,68,75,67
"EFEMP2",177,72,24,52,166,60,130,51,19,18,26,14,26,31,10,20,36
"WWC2",34,84,128,28,10,22,13,18,15,40,53,96,52,56,59,93,172
"STAR",42,307,90,57,32,19,28,20,28,38,39,39,30,44,40,49,44
"USP13",53,114,77,39,90,40,24,39,23,19,39,28,50,42,17,46,81
"PTGR1",88,335,54,54,142,28,47,30,11,14,30,39,9,38,8,57,68
"CARD8-AS1",48,107,91,46,42,35,12,23,21,32,42,109,33,57,40,45,65
"FCRLB",115,135,94,151,13,26,17,11,6,52,23,47,38,41,38,72,104
"OLMALINC",127,106,76,45,110,47,30,51,10,46,22,65,20,22,17,23,46
"PDGFC",86,119,110,84,67,31,23,36,8,28,40,39,28,37,7,64,68
"TLCD1",50,70,83,26,11,41,13,22,29,43,62,59,54,70,41,71,110
"ATP2A1-AS1",21,33,43,16,29,50,16,30,53,59,76,35,59,122,25,99,98
"CDCP1",132,60,157,99,58,58,43,37,14,13,23,19,29,37,5,42,68
"LOC730202",46,32,42,18,28,76,26,65,64,35,58,27,76,73,20,56,45
"CCR1",115,102,132,192,330,40,56,44,3,11,3,44,10,38,13,14,18
"XRRA1",63,64,44,25,73,39,47,128,32,11,30,6,42,166,19,31,47
"PTGDS",445,121,6,53,899,54,432,476,9,0,1,2,2,6,1,2,3
"MYO5A",154,153,118,134,136,47,37,48,10,14,3,23,24,35,12,18,27
"SLC16A10",71,73,98,104,109,61,63,50,11,11,9,25,36,46,23,15,42
"ZMYM1",12,89,57,24,17,21,11,13,47,36,62,98,59,65,74,116,141
"LOC729732",66,24,37,15,46,36,40,46,35,19,59,56,47,56,56,63,90
"OVCA2",50,50,74,68,33,36,22,17,5,52,31,105,22,55,53,87,117
"SLC39A14",295,208,170,114,73,47,51,39,8,12,18,5,37,13,2,10,43
"SLC35F5",41,77,117,45,28,12,9,10,2,67,84,113,16,48,136,93,146
"SLC24A3",470,297,74,187,41,90,81,44,6,0,12,2,3,21,4,26,53
"MPZL3",67,196,98,54,50,39,30,14,18,29,21,38,43,37,34,44,53
"ADAMTS2",253,13,83,155,1166,51,103,166,7,8,2,9,17,8,2,15,3
"CASP7",38,74,81,45,28,17,17,19,15,53,73,68,19,54,54,83,148
"EPS8",19,160,174,96,2,8,6,11,9,46,74,106,53,53,47,98,184
"PAGE2B",15,18,17,7,3,8,0,20,72,115,122,162,143,155,141,199,105
"DPY19L4",33,92,97,45,31,27,6,22,36,32,68,42,50,63,35,57,128
"ZNF555",41,85,41,37,61,27,19,32,29,32,59,45,41,57,35,88,57
"C5orf34",22,69,64,16,13,12,8,2,21,93,90,152,57,44,108,179,183
"ATXN7L1",82,97,101,60,67,35,31,26,17,17,36,48,24,40,16,45,83
"TRIM3",228,35,59,101,231,58,102,66,3,14,24,18,20,21,6,21,34
"ABCC13",4,0,45,1,5,0,0,9,36,33,412,398,222,103,503,279,116
"HEATR3",48,101,151,27,32,26,7,12,20,29,45,66,38,78,31,97,157
"GGACT",69,110,107,56,49,47,10,23,8,42,35,37,33,55,28,73,75
"PLEKHA8",61,123,118,72,43,29,22,31,13,22,40,24,51,34,18,49,106
"KCTD21",216,92,61,102,95,61,48,40,7,15,15,35,27,18,24,18,42
"LOXL3",59,86,56,39,122,34,20,18,21,44,41,66,35,61,31,42,34
"DNAJC27",41,68,56,39,32,29,12,17,18,51,44,69,37,50,77,128,85
"ZNF19",39,70,49,27,10,20,7,18,24,69,61,106,72,54,113,90,88
"NR4A2",10,29,593,11,3,3,2,6,23,42,88,105,51,131,66,337,284
"ZBTB10",70,68,93,51,52,45,30,44,12,18,28,56,20,57,34,54,57
"FLJ44635",22,15,59,47,52,32,15,21,119,21,12,166,12,242,14,47,200
"TIGD3",88,54,45,26,23,38,24,41,59,30,31,39,41,82,22,74,68
"RNF125",89,102,71,67,52,31,14,14,43,18,47,44,67,52,29,29,43
"CPNE2",163,125,127,113,388,43,77,74,0,22,2,30,9,24,11,5,7
"SLC25A23",257,241,200,100,102,97,86,46,3,2,3,4,8,18,8,4,56
"CES4A",4795,35,21,1041,79,143,87,38,2,4,2,3,6,10,1,2,8
"ADAM17",30,98,87,75,31,15,10,12,10,37,35,175,19,33,110,83,138
"SOCS6",57,97,100,75,25,34,10,12,6,33,55,56,32,56,37,106,119
"P2RX5-TAX1BP3",43,23,39,50,35,30,21,25,58,48,57,40,58,62,27,86,74
"RPL7L1",23,136,130,38,12,20,5,17,13,40,54,126,48,58,63,56,172
"EXOG",74,120,112,61,82,68,22,24,27,22,27,17,31,38,14,33,53
"BMS1P20",58,90,62,36,37,26,18,10,7,61,68,28,83,53,38,113,82
"PTPRE",197,180,163,186,187,37,37,23,1,9,6,43,12,19,19,20,26
"TCAP",115,43,31,41,91,96,63,101,18,20,20,13,37,45,15,31,34
"ICA1L",32,53,57,22,25,37,23,24,62,42,54,45,64,52,29,89,71
"CDKL1",28,69,41,27,15,33,13,22,16,62,59,161,60,67,73,67,66
"FGFR1",260,126,77,167,254,63,60,67,1,5,13,11,18,22,3,12,19
"FOXN3-AS1",40,69,49,17,39,30,21,51,34,41,63,14,68,89,20,107,55
"PTGIR",241,160,10,58,825,52,194,131,6,1,7,13,14,8,8,9,13
"MIR25",38,26,19,12,31,25,13,15,46,72,69,57,55,146,40,154,138
"LOC100506127",38,55,36,26,52,37,19,20,64,38,51,60,52,74,23,63,68
"PRRT4",119,44,65,39,682,51,137,82,11,17,2,23,16,44,21,4,4
"CDH24",80,69,78,58,76,69,55,38,11,19,20,28,21,42,21,28,77
"EMC6",59,65,83,56,34,30,14,16,6,47,27,78,38,57,58,65,127
"TXLNGY",0,379,0,197,219,161,0,1,2,0,0,0,0,319,124,449,513
"KRBA1",156,100,59,69,408,85,160,100,4,6,10,7,8,15,2,12,26
"ARHGEF40",340,61,57,151,311,85,132,56,2,3,5,14,11,19,7,12,18
"ZNF600",133,115,74,46,56,59,14,21,11,32,36,28,41,53,14,35,90
"SLC7A5P2",25,8,15,20,37,19,9,68,77,53,65,82,61,171,73,73,53
"TSPAN15",214,26,26,85,251,69,121,69,7,13,8,33,25,70,12,3,19
"GSTM1",11,543,651,850,0,9,2,10,21,2,2,91,197,79,0,1,171
"PDE8A",59,55,78,53,60,21,10,12,11,64,41,95,28,52,40,77,110
"XRCC2",14,79,74,20,18,16,5,23,36,70,86,67,73,67,40,102,130
"BCL2L15",21,45,31,19,36,12,10,14,70,64,64,55,126,64,33,145,120
"C1orf56",114,79,71,75,58,49,27,38,9,26,17,28,37,48,22,41,62
"SYTL3",475,208,99,134,112,87,117,59,2,5,6,5,11,7,3,11,13
"TM6SF1",97,203,138,133,53,37,9,26,6,16,19,31,22,58,27,37,64
"FBXW8",81,163,119,58,38,31,19,28,29,28,23,44,32,31,22,30,59
"STON1",209,134,73,124,174,39,56,69,4,14,16,9,19,11,6,24,36
"CDC14A",29,71,90,63,12,23,6,11,7,62,61,146,32,43,84,106,129
"LOC339803",41,101,70,123,104,77,27,40,22,13,12,19,45,29,11,60,35
"ZNF554",46,66,40,31,41,46,22,36,26,55,44,47,38,56,32,45,68
"UBE2D1",45,82,145,90,52,9,15,29,10,41,40,58,31,48,24,62,83
"ZNF69",79,140,51,52,45,43,47,56,17,16,47,18,35,32,22,31,46
"LINC00570",10,16,16,8,1,2,0,11,72,129,117,371,150,122,150,219,104
"EID3",5,94,42,18,0,14,2,7,8,93,160,177,40,124,87,233,273
"PINLYP",75,97,47,29,37,36,49,34,36,57,35,13,36,28,10,81,72
"FAM198B",34,160,76,46,28,10,14,11,3,71,67,66,40,55,54,83,129
"JAKMIP2",241,92,69,172,500,24,116,65,11,6,13,10,5,18,3,8,9
"JRKL",30,86,83,63,16,17,8,7,29,44,47,117,47,38,74,87,108
"NEK8",69,85,77,39,51,37,14,15,27,34,34,42,50,55,27,53,77
"SIGLEC5",276,168,66,74,556,59,33,90,5,8,1,9,22,23,13,5,8
"THNSL1",38,169,128,29,18,29,15,20,15,35,35,24,70,53,25,95,119
"RLTPR",266,61,30,65,97,48,145,33,18,16,11,19,21,23,15,16,62
"LINC00623",77,96,77,55,134,48,51,45,12,11,22,25,19,48,10,32,58
"CD72",361,88,40,123,604,50,257,128,1,2,4,5,7,11,5,2,3
"HERC2P2",37,43,66,63,4,7,7,11,5,54,61,388,19,84,113,92,210
"SGK223",246,144,296,360,77,112,27,47,1,4,6,17,6,3,8,10,32
"ZNF585B",29,79,63,30,38,23,10,10,21,42,33,148,50,59,67,82,91
"DMC1",9,60,60,13,12,30,5,16,49,70,73,87,56,93,48,123,137
"MPP7",16,57,30,23,16,15,6,11,41,54,102,96,50,109,68,97,189
"GSTCD",12,84,99,30,14,10,5,7,21,62,89,151,53,70,70,80,156
"NUDT13",48,98,55,41,41,38,10,20,16,41,51,61,35,69,21,76,90
"NOCT",47,47,84,16,49,13,19,25,39,46,57,49,42,57,37,71,92
"NLRC3",41,104,35,21,47,51,42,32,31,36,28,56,42,57,21,52,46
"PAG1",265,101,54,110,205,35,52,50,14,13,5,25,15,27,10,29,10
"CDKN2B",29,26,39,40,18,16,7,13,33,51,44,185,98,55,174,52,80
"ZNF776",18,106,139,45,11,10,2,4,11,65,29,328,14,47,182,91,210
"ANKRD24",61,46,43,39,33,98,34,40,51,24,32,30,34,50,20,39,50
"PANX2",81,11,20,24,213,42,94,72,21,23,17,65,18,28,58,15,80
"WBSCR27",42,59,24,4,20,56,41,152,62,6,5,76,20,89,59,88,99
"FAM179B",16,44,57,26,11,11,4,16,12,67,100,145,87,65,104,122,132
"ABHD6",245,138,95,185,112,91,44,54,9,5,8,7,9,9,12,12,33
"P2RX5",153,105,276,381,18,188,159,92,0,4,6,6,7,5,1,16,9
"PORCN",214,174,181,166,112,106,68,23,3,2,7,9,13,8,11,8,42
"LOC100289230",33,36,24,42,60,30,11,34,23,39,54,92,45,51,87,48,74
"FAM64A",25,96,31,13,14,3,3,3,15,98,92,126,31,74,233,136,328
"SEC23A",87,101,138,115,83,33,23,25,8,22,31,26,24,34,13,28,66
"LOC101929705",70,109,87,58,28,107,25,114,15,25,23,30,23,31,15,25,25
"GPR132",159,99,36,87,372,58,124,92,7,6,6,16,10,25,14,8,9
"ANO8",198,63,92,154,259,78,60,19,12,6,9,18,4,30,12,11,39
"MBD5",27,111,84,39,13,22,5,10,9,58,53,141,21,53,96,108,134
"EPM2A",71,84,92,46,60,34,23,29,4,26,38,26,41,45,34,50,89
"EPB41L2",68,247,126,76,68,35,16,25,4,75,6,23,2,8,90,104,36
"EMP1",128,98,205,393,214,40,38,34,1,10,4,34,13,28,14,4,8
"CCND1",73,85,114,47,24,194,72,21,12,14,18,27,33,48,16,27,34
"PELI2",64,96,78,74,47,49,23,16,3,8,13,169,33,21,83,33,99
"ZNF256",31,154,155,34,25,32,12,5,13,40,46,123,19,41,39,58,133
"ZNF529-AS1",54,67,36,29,52,39,41,32,29,46,38,37,33,45,25,49,56
"ARMCX5",20,84,117,43,12,11,9,10,11,49,73,85,50,46,47,137,178
"UCP3",32,12,19,24,36,18,21,26,14,70,50,129,107,66,105,74,68
"TRIM6",106,325,170,198,13,65,11,33,3,18,29,15,12,23,20,35,63
"EMB",60,248,109,48,150,24,31,19,8,15,15,41,23,41,25,46,38
"NPPA",174,26,35,44,92,69,76,64,9,14,23,41,45,14,35,17,38
"C16orf54",176,170,148,132,58,77,27,25,1,8,7,22,19,20,13,40,67
"LINC01057",119,34,20,35,45,35,52,26,40,28,45,37,34,68,18,62,48
"SLC10A7",127,140,98,96,26,22,17,7,4,31,36,60,24,42,35,57,89
"SRFBP1",15,96,134,17,22,19,8,10,22,51,59,66,45,57,47,93,200
"FYB",153,282,78,83,244,32,52,36,4,7,13,35,17,26,19,4,13
"ADCY10P1",48,25,19,22,31,31,20,17,22,56,83,87,43,49,59,89,123
"METTL12",95,52,45,50,66,50,25,71,31,24,14,28,59,34,15,34,42
"CALHM2",256,72,115,186,204,32,71,38,0,15,3,25,6,25,14,9,38
"ADAP2",104,38,37,55,223,28,62,73,19,28,9,46,29,71,10,14,14
"C16orf87",18,88,75,24,8,8,5,9,26,50,95,101,49,82,81,114,155
"NMU",94,42,0,8,0,1,3,0,71,285,158,58,157,48,62,171,383
"LCORL",44,41,51,47,21,16,6,28,14,71,59,100,56,51,49,83,93
"TUBA8",71,254,36,20,28,51,38,56,33,29,22,24,36,28,19,51,40
"ATP6AP1L",41,31,38,25,43,40,13,18,23,35,63,72,70,77,27,86,89
"PRPF40B",64,40,41,32,61,49,36,17,14,58,47,50,26,51,28,46,78
"NR1D1",137,56,91,78,75,57,50,39,4,8,19,23,28,34,26,15,82
"IFI44",24,118,73,19,17,29,11,21,37,44,76,44,26,71,18,85,164
"GALNT7",37,144,148,73,22,22,15,12,14,21,25,93,23,35,41,87,90
"C5orf66",25,83,65,21,11,12,1,5,40,43,57,179,63,71,80,81,220
"RHBDF1",163,10,46,86,40,29,20,18,9,28,27,100,44,51,56,35,102
"UTY",2,224,5,83,71,81,1,4,2,4,6,11,7,249,397,357,361
"GPR160",22,117,109,38,67,12,17,10,13,41,36,135,36,41,50,41,86
"EIF5AL1",6,29,9,50,48,71,13,9,90,112,16,1,51,146,89,371,10
"ITIH4",101,43,18,15,303,27,92,35,19,45,30,26,46,25,13,47,32
"CDA",177,46,75,107,537,61,43,77,1,18,0,15,37,27,23,2,3
"NAT1",17,96,104,39,9,8,4,14,12,54,90,154,36,56,62,79,187
"GRHL1",5,33,75,26,1,9,3,3,18,98,65,283,31,106,168,188,207
"ZNF614",50,105,115,31,4,21,6,10,18,51,67,107,33,60,34,95,130
"COL6A1",306,22,25,116,469,80,379,354,5,0,0,0,0,33,0,1,2
"MZF1-AS1",37,33,25,35,30,27,17,54,61,31,40,46,53,82,53,68,36
"NEFH",36,171,100,26,34,39,9,20,26,24,54,23,46,70,12,65,107
"TTC8",40,124,137,51,14,24,15,20,13,32,52,46,31,40,30,70,111
"FAM114A1",239,39,38,66,91,30,64,52,24,27,19,14,25,28,9,32,38
"MEF2C",47,442,126,34,53,67,53,42,7,5,24,18,43,30,3,28,44
"CEP55",27,267,206,54,56,12,6,5,9,42,38,54,23,48,37,62,114
"CLIP4",119,53,42,89,97,28,25,38,3,20,21,47,21,46,74,32,48
"LINC00921",60,42,22,20,83,40,30,31,28,33,29,57,38,48,54,51,58
"APPL1",96,101,68,80,116,31,36,40,12,17,14,23,27,51,16,17,51
"NUP50-AS1",151,81,67,65,102,35,28,40,7,27,35,10,25,33,11,31,69
"FOXO3B",27,54,12,31,13,4,6,18,24,31,28,53,108,119,254,194,161
"TRIO",251,75,84,131,215,53,82,68,0,4,10,22,8,13,20,3,27
"SNX25",51,58,83,68,6,20,4,9,14,69,46,109,34,60,48,117,125
"STAP2",112,28,25,30,40,27,20,30,65,36,47,19,45,75,26,67,60
"SOX13",525,63,251,338,45,160,115,59,2,0,6,0,5,6,0,6,8
"ZNF713",22,122,56,22,24,24,8,21,42,37,78,68,43,71,30,56,91
"RHBDF2",243,67,63,174,620,58,133,69,1,4,2,9,8,18,3,3,8
"PLSCR4",4,45,56,26,0,10,2,2,10,113,58,424,39,51,339,128,264
"FAM86C1",39,102,139,28,25,37,9,23,19,22,60,36,25,35,42,75,131
"ZNF546",23,58,32,23,23,37,11,13,30,52,66,71,56,72,41,81,123
"PCP2",123,43,26,41,95,78,70,95,33,11,25,13,23,56,9,23,16
"BIRC3",132,183,102,79,188,43,89,57,9,3,6,20,14,6,9,17,26
"PIK3C2B",99,52,41,46,71,39,61,20,24,18,30,25,49,38,15,54,45
"MPP6",10,102,126,21,14,28,10,14,19,48,68,61,49,80,36,75,125
"KLHL5",116,166,64,60,115,35,47,52,10,11,21,29,24,31,6,25,27
"ZNF708",28,100,96,39,32,19,13,5,23,65,51,110,28,35,23,51,169
"GNG7",95,102,29,22,267,31,47,45,16,26,23,26,17,26,19,30,59
"RAMP1",124,138,33,21,10,60,442,95,26,10,20,7,44,34,2,24,19
"SNX30",105,104,85,83,114,39,57,39,4,11,13,22,18,38,17,24,50
"ZNF8",39,89,57,30,25,21,9,23,9,64,48,75,47,52,59,61,100
"PDF",30,58,199,53,25,40,14,22,9,34,33,41,40,59,22,54,121
"LOC153684",67,44,29,20,35,30,17,30,18,51,52,60,46,74,49,61,61
"HOOK1",1,26,33,8,0,19,3,5,21,62,178,229,110,148,42,245,295
"AGO3",50,88,84,47,28,30,17,24,10,33,27,61,54,33,20,80,105
"METTL21B",69,135,53,55,70,53,29,40,10,19,27,25,23,43,19,35,54
"ZBTB38",46,95,137,69,12,13,1,13,4,38,90,63,48,46,37,134,144
"SLC9A3R2",84,49,59,61,34,93,66,43,23,12,34,5,55,36,10,26,43
"ZNF304",18,107,123,40,8,12,3,4,6,66,39,206,24,59,115,112,186
"LOC103611081",54,66,32,64,35,40,3,14,10,41,41,117,27,49,69,81,100
"ANO5",188,168,111,132,18,35,14,18,9,16,20,10,43,30,24,45,68
"ARHGAP12",25,55,99,39,22,28,10,25,14,41,59,81,49,29,36,99,91
"ASH1L-AS1",34,40,39,18,25,31,15,20,42,33,71,66,37,78,45,96,77
"FBXO32",294,46,74,147,146,126,64,59,3,11,8,5,5,1,19,13,41
"CEP19",50,85,88,42,18,22,16,24,14,25,41,54,30,43,33,89,137
"RGS9",48,23,10,11,0,7,2,23,83,113,81,128,77,126,133,126,62
"GPLD1",30,35,27,15,8,11,7,15,30,71,75,162,38,79,113,104,156
"ITGB1BP2",27,20,20,18,12,31,9,11,44,90,83,72,92,106,42,113,90
"WNT5B",84,170,129,71,30,97,88,62,7,6,17,5,18,21,3,22,62
"CBL",126,111,132,143,108,27,30,33,8,12,7,34,16,26,16,23,38
"NETO2",100,39,47,50,97,13,23,29,14,26,43,34,26,74,39,43,61
"ADHFE1",134,171,53,65,120,56,26,24,3,28,21,37,17,16,14,25,61
"CLHC1",52,69,65,32,52,28,10,27,19,50,22,53,68,50,17,72,69
"IL18R1",656,311,169,333,100,57,43,17,0,1,5,1,10,5,1,10,25
"NDN",106,174,130,71,130,93,60,49,1,25,5,6,29,6,4,3,59
"ZNF124",60,68,57,40,42,25,14,23,28,28,43,38,51,49,30,52,71
"ZNF720",40,122,69,35,8,8,3,5,14,69,60,132,24,73,78,100,164
"MINA",30,206,169,45,13,29,7,16,11,32,43,25,57,45,15,71,161
"SNORD35B",44,29,19,20,46,28,31,16,19,41,52,51,66,91,36,97,79
"EPN3",16,45,110,28,4,51,7,104,43,41,50,31,65,44,10,58,128
"RBM43",14,71,80,25,20,6,7,19,34,39,43,125,28,55,63,115,184
"RABL2B",72,77,100,61,42,36,18,16,7,31,33,35,38,34,27,58,80
"SPATA9",20,43,65,17,2,14,4,2,12,66,77,199,73,65,149,156,163
"TRIM32",115,159,171,87,22,32,22,27,5,13,29,17,31,17,15,41,114
"ACVRL1",172,56,44,107,297,44,72,76,7,15,2,17,21,46,9,6,6
"STARD9",134,35,23,46,107,58,53,37,9,23,23,50,19,37,21,30,56
"ZNF136",18,84,71,21,14,9,0,12,32,56,78,130,52,56,65,107,158
